solid ASCII
  facet normal 8.660254e-01 5.000000e-01 -0.000000e+00
    outer loop
      vertex   -1.587713e+00 -2.750000e+00 2.000000e-01
      vertex   -3.175426e+00 -7.783170e-15 2.000000e-01
      vertex   -1.587713e+00 -2.750000e+00 2.000000e+00
    endloop
  endfacet
  facet normal 8.660254e-01 5.000000e-01 0.000000e+00
    outer loop
      vertex   -1.587713e+00 -2.750000e+00 2.000000e+00
      vertex   -3.175426e+00 -7.783170e-15 2.000000e-01
      vertex   -3.175426e+00 -7.783170e-15 2.000000e+00
    endloop
  endfacet
  facet normal 8.660254e-01 -5.000000e-01 0.000000e+00
    outer loop
      vertex   -3.175426e+00 -7.783170e-15 2.000000e-01
      vertex   -1.587713e+00 2.750000e+00 2.000000e-01
      vertex   -3.175426e+00 -7.783170e-15 2.000000e+00
    endloop
  endfacet
  facet normal 8.660254e-01 -5.000000e-01 0.000000e+00
    outer loop
      vertex   -3.175426e+00 -7.783170e-15 2.000000e+00
      vertex   -1.587713e+00 2.750000e+00 2.000000e-01
      vertex   -1.587713e+00 2.750000e+00 2.000000e+00
    endloop
  endfacet
  facet normal -2.797037e-16 -1.000000e+00 0.000000e+00
    outer loop
      vertex   -1.587713e+00 2.750000e+00 2.000000e-01
      vertex   1.587713e+00 2.750000e+00 2.000000e-01
      vertex   -1.587713e+00 2.750000e+00 2.000000e+00
    endloop
  endfacet
  facet normal -2.797037e-16 -1.000000e+00 0.000000e+00
    outer loop
      vertex   -1.587713e+00 2.750000e+00 2.000000e+00
      vertex   1.587713e+00 2.750000e+00 2.000000e-01
      vertex   1.587713e+00 2.750000e+00 2.000000e+00
    endloop
  endfacet
  facet normal -8.660254e-01 -5.000000e-01 0.000000e+00
    outer loop
      vertex   1.587713e+00 2.750000e+00 2.000000e-01
      vertex   3.175426e+00 -8.880277e-15 2.000000e-01
      vertex   1.587713e+00 2.750000e+00 2.000000e+00
    endloop
  endfacet
  facet normal -8.660254e-01 -5.000000e-01 0.000000e+00
    outer loop
      vertex   1.587713e+00 2.750000e+00 2.000000e+00
      vertex   3.175426e+00 -8.880277e-15 2.000000e-01
      vertex   3.175426e+00 -8.880277e-15 2.000000e+00
    endloop
  endfacet
  facet normal -8.660254e-01 5.000000e-01 0.000000e+00
    outer loop
      vertex   3.175426e+00 -8.880277e-15 2.000000e-01
      vertex   1.587713e+00 -2.750000e+00 2.000000e-01
      vertex   3.175426e+00 -8.880277e-15 2.000000e+00
    endloop
  endfacet
  facet normal -8.660254e-01 5.000000e-01 0.000000e+00
    outer loop
      vertex   3.175426e+00 -8.880277e-15 2.000000e+00
      vertex   1.587713e+00 -2.750000e+00 2.000000e-01
      vertex   1.587713e+00 -2.750000e+00 2.000000e+00
    endloop
  endfacet
  facet normal 0.000000e+00 1.000000e+00 -0.000000e+00
    outer loop
      vertex   1.587713e+00 -2.750000e+00 2.000000e-01
      vertex   -1.587713e+00 -2.750000e+00 2.000000e-01
      vertex   1.587713e+00 -2.750000e+00 2.000000e+00
    endloop
  endfacet
  facet normal 0.000000e+00 1.000000e+00 0.000000e+00
    outer loop
      vertex   1.587713e+00 -2.750000e+00 2.000000e+00
      vertex   -1.587713e+00 -2.750000e+00 2.000000e-01
      vertex   -1.587713e+00 -2.750000e+00 2.000000e+00
    endloop
  endfacet
  facet normal 9.975222e-01 -7.035235e-02 0.000000e+00
    outer loop
      vertex   7.627513e+00 -1.367899e+00 2.000000e-01
      vertex   7.627513e+00 -1.367899e+00 2.000000e+00
      vertex   7.618644e+00 -1.493654e+00 2.000000e-01
    endloop
  endfacet
  facet normal 9.975222e-01 -7.035235e-02 0.000000e+00
    outer loop
      vertex   7.618644e+00 -1.493654e+00 2.000000e-01
      vertex   7.627513e+00 -1.367899e+00 2.000000e+00
      vertex   7.618644e+00 -1.493654e+00 2.000000e+00
    endloop
  endfacet
  facet normal 9.896971e-01 1.431771e-01 -0.000000e+00
    outer loop
      vertex   7.618644e+00 -1.493654e+00 2.000000e-01
      vertex   7.618644e+00 -1.493654e+00 2.000000e+00
      vertex   7.636694e+00 -1.618422e+00 2.000000e+00
    endloop
  endfacet
  facet normal 9.896971e-01 1.431771e-01 -1.911158e-17
    outer loop
      vertex   7.618644e+00 -1.493654e+00 2.000000e-01
      vertex   7.636694e+00 -1.618422e+00 2.000000e+00
      vertex   7.636694e+00 -1.618422e+00 2.000000e-01
    endloop
  endfacet
  facet normal 9.366863e-01 3.501696e-01 -4.319626e-17
    outer loop
      vertex   7.636694e+00 -1.618422e+00 2.000000e-01
      vertex   7.636694e+00 -1.618422e+00 2.000000e+00
      vertex   7.680838e+00 -1.736507e+00 2.000000e+00
    endloop
  endfacet
  facet normal 9.366863e-01 3.501696e-01 0.000000e+00
    outer loop
      vertex   7.636694e+00 -1.618422e+00 2.000000e-01
      vertex   7.680838e+00 -1.736507e+00 2.000000e+00
      vertex   7.680838e+00 -1.736507e+00 2.000000e-01
    endloop
  endfacet
  facet normal 8.409102e-01 5.411747e-01 -0.000000e+00
    outer loop
      vertex   7.680838e+00 -1.736507e+00 2.000000e-01
      vertex   7.680838e+00 -1.736507e+00 2.000000e+00
      vertex   7.749063e+00 -1.842518e+00 2.000000e+00
    endloop
  endfacet
  facet normal 8.409102e-01 5.411747e-01 0.000000e+00
    outer loop
      vertex   7.680838e+00 -1.736507e+00 2.000000e-01
      vertex   7.749063e+00 -1.842518e+00 2.000000e+00
      vertex   7.749063e+00 -1.842518e+00 2.000000e-01
    endloop
  endfacet
  facet normal 7.067414e-01 7.074720e-01 -0.000000e+00
    outer loop
      vertex   7.749063e+00 -1.842518e+00 2.000000e-01
      vertex   7.749063e+00 -1.842518e+00 2.000000e+00
      vertex   7.838251e+00 -1.931615e+00 2.000000e+00
    endloop
  endfacet
  facet normal 7.067414e-01 7.074720e-01 0.000000e+00
    outer loop
      vertex   7.749063e+00 -1.842518e+00 2.000000e-01
      vertex   7.838251e+00 -1.931615e+00 2.000000e+00
      vertex   7.838251e+00 -1.931615e+00 2.000000e-01
    endloop
  endfacet
  facet normal 5.403056e-01 8.414689e-01 -0.000000e+00
    outer loop
      vertex   7.838251e+00 -1.931615e+00 2.000000e-01
      vertex   7.838251e+00 -1.931615e+00 2.000000e+00
      vertex   7.944333e+00 -1.999729e+00 2.000000e+00
    endloop
  endfacet
  facet normal 5.403056e-01 8.414689e-01 0.000000e+00
    outer loop
      vertex   7.838251e+00 -1.931615e+00 2.000000e-01
      vertex   7.944333e+00 -1.999729e+00 2.000000e+00
      vertex   7.944333e+00 -1.999729e+00 2.000000e-01
    endloop
  endfacet
  facet normal 3.492015e-01 9.370476e-01 -0.000000e+00
    outer loop
      vertex   7.944333e+00 -1.999729e+00 2.000000e-01
      vertex   7.944333e+00 -1.999729e+00 2.000000e+00
      vertex   8.062464e+00 -2.043752e+00 2.000000e-01
    endloop
  endfacet
  facet normal 3.492015e-01 9.370476e-01 2.311849e-16
    outer loop
      vertex   8.062464e+00 -2.043752e+00 2.000000e-01
      vertex   7.944333e+00 -1.999729e+00 2.000000e+00
      vertex   8.062464e+00 -2.043752e+00 2.000000e+00
    endloop
  endfacet
  facet normal 2.470921e-01 9.689920e-01 2.390660e-16
    outer loop
      vertex   8.062464e+00 -2.043752e+00 2.000000e+00
      vertex   8.197897e+00 -2.078288e+00 2.000000e+00
      vertex   8.062464e+00 -2.043752e+00 2.000000e-01
    endloop
  endfacet
  facet normal 2.470921e-01 9.689920e-01 0.000000e+00
    outer loop
      vertex   8.062464e+00 -2.043752e+00 2.000000e-01
      vertex   8.197897e+00 -2.078288e+00 2.000000e+00
      vertex   8.197897e+00 -2.078288e+00 2.000000e-01
    endloop
  endfacet
  facet normal 8.093680e-01 -5.873019e-01 -3.993684e-16
    outer loop
      vertex   6.722283e+00 -3.854999e+00 2.000000e+00
      vertex   6.722283e+00 -3.854999e+00 2.000000e-01
      vertex   6.796322e+00 -3.752965e+00 2.000000e+00
    endloop
  endfacet
  facet normal 8.093680e-01 -5.873019e-01 4.346907e-16
    outer loop
      vertex   6.796322e+00 -3.752965e+00 2.000000e+00
      vertex   6.722283e+00 -3.854999e+00 2.000000e-01
      vertex   6.796322e+00 -3.752965e+00 2.000000e-01
    endloop
  endfacet
  facet normal 6.661195e-01 -7.458450e-01 5.520362e-16
    outer loop
      vertex   6.796322e+00 -3.752965e+00 2.000000e+00
      vertex   6.796322e+00 -3.752965e+00 2.000000e-01
      vertex   6.890348e+00 -3.668989e+00 2.000000e-01
    endloop
  endfacet
  facet normal 6.661195e-01 -7.458450e-01 -1.452480e-16
    outer loop
      vertex   6.796322e+00 -3.752965e+00 2.000000e+00
      vertex   6.890348e+00 -3.668989e+00 2.000000e-01
      vertex   6.890348e+00 -3.668989e+00 2.000000e+00
    endloop
  endfacet
  facet normal 4.924587e-01 -8.703358e-01 -2.826912e-17
    outer loop
      vertex   6.890348e+00 -3.668989e+00 2.000000e+00
      vertex   6.890348e+00 -3.668989e+00 2.000000e-01
      vertex   7.000069e+00 -3.606906e+00 2.000000e-01
    endloop
  endfacet
  facet normal 4.924587e-01 -8.703358e-01 0.000000e+00
    outer loop
      vertex   6.890348e+00 -3.668989e+00 2.000000e+00
      vertex   7.000069e+00 -3.606906e+00 2.000000e-01
      vertex   7.000069e+00 -3.606906e+00 2.000000e+00
    endloop
  endfacet
  facet normal 2.963141e-01 -9.550905e-01 0.000000e+00
    outer loop
      vertex   7.000069e+00 -3.606906e+00 2.000000e+00
      vertex   7.000069e+00 -3.606906e+00 2.000000e-01
      vertex   7.120474e+00 -3.569551e+00 2.000000e-01
    endloop
  endfacet
  facet normal 2.963141e-01 -9.550905e-01 -4.357440e-16
    outer loop
      vertex   7.000069e+00 -3.606906e+00 2.000000e+00
      vertex   7.120474e+00 -3.569551e+00 2.000000e-01
      vertex   7.120474e+00 -3.569551e+00 2.000000e+00
    endloop
  endfacet
  facet normal 8.664105e-02 -9.962396e-01 -1.282545e-16
    outer loop
      vertex   7.120474e+00 -3.569551e+00 2.000000e+00
      vertex   7.120474e+00 -3.569551e+00 2.000000e-01
      vertex   7.246067e+00 -3.558628e+00 2.000000e-01
    endloop
  endfacet
  facet normal 8.664105e-02 -9.962396e-01 0.000000e+00
    outer loop
      vertex   7.120474e+00 -3.569551e+00 2.000000e+00
      vertex   7.246067e+00 -3.558628e+00 2.000000e-01
      vertex   7.246067e+00 -3.558628e+00 2.000000e+00
    endloop
  endfacet
  facet normal -1.269877e-01 -9.919043e-01 -0.000000e+00
    outer loop
      vertex   7.246067e+00 -3.558628e+00 2.000000e+00
      vertex   7.246067e+00 -3.558628e+00 2.000000e-01
      vertex   7.371113e+00 -3.574637e+00 2.000000e-01
    endloop
  endfacet
  facet normal -1.269877e-01 -9.919043e-01 0.000000e+00
    outer loop
      vertex   7.246067e+00 -3.558628e+00 2.000000e+00
      vertex   7.371113e+00 -3.574637e+00 2.000000e-01
      vertex   7.371113e+00 -3.574637e+00 2.000000e+00
    endloop
  endfacet
  facet normal -3.348187e-01 -9.422826e-01 -0.000000e+00
    outer loop
      vertex   7.371113e+00 -3.574637e+00 2.000000e+00
      vertex   7.371113e+00 -3.574637e+00 2.000000e-01
      vertex   7.489904e+00 -3.616847e+00 2.000000e+00
    endloop
  endfacet
  facet normal -3.348187e-01 -9.422826e-01 -0.000000e+00
    outer loop
      vertex   7.489904e+00 -3.616847e+00 2.000000e+00
      vertex   7.371113e+00 -3.574637e+00 2.000000e-01
      vertex   7.489904e+00 -3.616847e+00 2.000000e-01
    endloop
  endfacet
  facet normal -4.335725e-01 -9.011187e-01 0.000000e+00
    outer loop
      vertex   7.489904e+00 -3.616847e+00 2.000000e-01
      vertex   7.615851e+00 -3.677446e+00 2.000000e-01
      vertex   7.489904e+00 -3.616847e+00 2.000000e+00
    endloop
  endfacet
  facet normal -4.335725e-01 -9.011187e-01 0.000000e+00
    outer loop
      vertex   7.489904e+00 -3.616847e+00 2.000000e+00
      vertex   7.615851e+00 -3.677446e+00 2.000000e-01
      vertex   7.615851e+00 -3.677446e+00 2.000000e+00
    endloop
  endfacet
  facet normal 9.133023e-01 -4.072823e-01 -5.511362e-16
    outer loop
      vertex   6.699668e+00 -3.894168e+00 2.000000e-01
      vertex   6.699668e+00 -3.894168e+00 2.000000e+00
      vertex   6.648324e+00 -4.009305e+00 2.000000e-01
    endloop
  endfacet
  facet normal 9.133023e-01 -4.072823e-01 0.000000e+00
    outer loop
      vertex   6.648324e+00 -4.009305e+00 2.000000e-01
      vertex   6.699668e+00 -3.894168e+00 2.000000e+00
      vertex   6.648324e+00 -4.009305e+00 2.000000e+00
    endloop
  endfacet
  facet normal 9.789805e-01 -2.039539e-01 0.000000e+00
    outer loop
      vertex   6.648324e+00 -4.009305e+00 2.000000e-01
      vertex   6.648324e+00 -4.009305e+00 2.000000e+00
      vertex   6.622612e+00 -4.132722e+00 2.000000e+00
    endloop
  endfacet
  facet normal 9.789805e-01 -2.039539e-01 0.000000e+00
    outer loop
      vertex   6.648324e+00 -4.009305e+00 2.000000e-01
      vertex   6.622612e+00 -4.132722e+00 2.000000e+00
      vertex   6.622612e+00 -4.132722e+00 2.000000e-01
    endloop
  endfacet
  facet normal 9.999623e-01 8.686186e-03 -0.000000e+00
    outer loop
      vertex   6.622612e+00 -4.132722e+00 2.000000e-01
      vertex   6.622612e+00 -4.132722e+00 2.000000e+00
      vertex   6.623707e+00 -4.258784e+00 2.000000e+00
    endloop
  endfacet
  facet normal 9.999623e-01 8.686186e-03 0.000000e+00
    outer loop
      vertex   6.622612e+00 -4.132722e+00 2.000000e-01
      vertex   6.623707e+00 -4.258784e+00 2.000000e+00
      vertex   6.623707e+00 -4.258784e+00 2.000000e-01
    endloop
  endfacet
  facet normal 9.752897e-01 2.209297e-01 -0.000000e+00
    outer loop
      vertex   6.623707e+00 -4.258784e+00 2.000000e-01
      vertex   6.623707e+00 -4.258784e+00 2.000000e+00
      vertex   6.651559e+00 -4.381736e+00 2.000000e+00
    endloop
  endfacet
  facet normal 9.752897e-01 2.209297e-01 0.000000e+00
    outer loop
      vertex   6.623707e+00 -4.258784e+00 2.000000e-01
      vertex   6.651559e+00 -4.381736e+00 2.000000e+00
      vertex   6.651559e+00 -4.381736e+00 2.000000e-01
    endloop
  endfacet
  facet normal 9.060893e-01 4.230864e-01 -0.000000e+00
    outer loop
      vertex   6.651559e+00 -4.381736e+00 2.000000e-01
      vertex   6.651559e+00 -4.381736e+00 2.000000e+00
      vertex   6.704896e+00 -4.495964e+00 2.000000e+00
    endloop
  endfacet
  facet normal 9.060893e-01 4.230864e-01 -2.102274e-16
    outer loop
      vertex   6.651559e+00 -4.381736e+00 2.000000e-01
      vertex   6.704896e+00 -4.495964e+00 2.000000e+00
      vertex   6.704896e+00 -4.495964e+00 2.000000e-01
    endloop
  endfacet
  facet normal 7.955205e-01 6.059267e-01 -2.989839e-16
    outer loop
      vertex   6.704896e+00 -4.495964e+00 2.000000e-01
      vertex   6.704896e+00 -4.495964e+00 2.000000e+00
      vertex   6.781283e+00 -4.596253e+00 2.000000e+00
    endloop
  endfacet
  facet normal 7.955205e-01 6.059267e-01 -2.981407e-16
    outer loop
      vertex   6.704896e+00 -4.495964e+00 2.000000e-01
      vertex   6.781283e+00 -4.596253e+00 2.000000e+00
      vertex   6.781283e+00 -4.596253e+00 2.000000e-01
    endloop
  endfacet
  facet normal 6.486313e-01 7.611028e-01 -3.755528e-16
    outer loop
      vertex   6.781283e+00 -4.596253e+00 2.000000e-01
      vertex   6.781283e+00 -4.596253e+00 2.000000e+00
      vertex   6.877233e+00 -4.678024e+00 2.000000e-01
    endloop
  endfacet
  facet normal 6.486313e-01 7.611028e-01 -0.000000e+00
    outer loop
      vertex   6.877233e+00 -4.678024e+00 2.000000e-01
      vertex   6.781283e+00 -4.596253e+00 2.000000e+00
      vertex   6.877233e+00 -4.678024e+00 2.000000e+00
    endloop
  endfacet
  facet normal 5.636054e-01 8.260441e-01 0.000000e+00
    outer loop
      vertex   6.877233e+00 -4.678024e+00 2.000000e+00
      vertex   6.992687e+00 -4.756798e+00 2.000000e+00
      vertex   6.877233e+00 -4.678024e+00 2.000000e-01
    endloop
  endfacet
  facet normal 5.636054e-01 8.260441e-01 0.000000e+00
    outer loop
      vertex   6.877233e+00 -4.678024e+00 2.000000e-01
      vertex   6.992687e+00 -4.756798e+00 2.000000e+00
      vertex   6.992687e+00 -4.756798e+00 2.000000e-01
    endloop
  endfacet
  facet normal 5.596880e-01 -8.287034e-01 -4.089091e-16
    outer loop
      vertex   4.998392e+00 -5.921670e+00 2.000000e+00
      vertex   4.998392e+00 -5.921670e+00 2.000000e-01
      vertex   5.102864e+00 -5.851112e+00 2.000000e+00
    endloop
  endfacet
  facet normal 5.596880e-01 -8.287034e-01 2.761682e-16
    outer loop
      vertex   5.102864e+00 -5.851112e+00 2.000000e+00
      vertex   4.998392e+00 -5.921670e+00 2.000000e-01
      vertex   5.102864e+00 -5.851112e+00 2.000000e-01
    endloop
  endfacet
  facet normal 3.708536e-01 -9.286914e-01 1.829912e-16
    outer loop
      vertex   5.102864e+00 -5.851112e+00 2.000000e+00
      vertex   5.102864e+00 -5.851112e+00 2.000000e-01
      vertex   5.219941e+00 -5.804360e+00 2.000000e-01
    endloop
  endfacet
  facet normal 3.708536e-01 -9.286914e-01 1.834712e-16
    outer loop
      vertex   5.102864e+00 -5.851112e+00 2.000000e+00
      vertex   5.219941e+00 -5.804360e+00 2.000000e-01
      vertex   5.219941e+00 -5.804360e+00 2.000000e+00
    endloop
  endfacet
  facet normal 1.650874e-01 -9.862789e-01 8.145948e-17
    outer loop
      vertex   5.219941e+00 -5.804360e+00 2.000000e+00
      vertex   5.219941e+00 -5.804360e+00 2.000000e-01
      vertex   5.344278e+00 -5.783548e+00 2.000000e-01
    endloop
  endfacet
  facet normal 1.650874e-01 -9.862789e-01 0.000000e+00
    outer loop
      vertex   5.219941e+00 -5.804360e+00 2.000000e+00
      vertex   5.344278e+00 -5.783548e+00 2.000000e-01
      vertex   5.344278e+00 -5.783548e+00 2.000000e+00
    endloop
  endfacet
  facet normal -4.821600e-02 -9.988369e-01 -0.000000e+00
    outer loop
      vertex   5.344278e+00 -5.783548e+00 2.000000e+00
      vertex   5.344278e+00 -5.783548e+00 2.000000e-01
      vertex   5.470199e+00 -5.789626e+00 2.000000e-01
    endloop
  endfacet
  facet normal -4.821600e-02 -9.988369e-01 -2.388948e-17
    outer loop
      vertex   5.344278e+00 -5.783548e+00 2.000000e+00
      vertex   5.470199e+00 -5.789626e+00 2.000000e-01
      vertex   5.470199e+00 -5.789626e+00 2.000000e+00
    endloop
  endfacet
  facet normal -2.593181e-01 -9.657920e-01 -1.279559e-16
    outer loop
      vertex   5.470199e+00 -5.789626e+00 2.000000e+00
      vertex   5.470199e+00 -5.789626e+00 2.000000e-01
      vertex   5.591953e+00 -5.822318e+00 2.000000e-01
    endloop
  endfacet
  facet normal -2.593181e-01 -9.657920e-01 0.000000e+00
    outer loop
      vertex   5.470199e+00 -5.789626e+00 2.000000e+00
      vertex   5.591953e+00 -5.822318e+00 2.000000e-01
      vertex   5.591953e+00 -5.822318e+00 2.000000e+00
    endloop
  endfacet
  facet normal -4.585807e-01 -8.886528e-01 -0.000000e+00
    outer loop
      vertex   5.591953e+00 -5.822318e+00 2.000000e+00
      vertex   5.591953e+00 -5.822318e+00 2.000000e-01
      vertex   5.703983e+00 -5.880129e+00 2.000000e-01
    endloop
  endfacet
  facet normal -4.585807e-01 -8.886528e-01 0.000000e+00
    outer loop
      vertex   5.591953e+00 -5.822318e+00 2.000000e+00
      vertex   5.703983e+00 -5.880129e+00 2.000000e-01
      vertex   5.703983e+00 -5.880129e+00 2.000000e+00
    endloop
  endfacet
  facet normal -6.369063e-01 -7.709412e-01 -0.000000e+00
    outer loop
      vertex   5.703983e+00 -5.880129e+00 2.000000e+00
      vertex   5.703983e+00 -5.880129e+00 2.000000e-01
      vertex   5.801173e+00 -5.960422e+00 2.000000e+00
    endloop
  endfacet
  facet normal -6.369063e-01 -7.709412e-01 -0.000000e+00
    outer loop
      vertex   5.801173e+00 -5.960422e+00 2.000000e+00
      vertex   5.703983e+00 -5.880129e+00 2.000000e-01
      vertex   5.801173e+00 -5.960422e+00 2.000000e-01
    endloop
  endfacet
  facet normal -7.156256e-01 -6.984841e-01 0.000000e+00
    outer loop
      vertex   5.801173e+00 -5.960422e+00 2.000000e-01
      vertex   5.898799e+00 -6.060443e+00 2.000000e-01
      vertex   5.801173e+00 -5.960422e+00 2.000000e+00
    endloop
  endfacet
  facet normal -7.156256e-01 -6.984841e-01 0.000000e+00
    outer loop
      vertex   5.801173e+00 -5.960422e+00 2.000000e+00
      vertex   5.898799e+00 -6.060443e+00 2.000000e-01
      vertex   5.898799e+00 -6.060443e+00 2.000000e+00
    endloop
  endfacet
  facet normal 7.189247e-01 -6.950879e-01 0.000000e+00
    outer loop
      vertex   4.963745e+00 -5.950742e+00 2.000000e-01
      vertex   4.963745e+00 -5.950742e+00 2.000000e+00
      vertex   4.876117e+00 -6.041375e+00 2.000000e-01
    endloop
  endfacet
  facet normal 7.189247e-01 -6.950879e-01 0.000000e+00
    outer loop
      vertex   4.876117e+00 -6.041375e+00 2.000000e-01
      vertex   4.963745e+00 -5.950742e+00 2.000000e+00
      vertex   4.876117e+00 -6.041375e+00 2.000000e+00
    endloop
  endfacet
  facet normal 8.501844e-01 -5.264850e-01 0.000000e+00
    outer loop
      vertex   4.876117e+00 -6.041375e+00 2.000000e-01
      vertex   4.876117e+00 -6.041375e+00 2.000000e+00
      vertex   4.809745e+00 -6.148555e+00 2.000000e+00
    endloop
  endfacet
  facet normal 8.501844e-01 -5.264850e-01 0.000000e+00
    outer loop
      vertex   4.876117e+00 -6.041375e+00 2.000000e-01
      vertex   4.809745e+00 -6.148555e+00 2.000000e+00
      vertex   4.809745e+00 -6.148555e+00 2.000000e-01
    endloop
  endfacet
  facet normal 9.426280e-01 -3.338449e-01 0.000000e+00
    outer loop
      vertex   4.809745e+00 -6.148555e+00 2.000000e-01
      vertex   4.809745e+00 -6.148555e+00 2.000000e+00
      vertex   4.767658e+00 -6.267389e+00 2.000000e+00
    endloop
  endfacet
  facet normal 9.426280e-01 -3.338449e-01 0.000000e+00
    outer loop
      vertex   4.809745e+00 -6.148555e+00 2.000000e-01
      vertex   4.767658e+00 -6.267389e+00 2.000000e+00
      vertex   4.767658e+00 -6.267389e+00 2.000000e-01
    endloop
  endfacet
  facet normal 9.920350e-01 -1.259627e-01 0.000000e+00
    outer loop
      vertex   4.767658e+00 -6.267389e+00 2.000000e-01
      vertex   4.767658e+00 -6.267389e+00 2.000000e+00
      vertex   4.751779e+00 -6.392452e+00 2.000000e+00
    endloop
  endfacet
  facet normal 9.920350e-01 -1.259627e-01 4.892565e-16
    outer loop
      vertex   4.767658e+00 -6.267389e+00 2.000000e-01
      vertex   4.751779e+00 -6.392452e+00 2.000000e+00
      vertex   4.751779e+00 -6.392452e+00 2.000000e-01
    endloop
  endfacet
  facet normal 9.961495e-01 8.767041e-02 4.915325e-16
    outer loop
      vertex   4.751779e+00 -6.392452e+00 2.000000e-01
      vertex   4.751779e+00 -6.392452e+00 2.000000e+00
      vertex   4.762831e+00 -6.518034e+00 2.000000e+00
    endloop
  endfacet
  facet normal 9.961495e-01 8.767041e-02 8.600211e-17
    outer loop
      vertex   4.751779e+00 -6.392452e+00 2.000000e-01
      vertex   4.762831e+00 -6.518034e+00 2.000000e+00
      vertex   4.762831e+00 -6.518034e+00 2.000000e-01
    endloop
  endfacet
  facet normal 9.547838e-01 2.973009e-01 2.933958e-16
    outer loop
      vertex   4.762831e+00 -6.518034e+00 2.000000e-01
      vertex   4.762831e+00 -6.518034e+00 2.000000e+00
      vertex   4.800311e+00 -6.638400e+00 2.000000e+00
    endloop
  endfacet
  facet normal 9.547838e-01 2.973009e-01 0.000000e+00
    outer loop
      vertex   4.762831e+00 -6.518034e+00 2.000000e-01
      vertex   4.800311e+00 -6.638400e+00 2.000000e+00
      vertex   4.800311e+00 -6.638400e+00 2.000000e-01
    endloop
  endfacet
  facet normal 8.698265e-01 4.933577e-01 -0.000000e+00
    outer loop
      vertex   4.800311e+00 -6.638400e+00 2.000000e-01
      vertex   4.800311e+00 -6.638400e+00 2.000000e+00
      vertex   4.862507e+00 -6.748057e+00 2.000000e-01
    endloop
  endfacet
  facet normal 8.698265e-01 4.933577e-01 -0.000000e+00
    outer loop
      vertex   4.862507e+00 -6.748057e+00 2.000000e-01
      vertex   4.800311e+00 -6.638400e+00 2.000000e+00
      vertex   4.862507e+00 -6.748057e+00 2.000000e+00
    endloop
  endfacet
  facet normal 8.121396e-01 5.834632e-01 0.000000e+00
    outer loop
      vertex   4.862507e+00 -6.748057e+00 2.000000e+00
      vertex   4.944056e+00 -6.861568e+00 2.000000e+00
      vertex   4.862507e+00 -6.748057e+00 2.000000e-01
    endloop
  endfacet
  facet normal 8.121396e-01 5.834632e-01 0.000000e+00
    outer loop
      vertex   4.862507e+00 -6.748057e+00 2.000000e-01
      vertex   4.944056e+00 -6.861568e+00 2.000000e+00
      vertex   4.944056e+00 -6.861568e+00 2.000000e-01
    endloop
  endfacet
  facet normal 2.425015e-01 -9.701510e-01 -1.196581e-16
    outer loop
      vertex   2.671622e+00 -7.274101e+00 2.000000e+00
      vertex   2.671622e+00 -7.274101e+00 2.000000e-01
      vertex   2.793926e+00 -7.243529e+00 2.000000e+00
    endloop
  endfacet
  facet normal 2.425015e-01 -9.701510e-01 -1.196581e-16
    outer loop
      vertex   2.793926e+00 -7.243529e+00 2.000000e+00
      vertex   2.671622e+00 -7.274101e+00 2.000000e-01
      vertex   2.793926e+00 -7.243529e+00 2.000000e-01
    endloop
  endfacet
  facet normal 3.085721e-02 -9.995238e-01 -1.522595e-17
    outer loop
      vertex   2.793926e+00 -7.243529e+00 2.000000e+00
      vertex   2.793926e+00 -7.243529e+00 2.000000e-01
      vertex   2.919932e+00 -7.239639e+00 2.000000e-01
    endloop
  endfacet
  facet normal 3.085721e-02 -9.995238e-01 0.000000e+00
    outer loop
      vertex   2.793926e+00 -7.243529e+00 2.000000e+00
      vertex   2.919932e+00 -7.239639e+00 2.000000e-01
      vertex   2.919932e+00 -7.239639e+00 2.000000e+00
    endloop
  endfacet
  facet normal -1.821959e-01 -9.832623e-01 -0.000000e+00
    outer loop
      vertex   2.919932e+00 -7.239639e+00 2.000000e+00
      vertex   2.919932e+00 -7.239639e+00 2.000000e-01
      vertex   3.043889e+00 -7.262608e+00 2.000000e-01
    endloop
  endfacet
  facet normal -1.821959e-01 -9.832623e-01 4.586779e-17
    outer loop
      vertex   2.919932e+00 -7.239639e+00 2.000000e+00
      vertex   3.043889e+00 -7.262608e+00 2.000000e-01
      vertex   3.043889e+00 -7.262608e+00 2.000000e+00
    endloop
  endfacet
  facet normal -3.869306e-01 -9.221089e-01 9.546205e-17
    outer loop
      vertex   3.043889e+00 -7.262608e+00 2.000000e+00
      vertex   3.043889e+00 -7.262608e+00 2.000000e-01
      vertex   3.160137e+00 -7.311387e+00 2.000000e-01
    endloop
  endfacet
  facet normal -3.869306e-01 -9.221089e-01 0.000000e+00
    outer loop
      vertex   3.043889e+00 -7.262608e+00 2.000000e+00
      vertex   3.160137e+00 -7.311387e+00 2.000000e-01
      vertex   3.160137e+00 -7.311387e+00 2.000000e+00
    endloop
  endfacet
  facet normal -5.739996e-01 -8.188556e-01 -0.000000e+00
    outer loop
      vertex   3.160137e+00 -7.311387e+00 2.000000e+00
      vertex   3.160137e+00 -7.311387e+00 2.000000e-01
      vertex   3.263367e+00 -7.383749e+00 2.000000e-01
    endloop
  endfacet
  facet normal -5.739996e-01 -8.188556e-01 0.000000e+00
    outer loop
      vertex   3.160137e+00 -7.311387e+00 2.000000e+00
      vertex   3.263367e+00 -7.383749e+00 2.000000e-01
      vertex   3.263367e+00 -7.383749e+00 2.000000e+00
    endloop
  endfacet
  facet normal -7.348620e-01 -6.782166e-01 -0.000000e+00
    outer loop
      vertex   3.263367e+00 -7.383749e+00 2.000000e+00
      vertex   3.263367e+00 -7.383749e+00 2.000000e-01
      vertex   3.348868e+00 -7.476391e+00 2.000000e-01
    endloop
  endfacet
  facet normal -7.348620e-01 -6.782166e-01 0.000000e+00
    outer loop
      vertex   3.263367e+00 -7.383749e+00 2.000000e+00
      vertex   3.348868e+00 -7.476391e+00 2.000000e-01
      vertex   3.348868e+00 -7.476391e+00 2.000000e+00
    endloop
  endfacet
  facet normal -8.621736e-01 -5.066130e-01 -0.000000e+00
    outer loop
      vertex   3.348868e+00 -7.476391e+00 2.000000e+00
      vertex   3.348868e+00 -7.476391e+00 2.000000e-01
      vertex   3.412735e+00 -7.585083e+00 2.000000e+00
    endloop
  endfacet
  facet normal -8.621736e-01 -5.066130e-01 -2.127122e-16
    outer loop
      vertex   3.412735e+00 -7.585083e+00 2.000000e+00
      vertex   3.348868e+00 -7.476391e+00 2.000000e-01
      vertex   3.412735e+00 -7.585083e+00 2.000000e-01
    endloop
  endfacet
  facet normal -9.113637e-01 -4.116019e-01 -2.248482e-16
    outer loop
      vertex   3.412735e+00 -7.585083e+00 2.000000e-01
      vertex   3.470264e+00 -7.712462e+00 2.000000e-01
      vertex   3.412735e+00 -7.585083e+00 2.000000e+00
    endloop
  endfacet
  facet normal -9.113637e-01 -4.116019e-01 0.000000e+00
    outer loop
      vertex   3.412735e+00 -7.585083e+00 2.000000e+00
      vertex   3.470264e+00 -7.712462e+00 2.000000e-01
      vertex   3.470264e+00 -7.712462e+00 2.000000e+00
    endloop
  endfacet
  facet normal 4.378342e-01 -8.990557e-01 0.000000e+00
    outer loop
      vertex   2.629121e+00 -7.289570e+00 2.000000e-01
      vertex   2.629121e+00 -7.289570e+00 2.000000e+00
      vertex   2.515780e+00 -7.344766e+00 2.000000e-01
    endloop
  endfacet
  facet normal 4.378342e-01 -8.990557e-01 0.000000e+00
    outer loop
      vertex   2.515780e+00 -7.344766e+00 2.000000e-01
      vertex   2.629121e+00 -7.289570e+00 2.000000e+00
      vertex   2.515780e+00 -7.344766e+00 2.000000e+00
    endloop
  endfacet
  facet normal 6.188435e-01 -7.855143e-01 0.000000e+00
    outer loop
      vertex   2.515780e+00 -7.344766e+00 2.000000e-01
      vertex   2.515780e+00 -7.344766e+00 2.000000e+00
      vertex   2.416752e+00 -7.422782e+00 2.000000e+00
    endloop
  endfacet
  facet normal 6.188435e-01 -7.855143e-01 0.000000e+00
    outer loop
      vertex   2.515780e+00 -7.344766e+00 2.000000e-01
      vertex   2.416752e+00 -7.422782e+00 2.000000e+00
      vertex   2.416752e+00 -7.422782e+00 2.000000e-01
    endloop
  endfacet
  facet normal 7.715989e-01 -6.361094e-01 0.000000e+00
    outer loop
      vertex   2.416752e+00 -7.422782e+00 2.000000e-01
      vertex   2.416752e+00 -7.422782e+00 2.000000e+00
      vertex   2.336560e+00 -7.520055e+00 2.000000e+00
    endloop
  endfacet
  facet normal 7.715989e-01 -6.361094e-01 0.000000e+00
    outer loop
      vertex   2.416752e+00 -7.422782e+00 2.000000e-01
      vertex   2.336560e+00 -7.520055e+00 2.000000e+00
      vertex   2.336560e+00 -7.520055e+00 2.000000e-01
    endloop
  endfacet
  facet normal 8.891262e-01 -4.576622e-01 0.000000e+00
    outer loop
      vertex   2.336560e+00 -7.520055e+00 2.000000e-01
      vertex   2.336560e+00 -7.520055e+00 2.000000e+00
      vertex   2.278864e+00 -7.632144e+00 2.000000e+00
    endloop
  endfacet
  facet normal 8.891262e-01 -4.576622e-01 4.548556e-16
    outer loop
      vertex   2.336560e+00 -7.520055e+00 2.000000e-01
      vertex   2.278864e+00 -7.632144e+00 2.000000e+00
      vertex   2.278864e+00 -7.632144e+00 2.000000e-01
    endloop
  endfacet
  facet normal 9.660594e-01 -2.583200e-01 2.549269e-16
    outer loop
      vertex   2.278864e+00 -7.632144e+00 2.000000e-01
      vertex   2.278864e+00 -7.632144e+00 2.000000e+00
      vertex   2.246298e+00 -7.753932e+00 2.000000e+00
    endloop
  endfacet
  facet normal 9.660594e-01 -2.583200e-01 0.000000e+00
    outer loop
      vertex   2.278864e+00 -7.632144e+00 2.000000e-01
      vertex   2.246298e+00 -7.753932e+00 2.000000e+00
      vertex   2.246298e+00 -7.753932e+00 2.000000e-01
    endloop
  endfacet
  facet normal 9.988862e-01 -4.718388e-02 0.000000e+00
    outer loop
      vertex   2.246298e+00 -7.753932e+00 2.000000e-01
      vertex   2.246298e+00 -7.753932e+00 2.000000e+00
      vertex   2.240350e+00 -7.879859e+00 2.000000e+00
    endloop
  endfacet
  facet normal 9.988862e-01 -4.718388e-02 0.000000e+00
    outer loop
      vertex   2.246298e+00 -7.753932e+00 2.000000e-01
      vertex   2.240350e+00 -7.879859e+00 2.000000e+00
      vertex   2.240350e+00 -7.879859e+00 2.000000e-01
    endloop
  endfacet
  facet normal 9.861078e-01 1.661064e-01 -0.000000e+00
    outer loop
      vertex   2.240350e+00 -7.879859e+00 2.000000e-01
      vertex   2.240350e+00 -7.879859e+00 2.000000e+00
      vertex   2.261290e+00 -8.004174e+00 2.000000e-01
    endloop
  endfacet
  facet normal 9.861078e-01 1.661064e-01 -0.000000e+00
    outer loop
      vertex   2.261290e+00 -8.004174e+00 2.000000e-01
      vertex   2.240350e+00 -7.879859e+00 2.000000e+00
      vertex   2.261290e+00 -8.004174e+00 2.000000e+00
    endloop
  endfacet
  facet normal 9.627177e-01 2.705079e-01 0.000000e+00
    outer loop
      vertex   2.261290e+00 -8.004174e+00 2.000000e+00
      vertex   2.299099e+00 -8.138731e+00 2.000000e+00
      vertex   2.261290e+00 -8.004174e+00 2.000000e-01
    endloop
  endfacet
  facet normal 9.627177e-01 2.705079e-01 0.000000e+00
    outer loop
      vertex   2.261290e+00 -8.004174e+00 2.000000e-01
      vertex   2.299099e+00 -8.138731e+00 2.000000e+00
      vertex   2.299099e+00 -8.138731e+00 2.000000e-01
    endloop
  endfacet
  facet normal -1.039344e-01 -9.945842e-01 -9.811195e-16
    outer loop
      vertex   2.261414e-02 -7.749167e+00 2.000000e+00
      vertex   2.261414e-02 -7.749167e+00 2.000000e-01
      vertex   1.479983e-01 -7.762270e+00 2.000000e+00
    endloop
  endfacet
  facet normal -1.039344e-01 -9.945842e-01 -0.000000e+00
    outer loop
      vertex   1.479983e-01 -7.762270e+00 2.000000e+00
      vertex   2.261414e-02 -7.749167e+00 2.000000e-01
      vertex   1.479983e-01 -7.762270e+00 2.000000e-01
    endloop
  endfacet
  facet normal -3.128610e-01 -9.497989e-01 -0.000000e+00
    outer loop
      vertex   1.479983e-01 -7.762270e+00 2.000000e+00
      vertex   1.479983e-01 -7.762270e+00 2.000000e-01
      vertex   2.677365e-01 -7.801711e+00 2.000000e-01
    endloop
  endfacet
  facet normal -3.128610e-01 -9.497989e-01 0.000000e+00
    outer loop
      vertex   1.479983e-01 -7.762270e+00 2.000000e+00
      vertex   2.677365e-01 -7.801711e+00 2.000000e-01
      vertex   2.677365e-01 -7.801711e+00 2.000000e+00
    endloop
  endfacet
  facet normal -5.075036e-01 -8.616496e-01 -0.000000e+00
    outer loop
      vertex   2.677365e-01 -7.801711e+00 2.000000e+00
      vertex   2.677365e-01 -7.801711e+00 2.000000e-01
      vertex   3.763621e-01 -7.865691e+00 2.000000e-01
    endloop
  endfacet
  facet normal -5.075036e-01 -8.616496e-01 0.000000e+00
    outer loop
      vertex   2.677365e-01 -7.801711e+00 2.000000e+00
      vertex   3.763621e-01 -7.865691e+00 2.000000e-01
      vertex   3.763621e-01 -7.865691e+00 2.000000e+00
    endloop
  endfacet
  facet normal -6.789756e-01 -7.341608e-01 -0.000000e+00
    outer loop
      vertex   3.763621e-01 -7.865691e+00 2.000000e+00
      vertex   3.763621e-01 -7.865691e+00 2.000000e-01
      vertex   4.689155e-01 -7.951287e+00 2.000000e-01
    endloop
  endfacet
  facet normal -6.789756e-01 -7.341608e-01 0.000000e+00
    outer loop
      vertex   3.763621e-01 -7.865691e+00 2.000000e+00
      vertex   4.689155e-01 -7.951287e+00 2.000000e-01
      vertex   4.689155e-01 -7.951287e+00 2.000000e+00
    endloop
  endfacet
  facet normal -8.194483e-01 -5.731531e-01 -0.000000e+00
    outer loop
      vertex   4.689155e-01 -7.951287e+00 2.000000e+00
      vertex   4.689155e-01 -7.951287e+00 2.000000e-01
      vertex   5.411711e-01 -8.054592e+00 2.000000e-01
    endloop
  endfacet
  facet normal -8.194483e-01 -5.731531e-01 0.000000e+00
    outer loop
      vertex   4.689155e-01 -7.951287e+00 2.000000e+00
      vertex   5.411711e-01 -8.054592e+00 2.000000e-01
      vertex   5.411711e-01 -8.054592e+00 2.000000e+00
    endloop
  endfacet
  facet normal -9.225082e-01 -3.859776e-01 -0.000000e+00
    outer loop
      vertex   5.411711e-01 -8.054592e+00 2.000000e+00
      vertex   5.411711e-01 -8.054592e+00 2.000000e-01
      vertex   5.898301e-01 -8.170890e+00 2.000000e-01
    endloop
  endfacet
  facet normal -9.225082e-01 -3.859776e-01 0.000000e+00
    outer loop
      vertex   5.411711e-01 -8.054592e+00 2.000000e+00
      vertex   5.898301e-01 -8.170890e+00 2.000000e-01
      vertex   5.898301e-01 -8.170890e+00 2.000000e+00
    endloop
  endfacet
  facet normal -9.834500e-01 -1.811798e-01 -0.000000e+00
    outer loop
      vertex   5.898301e-01 -8.170890e+00 2.000000e+00
      vertex   5.898301e-01 -8.170890e+00 2.000000e-01
      vertex   6.126709e-01 -8.294871e+00 2.000000e+00
    endloop
  endfacet
  facet normal -9.834500e-01 -1.811798e-01 -6.065827e-17
    outer loop
      vertex   6.126709e-01 -8.294871e+00 2.000000e+00
      vertex   5.898301e-01 -8.170890e+00 2.000000e-01
      vertex   6.126709e-01 -8.294871e+00 2.000000e-01
    endloop
  endfacet
  facet normal -9.971779e-01 -7.507456e-02 -6.150499e-17
    outer loop
      vertex   6.126709e-01 -8.294871e+00 2.000000e-01
      vertex   6.231639e-01 -8.434244e+00 2.000000e-01
      vertex   6.126709e-01 -8.294871e+00 2.000000e+00
    endloop
  endfacet
  facet normal -9.971779e-01 -7.507456e-02 0.000000e+00
    outer loop
      vertex   6.126709e-01 -8.294871e+00 2.000000e+00
      vertex   6.231639e-01 -8.434244e+00 2.000000e-01
      vertex   6.231639e-01 -8.434244e+00 2.000000e+00
    endloop
  endfacet
  facet normal 1.039344e-01 -9.945842e-01 -9.813199e-16
    outer loop
      vertex   -2.261414e-02 -7.749167e+00 2.000000e-01
      vertex   -2.261414e-02 -7.749167e+00 2.000000e+00
      vertex   -1.479983e-01 -7.762270e+00 2.000000e-01
    endloop
  endfacet
  facet normal 1.039344e-01 -9.945842e-01 0.000000e+00
    outer loop
      vertex   -1.479983e-01 -7.762270e+00 2.000000e-01
      vertex   -2.261414e-02 -7.749167e+00 2.000000e+00
      vertex   -1.479983e-01 -7.762270e+00 2.000000e+00
    endloop
  endfacet
  facet normal 3.128610e-01 -9.497989e-01 0.000000e+00
    outer loop
      vertex   -1.479983e-01 -7.762270e+00 2.000000e-01
      vertex   -1.479983e-01 -7.762270e+00 2.000000e+00
      vertex   -2.677365e-01 -7.801711e+00 2.000000e+00
    endloop
  endfacet
  facet normal 3.128610e-01 -9.497989e-01 0.000000e+00
    outer loop
      vertex   -1.479983e-01 -7.762270e+00 2.000000e-01
      vertex   -2.677365e-01 -7.801711e+00 2.000000e+00
      vertex   -2.677365e-01 -7.801711e+00 2.000000e-01
    endloop
  endfacet
  facet normal 5.075036e-01 -8.616496e-01 0.000000e+00
    outer loop
      vertex   -2.677365e-01 -7.801711e+00 2.000000e-01
      vertex   -2.677365e-01 -7.801711e+00 2.000000e+00
      vertex   -3.763621e-01 -7.865691e+00 2.000000e+00
    endloop
  endfacet
  facet normal 5.075036e-01 -8.616496e-01 0.000000e+00
    outer loop
      vertex   -2.677365e-01 -7.801711e+00 2.000000e-01
      vertex   -3.763621e-01 -7.865691e+00 2.000000e+00
      vertex   -3.763621e-01 -7.865691e+00 2.000000e-01
    endloop
  endfacet
  facet normal 6.789756e-01 -7.341608e-01 0.000000e+00
    outer loop
      vertex   -3.763621e-01 -7.865691e+00 2.000000e-01
      vertex   -3.763621e-01 -7.865691e+00 2.000000e+00
      vertex   -4.689155e-01 -7.951287e+00 2.000000e+00
    endloop
  endfacet
  facet normal 6.789756e-01 -7.341608e-01 0.000000e+00
    outer loop
      vertex   -3.763621e-01 -7.865691e+00 2.000000e-01
      vertex   -4.689155e-01 -7.951287e+00 2.000000e+00
      vertex   -4.689155e-01 -7.951287e+00 2.000000e-01
    endloop
  endfacet
  facet normal 8.194483e-01 -5.731531e-01 0.000000e+00
    outer loop
      vertex   -4.689155e-01 -7.951287e+00 2.000000e-01
      vertex   -4.689155e-01 -7.951287e+00 2.000000e+00
      vertex   -5.411711e-01 -8.054592e+00 2.000000e+00
    endloop
  endfacet
  facet normal 8.194483e-01 -5.731531e-01 0.000000e+00
    outer loop
      vertex   -4.689155e-01 -7.951287e+00 2.000000e-01
      vertex   -5.411711e-01 -8.054592e+00 2.000000e+00
      vertex   -5.411711e-01 -8.054592e+00 2.000000e-01
    endloop
  endfacet
  facet normal 9.225082e-01 -3.859776e-01 0.000000e+00
    outer loop
      vertex   -5.411711e-01 -8.054592e+00 2.000000e-01
      vertex   -5.411711e-01 -8.054592e+00 2.000000e+00
      vertex   -5.898301e-01 -8.170890e+00 2.000000e+00
    endloop
  endfacet
  facet normal 9.225082e-01 -3.859776e-01 0.000000e+00
    outer loop
      vertex   -5.411711e-01 -8.054592e+00 2.000000e-01
      vertex   -5.898301e-01 -8.170890e+00 2.000000e+00
      vertex   -5.898301e-01 -8.170890e+00 2.000000e-01
    endloop
  endfacet
  facet normal 9.834500e-01 -1.811798e-01 0.000000e+00
    outer loop
      vertex   -5.898301e-01 -8.170890e+00 2.000000e-01
      vertex   -5.898301e-01 -8.170890e+00 2.000000e+00
      vertex   -6.126709e-01 -8.294871e+00 2.000000e-01
    endloop
  endfacet
  facet normal 9.834500e-01 -1.811798e-01 0.000000e+00
    outer loop
      vertex   -6.126709e-01 -8.294871e+00 2.000000e-01
      vertex   -5.898301e-01 -8.170890e+00 2.000000e+00
      vertex   -6.126709e-01 -8.294871e+00 2.000000e+00
    endloop
  endfacet
  facet normal 9.971779e-01 -7.507456e-02 0.000000e+00
    outer loop
      vertex   -6.126709e-01 -8.294871e+00 2.000000e+00
      vertex   -6.231639e-01 -8.434244e+00 2.000000e+00
      vertex   -6.126709e-01 -8.294871e+00 2.000000e-01
    endloop
  endfacet
  facet normal 9.971779e-01 -7.507456e-02 0.000000e+00
    outer loop
      vertex   -6.126709e-01 -8.294871e+00 2.000000e-01
      vertex   -6.231639e-01 -8.434244e+00 2.000000e+00
      vertex   -6.231639e-01 -8.434244e+00 2.000000e-01
    endloop
  endfacet
  facet normal -4.378342e-01 -8.990557e-01 -5.516441e-16
    outer loop
      vertex   -2.629121e+00 -7.289570e+00 2.000000e+00
      vertex   -2.629121e+00 -7.289570e+00 2.000000e-01
      vertex   -2.515780e+00 -7.344766e+00 2.000000e+00
    endloop
  endfacet
  facet normal -4.378342e-01 -8.990557e-01 -2.160416e-16
    outer loop
      vertex   -2.515780e+00 -7.344766e+00 2.000000e+00
      vertex   -2.629121e+00 -7.289570e+00 2.000000e-01
      vertex   -2.515780e+00 -7.344766e+00 2.000000e-01
    endloop
  endfacet
  facet normal -6.188435e-01 -7.855143e-01 -3.053575e-16
    outer loop
      vertex   -2.515780e+00 -7.344766e+00 2.000000e+00
      vertex   -2.515780e+00 -7.344766e+00 2.000000e-01
      vertex   -2.416752e+00 -7.422782e+00 2.000000e-01
    endloop
  endfacet
  facet normal -6.188435e-01 -7.855143e-01 0.000000e+00
    outer loop
      vertex   -2.515780e+00 -7.344766e+00 2.000000e+00
      vertex   -2.416752e+00 -7.422782e+00 2.000000e-01
      vertex   -2.416752e+00 -7.422782e+00 2.000000e+00
    endloop
  endfacet
  facet normal -7.715989e-01 -6.361094e-01 -0.000000e+00
    outer loop
      vertex   -2.416752e+00 -7.422782e+00 2.000000e+00
      vertex   -2.416752e+00 -7.422782e+00 2.000000e-01
      vertex   -2.336560e+00 -7.520055e+00 2.000000e-01
    endloop
  endfacet
  facet normal -7.715989e-01 -6.361094e-01 -1.911158e-16
    outer loop
      vertex   -2.416752e+00 -7.422782e+00 2.000000e+00
      vertex   -2.336560e+00 -7.520055e+00 2.000000e-01
      vertex   -2.336560e+00 -7.520055e+00 2.000000e+00
    endloop
  endfacet
  facet normal -8.891262e-01 -4.576622e-01 -2.193619e-16
    outer loop
      vertex   -2.336560e+00 -7.520055e+00 2.000000e+00
      vertex   -2.336560e+00 -7.520055e+00 2.000000e-01
      vertex   -2.278864e+00 -7.632144e+00 2.000000e-01
    endloop
  endfacet
  facet normal -8.891262e-01 -4.576622e-01 0.000000e+00
    outer loop
      vertex   -2.336560e+00 -7.520055e+00 2.000000e+00
      vertex   -2.278864e+00 -7.632144e+00 2.000000e-01
      vertex   -2.278864e+00 -7.632144e+00 2.000000e+00
    endloop
  endfacet
  facet normal -9.660594e-01 -2.583200e-01 -0.000000e+00
    outer loop
      vertex   -2.278864e+00 -7.632144e+00 2.000000e+00
      vertex   -2.278864e+00 -7.632144e+00 2.000000e-01
      vertex   -2.246298e+00 -7.753932e+00 2.000000e-01
    endloop
  endfacet
  facet normal -9.660594e-01 -2.583200e-01 2.369836e-16
    outer loop
      vertex   -2.278864e+00 -7.632144e+00 2.000000e+00
      vertex   -2.246298e+00 -7.753932e+00 2.000000e-01
      vertex   -2.246298e+00 -7.753932e+00 2.000000e+00
    endloop
  endfacet
  facet normal -9.988862e-01 -4.718388e-02 2.464414e-16
    outer loop
      vertex   -2.246298e+00 -7.753932e+00 2.000000e+00
      vertex   -2.246298e+00 -7.753932e+00 2.000000e-01
      vertex   -2.240350e+00 -7.879859e+00 2.000000e-01
    endloop
  endfacet
  facet normal -9.988862e-01 -4.718388e-02 0.000000e+00
    outer loop
      vertex   -2.246298e+00 -7.753932e+00 2.000000e+00
      vertex   -2.240350e+00 -7.879859e+00 2.000000e-01
      vertex   -2.240350e+00 -7.879859e+00 2.000000e+00
    endloop
  endfacet
  facet normal -9.861078e-01 1.661064e-01 0.000000e+00
    outer loop
      vertex   -2.240350e+00 -7.879859e+00 2.000000e+00
      vertex   -2.240350e+00 -7.879859e+00 2.000000e-01
      vertex   -2.261290e+00 -8.004174e+00 2.000000e+00
    endloop
  endfacet
  facet normal -9.861078e-01 1.661064e-01 0.000000e+00
    outer loop
      vertex   -2.261290e+00 -8.004174e+00 2.000000e+00
      vertex   -2.240350e+00 -7.879859e+00 2.000000e-01
      vertex   -2.261290e+00 -8.004174e+00 2.000000e-01
    endloop
  endfacet
  facet normal -9.627177e-01 2.705079e-01 0.000000e+00
    outer loop
      vertex   -2.261290e+00 -8.004174e+00 2.000000e-01
      vertex   -2.299099e+00 -8.138731e+00 2.000000e-01
      vertex   -2.261290e+00 -8.004174e+00 2.000000e+00
    endloop
  endfacet
  facet normal -9.627177e-01 2.705079e-01 0.000000e+00
    outer loop
      vertex   -2.261290e+00 -8.004174e+00 2.000000e+00
      vertex   -2.299099e+00 -8.138731e+00 2.000000e-01
      vertex   -2.299099e+00 -8.138731e+00 2.000000e+00
    endloop
  endfacet
  facet normal -2.425015e-01 -9.701510e-01 -5.982904e-17
    outer loop
      vertex   -2.671622e+00 -7.274101e+00 2.000000e-01
      vertex   -2.671622e+00 -7.274101e+00 2.000000e+00
      vertex   -2.793926e+00 -7.243529e+00 2.000000e-01
    endloop
  endfacet
  facet normal -2.425015e-01 -9.701510e-01 -5.982904e-17
    outer loop
      vertex   -2.793926e+00 -7.243529e+00 2.000000e-01
      vertex   -2.671622e+00 -7.274101e+00 2.000000e+00
      vertex   -2.793926e+00 -7.243529e+00 2.000000e+00
    endloop
  endfacet
  facet normal -3.085721e-02 -9.995238e-01 -7.612975e-18
    outer loop
      vertex   -2.793926e+00 -7.243529e+00 2.000000e-01
      vertex   -2.793926e+00 -7.243529e+00 2.000000e+00
      vertex   -2.919932e+00 -7.239639e+00 2.000000e+00
    endloop
  endfacet
  facet normal -3.085721e-02 -9.995238e-01 0.000000e+00
    outer loop
      vertex   -2.793926e+00 -7.243529e+00 2.000000e-01
      vertex   -2.919932e+00 -7.239639e+00 2.000000e+00
      vertex   -2.919932e+00 -7.239639e+00 2.000000e-01
    endloop
  endfacet
  facet normal 1.821959e-01 -9.832623e-01 0.000000e+00
    outer loop
      vertex   -2.919932e+00 -7.239639e+00 2.000000e-01
      vertex   -2.919932e+00 -7.239639e+00 2.000000e+00
      vertex   -3.043889e+00 -7.262608e+00 2.000000e+00
    endloop
  endfacet
  facet normal 1.821959e-01 -9.832623e-01 5.293908e-16
    outer loop
      vertex   -2.919932e+00 -7.239639e+00 2.000000e-01
      vertex   -3.043889e+00 -7.262608e+00 2.000000e+00
      vertex   -3.043889e+00 -7.262608e+00 2.000000e-01
    endloop
  endfacet
  facet normal 3.869306e-01 -9.221089e-01 5.504605e-16
    outer loop
      vertex   -3.043889e+00 -7.262608e+00 2.000000e-01
      vertex   -3.043889e+00 -7.262608e+00 2.000000e+00
      vertex   -3.160137e+00 -7.311387e+00 2.000000e+00
    endloop
  endfacet
  facet normal 3.869306e-01 -9.221089e-01 0.000000e+00
    outer loop
      vertex   -3.043889e+00 -7.262608e+00 2.000000e-01
      vertex   -3.160137e+00 -7.311387e+00 2.000000e+00
      vertex   -3.160137e+00 -7.311387e+00 2.000000e-01
    endloop
  endfacet
  facet normal 5.739996e-01 -8.188556e-01 0.000000e+00
    outer loop
      vertex   -3.160137e+00 -7.311387e+00 2.000000e-01
      vertex   -3.160137e+00 -7.311387e+00 2.000000e+00
      vertex   -3.263367e+00 -7.383749e+00 2.000000e+00
    endloop
  endfacet
  facet normal 5.739996e-01 -8.188556e-01 1.414257e-16
    outer loop
      vertex   -3.160137e+00 -7.311387e+00 2.000000e-01
      vertex   -3.263367e+00 -7.383749e+00 2.000000e+00
      vertex   -3.263367e+00 -7.383749e+00 2.000000e-01
    endloop
  endfacet
  facet normal 7.348620e-01 -6.782166e-01 1.813024e-16
    outer loop
      vertex   -3.263367e+00 -7.383749e+00 2.000000e-01
      vertex   -3.263367e+00 -7.383749e+00 2.000000e+00
      vertex   -3.348868e+00 -7.476391e+00 2.000000e+00
    endloop
  endfacet
  facet normal 7.348620e-01 -6.782166e-01 0.000000e+00
    outer loop
      vertex   -3.263367e+00 -7.383749e+00 2.000000e-01
      vertex   -3.348868e+00 -7.476391e+00 2.000000e+00
      vertex   -3.348868e+00 -7.476391e+00 2.000000e-01
    endloop
  endfacet
  facet normal 8.621736e-01 -5.066130e-01 0.000000e+00
    outer loop
      vertex   -3.348868e+00 -7.476391e+00 2.000000e-01
      vertex   -3.348868e+00 -7.476391e+00 2.000000e+00
      vertex   -3.412735e+00 -7.585083e+00 2.000000e-01
    endloop
  endfacet
  facet normal 8.621736e-01 -5.066130e-01 2.127122e-16
    outer loop
      vertex   -3.412735e+00 -7.585083e+00 2.000000e-01
      vertex   -3.348868e+00 -7.476391e+00 2.000000e+00
      vertex   -3.412735e+00 -7.585083e+00 2.000000e+00
    endloop
  endfacet
  facet normal 9.113637e-01 -4.116019e-01 2.248482e-16
    outer loop
      vertex   -3.412735e+00 -7.585083e+00 2.000000e+00
      vertex   -3.470264e+00 -7.712462e+00 2.000000e+00
      vertex   -3.412735e+00 -7.585083e+00 2.000000e-01
    endloop
  endfacet
  facet normal 9.113637e-01 -4.116019e-01 0.000000e+00
    outer loop
      vertex   -3.412735e+00 -7.585083e+00 2.000000e-01
      vertex   -3.470264e+00 -7.712462e+00 2.000000e+00
      vertex   -3.470264e+00 -7.712462e+00 2.000000e-01
    endloop
  endfacet
  facet normal -7.189247e-01 -6.950879e-01 -0.000000e+00
    outer loop
      vertex   -4.963745e+00 -5.950742e+00 2.000000e+00
      vertex   -4.963745e+00 -5.950742e+00 2.000000e-01
      vertex   -4.876117e+00 -6.041375e+00 2.000000e+00
    endloop
  endfacet
  facet normal -7.189247e-01 -6.950879e-01 6.859579e-16
    outer loop
      vertex   -4.876117e+00 -6.041375e+00 2.000000e+00
      vertex   -4.963745e+00 -5.950742e+00 2.000000e-01
      vertex   -4.876117e+00 -6.041375e+00 2.000000e-01
    endloop
  endfacet
  facet normal -8.501844e-01 -5.264850e-01 5.195696e-16
    outer loop
      vertex   -4.876117e+00 -6.041375e+00 2.000000e+00
      vertex   -4.876117e+00 -6.041375e+00 2.000000e-01
      vertex   -4.809745e+00 -6.148555e+00 2.000000e-01
    endloop
  endfacet
  facet normal -8.501844e-01 -5.264850e-01 2.599175e-16
    outer loop
      vertex   -4.876117e+00 -6.041375e+00 2.000000e+00
      vertex   -4.809745e+00 -6.148555e+00 2.000000e-01
      vertex   -4.809745e+00 -6.148555e+00 2.000000e+00
    endloop
  endfacet
  facet normal -9.426280e-01 -3.338449e-01 1.647299e-16
    outer loop
      vertex   -4.809745e+00 -6.148555e+00 2.000000e+00
      vertex   -4.809745e+00 -6.148555e+00 2.000000e-01
      vertex   -4.767658e+00 -6.267389e+00 2.000000e-01
    endloop
  endfacet
  facet normal -9.426280e-01 -3.338449e-01 0.000000e+00
    outer loop
      vertex   -4.809745e+00 -6.148555e+00 2.000000e+00
      vertex   -4.767658e+00 -6.267389e+00 2.000000e-01
      vertex   -4.767658e+00 -6.267389e+00 2.000000e+00
    endloop
  endfacet
  facet normal -9.920350e-01 -1.259627e-01 -0.000000e+00
    outer loop
      vertex   -4.767658e+00 -6.267389e+00 2.000000e+00
      vertex   -4.767658e+00 -6.267389e+00 2.000000e-01
      vertex   -4.751779e+00 -6.392452e+00 2.000000e-01
    endloop
  endfacet
  facet normal -9.920350e-01 -1.259627e-01 -4.892565e-16
    outer loop
      vertex   -4.767658e+00 -6.267389e+00 2.000000e+00
      vertex   -4.751779e+00 -6.392452e+00 2.000000e-01
      vertex   -4.751779e+00 -6.392452e+00 2.000000e+00
    endloop
  endfacet
  facet normal -9.961495e-01 8.767041e-02 -4.915325e-16
    outer loop
      vertex   -4.751779e+00 -6.392452e+00 2.000000e+00
      vertex   -4.751779e+00 -6.392452e+00 2.000000e-01
      vertex   -4.762831e+00 -6.518034e+00 2.000000e-01
    endloop
  endfacet
  facet normal -9.961495e-01 8.767041e-02 -4.300106e-17
    outer loop
      vertex   -4.751779e+00 -6.392452e+00 2.000000e+00
      vertex   -4.762831e+00 -6.518034e+00 2.000000e-01
      vertex   -4.762831e+00 -6.518034e+00 2.000000e+00
    endloop
  endfacet
  facet normal -9.547838e-01 2.973009e-01 -1.466979e-16
    outer loop
      vertex   -4.762831e+00 -6.518034e+00 2.000000e+00
      vertex   -4.762831e+00 -6.518034e+00 2.000000e-01
      vertex   -4.800311e+00 -6.638400e+00 2.000000e-01
    endloop
  endfacet
  facet normal -9.547838e-01 2.973009e-01 0.000000e+00
    outer loop
      vertex   -4.762831e+00 -6.518034e+00 2.000000e+00
      vertex   -4.800311e+00 -6.638400e+00 2.000000e-01
      vertex   -4.800311e+00 -6.638400e+00 2.000000e+00
    endloop
  endfacet
  facet normal -8.698265e-01 4.933577e-01 0.000000e+00
    outer loop
      vertex   -4.800311e+00 -6.638400e+00 2.000000e+00
      vertex   -4.800311e+00 -6.638400e+00 2.000000e-01
      vertex   -4.862507e+00 -6.748057e+00 2.000000e+00
    endloop
  endfacet
  facet normal -8.698265e-01 4.933577e-01 0.000000e+00
    outer loop
      vertex   -4.862507e+00 -6.748057e+00 2.000000e+00
      vertex   -4.800311e+00 -6.638400e+00 2.000000e-01
      vertex   -4.862507e+00 -6.748057e+00 2.000000e-01
    endloop
  endfacet
  facet normal -8.121396e-01 5.834632e-01 0.000000e+00
    outer loop
      vertex   -4.862507e+00 -6.748057e+00 2.000000e-01
      vertex   -4.944056e+00 -6.861568e+00 2.000000e-01
      vertex   -4.862507e+00 -6.748057e+00 2.000000e+00
    endloop
  endfacet
  facet normal -8.121396e-01 5.834632e-01 0.000000e+00
    outer loop
      vertex   -4.862507e+00 -6.748057e+00 2.000000e+00
      vertex   -4.944056e+00 -6.861568e+00 2.000000e-01
      vertex   -4.944056e+00 -6.861568e+00 2.000000e+00
    endloop
  endfacet
  facet normal -5.596880e-01 -8.287034e-01 0.000000e+00
    outer loop
      vertex   -4.998392e+00 -5.921670e+00 2.000000e-01
      vertex   -4.998392e+00 -5.921670e+00 2.000000e+00
      vertex   -5.102864e+00 -5.851112e+00 2.000000e-01
    endloop
  endfacet
  facet normal -5.596880e-01 -8.287034e-01 0.000000e+00
    outer loop
      vertex   -5.102864e+00 -5.851112e+00 2.000000e-01
      vertex   -4.998392e+00 -5.921670e+00 2.000000e+00
      vertex   -5.102864e+00 -5.851112e+00 2.000000e+00
    endloop
  endfacet
  facet normal -3.708536e-01 -9.286914e-01 0.000000e+00
    outer loop
      vertex   -5.102864e+00 -5.851112e+00 2.000000e-01
      vertex   -5.102864e+00 -5.851112e+00 2.000000e+00
      vertex   -5.219941e+00 -5.804360e+00 2.000000e+00
    endloop
  endfacet
  facet normal -3.708536e-01 -9.286914e-01 0.000000e+00
    outer loop
      vertex   -5.102864e+00 -5.851112e+00 2.000000e-01
      vertex   -5.219941e+00 -5.804360e+00 2.000000e+00
      vertex   -5.219941e+00 -5.804360e+00 2.000000e-01
    endloop
  endfacet
  facet normal -1.650874e-01 -9.862789e-01 0.000000e+00
    outer loop
      vertex   -5.219941e+00 -5.804360e+00 2.000000e-01
      vertex   -5.219941e+00 -5.804360e+00 2.000000e+00
      vertex   -5.344278e+00 -5.783548e+00 2.000000e+00
    endloop
  endfacet
  facet normal -1.650874e-01 -9.862789e-01 0.000000e+00
    outer loop
      vertex   -5.219941e+00 -5.804360e+00 2.000000e-01
      vertex   -5.344278e+00 -5.783548e+00 2.000000e+00
      vertex   -5.344278e+00 -5.783548e+00 2.000000e-01
    endloop
  endfacet
  facet normal 4.821600e-02 -9.988369e-01 0.000000e+00
    outer loop
      vertex   -5.344278e+00 -5.783548e+00 2.000000e-01
      vertex   -5.344278e+00 -5.783548e+00 2.000000e+00
      vertex   -5.470199e+00 -5.789626e+00 2.000000e+00
    endloop
  endfacet
  facet normal 4.821600e-02 -9.988369e-01 0.000000e+00
    outer loop
      vertex   -5.344278e+00 -5.783548e+00 2.000000e-01
      vertex   -5.470199e+00 -5.789626e+00 2.000000e+00
      vertex   -5.470199e+00 -5.789626e+00 2.000000e-01
    endloop
  endfacet
  facet normal 2.593181e-01 -9.657920e-01 0.000000e+00
    outer loop
      vertex   -5.470199e+00 -5.789626e+00 2.000000e-01
      vertex   -5.470199e+00 -5.789626e+00 2.000000e+00
      vertex   -5.591953e+00 -5.822318e+00 2.000000e+00
    endloop
  endfacet
  facet normal 2.593181e-01 -9.657920e-01 1.299587e-16
    outer loop
      vertex   -5.470199e+00 -5.789626e+00 2.000000e-01
      vertex   -5.591953e+00 -5.822318e+00 2.000000e+00
      vertex   -5.591953e+00 -5.822318e+00 2.000000e-01
    endloop
  endfacet
  facet normal 4.585807e-01 -8.886528e-01 2.262786e-16
    outer loop
      vertex   -5.591953e+00 -5.822318e+00 2.000000e-01
      vertex   -5.591953e+00 -5.822318e+00 2.000000e+00
      vertex   -5.703983e+00 -5.880129e+00 2.000000e+00
    endloop
  endfacet
  facet normal 4.585807e-01 -8.886528e-01 -8.753104e-16
    outer loop
      vertex   -5.591953e+00 -5.822318e+00 2.000000e-01
      vertex   -5.703983e+00 -5.880129e+00 2.000000e+00
      vertex   -5.703983e+00 -5.880129e+00 2.000000e-01
    endloop
  endfacet
  facet normal 6.369063e-01 -7.709412e-01 -7.608148e-16
    outer loop
      vertex   -5.703983e+00 -5.880129e+00 2.000000e-01
      vertex   -5.703983e+00 -5.880129e+00 2.000000e+00
      vertex   -5.801173e+00 -5.960422e+00 2.000000e-01
    endloop
  endfacet
  facet normal 6.369063e-01 -7.709412e-01 -6.946777e-16
    outer loop
      vertex   -5.801173e+00 -5.960422e+00 2.000000e-01
      vertex   -5.703983e+00 -5.880129e+00 2.000000e+00
      vertex   -5.801173e+00 -5.960422e+00 2.000000e+00
    endloop
  endfacet
  facet normal 7.156256e-01 -6.984841e-01 -6.977676e-16
    outer loop
      vertex   -5.801173e+00 -5.960422e+00 2.000000e+00
      vertex   -5.898799e+00 -6.060443e+00 2.000000e+00
      vertex   -5.801173e+00 -5.960422e+00 2.000000e-01
    endloop
  endfacet
  facet normal 7.156256e-01 -6.984841e-01 0.000000e+00
    outer loop
      vertex   -5.801173e+00 -5.960422e+00 2.000000e-01
      vertex   -5.898799e+00 -6.060443e+00 2.000000e+00
      vertex   -5.898799e+00 -6.060443e+00 2.000000e-01
    endloop
  endfacet
  facet normal -9.133023e-01 -4.072823e-01 -4.506530e-16
    outer loop
      vertex   -6.699668e+00 -3.894168e+00 2.000000e+00
      vertex   -6.699668e+00 -3.894168e+00 2.000000e-01
      vertex   -6.648324e+00 -4.009305e+00 2.000000e+00
    endloop
  endfacet
  facet normal -9.133023e-01 -4.072823e-01 6.516193e-16
    outer loop
      vertex   -6.648324e+00 -4.009305e+00 2.000000e+00
      vertex   -6.699668e+00 -3.894168e+00 2.000000e-01
      vertex   -6.648324e+00 -4.009305e+00 2.000000e-01
    endloop
  endfacet
  facet normal -9.789805e-01 -2.039539e-01 5.836982e-16
    outer loop
      vertex   -6.648324e+00 -4.009305e+00 2.000000e+00
      vertex   -6.648324e+00 -4.009305e+00 2.000000e-01
      vertex   -6.622612e+00 -4.132722e+00 2.000000e-01
    endloop
  endfacet
  facet normal -9.789805e-01 -2.039539e-01 0.000000e+00
    outer loop
      vertex   -6.648324e+00 -4.009305e+00 2.000000e+00
      vertex   -6.622612e+00 -4.132722e+00 2.000000e-01
      vertex   -6.622612e+00 -4.132722e+00 2.000000e+00
    endloop
  endfacet
  facet normal -9.999623e-01 8.686186e-03 0.000000e+00
    outer loop
      vertex   -6.622612e+00 -4.132722e+00 2.000000e+00
      vertex   -6.622612e+00 -4.132722e+00 2.000000e-01
      vertex   -6.623707e+00 -4.258784e+00 2.000000e-01
    endloop
  endfacet
  facet normal -9.999623e-01 8.686186e-03 4.934371e-16
    outer loop
      vertex   -6.622612e+00 -4.132722e+00 2.000000e+00
      vertex   -6.623707e+00 -4.258784e+00 2.000000e-01
      vertex   -6.623707e+00 -4.258784e+00 2.000000e+00
    endloop
  endfacet
  facet normal -9.752897e-01 2.209297e-01 4.812396e-16
    outer loop
      vertex   -6.623707e+00 -4.258784e+00 2.000000e+00
      vertex   -6.623707e+00 -4.258784e+00 2.000000e-01
      vertex   -6.651559e+00 -4.381736e+00 2.000000e-01
    endloop
  endfacet
  facet normal -9.752897e-01 2.209297e-01 -1.089360e-16
    outer loop
      vertex   -6.623707e+00 -4.258784e+00 2.000000e+00
      vertex   -6.651559e+00 -4.381736e+00 2.000000e-01
      vertex   -6.651559e+00 -4.381736e+00 2.000000e+00
    endloop
  endfacet
  facet normal -9.060893e-01 4.230864e-01 -2.087646e-16
    outer loop
      vertex   -6.651559e+00 -4.381736e+00 2.000000e+00
      vertex   -6.651559e+00 -4.381736e+00 2.000000e-01
      vertex   -6.704896e+00 -4.495964e+00 2.000000e-01
    endloop
  endfacet
  facet normal -9.060893e-01 4.230864e-01 0.000000e+00
    outer loop
      vertex   -6.651559e+00 -4.381736e+00 2.000000e+00
      vertex   -6.704896e+00 -4.495964e+00 2.000000e-01
      vertex   -6.704896e+00 -4.495964e+00 2.000000e+00
    endloop
  endfacet
  facet normal -7.955205e-01 6.059267e-01 0.000000e+00
    outer loop
      vertex   -6.704896e+00 -4.495964e+00 2.000000e+00
      vertex   -6.704896e+00 -4.495964e+00 2.000000e-01
      vertex   -6.781283e+00 -4.596253e+00 2.000000e-01
    endloop
  endfacet
  facet normal -7.955205e-01 6.059267e-01 -2.981407e-16
    outer loop
      vertex   -6.704896e+00 -4.495964e+00 2.000000e+00
      vertex   -6.781283e+00 -4.596253e+00 2.000000e-01
      vertex   -6.781283e+00 -4.596253e+00 2.000000e+00
    endloop
  endfacet
  facet normal -6.486313e-01 7.611028e-01 -3.755528e-16
    outer loop
      vertex   -6.781283e+00 -4.596253e+00 2.000000e+00
      vertex   -6.781283e+00 -4.596253e+00 2.000000e-01
      vertex   -6.877233e+00 -4.678024e+00 2.000000e+00
    endloop
  endfacet
  facet normal -6.486313e-01 7.611028e-01 -3.755528e-16
    outer loop
      vertex   -6.877233e+00 -4.678024e+00 2.000000e+00
      vertex   -6.781283e+00 -4.596253e+00 2.000000e-01
      vertex   -6.877233e+00 -4.678024e+00 2.000000e-01
    endloop
  endfacet
  facet normal -5.636054e-01 8.260441e-01 -4.075970e-16
    outer loop
      vertex   -6.877233e+00 -4.678024e+00 2.000000e-01
      vertex   -6.992687e+00 -4.756798e+00 2.000000e-01
      vertex   -6.877233e+00 -4.678024e+00 2.000000e+00
    endloop
  endfacet
  facet normal -5.636054e-01 8.260441e-01 0.000000e+00
    outer loop
      vertex   -6.877233e+00 -4.678024e+00 2.000000e+00
      vertex   -6.992687e+00 -4.756798e+00 2.000000e-01
      vertex   -6.992687e+00 -4.756798e+00 2.000000e+00
    endloop
  endfacet
  facet normal -8.093680e-01 -5.873019e-01 0.000000e+00
    outer loop
      vertex   -6.722283e+00 -3.854999e+00 2.000000e-01
      vertex   -6.722283e+00 -3.854999e+00 2.000000e+00
      vertex   -6.796322e+00 -3.752965e+00 2.000000e-01
    endloop
  endfacet
  facet normal -8.093680e-01 -5.873019e-01 0.000000e+00
    outer loop
      vertex   -6.796322e+00 -3.752965e+00 2.000000e-01
      vertex   -6.722283e+00 -3.854999e+00 2.000000e+00
      vertex   -6.796322e+00 -3.752965e+00 2.000000e+00
    endloop
  endfacet
  facet normal -6.661195e-01 -7.458450e-01 0.000000e+00
    outer loop
      vertex   -6.796322e+00 -3.752965e+00 2.000000e-01
      vertex   -6.796322e+00 -3.752965e+00 2.000000e+00
      vertex   -6.890348e+00 -3.668989e+00 2.000000e+00
    endloop
  endfacet
  facet normal -6.661195e-01 -7.458450e-01 0.000000e+00
    outer loop
      vertex   -6.796322e+00 -3.752965e+00 2.000000e-01
      vertex   -6.890348e+00 -3.668989e+00 2.000000e+00
      vertex   -6.890348e+00 -3.668989e+00 2.000000e-01
    endloop
  endfacet
  facet normal -4.924587e-01 -8.703358e-01 0.000000e+00
    outer loop
      vertex   -6.890348e+00 -3.668989e+00 2.000000e-01
      vertex   -6.890348e+00 -3.668989e+00 2.000000e+00
      vertex   -7.000069e+00 -3.606906e+00 2.000000e+00
    endloop
  endfacet
  facet normal -4.924587e-01 -8.703358e-01 0.000000e+00
    outer loop
      vertex   -6.890348e+00 -3.668989e+00 2.000000e-01
      vertex   -7.000069e+00 -3.606906e+00 2.000000e+00
      vertex   -7.000069e+00 -3.606906e+00 2.000000e-01
    endloop
  endfacet
  facet normal -2.963141e-01 -9.550905e-01 0.000000e+00
    outer loop
      vertex   -7.000069e+00 -3.606906e+00 2.000000e-01
      vertex   -7.000069e+00 -3.606906e+00 2.000000e+00
      vertex   -7.120474e+00 -3.569551e+00 2.000000e+00
    endloop
  endfacet
  facet normal -2.963141e-01 -9.550905e-01 0.000000e+00
    outer loop
      vertex   -7.000069e+00 -3.606906e+00 2.000000e-01
      vertex   -7.120474e+00 -3.569551e+00 2.000000e+00
      vertex   -7.120474e+00 -3.569551e+00 2.000000e-01
    endloop
  endfacet
  facet normal -8.664105e-02 -9.962396e-01 0.000000e+00
    outer loop
      vertex   -7.120474e+00 -3.569551e+00 2.000000e-01
      vertex   -7.120474e+00 -3.569551e+00 2.000000e+00
      vertex   -7.246067e+00 -3.558628e+00 2.000000e+00
    endloop
  endfacet
  facet normal -8.664105e-02 -9.962396e-01 0.000000e+00
    outer loop
      vertex   -7.120474e+00 -3.569551e+00 2.000000e-01
      vertex   -7.246067e+00 -3.558628e+00 2.000000e+00
      vertex   -7.246067e+00 -3.558628e+00 2.000000e-01
    endloop
  endfacet
  facet normal 1.269877e-01 -9.919043e-01 0.000000e+00
    outer loop
      vertex   -7.246067e+00 -3.558628e+00 2.000000e-01
      vertex   -7.246067e+00 -3.558628e+00 2.000000e+00
      vertex   -7.371113e+00 -3.574637e+00 2.000000e+00
    endloop
  endfacet
  facet normal 1.269877e-01 -9.919043e-01 0.000000e+00
    outer loop
      vertex   -7.246067e+00 -3.558628e+00 2.000000e-01
      vertex   -7.371113e+00 -3.574637e+00 2.000000e+00
      vertex   -7.371113e+00 -3.574637e+00 2.000000e-01
    endloop
  endfacet
  facet normal 3.348187e-01 -9.422826e-01 0.000000e+00
    outer loop
      vertex   -7.371113e+00 -3.574637e+00 2.000000e-01
      vertex   -7.371113e+00 -3.574637e+00 2.000000e+00
      vertex   -7.489904e+00 -3.616847e+00 2.000000e-01
    endloop
  endfacet
  facet normal 3.348187e-01 -9.422826e-01 2.324764e-16
    outer loop
      vertex   -7.489904e+00 -3.616847e+00 2.000000e-01
      vertex   -7.371113e+00 -3.574637e+00 2.000000e+00
      vertex   -7.489904e+00 -3.616847e+00 2.000000e+00
    endloop
  endfacet
  facet normal 4.335725e-01 -9.011187e-01 2.223206e-16
    outer loop
      vertex   -7.489904e+00 -3.616847e+00 2.000000e+00
      vertex   -7.615851e+00 -3.677446e+00 2.000000e+00
      vertex   -7.489904e+00 -3.616847e+00 2.000000e-01
    endloop
  endfacet
  facet normal 4.335725e-01 -9.011187e-01 0.000000e+00
    outer loop
      vertex   -7.489904e+00 -3.616847e+00 2.000000e-01
      vertex   -7.615851e+00 -3.677446e+00 2.000000e+00
      vertex   -7.615851e+00 -3.677446e+00 2.000000e-01
    endloop
  endfacet
  facet normal -9.975222e-01 -7.035235e-02 -0.000000e+00
    outer loop
      vertex   -7.627513e+00 -1.367899e+00 2.000000e+00
      vertex   -7.627513e+00 -1.367899e+00 2.000000e-01
      vertex   -7.618644e+00 -1.493654e+00 2.000000e+00
    endloop
  endfacet
  facet normal -9.975222e-01 -7.035235e-02 -0.000000e+00
    outer loop
      vertex   -7.618644e+00 -1.493654e+00 2.000000e+00
      vertex   -7.627513e+00 -1.367899e+00 2.000000e-01
      vertex   -7.618644e+00 -1.493654e+00 2.000000e-01
    endloop
  endfacet
  facet normal -9.896971e-01 1.431771e-01 0.000000e+00
    outer loop
      vertex   -7.618644e+00 -1.493654e+00 2.000000e+00
      vertex   -7.618644e+00 -1.493654e+00 2.000000e-01
      vertex   -7.636694e+00 -1.618422e+00 2.000000e-01
    endloop
  endfacet
  facet normal -9.896971e-01 1.431771e-01 0.000000e+00
    outer loop
      vertex   -7.618644e+00 -1.493654e+00 2.000000e+00
      vertex   -7.636694e+00 -1.618422e+00 2.000000e-01
      vertex   -7.636694e+00 -1.618422e+00 2.000000e+00
    endloop
  endfacet
  facet normal -9.366863e-01 3.501696e-01 0.000000e+00
    outer loop
      vertex   -7.636694e+00 -1.618422e+00 2.000000e+00
      vertex   -7.636694e+00 -1.618422e+00 2.000000e-01
      vertex   -7.680838e+00 -1.736507e+00 2.000000e-01
    endloop
  endfacet
  facet normal -9.366863e-01 3.501696e-01 0.000000e+00
    outer loop
      vertex   -7.636694e+00 -1.618422e+00 2.000000e+00
      vertex   -7.680838e+00 -1.736507e+00 2.000000e-01
      vertex   -7.680838e+00 -1.736507e+00 2.000000e+00
    endloop
  endfacet
  facet normal -8.409102e-01 5.411747e-01 0.000000e+00
    outer loop
      vertex   -7.680838e+00 -1.736507e+00 2.000000e+00
      vertex   -7.680838e+00 -1.736507e+00 2.000000e-01
      vertex   -7.749063e+00 -1.842518e+00 2.000000e-01
    endloop
  endfacet
  facet normal -8.409102e-01 5.411747e-01 0.000000e+00
    outer loop
      vertex   -7.680838e+00 -1.736507e+00 2.000000e+00
      vertex   -7.749063e+00 -1.842518e+00 2.000000e-01
      vertex   -7.749063e+00 -1.842518e+00 2.000000e+00
    endloop
  endfacet
  facet normal -7.067414e-01 7.074720e-01 0.000000e+00
    outer loop
      vertex   -7.749063e+00 -1.842518e+00 2.000000e+00
      vertex   -7.749063e+00 -1.842518e+00 2.000000e-01
      vertex   -7.838251e+00 -1.931615e+00 2.000000e-01
    endloop
  endfacet
  facet normal -7.067414e-01 7.074720e-01 8.409095e-17
    outer loop
      vertex   -7.749063e+00 -1.842518e+00 2.000000e+00
      vertex   -7.838251e+00 -1.931615e+00 2.000000e-01
      vertex   -7.838251e+00 -1.931615e+00 2.000000e+00
    endloop
  endfacet
  facet normal -5.403056e-01 8.414689e-01 1.038020e-16
    outer loop
      vertex   -7.838251e+00 -1.931615e+00 2.000000e+00
      vertex   -7.838251e+00 -1.931615e+00 2.000000e-01
      vertex   -7.944333e+00 -1.999729e+00 2.000000e-01
    endloop
  endfacet
  facet normal -5.403056e-01 8.414689e-01 0.000000e+00
    outer loop
      vertex   -7.838251e+00 -1.931615e+00 2.000000e+00
      vertex   -7.944333e+00 -1.999729e+00 2.000000e-01
      vertex   -7.944333e+00 -1.999729e+00 2.000000e+00
    endloop
  endfacet
  facet normal -3.492015e-01 9.370476e-01 0.000000e+00
    outer loop
      vertex   -7.944333e+00 -1.999729e+00 2.000000e+00
      vertex   -7.944333e+00 -1.999729e+00 2.000000e-01
      vertex   -8.062464e+00 -2.043752e+00 2.000000e+00
    endloop
  endfacet
  facet normal -3.492015e-01 9.370476e-01 0.000000e+00
    outer loop
      vertex   -8.062464e+00 -2.043752e+00 2.000000e+00
      vertex   -7.944333e+00 -1.999729e+00 2.000000e-01
      vertex   -8.062464e+00 -2.043752e+00 2.000000e-01
    endloop
  endfacet
  facet normal -2.470921e-01 9.689920e-01 0.000000e+00
    outer loop
      vertex   -8.062464e+00 -2.043752e+00 2.000000e-01
      vertex   -8.197897e+00 -2.078288e+00 2.000000e-01
      vertex   -8.062464e+00 -2.043752e+00 2.000000e+00
    endloop
  endfacet
  facet normal -2.470921e-01 9.689920e-01 0.000000e+00
    outer loop
      vertex   -8.062464e+00 -2.043752e+00 2.000000e+00
      vertex   -8.197897e+00 -2.078288e+00 2.000000e-01
      vertex   -8.197897e+00 -2.078288e+00 2.000000e+00
    endloop
  endfacet
  facet normal -9.614262e-01 -2.750631e-01 -5.083301e-16
    outer loop
      vertex   -7.635367e+00 -1.323358e+00 2.000000e-01
      vertex   -7.635367e+00 -1.323358e+00 2.000000e+00
      vertex   -7.670043e+00 -1.202154e+00 2.000000e-01
    endloop
  endfacet
  facet normal -9.614262e-01 -2.750631e-01 0.000000e+00
    outer loop
      vertex   -7.670043e+00 -1.202154e+00 2.000000e-01
      vertex   -7.635367e+00 -1.323358e+00 2.000000e+00
      vertex   -7.670043e+00 -1.202154e+00 2.000000e+00
    endloop
  endfacet
  facet normal -8.810416e-01 -4.730388e-01 0.000000e+00
    outer loop
      vertex   -7.670043e+00 -1.202154e+00 2.000000e-01
      vertex   -7.670043e+00 -1.202154e+00 2.000000e+00
      vertex   -7.729678e+00 -1.091084e+00 2.000000e+00
    endloop
  endfacet
  facet normal -8.810416e-01 -4.730388e-01 0.000000e+00
    outer loop
      vertex   -7.670043e+00 -1.202154e+00 2.000000e-01
      vertex   -7.729678e+00 -1.091084e+00 2.000000e+00
      vertex   -7.729678e+00 -1.091084e+00 2.000000e-01
    endloop
  endfacet
  facet normal -7.604322e-01 -6.494174e-01 0.000000e+00
    outer loop
      vertex   -7.729678e+00 -1.091084e+00 2.000000e-01
      vertex   -7.729678e+00 -1.091084e+00 2.000000e+00
      vertex   -7.811548e+00 -9.952186e-01 2.000000e+00
    endloop
  endfacet
  facet normal -7.604322e-01 -6.494174e-01 0.000000e+00
    outer loop
      vertex   -7.729678e+00 -1.091084e+00 2.000000e-01
      vertex   -7.811548e+00 -9.952186e-01 2.000000e+00
      vertex   -7.811548e+00 -9.952186e-01 2.000000e-01
    endloop
  endfacet
  facet normal -6.051044e-01 -7.961461e-01 0.000000e+00
    outer loop
      vertex   -7.811548e+00 -9.952186e-01 2.000000e-01
      vertex   -7.811548e+00 -9.952186e-01 2.000000e+00
      vertex   -7.911915e+00 -9.189349e-01 2.000000e+00
    endloop
  endfacet
  facet normal -6.051044e-01 -7.961461e-01 0.000000e+00
    outer loop
      vertex   -7.811548e+00 -9.952186e-01 2.000000e-01
      vertex   -7.911915e+00 -9.189349e-01 2.000000e+00
      vertex   -7.911915e+00 -9.189349e-01 2.000000e-01
    endloop
  endfacet
  facet normal -4.221500e-01 -9.065260e-01 0.000000e+00
    outer loop
      vertex   -7.911915e+00 -9.189349e-01 2.000000e-01
      vertex   -7.911915e+00 -9.189349e-01 2.000000e+00
      vertex   -8.026198e+00 -8.657158e-01 2.000000e+00
    endloop
  endfacet
  facet normal -4.221500e-01 -9.065260e-01 -5.351243e-17
    outer loop
      vertex   -7.911915e+00 -9.189349e-01 2.000000e-01
      vertex   -8.026198e+00 -8.657158e-01 2.000000e+00
      vertex   -8.026198e+00 -8.657158e-01 2.000000e-01
    endloop
  endfacet
  facet normal -2.199218e-01 -9.755175e-01 -6.016900e-17
    outer loop
      vertex   -8.026198e+00 -8.657158e-01 2.000000e-01
      vertex   -8.026198e+00 -8.657158e-01 2.000000e+00
      vertex   -8.149179e+00 -8.379909e-01 2.000000e+00
    endloop
  endfacet
  facet normal -2.199218e-01 -9.755175e-01 0.000000e+00
    outer loop
      vertex   -8.026198e+00 -8.657158e-01 2.000000e-01
      vertex   -8.149179e+00 -8.379909e-01 2.000000e+00
      vertex   -8.149179e+00 -8.379909e-01 2.000000e-01
    endloop
  endfacet
  facet normal -7.652927e-03 -9.999707e-01 0.000000e+00
    outer loop
      vertex   -8.149179e+00 -8.379909e-01 2.000000e-01
      vertex   -8.149179e+00 -8.379909e-01 2.000000e+00
      vertex   -8.275242e+00 -8.370261e-01 2.000000e-01
    endloop
  endfacet
  facet normal -7.652927e-03 -9.999707e-01 6.167725e-17
    outer loop
      vertex   -8.275242e+00 -8.370261e-01 2.000000e-01
      vertex   -8.149179e+00 -8.379909e-01 2.000000e+00
      vertex   -8.275242e+00 -8.370261e-01 2.000000e+00
    endloop
  endfacet
  facet normal 9.922412e-02 -9.950651e-01 6.137468e-17
    outer loop
      vertex   -8.275242e+00 -8.370261e-01 2.000000e+00
      vertex   -8.414320e+00 -8.508944e-01 2.000000e+00
      vertex   -8.275242e+00 -8.370261e-01 2.000000e-01
    endloop
  endfacet
  facet normal 9.922412e-02 -9.950651e-01 0.000000e+00
    outer loop
      vertex   -8.275242e+00 -8.370261e-01 2.000000e-01
      vertex   -8.414320e+00 -8.508944e-01 2.000000e+00
      vertex   -8.414320e+00 -8.508944e-01 2.000000e-01
    endloop
  endfacet
  facet normal -9.614262e-01 2.750631e-01 -5.083301e-16
    outer loop
      vertex   -7.635367e+00 1.323358e+00 2.000000e+00
      vertex   -7.635367e+00 1.323358e+00 2.000000e-01
      vertex   -7.670043e+00 1.202154e+00 2.000000e+00
    endloop
  endfacet
  facet normal -9.614262e-01 2.750631e-01 0.000000e+00
    outer loop
      vertex   -7.670043e+00 1.202154e+00 2.000000e+00
      vertex   -7.635367e+00 1.323358e+00 2.000000e-01
      vertex   -7.670043e+00 1.202154e+00 2.000000e-01
    endloop
  endfacet
  facet normal -8.810416e-01 4.730388e-01 0.000000e+00
    outer loop
      vertex   -7.670043e+00 1.202154e+00 2.000000e+00
      vertex   -7.670043e+00 1.202154e+00 2.000000e-01
      vertex   -7.729678e+00 1.091084e+00 2.000000e-01
    endloop
  endfacet
  facet normal -8.810416e-01 4.730388e-01 0.000000e+00
    outer loop
      vertex   -7.670043e+00 1.202154e+00 2.000000e+00
      vertex   -7.729678e+00 1.091084e+00 2.000000e-01
      vertex   -7.729678e+00 1.091084e+00 2.000000e+00
    endloop
  endfacet
  facet normal -7.604322e-01 6.494174e-01 0.000000e+00
    outer loop
      vertex   -7.729678e+00 1.091084e+00 2.000000e+00
      vertex   -7.729678e+00 1.091084e+00 2.000000e-01
      vertex   -7.811548e+00 9.952186e-01 2.000000e-01
    endloop
  endfacet
  facet normal -7.604322e-01 6.494174e-01 0.000000e+00
    outer loop
      vertex   -7.729678e+00 1.091084e+00 2.000000e+00
      vertex   -7.811548e+00 9.952186e-01 2.000000e-01
      vertex   -7.811548e+00 9.952186e-01 2.000000e+00
    endloop
  endfacet
  facet normal -6.051044e-01 7.961461e-01 0.000000e+00
    outer loop
      vertex   -7.811548e+00 9.952186e-01 2.000000e+00
      vertex   -7.811548e+00 9.952186e-01 2.000000e-01
      vertex   -7.911915e+00 9.189349e-01 2.000000e-01
    endloop
  endfacet
  facet normal -6.051044e-01 7.961461e-01 -4.969011e-17
    outer loop
      vertex   -7.811548e+00 9.952186e-01 2.000000e+00
      vertex   -7.911915e+00 9.189349e-01 2.000000e-01
      vertex   -7.911915e+00 9.189349e-01 2.000000e+00
    endloop
  endfacet
  facet normal -4.221500e-01 9.065260e-01 -5.591367e-17
    outer loop
      vertex   -7.911915e+00 9.189349e-01 2.000000e+00
      vertex   -7.911915e+00 9.189349e-01 2.000000e-01
      vertex   -8.026198e+00 8.657158e-01 2.000000e-01
    endloop
  endfacet
  facet normal -4.221500e-01 9.065260e-01 0.000000e+00
    outer loop
      vertex   -7.911915e+00 9.189349e-01 2.000000e+00
      vertex   -8.026198e+00 8.657158e-01 2.000000e-01
      vertex   -8.026198e+00 8.657158e-01 2.000000e+00
    endloop
  endfacet
  facet normal -2.199218e-01 9.755175e-01 0.000000e+00
    outer loop
      vertex   -8.026198e+00 8.657158e-01 2.000000e+00
      vertex   -8.026198e+00 8.657158e-01 2.000000e-01
      vertex   -8.149179e+00 8.379909e-01 2.000000e-01
    endloop
  endfacet
  facet normal -2.199218e-01 9.755175e-01 0.000000e+00
    outer loop
      vertex   -8.026198e+00 8.657158e-01 2.000000e+00
      vertex   -8.149179e+00 8.379909e-01 2.000000e-01
      vertex   -8.149179e+00 8.379909e-01 2.000000e+00
    endloop
  endfacet
  facet normal -7.652927e-03 9.999707e-01 0.000000e+00
    outer loop
      vertex   -8.149179e+00 8.379909e-01 2.000000e+00
      vertex   -8.149179e+00 8.379909e-01 2.000000e-01
      vertex   -8.275242e+00 8.370261e-01 2.000000e+00
    endloop
  endfacet
  facet normal -7.652927e-03 9.999707e-01 0.000000e+00
    outer loop
      vertex   -8.275242e+00 8.370261e-01 2.000000e+00
      vertex   -8.149179e+00 8.379909e-01 2.000000e-01
      vertex   -8.275242e+00 8.370261e-01 2.000000e-01
    endloop
  endfacet
  facet normal 9.922412e-02 9.950651e-01 -0.000000e+00
    outer loop
      vertex   -8.275242e+00 8.370261e-01 2.000000e-01
      vertex   -8.414320e+00 8.508944e-01 2.000000e-01
      vertex   -8.275242e+00 8.370261e-01 2.000000e+00
    endloop
  endfacet
  facet normal 9.922412e-02 9.950651e-01 0.000000e+00
    outer loop
      vertex   -8.275242e+00 8.370261e-01 2.000000e+00
      vertex   -8.414320e+00 8.508944e-01 2.000000e-01
      vertex   -8.414320e+00 8.508944e-01 2.000000e+00
    endloop
  endfacet
  facet normal -9.975222e-01 7.035235e-02 -5.008884e-16
    outer loop
      vertex   -7.627513e+00 1.367899e+00 2.000000e-01
      vertex   -7.627513e+00 1.367899e+00 2.000000e+00
      vertex   -7.618644e+00 1.493654e+00 2.000000e-01
    endloop
  endfacet
  facet normal -9.975222e-01 7.035235e-02 0.000000e+00
    outer loop
      vertex   -7.618644e+00 1.493654e+00 2.000000e-01
      vertex   -7.627513e+00 1.367899e+00 2.000000e+00
      vertex   -7.618644e+00 1.493654e+00 2.000000e+00
    endloop
  endfacet
  facet normal -9.896971e-01 -1.431771e-01 0.000000e+00
    outer loop
      vertex   -7.618644e+00 1.493654e+00 2.000000e-01
      vertex   -7.618644e+00 1.493654e+00 2.000000e+00
      vertex   -7.636694e+00 1.618422e+00 2.000000e+00
    endloop
  endfacet
  facet normal -9.896971e-01 -1.431771e-01 0.000000e+00
    outer loop
      vertex   -7.618644e+00 1.493654e+00 2.000000e-01
      vertex   -7.636694e+00 1.618422e+00 2.000000e+00
      vertex   -7.636694e+00 1.618422e+00 2.000000e-01
    endloop
  endfacet
  facet normal -9.366863e-01 -3.501696e-01 0.000000e+00
    outer loop
      vertex   -7.636694e+00 1.618422e+00 2.000000e-01
      vertex   -7.636694e+00 1.618422e+00 2.000000e+00
      vertex   -7.680838e+00 1.736507e+00 2.000000e+00
    endloop
  endfacet
  facet normal -9.366863e-01 -3.501696e-01 0.000000e+00
    outer loop
      vertex   -7.636694e+00 1.618422e+00 2.000000e-01
      vertex   -7.680838e+00 1.736507e+00 2.000000e+00
      vertex   -7.680838e+00 1.736507e+00 2.000000e-01
    endloop
  endfacet
  facet normal -8.409102e-01 -5.411747e-01 0.000000e+00
    outer loop
      vertex   -7.680838e+00 1.736507e+00 2.000000e-01
      vertex   -7.680838e+00 1.736507e+00 2.000000e+00
      vertex   -7.749063e+00 1.842518e+00 2.000000e+00
    endloop
  endfacet
  facet normal -8.409102e-01 -5.411747e-01 0.000000e+00
    outer loop
      vertex   -7.680838e+00 1.736507e+00 2.000000e-01
      vertex   -7.749063e+00 1.842518e+00 2.000000e+00
      vertex   -7.749063e+00 1.842518e+00 2.000000e-01
    endloop
  endfacet
  facet normal -7.067414e-01 -7.074720e-01 0.000000e+00
    outer loop
      vertex   -7.749063e+00 1.842518e+00 2.000000e-01
      vertex   -7.749063e+00 1.842518e+00 2.000000e+00
      vertex   -7.838251e+00 1.931615e+00 2.000000e+00
    endloop
  endfacet
  facet normal -7.067414e-01 -7.074720e-01 -8.409095e-17
    outer loop
      vertex   -7.749063e+00 1.842518e+00 2.000000e-01
      vertex   -7.838251e+00 1.931615e+00 2.000000e+00
      vertex   -7.838251e+00 1.931615e+00 2.000000e-01
    endloop
  endfacet
  facet normal -5.403056e-01 -8.414689e-01 -1.038020e-16
    outer loop
      vertex   -7.838251e+00 1.931615e+00 2.000000e-01
      vertex   -7.838251e+00 1.931615e+00 2.000000e+00
      vertex   -7.944333e+00 1.999729e+00 2.000000e+00
    endloop
  endfacet
  facet normal -5.403056e-01 -8.414689e-01 0.000000e+00
    outer loop
      vertex   -7.838251e+00 1.931615e+00 2.000000e-01
      vertex   -7.944333e+00 1.999729e+00 2.000000e+00
      vertex   -7.944333e+00 1.999729e+00 2.000000e-01
    endloop
  endfacet
  facet normal -3.492015e-01 -9.370476e-01 0.000000e+00
    outer loop
      vertex   -7.944333e+00 1.999729e+00 2.000000e-01
      vertex   -7.944333e+00 1.999729e+00 2.000000e+00
      vertex   -8.062464e+00 2.043752e+00 2.000000e-01
    endloop
  endfacet
  facet normal -3.492015e-01 -9.370476e-01 -2.311849e-16
    outer loop
      vertex   -8.062464e+00 2.043752e+00 2.000000e-01
      vertex   -7.944333e+00 1.999729e+00 2.000000e+00
      vertex   -8.062464e+00 2.043752e+00 2.000000e+00
    endloop
  endfacet
  facet normal -2.470921e-01 -9.689920e-01 -2.390660e-16
    outer loop
      vertex   -8.062464e+00 2.043752e+00 2.000000e+00
      vertex   -8.197897e+00 2.078288e+00 2.000000e+00
      vertex   -8.062464e+00 2.043752e+00 2.000000e-01
    endloop
  endfacet
  facet normal -2.470921e-01 -9.689920e-01 0.000000e+00
    outer loop
      vertex   -8.062464e+00 2.043752e+00 2.000000e-01
      vertex   -8.197897e+00 2.078288e+00 2.000000e+00
      vertex   -8.197897e+00 2.078288e+00 2.000000e-01
    endloop
  endfacet
  facet normal -8.093680e-01 5.873019e-01 0.000000e+00
    outer loop
      vertex   -6.722283e+00 3.854999e+00 2.000000e+00
      vertex   -6.722283e+00 3.854999e+00 2.000000e-01
      vertex   -6.796322e+00 3.752965e+00 2.000000e+00
    endloop
  endfacet
  facet normal -8.093680e-01 5.873019e-01 0.000000e+00
    outer loop
      vertex   -6.796322e+00 3.752965e+00 2.000000e+00
      vertex   -6.722283e+00 3.854999e+00 2.000000e-01
      vertex   -6.796322e+00 3.752965e+00 2.000000e-01
    endloop
  endfacet
  facet normal -6.661195e-01 7.458450e-01 0.000000e+00
    outer loop
      vertex   -6.796322e+00 3.752965e+00 2.000000e+00
      vertex   -6.796322e+00 3.752965e+00 2.000000e-01
      vertex   -6.890348e+00 3.668989e+00 2.000000e-01
    endloop
  endfacet
  facet normal -6.661195e-01 7.458450e-01 -3.287192e-16
    outer loop
      vertex   -6.796322e+00 3.752965e+00 2.000000e+00
      vertex   -6.890348e+00 3.668989e+00 2.000000e-01
      vertex   -6.890348e+00 3.668989e+00 2.000000e+00
    endloop
  endfacet
  facet normal -4.924587e-01 8.703358e-01 -2.429951e-16
    outer loop
      vertex   -6.890348e+00 3.668989e+00 2.000000e+00
      vertex   -6.890348e+00 3.668989e+00 2.000000e-01
      vertex   -7.000069e+00 3.606906e+00 2.000000e-01
    endloop
  endfacet
  facet normal -4.924587e-01 8.703358e-01 0.000000e+00
    outer loop
      vertex   -6.890348e+00 3.668989e+00 2.000000e+00
      vertex   -7.000069e+00 3.606906e+00 2.000000e-01
      vertex   -7.000069e+00 3.606906e+00 2.000000e+00
    endloop
  endfacet
  facet normal -2.963141e-01 9.550905e-01 0.000000e+00
    outer loop
      vertex   -7.000069e+00 3.606906e+00 2.000000e+00
      vertex   -7.000069e+00 3.606906e+00 2.000000e-01
      vertex   -7.120474e+00 3.569551e+00 2.000000e-01
    endloop
  endfacet
  facet normal -2.963141e-01 9.550905e-01 0.000000e+00
    outer loop
      vertex   -7.000069e+00 3.606906e+00 2.000000e+00
      vertex   -7.120474e+00 3.569551e+00 2.000000e-01
      vertex   -7.120474e+00 3.569551e+00 2.000000e+00
    endloop
  endfacet
  facet normal -8.664105e-02 9.962396e-01 0.000000e+00
    outer loop
      vertex   -7.120474e+00 3.569551e+00 2.000000e+00
      vertex   -7.120474e+00 3.569551e+00 2.000000e-01
      vertex   -7.246067e+00 3.558628e+00 2.000000e-01
    endloop
  endfacet
  facet normal -8.664105e-02 9.962396e-01 0.000000e+00
    outer loop
      vertex   -7.120474e+00 3.569551e+00 2.000000e+00
      vertex   -7.246067e+00 3.558628e+00 2.000000e-01
      vertex   -7.246067e+00 3.558628e+00 2.000000e+00
    endloop
  endfacet
  facet normal 1.269877e-01 9.919043e-01 0.000000e+00
    outer loop
      vertex   -7.246067e+00 3.558628e+00 2.000000e+00
      vertex   -7.246067e+00 3.558628e+00 2.000000e-01
      vertex   -7.371113e+00 3.574637e+00 2.000000e-01
    endloop
  endfacet
  facet normal 1.269877e-01 9.919043e-01 0.000000e+00
    outer loop
      vertex   -7.246067e+00 3.558628e+00 2.000000e+00
      vertex   -7.371113e+00 3.574637e+00 2.000000e-01
      vertex   -7.371113e+00 3.574637e+00 2.000000e+00
    endloop
  endfacet
  facet normal 3.348187e-01 9.422826e-01 0.000000e+00
    outer loop
      vertex   -7.371113e+00 3.574637e+00 2.000000e+00
      vertex   -7.371113e+00 3.574637e+00 2.000000e-01
      vertex   -7.489904e+00 3.616847e+00 2.000000e+00
    endloop
  endfacet
  facet normal 3.348187e-01 9.422826e-01 0.000000e+00
    outer loop
      vertex   -7.489904e+00 3.616847e+00 2.000000e+00
      vertex   -7.371113e+00 3.574637e+00 2.000000e-01
      vertex   -7.489904e+00 3.616847e+00 2.000000e-01
    endloop
  endfacet
  facet normal 4.335725e-01 9.011187e-01 -0.000000e+00
    outer loop
      vertex   -7.489904e+00 3.616847e+00 2.000000e-01
      vertex   -7.615851e+00 3.677446e+00 2.000000e-01
      vertex   -7.489904e+00 3.616847e+00 2.000000e+00
    endloop
  endfacet
  facet normal 4.335725e-01 9.011187e-01 0.000000e+00
    outer loop
      vertex   -7.489904e+00 3.616847e+00 2.000000e+00
      vertex   -7.615851e+00 3.677446e+00 2.000000e-01
      vertex   -7.615851e+00 3.677446e+00 2.000000e+00
    endloop
  endfacet
  facet normal -9.133023e-01 4.072823e-01 -5.511362e-16
    outer loop
      vertex   -6.699668e+00 3.894168e+00 2.000000e-01
      vertex   -6.699668e+00 3.894168e+00 2.000000e+00
      vertex   -6.648324e+00 4.009305e+00 2.000000e-01
    endloop
  endfacet
  facet normal -9.133023e-01 4.072823e-01 0.000000e+00
    outer loop
      vertex   -6.648324e+00 4.009305e+00 2.000000e-01
      vertex   -6.699668e+00 3.894168e+00 2.000000e+00
      vertex   -6.648324e+00 4.009305e+00 2.000000e+00
    endloop
  endfacet
  facet normal -9.789805e-01 2.039539e-01 0.000000e+00
    outer loop
      vertex   -6.648324e+00 4.009305e+00 2.000000e-01
      vertex   -6.648324e+00 4.009305e+00 2.000000e+00
      vertex   -6.622612e+00 4.132722e+00 2.000000e+00
    endloop
  endfacet
  facet normal -9.789805e-01 2.039539e-01 0.000000e+00
    outer loop
      vertex   -6.648324e+00 4.009305e+00 2.000000e-01
      vertex   -6.622612e+00 4.132722e+00 2.000000e+00
      vertex   -6.622612e+00 4.132722e+00 2.000000e-01
    endloop
  endfacet
  facet normal -9.999623e-01 -8.686186e-03 0.000000e+00
    outer loop
      vertex   -6.622612e+00 4.132722e+00 2.000000e-01
      vertex   -6.622612e+00 4.132722e+00 2.000000e+00
      vertex   -6.623707e+00 4.258784e+00 2.000000e+00
    endloop
  endfacet
  facet normal -9.999623e-01 -8.686186e-03 0.000000e+00
    outer loop
      vertex   -6.622612e+00 4.132722e+00 2.000000e-01
      vertex   -6.623707e+00 4.258784e+00 2.000000e+00
      vertex   -6.623707e+00 4.258784e+00 2.000000e-01
    endloop
  endfacet
  facet normal -9.752897e-01 -2.209297e-01 0.000000e+00
    outer loop
      vertex   -6.623707e+00 4.258784e+00 2.000000e-01
      vertex   -6.623707e+00 4.258784e+00 2.000000e+00
      vertex   -6.651559e+00 4.381736e+00 2.000000e+00
    endloop
  endfacet
  facet normal -9.752897e-01 -2.209297e-01 0.000000e+00
    outer loop
      vertex   -6.623707e+00 4.258784e+00 2.000000e-01
      vertex   -6.651559e+00 4.381736e+00 2.000000e+00
      vertex   -6.651559e+00 4.381736e+00 2.000000e-01
    endloop
  endfacet
  facet normal -9.060893e-01 -4.230864e-01 0.000000e+00
    outer loop
      vertex   -6.651559e+00 4.381736e+00 2.000000e-01
      vertex   -6.651559e+00 4.381736e+00 2.000000e+00
      vertex   -6.704896e+00 4.495964e+00 2.000000e+00
    endloop
  endfacet
  facet normal -9.060893e-01 -4.230864e-01 0.000000e+00
    outer loop
      vertex   -6.651559e+00 4.381736e+00 2.000000e-01
      vertex   -6.704896e+00 4.495964e+00 2.000000e+00
      vertex   -6.704896e+00 4.495964e+00 2.000000e-01
    endloop
  endfacet
  facet normal -7.955205e-01 -6.059267e-01 0.000000e+00
    outer loop
      vertex   -6.704896e+00 4.495964e+00 2.000000e-01
      vertex   -6.704896e+00 4.495964e+00 2.000000e+00
      vertex   -6.781283e+00 4.596253e+00 2.000000e+00
    endloop
  endfacet
  facet normal -7.955205e-01 -6.059267e-01 0.000000e+00
    outer loop
      vertex   -6.704896e+00 4.495964e+00 2.000000e-01
      vertex   -6.781283e+00 4.596253e+00 2.000000e+00
      vertex   -6.781283e+00 4.596253e+00 2.000000e-01
    endloop
  endfacet
  facet normal -6.486313e-01 -7.611028e-01 0.000000e+00
    outer loop
      vertex   -6.781283e+00 4.596253e+00 2.000000e-01
      vertex   -6.781283e+00 4.596253e+00 2.000000e+00
      vertex   -6.877233e+00 4.678024e+00 2.000000e-01
    endloop
  endfacet
  facet normal -6.486313e-01 -7.611028e-01 -3.755528e-16
    outer loop
      vertex   -6.877233e+00 4.678024e+00 2.000000e-01
      vertex   -6.781283e+00 4.596253e+00 2.000000e+00
      vertex   -6.877233e+00 4.678024e+00 2.000000e+00
    endloop
  endfacet
  facet normal -5.636054e-01 -8.260441e-01 -4.075970e-16
    outer loop
      vertex   -6.877233e+00 4.678024e+00 2.000000e+00
      vertex   -6.992687e+00 4.756798e+00 2.000000e+00
      vertex   -6.877233e+00 4.678024e+00 2.000000e-01
    endloop
  endfacet
  facet normal -5.636054e-01 -8.260441e-01 0.000000e+00
    outer loop
      vertex   -6.877233e+00 4.678024e+00 2.000000e-01
      vertex   -6.992687e+00 4.756798e+00 2.000000e+00
      vertex   -6.992687e+00 4.756798e+00 2.000000e-01
    endloop
  endfacet
  facet normal -5.596880e-01 8.287034e-01 -6.850774e-16
    outer loop
      vertex   -4.998392e+00 5.921670e+00 2.000000e+00
      vertex   -4.998392e+00 5.921670e+00 2.000000e-01
      vertex   -5.102864e+00 5.851112e+00 2.000000e+00
    endloop
  endfacet
  facet normal -5.596880e-01 8.287034e-01 0.000000e+00
    outer loop
      vertex   -5.102864e+00 5.851112e+00 2.000000e+00
      vertex   -4.998392e+00 5.921670e+00 2.000000e-01
      vertex   -5.102864e+00 5.851112e+00 2.000000e-01
    endloop
  endfacet
  facet normal -3.708536e-01 9.286914e-01 0.000000e+00
    outer loop
      vertex   -5.102864e+00 5.851112e+00 2.000000e+00
      vertex   -5.102864e+00 5.851112e+00 2.000000e-01
      vertex   -5.219941e+00 5.804360e+00 2.000000e-01
    endloop
  endfacet
  facet normal -3.708536e-01 9.286914e-01 0.000000e+00
    outer loop
      vertex   -5.102864e+00 5.851112e+00 2.000000e+00
      vertex   -5.219941e+00 5.804360e+00 2.000000e-01
      vertex   -5.219941e+00 5.804360e+00 2.000000e+00
    endloop
  endfacet
  facet normal -1.650874e-01 9.862789e-01 0.000000e+00
    outer loop
      vertex   -5.219941e+00 5.804360e+00 2.000000e+00
      vertex   -5.219941e+00 5.804360e+00 2.000000e-01
      vertex   -5.344278e+00 5.783548e+00 2.000000e-01
    endloop
  endfacet
  facet normal -1.650874e-01 9.862789e-01 0.000000e+00
    outer loop
      vertex   -5.219941e+00 5.804360e+00 2.000000e+00
      vertex   -5.344278e+00 5.783548e+00 2.000000e-01
      vertex   -5.344278e+00 5.783548e+00 2.000000e+00
    endloop
  endfacet
  facet normal 4.821600e-02 9.988369e-01 0.000000e+00
    outer loop
      vertex   -5.344278e+00 5.783548e+00 2.000000e+00
      vertex   -5.344278e+00 5.783548e+00 2.000000e-01
      vertex   -5.470199e+00 5.789626e+00 2.000000e-01
    endloop
  endfacet
  facet normal 4.821600e-02 9.988369e-01 0.000000e+00
    outer loop
      vertex   -5.344278e+00 5.783548e+00 2.000000e+00
      vertex   -5.470199e+00 5.789626e+00 2.000000e-01
      vertex   -5.470199e+00 5.789626e+00 2.000000e+00
    endloop
  endfacet
  facet normal 2.593181e-01 9.657920e-01 0.000000e+00
    outer loop
      vertex   -5.470199e+00 5.789626e+00 2.000000e+00
      vertex   -5.470199e+00 5.789626e+00 2.000000e-01
      vertex   -5.591953e+00 5.822318e+00 2.000000e-01
    endloop
  endfacet
  facet normal 2.593181e-01 9.657920e-01 0.000000e+00
    outer loop
      vertex   -5.470199e+00 5.789626e+00 2.000000e+00
      vertex   -5.591953e+00 5.822318e+00 2.000000e-01
      vertex   -5.591953e+00 5.822318e+00 2.000000e+00
    endloop
  endfacet
  facet normal 4.585807e-01 8.886528e-01 0.000000e+00
    outer loop
      vertex   -5.591953e+00 5.822318e+00 2.000000e+00
      vertex   -5.591953e+00 5.822318e+00 2.000000e-01
      vertex   -5.703983e+00 5.880129e+00 2.000000e-01
    endloop
  endfacet
  facet normal 4.585807e-01 8.886528e-01 0.000000e+00
    outer loop
      vertex   -5.591953e+00 5.822318e+00 2.000000e+00
      vertex   -5.703983e+00 5.880129e+00 2.000000e-01
      vertex   -5.703983e+00 5.880129e+00 2.000000e+00
    endloop
  endfacet
  facet normal 6.369063e-01 7.709412e-01 0.000000e+00
    outer loop
      vertex   -5.703983e+00 5.880129e+00 2.000000e+00
      vertex   -5.703983e+00 5.880129e+00 2.000000e-01
      vertex   -5.801173e+00 5.960422e+00 2.000000e+00
    endloop
  endfacet
  facet normal 6.369063e-01 7.709412e-01 0.000000e+00
    outer loop
      vertex   -5.801173e+00 5.960422e+00 2.000000e+00
      vertex   -5.703983e+00 5.880129e+00 2.000000e-01
      vertex   -5.801173e+00 5.960422e+00 2.000000e-01
    endloop
  endfacet
  facet normal 7.156256e-01 6.984841e-01 -0.000000e+00
    outer loop
      vertex   -5.801173e+00 5.960422e+00 2.000000e-01
      vertex   -5.898799e+00 6.060443e+00 2.000000e-01
      vertex   -5.801173e+00 5.960422e+00 2.000000e+00
    endloop
  endfacet
  facet normal 7.156256e-01 6.984841e-01 0.000000e+00
    outer loop
      vertex   -5.801173e+00 5.960422e+00 2.000000e+00
      vertex   -5.898799e+00 6.060443e+00 2.000000e-01
      vertex   -5.898799e+00 6.060443e+00 2.000000e+00
    endloop
  endfacet
  facet normal -7.189247e-01 6.950879e-01 -3.547408e-16
    outer loop
      vertex   -4.963745e+00 5.950742e+00 2.000000e-01
      vertex   -4.963745e+00 5.950742e+00 2.000000e+00
      vertex   -4.876117e+00 6.041375e+00 2.000000e-01
    endloop
  endfacet
  facet normal -7.189247e-01 6.950879e-01 3.312171e-16
    outer loop
      vertex   -4.876117e+00 6.041375e+00 2.000000e-01
      vertex   -4.963745e+00 5.950742e+00 2.000000e+00
      vertex   -4.876117e+00 6.041375e+00 2.000000e+00
    endloop
  endfacet
  facet normal -8.501844e-01 5.264850e-01 1.000610e-16
    outer loop
      vertex   -4.876117e+00 6.041375e+00 2.000000e-01
      vertex   -4.876117e+00 6.041375e+00 2.000000e+00
      vertex   -4.809745e+00 6.148555e+00 2.000000e+00
    endloop
  endfacet
  facet normal -8.501844e-01 5.264850e-01 -1.605373e-16
    outer loop
      vertex   -4.876117e+00 6.041375e+00 2.000000e-01
      vertex   -4.809745e+00 6.148555e+00 2.000000e+00
      vertex   -4.809745e+00 6.148555e+00 2.000000e-01
    endloop
  endfacet
  facet normal -9.426280e-01 3.338449e-01 -3.003934e-16
    outer loop
      vertex   -4.809745e+00 6.148555e+00 2.000000e-01
      vertex   -4.809745e+00 6.148555e+00 2.000000e+00
      vertex   -4.767658e+00 6.267389e+00 2.000000e+00
    endloop
  endfacet
  facet normal -9.426280e-01 3.338449e-01 0.000000e+00
    outer loop
      vertex   -4.809745e+00 6.148555e+00 2.000000e-01
      vertex   -4.767658e+00 6.267389e+00 2.000000e+00
      vertex   -4.767658e+00 6.267389e+00 2.000000e-01
    endloop
  endfacet
  facet normal -9.920350e-01 1.259627e-01 0.000000e+00
    outer loop
      vertex   -4.767658e+00 6.267389e+00 2.000000e-01
      vertex   -4.767658e+00 6.267389e+00 2.000000e+00
      vertex   -4.751779e+00 6.392452e+00 2.000000e+00
    endloop
  endfacet
  facet normal -9.920350e-01 1.259627e-01 0.000000e+00
    outer loop
      vertex   -4.767658e+00 6.267389e+00 2.000000e-01
      vertex   -4.751779e+00 6.392452e+00 2.000000e+00
      vertex   -4.751779e+00 6.392452e+00 2.000000e-01
    endloop
  endfacet
  facet normal -9.961495e-01 -8.767041e-02 0.000000e+00
    outer loop
      vertex   -4.751779e+00 6.392452e+00 2.000000e-01
      vertex   -4.751779e+00 6.392452e+00 2.000000e+00
      vertex   -4.762831e+00 6.518034e+00 2.000000e+00
    endloop
  endfacet
  facet normal -9.961495e-01 -8.767041e-02 0.000000e+00
    outer loop
      vertex   -4.751779e+00 6.392452e+00 2.000000e-01
      vertex   -4.762831e+00 6.518034e+00 2.000000e+00
      vertex   -4.762831e+00 6.518034e+00 2.000000e-01
    endloop
  endfacet
  facet normal -9.547838e-01 -2.973009e-01 0.000000e+00
    outer loop
      vertex   -4.762831e+00 6.518034e+00 2.000000e-01
      vertex   -4.762831e+00 6.518034e+00 2.000000e+00
      vertex   -4.800311e+00 6.638400e+00 2.000000e+00
    endloop
  endfacet
  facet normal -9.547838e-01 -2.973009e-01 0.000000e+00
    outer loop
      vertex   -4.762831e+00 6.518034e+00 2.000000e-01
      vertex   -4.800311e+00 6.638400e+00 2.000000e+00
      vertex   -4.800311e+00 6.638400e+00 2.000000e-01
    endloop
  endfacet
  facet normal -8.698265e-01 -4.933577e-01 0.000000e+00
    outer loop
      vertex   -4.800311e+00 6.638400e+00 2.000000e-01
      vertex   -4.800311e+00 6.638400e+00 2.000000e+00
      vertex   -4.862507e+00 6.748057e+00 2.000000e-01
    endloop
  endfacet
  facet normal -8.698265e-01 -4.933577e-01 0.000000e+00
    outer loop
      vertex   -4.862507e+00 6.748057e+00 2.000000e-01
      vertex   -4.800311e+00 6.638400e+00 2.000000e+00
      vertex   -4.862507e+00 6.748057e+00 2.000000e+00
    endloop
  endfacet
  facet normal -8.121396e-01 -5.834632e-01 -0.000000e+00
    outer loop
      vertex   -4.862507e+00 6.748057e+00 2.000000e+00
      vertex   -4.944056e+00 6.861568e+00 2.000000e+00
      vertex   -4.862507e+00 6.748057e+00 2.000000e-01
    endloop
  endfacet
  facet normal -8.121396e-01 -5.834632e-01 0.000000e+00
    outer loop
      vertex   -4.862507e+00 6.748057e+00 2.000000e-01
      vertex   -4.944056e+00 6.861568e+00 2.000000e+00
      vertex   -4.944056e+00 6.861568e+00 2.000000e-01
    endloop
  endfacet
  facet normal -2.425015e-01 9.701510e-01 0.000000e+00
    outer loop
      vertex   -2.671622e+00 7.274101e+00 2.000000e+00
      vertex   -2.671622e+00 7.274101e+00 2.000000e-01
      vertex   -2.793926e+00 7.243529e+00 2.000000e+00
    endloop
  endfacet
  facet normal -2.425015e-01 9.701510e-01 0.000000e+00
    outer loop
      vertex   -2.793926e+00 7.243529e+00 2.000000e+00
      vertex   -2.671622e+00 7.274101e+00 2.000000e-01
      vertex   -2.793926e+00 7.243529e+00 2.000000e-01
    endloop
  endfacet
  facet normal -3.085721e-02 9.995238e-01 0.000000e+00
    outer loop
      vertex   -2.793926e+00 7.243529e+00 2.000000e+00
      vertex   -2.793926e+00 7.243529e+00 2.000000e-01
      vertex   -2.919932e+00 7.239639e+00 2.000000e-01
    endloop
  endfacet
  facet normal -3.085721e-02 9.995238e-01 0.000000e+00
    outer loop
      vertex   -2.793926e+00 7.243529e+00 2.000000e+00
      vertex   -2.919932e+00 7.239639e+00 2.000000e-01
      vertex   -2.919932e+00 7.239639e+00 2.000000e+00
    endloop
  endfacet
  facet normal 1.821959e-01 9.832623e-01 0.000000e+00
    outer loop
      vertex   -2.919932e+00 7.239639e+00 2.000000e+00
      vertex   -2.919932e+00 7.239639e+00 2.000000e-01
      vertex   -3.043889e+00 7.262608e+00 2.000000e-01
    endloop
  endfacet
  facet normal 1.821959e-01 9.832623e-01 0.000000e+00
    outer loop
      vertex   -2.919932e+00 7.239639e+00 2.000000e+00
      vertex   -3.043889e+00 7.262608e+00 2.000000e-01
      vertex   -3.043889e+00 7.262608e+00 2.000000e+00
    endloop
  endfacet
  facet normal 3.869306e-01 9.221089e-01 0.000000e+00
    outer loop
      vertex   -3.043889e+00 7.262608e+00 2.000000e+00
      vertex   -3.043889e+00 7.262608e+00 2.000000e-01
      vertex   -3.160137e+00 7.311387e+00 2.000000e-01
    endloop
  endfacet
  facet normal 3.869306e-01 9.221089e-01 0.000000e+00
    outer loop
      vertex   -3.043889e+00 7.262608e+00 2.000000e+00
      vertex   -3.160137e+00 7.311387e+00 2.000000e-01
      vertex   -3.160137e+00 7.311387e+00 2.000000e+00
    endloop
  endfacet
  facet normal 5.739996e-01 8.188556e-01 0.000000e+00
    outer loop
      vertex   -3.160137e+00 7.311387e+00 2.000000e+00
      vertex   -3.160137e+00 7.311387e+00 2.000000e-01
      vertex   -3.263367e+00 7.383749e+00 2.000000e-01
    endloop
  endfacet
  facet normal 5.739996e-01 8.188556e-01 0.000000e+00
    outer loop
      vertex   -3.160137e+00 7.311387e+00 2.000000e+00
      vertex   -3.263367e+00 7.383749e+00 2.000000e-01
      vertex   -3.263367e+00 7.383749e+00 2.000000e+00
    endloop
  endfacet
  facet normal 7.348620e-01 6.782166e-01 0.000000e+00
    outer loop
      vertex   -3.263367e+00 7.383749e+00 2.000000e+00
      vertex   -3.263367e+00 7.383749e+00 2.000000e-01
      vertex   -3.348868e+00 7.476391e+00 2.000000e-01
    endloop
  endfacet
  facet normal 7.348620e-01 6.782166e-01 0.000000e+00
    outer loop
      vertex   -3.263367e+00 7.383749e+00 2.000000e+00
      vertex   -3.348868e+00 7.476391e+00 2.000000e-01
      vertex   -3.348868e+00 7.476391e+00 2.000000e+00
    endloop
  endfacet
  facet normal 8.621736e-01 5.066130e-01 0.000000e+00
    outer loop
      vertex   -3.348868e+00 7.476391e+00 2.000000e+00
      vertex   -3.348868e+00 7.476391e+00 2.000000e-01
      vertex   -3.412735e+00 7.585083e+00 2.000000e+00
    endloop
  endfacet
  facet normal 8.621736e-01 5.066130e-01 0.000000e+00
    outer loop
      vertex   -3.412735e+00 7.585083e+00 2.000000e+00
      vertex   -3.348868e+00 7.476391e+00 2.000000e-01
      vertex   -3.412735e+00 7.585083e+00 2.000000e-01
    endloop
  endfacet
  facet normal 9.113637e-01 4.116019e-01 -0.000000e+00
    outer loop
      vertex   -3.412735e+00 7.585083e+00 2.000000e-01
      vertex   -3.470264e+00 7.712462e+00 2.000000e-01
      vertex   -3.412735e+00 7.585083e+00 2.000000e+00
    endloop
  endfacet
  facet normal 9.113637e-01 4.116019e-01 0.000000e+00
    outer loop
      vertex   -3.412735e+00 7.585083e+00 2.000000e+00
      vertex   -3.470264e+00 7.712462e+00 2.000000e-01
      vertex   -3.470264e+00 7.712462e+00 2.000000e+00
    endloop
  endfacet
  facet normal -4.378342e-01 8.990557e-01 -5.516441e-16
    outer loop
      vertex   -2.629121e+00 7.289570e+00 2.000000e-01
      vertex   -2.629121e+00 7.289570e+00 2.000000e+00
      vertex   -2.515780e+00 7.344766e+00 2.000000e-01
    endloop
  endfacet
  facet normal -4.378342e-01 8.990557e-01 0.000000e+00
    outer loop
      vertex   -2.515780e+00 7.344766e+00 2.000000e-01
      vertex   -2.629121e+00 7.289570e+00 2.000000e+00
      vertex   -2.515780e+00 7.344766e+00 2.000000e+00
    endloop
  endfacet
  facet normal -6.188435e-01 7.855143e-01 0.000000e+00
    outer loop
      vertex   -2.515780e+00 7.344766e+00 2.000000e-01
      vertex   -2.515780e+00 7.344766e+00 2.000000e+00
      vertex   -2.416752e+00 7.422782e+00 2.000000e+00
    endloop
  endfacet
  facet normal -6.188435e-01 7.855143e-01 -1.490703e-16
    outer loop
      vertex   -2.515780e+00 7.344766e+00 2.000000e-01
      vertex   -2.416752e+00 7.422782e+00 2.000000e+00
      vertex   -2.416752e+00 7.422782e+00 2.000000e-01
    endloop
  endfacet
  facet normal -7.715989e-01 6.361094e-01 -1.903660e-16
    outer loop
      vertex   -2.416752e+00 7.422782e+00 2.000000e-01
      vertex   -2.416752e+00 7.422782e+00 2.000000e+00
      vertex   -2.336560e+00 7.520055e+00 2.000000e+00
    endloop
  endfacet
  facet normal -7.715989e-01 6.361094e-01 0.000000e+00
    outer loop
      vertex   -2.416752e+00 7.422782e+00 2.000000e-01
      vertex   -2.336560e+00 7.520055e+00 2.000000e+00
      vertex   -2.336560e+00 7.520055e+00 2.000000e-01
    endloop
  endfacet
  facet normal -8.891262e-01 4.576622e-01 0.000000e+00
    outer loop
      vertex   -2.336560e+00 7.520055e+00 2.000000e-01
      vertex   -2.336560e+00 7.520055e+00 2.000000e+00
      vertex   -2.278864e+00 7.632144e+00 2.000000e+00
    endloop
  endfacet
  facet normal -8.891262e-01 4.576622e-01 0.000000e+00
    outer loop
      vertex   -2.336560e+00 7.520055e+00 2.000000e-01
      vertex   -2.278864e+00 7.632144e+00 2.000000e+00
      vertex   -2.278864e+00 7.632144e+00 2.000000e-01
    endloop
  endfacet
  facet normal -9.660594e-01 2.583200e-01 0.000000e+00
    outer loop
      vertex   -2.278864e+00 7.632144e+00 2.000000e-01
      vertex   -2.278864e+00 7.632144e+00 2.000000e+00
      vertex   -2.246298e+00 7.753932e+00 2.000000e+00
    endloop
  endfacet
  facet normal -9.660594e-01 2.583200e-01 0.000000e+00
    outer loop
      vertex   -2.278864e+00 7.632144e+00 2.000000e-01
      vertex   -2.246298e+00 7.753932e+00 2.000000e+00
      vertex   -2.246298e+00 7.753932e+00 2.000000e-01
    endloop
  endfacet
  facet normal -9.988862e-01 4.718388e-02 0.000000e+00
    outer loop
      vertex   -2.246298e+00 7.753932e+00 2.000000e-01
      vertex   -2.246298e+00 7.753932e+00 2.000000e+00
      vertex   -2.240350e+00 7.879859e+00 2.000000e+00
    endloop
  endfacet
  facet normal -9.988862e-01 4.718388e-02 0.000000e+00
    outer loop
      vertex   -2.246298e+00 7.753932e+00 2.000000e-01
      vertex   -2.240350e+00 7.879859e+00 2.000000e+00
      vertex   -2.240350e+00 7.879859e+00 2.000000e-01
    endloop
  endfacet
  facet normal -9.861078e-01 -1.661064e-01 0.000000e+00
    outer loop
      vertex   -2.240350e+00 7.879859e+00 2.000000e-01
      vertex   -2.240350e+00 7.879859e+00 2.000000e+00
      vertex   -2.261290e+00 8.004174e+00 2.000000e-01
    endloop
  endfacet
  facet normal -9.861078e-01 -1.661064e-01 0.000000e+00
    outer loop
      vertex   -2.261290e+00 8.004174e+00 2.000000e-01
      vertex   -2.240350e+00 7.879859e+00 2.000000e+00
      vertex   -2.261290e+00 8.004174e+00 2.000000e+00
    endloop
  endfacet
  facet normal -9.627177e-01 -2.705079e-01 -0.000000e+00
    outer loop
      vertex   -2.261290e+00 8.004174e+00 2.000000e+00
      vertex   -2.299099e+00 8.138731e+00 2.000000e+00
      vertex   -2.261290e+00 8.004174e+00 2.000000e-01
    endloop
  endfacet
  facet normal -9.627177e-01 -2.705079e-01 0.000000e+00
    outer loop
      vertex   -2.261290e+00 8.004174e+00 2.000000e-01
      vertex   -2.299099e+00 8.138731e+00 2.000000e+00
      vertex   -2.299099e+00 8.138731e+00 2.000000e-01
    endloop
  endfacet
  facet normal 1.039344e-01 9.945842e-01 -9.813199e-16
    outer loop
      vertex   -2.261414e-02 7.749167e+00 2.000000e+00
      vertex   -2.261414e-02 7.749167e+00 2.000000e-01
      vertex   -1.479983e-01 7.762270e+00 2.000000e+00
    endloop
  endfacet
  facet normal 1.039344e-01 9.945842e-01 -4.807930e-18
    outer loop
      vertex   -1.479983e-01 7.762270e+00 2.000000e+00
      vertex   -2.261414e-02 7.749167e+00 2.000000e-01
      vertex   -1.479983e-01 7.762270e+00 2.000000e-01
    endloop
  endfacet
  facet normal 3.128610e-01 9.497989e-01 -1.447273e-17
    outer loop
      vertex   -1.479983e-01 7.762270e+00 2.000000e+00
      vertex   -1.479983e-01 7.762270e+00 2.000000e-01
      vertex   -2.677365e-01 7.801711e+00 2.000000e-01
    endloop
  endfacet
  facet normal 3.128610e-01 9.497989e-01 0.000000e+00
    outer loop
      vertex   -1.479983e-01 7.762270e+00 2.000000e+00
      vertex   -2.677365e-01 7.801711e+00 2.000000e-01
      vertex   -2.677365e-01 7.801711e+00 2.000000e+00
    endloop
  endfacet
  facet normal 5.075036e-01 8.616496e-01 0.000000e+00
    outer loop
      vertex   -2.677365e-01 7.801711e+00 2.000000e+00
      vertex   -2.677365e-01 7.801711e+00 2.000000e-01
      vertex   -3.763621e-01 7.865691e+00 2.000000e-01
    endloop
  endfacet
  facet normal 5.075036e-01 8.616496e-01 0.000000e+00
    outer loop
      vertex   -2.677365e-01 7.801711e+00 2.000000e+00
      vertex   -3.763621e-01 7.865691e+00 2.000000e-01
      vertex   -3.763621e-01 7.865691e+00 2.000000e+00
    endloop
  endfacet
  facet normal 6.789756e-01 7.341608e-01 0.000000e+00
    outer loop
      vertex   -3.763621e-01 7.865691e+00 2.000000e+00
      vertex   -3.763621e-01 7.865691e+00 2.000000e-01
      vertex   -4.689155e-01 7.951287e+00 2.000000e-01
    endloop
  endfacet
  facet normal 6.789756e-01 7.341608e-01 -2.293390e-17
    outer loop
      vertex   -3.763621e-01 7.865691e+00 2.000000e+00
      vertex   -4.689155e-01 7.951287e+00 2.000000e-01
      vertex   -4.689155e-01 7.951287e+00 2.000000e+00
    endloop
  endfacet
  facet normal 8.194483e-01 5.731531e-01 -2.527140e-17
    outer loop
      vertex   -4.689155e-01 7.951287e+00 2.000000e+00
      vertex   -4.689155e-01 7.951287e+00 2.000000e-01
      vertex   -5.411711e-01 8.054592e+00 2.000000e-01
    endloop
  endfacet
  facet normal 8.194483e-01 5.731531e-01 -4.969011e-17
    outer loop
      vertex   -4.689155e-01 7.951287e+00 2.000000e+00
      vertex   -5.411711e-01 8.054592e+00 2.000000e-01
      vertex   -5.411711e-01 8.054592e+00 2.000000e+00
    endloop
  endfacet
  facet normal 9.225082e-01 3.859776e-01 -5.689943e-17
    outer loop
      vertex   -5.411711e-01 8.054592e+00 2.000000e+00
      vertex   -5.411711e-01 8.054592e+00 2.000000e-01
      vertex   -5.898301e-01 8.170890e+00 2.000000e-01
    endloop
  endfacet
  facet normal 9.225082e-01 3.859776e-01 -5.733474e-17
    outer loop
      vertex   -5.411711e-01 8.054592e+00 2.000000e+00
      vertex   -5.898301e-01 8.170890e+00 2.000000e-01
      vertex   -5.898301e-01 8.170890e+00 2.000000e+00
    endloop
  endfacet
  facet normal 9.834500e-01 1.811798e-01 -6.065827e-17
    outer loop
      vertex   -5.898301e-01 8.170890e+00 2.000000e+00
      vertex   -5.898301e-01 8.170890e+00 2.000000e-01
      vertex   -6.126709e-01 8.294871e+00 2.000000e+00
    endloop
  endfacet
  facet normal 9.834500e-01 1.811798e-01 -1.213165e-16
    outer loop
      vertex   -6.126709e-01 8.294871e+00 2.000000e+00
      vertex   -5.898301e-01 8.170890e+00 2.000000e-01
      vertex   -6.126709e-01 8.294871e+00 2.000000e-01
    endloop
  endfacet
  facet normal 9.971779e-01 7.507456e-02 -1.230100e-16
    outer loop
      vertex   -6.126709e-01 8.294871e+00 2.000000e-01
      vertex   -6.231639e-01 8.434244e+00 2.000000e-01
      vertex   -6.126709e-01 8.294871e+00 2.000000e+00
    endloop
  endfacet
  facet normal 9.971779e-01 7.507456e-02 0.000000e+00
    outer loop
      vertex   -6.126709e-01 8.294871e+00 2.000000e+00
      vertex   -6.231639e-01 8.434244e+00 2.000000e-01
      vertex   -6.231639e-01 8.434244e+00 2.000000e+00
    endloop
  endfacet
  facet normal -1.039344e-01 9.945842e-01 -9.813199e-16
    outer loop
      vertex   2.261414e-02 7.749167e+00 2.000000e-01
      vertex   2.261414e-02 7.749167e+00 2.000000e+00
      vertex   1.479983e-01 7.762270e+00 2.000000e-01
    endloop
  endfacet
  facet normal -1.039344e-01 9.945842e-01 -1.602643e-18
    outer loop
      vertex   1.479983e-01 7.762270e+00 2.000000e-01
      vertex   2.261414e-02 7.749167e+00 2.000000e+00
      vertex   1.479983e-01 7.762270e+00 2.000000e+00
    endloop
  endfacet
  facet normal -3.128610e-01 9.497989e-01 -4.824243e-18
    outer loop
      vertex   1.479983e-01 7.762270e+00 2.000000e-01
      vertex   1.479983e-01 7.762270e+00 2.000000e+00
      vertex   2.677365e-01 7.801711e+00 2.000000e+00
    endloop
  endfacet
  facet normal -3.128610e-01 9.497989e-01 -1.146695e-17
    outer loop
      vertex   1.479983e-01 7.762270e+00 2.000000e-01
      vertex   2.677365e-01 7.801711e+00 2.000000e+00
      vertex   2.677365e-01 7.801711e+00 2.000000e-01
    endloop
  endfacet
  facet normal -5.075036e-01 8.616496e-01 -1.565117e-17
    outer loop
      vertex   2.677365e-01 7.801711e+00 2.000000e-01
      vertex   2.677365e-01 7.801711e+00 2.000000e+00
      vertex   3.763621e-01 7.865691e+00 2.000000e+00
    endloop
  endfacet
  facet normal -5.075036e-01 8.616496e-01 3.936986e-16
    outer loop
      vertex   2.677365e-01 7.801711e+00 2.000000e-01
      vertex   3.763621e-01 7.865691e+00 2.000000e+00
      vertex   3.763621e-01 7.865691e+00 2.000000e-01
    endloop
  endfacet
  facet normal -6.789756e-01 7.341608e-01 3.203802e-16
    outer loop
      vertex   3.763621e-01 7.865691e+00 2.000000e-01
      vertex   3.763621e-01 7.865691e+00 2.000000e+00
      vertex   4.689155e-01 7.951287e+00 2.000000e+00
    endloop
  endfacet
  facet normal -6.789756e-01 7.341608e-01 -3.822316e-17
    outer loop
      vertex   3.763621e-01 7.865691e+00 2.000000e-01
      vertex   4.689155e-01 7.951287e+00 2.000000e+00
      vertex   4.689155e-01 7.951287e+00 2.000000e-01
    endloop
  endfacet
  facet normal -8.194483e-01 5.731531e-01 -5.054280e-17
    outer loop
      vertex   4.689155e-01 7.951287e+00 2.000000e-01
      vertex   4.689155e-01 7.951287e+00 2.000000e+00
      vertex   5.411711e-01 8.054592e+00 2.000000e+00
    endloop
  endfacet
  facet normal -8.194483e-01 5.731531e-01 5.160127e-16
    outer loop
      vertex   4.689155e-01 7.951287e+00 2.000000e-01
      vertex   5.411711e-01 8.054592e+00 2.000000e+00
      vertex   5.411711e-01 8.054592e+00 2.000000e-01
    endloop
  endfacet
  facet normal -9.225082e-01 3.859776e-01 3.240083e-16
    outer loop
      vertex   5.411711e-01 8.054592e+00 2.000000e-01
      vertex   5.411711e-01 8.054592e+00 2.000000e+00
      vertex   5.898301e-01 8.170890e+00 2.000000e+00
    endloop
  endfacet
  facet normal -9.225082e-01 3.859776e-01 -5.733474e-17
    outer loop
      vertex   5.411711e-01 8.054592e+00 2.000000e-01
      vertex   5.898301e-01 8.170890e+00 2.000000e+00
      vertex   5.898301e-01 8.170890e+00 2.000000e-01
    endloop
  endfacet
  facet normal -9.834500e-01 1.811798e-01 -6.065827e-17
    outer loop
      vertex   5.898301e-01 8.170890e+00 2.000000e-01
      vertex   5.898301e-01 8.170890e+00 2.000000e+00
      vertex   6.126709e-01 8.294871e+00 2.000000e-01
    endloop
  endfacet
  facet normal -9.834500e-01 1.811798e-01 -6.065827e-16
    outer loop
      vertex   6.126709e-01 8.294871e+00 2.000000e-01
      vertex   5.898301e-01 8.170890e+00 2.000000e+00
      vertex   6.126709e-01 8.294871e+00 2.000000e+00
    endloop
  endfacet
  facet normal -9.971779e-01 7.507456e-02 -6.150499e-16
    outer loop
      vertex   6.126709e-01 8.294871e+00 2.000000e+00
      vertex   6.231639e-01 8.434244e+00 2.000000e+00
      vertex   6.126709e-01 8.294871e+00 2.000000e-01
    endloop
  endfacet
  facet normal -9.971779e-01 7.507456e-02 0.000000e+00
    outer loop
      vertex   6.126709e-01 8.294871e+00 2.000000e-01
      vertex   6.231639e-01 8.434244e+00 2.000000e+00
      vertex   6.231639e-01 8.434244e+00 2.000000e-01
    endloop
  endfacet
  facet normal 4.378342e-01 8.990557e-01 -9.952674e-16
    outer loop
      vertex   2.629121e+00 7.289570e+00 2.000000e+00
      vertex   2.629121e+00 7.289570e+00 2.000000e-01
      vertex   2.515780e+00 7.344766e+00 2.000000e+00
    endloop
  endfacet
  facet normal 4.378342e-01 8.990557e-01 0.000000e+00
    outer loop
      vertex   2.515780e+00 7.344766e+00 2.000000e+00
      vertex   2.629121e+00 7.289570e+00 2.000000e-01
      vertex   2.515780e+00 7.344766e+00 2.000000e-01
    endloop
  endfacet
  facet normal 6.188435e-01 7.855143e-01 0.000000e+00
    outer loop
      vertex   2.515780e+00 7.344766e+00 2.000000e+00
      vertex   2.515780e+00 7.344766e+00 2.000000e-01
      vertex   2.416752e+00 7.422782e+00 2.000000e-01
    endloop
  endfacet
  facet normal 6.188435e-01 7.855143e-01 -1.528926e-16
    outer loop
      vertex   2.515780e+00 7.344766e+00 2.000000e+00
      vertex   2.416752e+00 7.422782e+00 2.000000e-01
      vertex   2.416752e+00 7.422782e+00 2.000000e+00
    endloop
  endfacet
  facet normal 7.715989e-01 6.361094e-01 -1.903660e-16
    outer loop
      vertex   2.416752e+00 7.422782e+00 2.000000e+00
      vertex   2.416752e+00 7.422782e+00 2.000000e-01
      vertex   2.336560e+00 7.520055e+00 2.000000e-01
    endloop
  endfacet
  facet normal 7.715989e-01 6.361094e-01 0.000000e+00
    outer loop
      vertex   2.416752e+00 7.422782e+00 2.000000e+00
      vertex   2.336560e+00 7.520055e+00 2.000000e-01
      vertex   2.336560e+00 7.520055e+00 2.000000e+00
    endloop
  endfacet
  facet normal 8.891262e-01 4.576622e-01 0.000000e+00
    outer loop
      vertex   2.336560e+00 7.520055e+00 2.000000e+00
      vertex   2.336560e+00 7.520055e+00 2.000000e-01
      vertex   2.278864e+00 7.632144e+00 2.000000e-01
    endloop
  endfacet
  facet normal 8.891262e-01 4.576622e-01 0.000000e+00
    outer loop
      vertex   2.336560e+00 7.520055e+00 2.000000e+00
      vertex   2.278864e+00 7.632144e+00 2.000000e-01
      vertex   2.278864e+00 7.632144e+00 2.000000e+00
    endloop
  endfacet
  facet normal 9.660594e-01 2.583200e-01 0.000000e+00
    outer loop
      vertex   2.278864e+00 7.632144e+00 2.000000e+00
      vertex   2.278864e+00 7.632144e+00 2.000000e-01
      vertex   2.246298e+00 7.753932e+00 2.000000e-01
    endloop
  endfacet
  facet normal 9.660594e-01 2.583200e-01 0.000000e+00
    outer loop
      vertex   2.278864e+00 7.632144e+00 2.000000e+00
      vertex   2.246298e+00 7.753932e+00 2.000000e-01
      vertex   2.246298e+00 7.753932e+00 2.000000e+00
    endloop
  endfacet
  facet normal 9.988862e-01 4.718388e-02 0.000000e+00
    outer loop
      vertex   2.246298e+00 7.753932e+00 2.000000e+00
      vertex   2.246298e+00 7.753932e+00 2.000000e-01
      vertex   2.240350e+00 7.879859e+00 2.000000e-01
    endloop
  endfacet
  facet normal 9.988862e-01 4.718388e-02 0.000000e+00
    outer loop
      vertex   2.246298e+00 7.753932e+00 2.000000e+00
      vertex   2.240350e+00 7.879859e+00 2.000000e-01
      vertex   2.240350e+00 7.879859e+00 2.000000e+00
    endloop
  endfacet
  facet normal 9.861078e-01 -1.661064e-01 0.000000e+00
    outer loop
      vertex   2.240350e+00 7.879859e+00 2.000000e+00
      vertex   2.240350e+00 7.879859e+00 2.000000e-01
      vertex   2.261290e+00 8.004174e+00 2.000000e+00
    endloop
  endfacet
  facet normal 9.861078e-01 -1.661064e-01 -2.432888e-16
    outer loop
      vertex   2.261290e+00 8.004174e+00 2.000000e+00
      vertex   2.240350e+00 7.879859e+00 2.000000e-01
      vertex   2.261290e+00 8.004174e+00 2.000000e-01
    endloop
  endfacet
  facet normal 9.627177e-01 -2.705079e-01 -2.375181e-16
    outer loop
      vertex   2.261290e+00 8.004174e+00 2.000000e-01
      vertex   2.299099e+00 8.138731e+00 2.000000e-01
      vertex   2.261290e+00 8.004174e+00 2.000000e+00
    endloop
  endfacet
  facet normal 9.627177e-01 -2.705079e-01 0.000000e+00
    outer loop
      vertex   2.261290e+00 8.004174e+00 2.000000e+00
      vertex   2.299099e+00 8.138731e+00 2.000000e-01
      vertex   2.299099e+00 8.138731e+00 2.000000e+00
    endloop
  endfacet
  facet normal 2.425015e-01 9.701510e-01 -1.196581e-16
    outer loop
      vertex   2.671622e+00 7.274101e+00 2.000000e-01
      vertex   2.671622e+00 7.274101e+00 2.000000e+00
      vertex   2.793926e+00 7.243529e+00 2.000000e-01
    endloop
  endfacet
  facet normal 2.425015e-01 9.701510e-01 -1.196581e-16
    outer loop
      vertex   2.793926e+00 7.243529e+00 2.000000e-01
      vertex   2.671622e+00 7.274101e+00 2.000000e+00
      vertex   2.793926e+00 7.243529e+00 2.000000e+00
    endloop
  endfacet
  facet normal 3.085721e-02 9.995238e-01 -1.522595e-17
    outer loop
      vertex   2.793926e+00 7.243529e+00 2.000000e-01
      vertex   2.793926e+00 7.243529e+00 2.000000e+00
      vertex   2.919932e+00 7.239639e+00 2.000000e+00
    endloop
  endfacet
  facet normal 3.085721e-02 9.995238e-01 -7.644632e-18
    outer loop
      vertex   2.793926e+00 7.243529e+00 2.000000e-01
      vertex   2.919932e+00 7.239639e+00 2.000000e+00
      vertex   2.919932e+00 7.239639e+00 2.000000e-01
    endloop
  endfacet
  facet normal -1.821959e-01 9.832623e-01 4.495067e-17
    outer loop
      vertex   2.919932e+00 7.239639e+00 2.000000e-01
      vertex   2.919932e+00 7.239639e+00 2.000000e+00
      vertex   3.043889e+00 7.262608e+00 2.000000e+00
    endloop
  endfacet
  facet normal -1.821959e-01 9.832623e-01 4.586779e-17
    outer loop
      vertex   2.919932e+00 7.239639e+00 2.000000e-01
      vertex   3.043889e+00 7.262608e+00 2.000000e+00
      vertex   3.043889e+00 7.262608e+00 2.000000e-01
    endloop
  endfacet
  facet normal -3.869306e-01 9.221089e-01 9.546205e-17
    outer loop
      vertex   3.043889e+00 7.262608e+00 2.000000e-01
      vertex   3.043889e+00 7.262608e+00 2.000000e+00
      vertex   3.160137e+00 7.311387e+00 2.000000e+00
    endloop
  endfacet
  facet normal -3.869306e-01 9.221089e-01 1.911158e-16
    outer loop
      vertex   3.043889e+00 7.262608e+00 2.000000e-01
      vertex   3.160137e+00 7.311387e+00 2.000000e+00
      vertex   3.160137e+00 7.311387e+00 2.000000e-01
    endloop
  endfacet
  facet normal -5.739996e-01 8.188556e-01 2.832300e-16
    outer loop
      vertex   3.160137e+00 7.311387e+00 2.000000e-01
      vertex   3.160137e+00 7.311387e+00 2.000000e+00
      vertex   3.263367e+00 7.383749e+00 2.000000e+00
    endloop
  endfacet
  facet normal -5.739996e-01 8.188556e-01 1.414257e-16
    outer loop
      vertex   3.160137e+00 7.311387e+00 2.000000e-01
      vertex   3.263367e+00 7.383749e+00 2.000000e+00
      vertex   3.263367e+00 7.383749e+00 2.000000e-01
    endloop
  endfacet
  facet normal -7.348620e-01 6.782166e-01 1.813024e-16
    outer loop
      vertex   3.263367e+00 7.383749e+00 2.000000e-01
      vertex   3.263367e+00 7.383749e+00 2.000000e+00
      vertex   3.348868e+00 7.476391e+00 2.000000e+00
    endloop
  endfacet
  facet normal -7.348620e-01 6.782166e-01 0.000000e+00
    outer loop
      vertex   3.263367e+00 7.383749e+00 2.000000e-01
      vertex   3.348868e+00 7.476391e+00 2.000000e+00
      vertex   3.348868e+00 7.476391e+00 2.000000e-01
    endloop
  endfacet
  facet normal -8.621736e-01 5.066130e-01 0.000000e+00
    outer loop
      vertex   3.348868e+00 7.476391e+00 2.000000e-01
      vertex   3.348868e+00 7.476391e+00 2.000000e+00
      vertex   3.412735e+00 7.585083e+00 2.000000e-01
    endloop
  endfacet
  facet normal -8.621736e-01 5.066130e-01 6.381366e-16
    outer loop
      vertex   3.412735e+00 7.585083e+00 2.000000e-01
      vertex   3.348868e+00 7.476391e+00 2.000000e+00
      vertex   3.412735e+00 7.585083e+00 2.000000e+00
    endloop
  endfacet
  facet normal -9.113637e-01 4.116019e-01 6.745447e-16
    outer loop
      vertex   3.412735e+00 7.585083e+00 2.000000e+00
      vertex   3.470264e+00 7.712462e+00 2.000000e+00
      vertex   3.412735e+00 7.585083e+00 2.000000e-01
    endloop
  endfacet
  facet normal -9.113637e-01 4.116019e-01 0.000000e+00
    outer loop
      vertex   3.412735e+00 7.585083e+00 2.000000e-01
      vertex   3.470264e+00 7.712462e+00 2.000000e+00
      vertex   3.470264e+00 7.712462e+00 2.000000e-01
    endloop
  endfacet
  facet normal 7.189247e-01 6.950879e-01 -3.547408e-16
    outer loop
      vertex   4.963745e+00 5.950742e+00 2.000000e+00
      vertex   4.963745e+00 5.950742e+00 2.000000e-01
      vertex   4.876117e+00 6.041375e+00 2.000000e+00
    endloop
  endfacet
  facet normal 7.189247e-01 6.950879e-01 0.000000e+00
    outer loop
      vertex   4.876117e+00 6.041375e+00 2.000000e+00
      vertex   4.963745e+00 5.950742e+00 2.000000e-01
      vertex   4.876117e+00 6.041375e+00 2.000000e-01
    endloop
  endfacet
  facet normal 8.501844e-01 5.264850e-01 0.000000e+00
    outer loop
      vertex   4.876117e+00 6.041375e+00 2.000000e+00
      vertex   4.876117e+00 6.041375e+00 2.000000e-01
      vertex   4.809745e+00 6.148555e+00 2.000000e-01
    endloop
  endfacet
  facet normal 8.501844e-01 5.264850e-01 0.000000e+00
    outer loop
      vertex   4.876117e+00 6.041375e+00 2.000000e+00
      vertex   4.809745e+00 6.148555e+00 2.000000e-01
      vertex   4.809745e+00 6.148555e+00 2.000000e+00
    endloop
  endfacet
  facet normal 9.426280e-01 3.338449e-01 0.000000e+00
    outer loop
      vertex   4.809745e+00 6.148555e+00 2.000000e+00
      vertex   4.809745e+00 6.148555e+00 2.000000e-01
      vertex   4.767658e+00 6.267389e+00 2.000000e-01
    endloop
  endfacet
  facet normal 9.426280e-01 3.338449e-01 0.000000e+00
    outer loop
      vertex   4.809745e+00 6.148555e+00 2.000000e+00
      vertex   4.767658e+00 6.267389e+00 2.000000e-01
      vertex   4.767658e+00 6.267389e+00 2.000000e+00
    endloop
  endfacet
  facet normal 9.920350e-01 1.259627e-01 0.000000e+00
    outer loop
      vertex   4.767658e+00 6.267389e+00 2.000000e+00
      vertex   4.767658e+00 6.267389e+00 2.000000e-01
      vertex   4.751779e+00 6.392452e+00 2.000000e-01
    endloop
  endfacet
  facet normal 9.920350e-01 1.259627e-01 0.000000e+00
    outer loop
      vertex   4.767658e+00 6.267389e+00 2.000000e+00
      vertex   4.751779e+00 6.392452e+00 2.000000e-01
      vertex   4.751779e+00 6.392452e+00 2.000000e+00
    endloop
  endfacet
  facet normal 9.961495e-01 -8.767041e-02 0.000000e+00
    outer loop
      vertex   4.751779e+00 6.392452e+00 2.000000e+00
      vertex   4.751779e+00 6.392452e+00 2.000000e-01
      vertex   4.762831e+00 6.518034e+00 2.000000e-01
    endloop
  endfacet
  facet normal 9.961495e-01 -8.767041e-02 0.000000e+00
    outer loop
      vertex   4.751779e+00 6.392452e+00 2.000000e+00
      vertex   4.762831e+00 6.518034e+00 2.000000e-01
      vertex   4.762831e+00 6.518034e+00 2.000000e+00
    endloop
  endfacet
  facet normal 9.547838e-01 -2.973009e-01 0.000000e+00
    outer loop
      vertex   4.762831e+00 6.518034e+00 2.000000e+00
      vertex   4.762831e+00 6.518034e+00 2.000000e-01
      vertex   4.800311e+00 6.638400e+00 2.000000e-01
    endloop
  endfacet
  facet normal 9.547838e-01 -2.973009e-01 -2.943183e-16
    outer loop
      vertex   4.762831e+00 6.518034e+00 2.000000e+00
      vertex   4.800311e+00 6.638400e+00 2.000000e-01
      vertex   4.800311e+00 6.638400e+00 2.000000e+00
    endloop
  endfacet
  facet normal 8.698265e-01 -4.933577e-01 -4.868774e-16
    outer loop
      vertex   4.800311e+00 6.638400e+00 2.000000e+00
      vertex   4.800311e+00 6.638400e+00 2.000000e-01
      vertex   4.862507e+00 6.748057e+00 2.000000e+00
    endloop
  endfacet
  facet normal 8.698265e-01 -4.933577e-01 0.000000e+00
    outer loop
      vertex   4.862507e+00 6.748057e+00 2.000000e+00
      vertex   4.800311e+00 6.638400e+00 2.000000e-01
      vertex   4.862507e+00 6.748057e+00 2.000000e-01
    endloop
  endfacet
  facet normal 8.121396e-01 -5.834632e-01 0.000000e+00
    outer loop
      vertex   4.862507e+00 6.748057e+00 2.000000e-01
      vertex   4.944056e+00 6.861568e+00 2.000000e-01
      vertex   4.862507e+00 6.748057e+00 2.000000e+00
    endloop
  endfacet
  facet normal 8.121396e-01 -5.834632e-01 0.000000e+00
    outer loop
      vertex   4.862507e+00 6.748057e+00 2.000000e+00
      vertex   4.944056e+00 6.861568e+00 2.000000e-01
      vertex   4.944056e+00 6.861568e+00 2.000000e+00
    endloop
  endfacet
  facet normal 5.596880e-01 8.287034e-01 -0.000000e+00
    outer loop
      vertex   4.998392e+00 5.921670e+00 2.000000e-01
      vertex   4.998392e+00 5.921670e+00 2.000000e+00
      vertex   5.102864e+00 5.851112e+00 2.000000e-01
    endloop
  endfacet
  facet normal 5.596880e-01 8.287034e-01 -0.000000e+00
    outer loop
      vertex   5.102864e+00 5.851112e+00 2.000000e-01
      vertex   4.998392e+00 5.921670e+00 2.000000e+00
      vertex   5.102864e+00 5.851112e+00 2.000000e+00
    endloop
  endfacet
  facet normal 3.708536e-01 9.286914e-01 -0.000000e+00
    outer loop
      vertex   5.102864e+00 5.851112e+00 2.000000e-01
      vertex   5.102864e+00 5.851112e+00 2.000000e+00
      vertex   5.219941e+00 5.804360e+00 2.000000e+00
    endloop
  endfacet
  facet normal 3.708536e-01 9.286914e-01 0.000000e+00
    outer loop
      vertex   5.102864e+00 5.851112e+00 2.000000e-01
      vertex   5.219941e+00 5.804360e+00 2.000000e+00
      vertex   5.219941e+00 5.804360e+00 2.000000e-01
    endloop
  endfacet
  facet normal 1.650874e-01 9.862789e-01 -0.000000e+00
    outer loop
      vertex   5.219941e+00 5.804360e+00 2.000000e-01
      vertex   5.219941e+00 5.804360e+00 2.000000e+00
      vertex   5.344278e+00 5.783548e+00 2.000000e+00
    endloop
  endfacet
  facet normal 1.650874e-01 9.862789e-01 0.000000e+00
    outer loop
      vertex   5.219941e+00 5.804360e+00 2.000000e-01
      vertex   5.344278e+00 5.783548e+00 2.000000e+00
      vertex   5.344278e+00 5.783548e+00 2.000000e-01
    endloop
  endfacet
  facet normal -4.821600e-02 9.988369e-01 0.000000e+00
    outer loop
      vertex   5.344278e+00 5.783548e+00 2.000000e-01
      vertex   5.344278e+00 5.783548e+00 2.000000e+00
      vertex   5.470199e+00 5.789626e+00 2.000000e+00
    endloop
  endfacet
  facet normal -4.821600e-02 9.988369e-01 0.000000e+00
    outer loop
      vertex   5.344278e+00 5.783548e+00 2.000000e-01
      vertex   5.470199e+00 5.789626e+00 2.000000e+00
      vertex   5.470199e+00 5.789626e+00 2.000000e-01
    endloop
  endfacet
  facet normal -2.593181e-01 9.657920e-01 0.000000e+00
    outer loop
      vertex   5.470199e+00 5.789626e+00 2.000000e-01
      vertex   5.470199e+00 5.789626e+00 2.000000e+00
      vertex   5.591953e+00 5.822318e+00 2.000000e+00
    endloop
  endfacet
  facet normal -2.593181e-01 9.657920e-01 1.299587e-16
    outer loop
      vertex   5.470199e+00 5.789626e+00 2.000000e-01
      vertex   5.591953e+00 5.822318e+00 2.000000e+00
      vertex   5.591953e+00 5.822318e+00 2.000000e-01
    endloop
  endfacet
  facet normal -4.585807e-01 8.886528e-01 2.262786e-16
    outer loop
      vertex   5.591953e+00 5.822318e+00 2.000000e-01
      vertex   5.591953e+00 5.822318e+00 2.000000e+00
      vertex   5.703983e+00 5.880129e+00 2.000000e+00
    endloop
  endfacet
  facet normal -4.585807e-01 8.886528e-01 -8.753104e-16
    outer loop
      vertex   5.591953e+00 5.822318e+00 2.000000e-01
      vertex   5.703983e+00 5.880129e+00 2.000000e+00
      vertex   5.703983e+00 5.880129e+00 2.000000e-01
    endloop
  endfacet
  facet normal -6.369063e-01 7.709412e-01 -7.608148e-16
    outer loop
      vertex   5.703983e+00 5.880129e+00 2.000000e-01
      vertex   5.703983e+00 5.880129e+00 2.000000e+00
      vertex   5.801173e+00 5.960422e+00 2.000000e-01
    endloop
  endfacet
  facet normal -6.369063e-01 7.709412e-01 -6.946777e-16
    outer loop
      vertex   5.801173e+00 5.960422e+00 2.000000e-01
      vertex   5.703983e+00 5.880129e+00 2.000000e+00
      vertex   5.801173e+00 5.960422e+00 2.000000e+00
    endloop
  endfacet
  facet normal -7.156256e-01 6.984841e-01 -6.977676e-16
    outer loop
      vertex   5.801173e+00 5.960422e+00 2.000000e+00
      vertex   5.898799e+00 6.060443e+00 2.000000e+00
      vertex   5.801173e+00 5.960422e+00 2.000000e-01
    endloop
  endfacet
  facet normal -7.156256e-01 6.984841e-01 0.000000e+00
    outer loop
      vertex   5.801173e+00 5.960422e+00 2.000000e-01
      vertex   5.898799e+00 6.060443e+00 2.000000e+00
      vertex   5.898799e+00 6.060443e+00 2.000000e-01
    endloop
  endfacet
  facet normal 9.133023e-01 4.072823e-01 -4.506530e-16
    outer loop
      vertex   6.699668e+00 3.894168e+00 2.000000e+00
      vertex   6.699668e+00 3.894168e+00 2.000000e-01
      vertex   6.648324e+00 4.009305e+00 2.000000e+00
    endloop
  endfacet
  facet normal 9.133023e-01 4.072823e-01 6.516193e-16
    outer loop
      vertex   6.648324e+00 4.009305e+00 2.000000e+00
      vertex   6.699668e+00 3.894168e+00 2.000000e-01
      vertex   6.648324e+00 4.009305e+00 2.000000e-01
    endloop
  endfacet
  facet normal 9.789805e-01 2.039539e-01 5.836982e-16
    outer loop
      vertex   6.648324e+00 4.009305e+00 2.000000e+00
      vertex   6.648324e+00 4.009305e+00 2.000000e-01
      vertex   6.622612e+00 4.132722e+00 2.000000e-01
    endloop
  endfacet
  facet normal 9.789805e-01 2.039539e-01 0.000000e+00
    outer loop
      vertex   6.648324e+00 4.009305e+00 2.000000e+00
      vertex   6.622612e+00 4.132722e+00 2.000000e-01
      vertex   6.622612e+00 4.132722e+00 2.000000e+00
    endloop
  endfacet
  facet normal 9.999623e-01 -8.686186e-03 0.000000e+00
    outer loop
      vertex   6.622612e+00 4.132722e+00 2.000000e+00
      vertex   6.622612e+00 4.132722e+00 2.000000e-01
      vertex   6.623707e+00 4.258784e+00 2.000000e-01
    endloop
  endfacet
  facet normal 9.999623e-01 -8.686186e-03 4.934371e-16
    outer loop
      vertex   6.622612e+00 4.132722e+00 2.000000e+00
      vertex   6.623707e+00 4.258784e+00 2.000000e-01
      vertex   6.623707e+00 4.258784e+00 2.000000e+00
    endloop
  endfacet
  facet normal 9.752897e-01 -2.209297e-01 4.812396e-16
    outer loop
      vertex   6.623707e+00 4.258784e+00 2.000000e+00
      vertex   6.623707e+00 4.258784e+00 2.000000e-01
      vertex   6.651559e+00 4.381736e+00 2.000000e-01
    endloop
  endfacet
  facet normal 9.752897e-01 -2.209297e-01 -1.089360e-16
    outer loop
      vertex   6.623707e+00 4.258784e+00 2.000000e+00
      vertex   6.651559e+00 4.381736e+00 2.000000e-01
      vertex   6.651559e+00 4.381736e+00 2.000000e+00
    endloop
  endfacet
  facet normal 9.060893e-01 -4.230864e-01 -2.087646e-16
    outer loop
      vertex   6.651559e+00 4.381736e+00 2.000000e+00
      vertex   6.651559e+00 4.381736e+00 2.000000e-01
      vertex   6.704896e+00 4.495964e+00 2.000000e-01
    endloop
  endfacet
  facet normal 9.060893e-01 -4.230864e-01 0.000000e+00
    outer loop
      vertex   6.651559e+00 4.381736e+00 2.000000e+00
      vertex   6.704896e+00 4.495964e+00 2.000000e-01
      vertex   6.704896e+00 4.495964e+00 2.000000e+00
    endloop
  endfacet
  facet normal 7.955205e-01 -6.059267e-01 0.000000e+00
    outer loop
      vertex   6.704896e+00 4.495964e+00 2.000000e+00
      vertex   6.704896e+00 4.495964e+00 2.000000e-01
      vertex   6.781283e+00 4.596253e+00 2.000000e-01
    endloop
  endfacet
  facet normal 7.955205e-01 -6.059267e-01 -2.981407e-16
    outer loop
      vertex   6.704896e+00 4.495964e+00 2.000000e+00
      vertex   6.781283e+00 4.596253e+00 2.000000e-01
      vertex   6.781283e+00 4.596253e+00 2.000000e+00
    endloop
  endfacet
  facet normal 6.486313e-01 -7.611028e-01 -3.755528e-16
    outer loop
      vertex   6.781283e+00 4.596253e+00 2.000000e+00
      vertex   6.781283e+00 4.596253e+00 2.000000e-01
      vertex   6.877233e+00 4.678024e+00 2.000000e+00
    endloop
  endfacet
  facet normal 6.486313e-01 -7.611028e-01 -3.755528e-16
    outer loop
      vertex   6.877233e+00 4.678024e+00 2.000000e+00
      vertex   6.781283e+00 4.596253e+00 2.000000e-01
      vertex   6.877233e+00 4.678024e+00 2.000000e-01
    endloop
  endfacet
  facet normal 5.636054e-01 -8.260441e-01 -4.075970e-16
    outer loop
      vertex   6.877233e+00 4.678024e+00 2.000000e-01
      vertex   6.992687e+00 4.756798e+00 2.000000e-01
      vertex   6.877233e+00 4.678024e+00 2.000000e+00
    endloop
  endfacet
  facet normal 5.636054e-01 -8.260441e-01 0.000000e+00
    outer loop
      vertex   6.877233e+00 4.678024e+00 2.000000e+00
      vertex   6.992687e+00 4.756798e+00 2.000000e-01
      vertex   6.992687e+00 4.756798e+00 2.000000e+00
    endloop
  endfacet
  facet normal 8.093680e-01 5.873019e-01 -0.000000e+00
    outer loop
      vertex   6.722283e+00 3.854999e+00 2.000000e-01
      vertex   6.722283e+00 3.854999e+00 2.000000e+00
      vertex   6.796322e+00 3.752965e+00 2.000000e-01
    endloop
  endfacet
  facet normal 8.093680e-01 5.873019e-01 -0.000000e+00
    outer loop
      vertex   6.796322e+00 3.752965e+00 2.000000e-01
      vertex   6.722283e+00 3.854999e+00 2.000000e+00
      vertex   6.796322e+00 3.752965e+00 2.000000e+00
    endloop
  endfacet
  facet normal 6.661195e-01 7.458450e-01 -0.000000e+00
    outer loop
      vertex   6.796322e+00 3.752965e+00 2.000000e-01
      vertex   6.796322e+00 3.752965e+00 2.000000e+00
      vertex   6.890348e+00 3.668989e+00 2.000000e+00
    endloop
  endfacet
  facet normal 6.661195e-01 7.458450e-01 0.000000e+00
    outer loop
      vertex   6.796322e+00 3.752965e+00 2.000000e-01
      vertex   6.890348e+00 3.668989e+00 2.000000e+00
      vertex   6.890348e+00 3.668989e+00 2.000000e-01
    endloop
  endfacet
  facet normal 4.924587e-01 8.703358e-01 -0.000000e+00
    outer loop
      vertex   6.890348e+00 3.668989e+00 2.000000e-01
      vertex   6.890348e+00 3.668989e+00 2.000000e+00
      vertex   7.000069e+00 3.606906e+00 2.000000e+00
    endloop
  endfacet
  facet normal 4.924587e-01 8.703358e-01 0.000000e+00
    outer loop
      vertex   6.890348e+00 3.668989e+00 2.000000e-01
      vertex   7.000069e+00 3.606906e+00 2.000000e+00
      vertex   7.000069e+00 3.606906e+00 2.000000e-01
    endloop
  endfacet
  facet normal 2.963141e-01 9.550905e-01 -0.000000e+00
    outer loop
      vertex   7.000069e+00 3.606906e+00 2.000000e-01
      vertex   7.000069e+00 3.606906e+00 2.000000e+00
      vertex   7.120474e+00 3.569551e+00 2.000000e+00
    endloop
  endfacet
  facet normal 2.963141e-01 9.550905e-01 0.000000e+00
    outer loop
      vertex   7.000069e+00 3.606906e+00 2.000000e-01
      vertex   7.120474e+00 3.569551e+00 2.000000e+00
      vertex   7.120474e+00 3.569551e+00 2.000000e-01
    endloop
  endfacet
  facet normal 8.664105e-02 9.962396e-01 -0.000000e+00
    outer loop
      vertex   7.120474e+00 3.569551e+00 2.000000e-01
      vertex   7.120474e+00 3.569551e+00 2.000000e+00
      vertex   7.246067e+00 3.558628e+00 2.000000e+00
    endloop
  endfacet
  facet normal 8.664105e-02 9.962396e-01 0.000000e+00
    outer loop
      vertex   7.120474e+00 3.569551e+00 2.000000e-01
      vertex   7.246067e+00 3.558628e+00 2.000000e+00
      vertex   7.246067e+00 3.558628e+00 2.000000e-01
    endloop
  endfacet
  facet normal -1.269877e-01 9.919043e-01 0.000000e+00
    outer loop
      vertex   7.246067e+00 3.558628e+00 2.000000e-01
      vertex   7.246067e+00 3.558628e+00 2.000000e+00
      vertex   7.371113e+00 3.574637e+00 2.000000e+00
    endloop
  endfacet
  facet normal -1.269877e-01 9.919043e-01 0.000000e+00
    outer loop
      vertex   7.246067e+00 3.558628e+00 2.000000e-01
      vertex   7.371113e+00 3.574637e+00 2.000000e+00
      vertex   7.371113e+00 3.574637e+00 2.000000e-01
    endloop
  endfacet
  facet normal -3.348187e-01 9.422826e-01 0.000000e+00
    outer loop
      vertex   7.371113e+00 3.574637e+00 2.000000e-01
      vertex   7.371113e+00 3.574637e+00 2.000000e+00
      vertex   7.489904e+00 3.616847e+00 2.000000e-01
    endloop
  endfacet
  facet normal -3.348187e-01 9.422826e-01 0.000000e+00
    outer loop
      vertex   7.489904e+00 3.616847e+00 2.000000e-01
      vertex   7.371113e+00 3.574637e+00 2.000000e+00
      vertex   7.489904e+00 3.616847e+00 2.000000e+00
    endloop
  endfacet
  facet normal -4.335725e-01 9.011187e-01 0.000000e+00
    outer loop
      vertex   7.489904e+00 3.616847e+00 2.000000e+00
      vertex   7.615851e+00 3.677446e+00 2.000000e+00
      vertex   7.489904e+00 3.616847e+00 2.000000e-01
    endloop
  endfacet
  facet normal -4.335725e-01 9.011187e-01 0.000000e+00
    outer loop
      vertex   7.489904e+00 3.616847e+00 2.000000e-01
      vertex   7.615851e+00 3.677446e+00 2.000000e+00
      vertex   7.615851e+00 3.677446e+00 2.000000e-01
    endloop
  endfacet
  facet normal 9.975222e-01 7.035235e-02 -5.008884e-16
    outer loop
      vertex   7.627513e+00 1.367899e+00 2.000000e+00
      vertex   7.627513e+00 1.367899e+00 2.000000e-01
      vertex   7.618644e+00 1.493654e+00 2.000000e+00
    endloop
  endfacet
  facet normal 9.975222e-01 7.035235e-02 0.000000e+00
    outer loop
      vertex   7.618644e+00 1.493654e+00 2.000000e+00
      vertex   7.627513e+00 1.367899e+00 2.000000e-01
      vertex   7.618644e+00 1.493654e+00 2.000000e-01
    endloop
  endfacet
  facet normal 9.896971e-01 -1.431771e-01 0.000000e+00
    outer loop
      vertex   7.618644e+00 1.493654e+00 2.000000e+00
      vertex   7.618644e+00 1.493654e+00 2.000000e-01
      vertex   7.636694e+00 1.618422e+00 2.000000e-01
    endloop
  endfacet
  facet normal 9.896971e-01 -1.431771e-01 0.000000e+00
    outer loop
      vertex   7.618644e+00 1.493654e+00 2.000000e+00
      vertex   7.636694e+00 1.618422e+00 2.000000e-01
      vertex   7.636694e+00 1.618422e+00 2.000000e+00
    endloop
  endfacet
  facet normal 9.366863e-01 -3.501696e-01 0.000000e+00
    outer loop
      vertex   7.636694e+00 1.618422e+00 2.000000e+00
      vertex   7.636694e+00 1.618422e+00 2.000000e-01
      vertex   7.680838e+00 1.736507e+00 2.000000e-01
    endloop
  endfacet
  facet normal 9.366863e-01 -3.501696e-01 0.000000e+00
    outer loop
      vertex   7.636694e+00 1.618422e+00 2.000000e+00
      vertex   7.680838e+00 1.736507e+00 2.000000e-01
      vertex   7.680838e+00 1.736507e+00 2.000000e+00
    endloop
  endfacet
  facet normal 8.409102e-01 -5.411747e-01 0.000000e+00
    outer loop
      vertex   7.680838e+00 1.736507e+00 2.000000e+00
      vertex   7.680838e+00 1.736507e+00 2.000000e-01
      vertex   7.749063e+00 1.842518e+00 2.000000e-01
    endloop
  endfacet
  facet normal 8.409102e-01 -5.411747e-01 0.000000e+00
    outer loop
      vertex   7.680838e+00 1.736507e+00 2.000000e+00
      vertex   7.749063e+00 1.842518e+00 2.000000e-01
      vertex   7.749063e+00 1.842518e+00 2.000000e+00
    endloop
  endfacet
  facet normal 7.067414e-01 -7.074720e-01 0.000000e+00
    outer loop
      vertex   7.749063e+00 1.842518e+00 2.000000e+00
      vertex   7.749063e+00 1.842518e+00 2.000000e-01
      vertex   7.838251e+00 1.931615e+00 2.000000e-01
    endloop
  endfacet
  facet normal 7.067414e-01 -7.074720e-01 0.000000e+00
    outer loop
      vertex   7.749063e+00 1.842518e+00 2.000000e+00
      vertex   7.838251e+00 1.931615e+00 2.000000e-01
      vertex   7.838251e+00 1.931615e+00 2.000000e+00
    endloop
  endfacet
  facet normal 5.403056e-01 -8.414689e-01 0.000000e+00
    outer loop
      vertex   7.838251e+00 1.931615e+00 2.000000e+00
      vertex   7.838251e+00 1.931615e+00 2.000000e-01
      vertex   7.944333e+00 1.999729e+00 2.000000e-01
    endloop
  endfacet
  facet normal 5.403056e-01 -8.414689e-01 0.000000e+00
    outer loop
      vertex   7.838251e+00 1.931615e+00 2.000000e+00
      vertex   7.944333e+00 1.999729e+00 2.000000e-01
      vertex   7.944333e+00 1.999729e+00 2.000000e+00
    endloop
  endfacet
  facet normal 3.492015e-01 -9.370476e-01 0.000000e+00
    outer loop
      vertex   7.944333e+00 1.999729e+00 2.000000e+00
      vertex   7.944333e+00 1.999729e+00 2.000000e-01
      vertex   8.062464e+00 2.043752e+00 2.000000e+00
    endloop
  endfacet
  facet normal 3.492015e-01 -9.370476e-01 0.000000e+00
    outer loop
      vertex   8.062464e+00 2.043752e+00 2.000000e+00
      vertex   7.944333e+00 1.999729e+00 2.000000e-01
      vertex   8.062464e+00 2.043752e+00 2.000000e-01
    endloop
  endfacet
  facet normal 2.470921e-01 -9.689920e-01 0.000000e+00
    outer loop
      vertex   8.062464e+00 2.043752e+00 2.000000e-01
      vertex   8.197897e+00 2.078288e+00 2.000000e-01
      vertex   8.062464e+00 2.043752e+00 2.000000e+00
    endloop
  endfacet
  facet normal 2.470921e-01 -9.689920e-01 0.000000e+00
    outer loop
      vertex   8.062464e+00 2.043752e+00 2.000000e+00
      vertex   8.197897e+00 2.078288e+00 2.000000e-01
      vertex   8.197897e+00 2.078288e+00 2.000000e+00
    endloop
  endfacet
  facet normal 7.564921e-01 6.540029e-01 0.000000e+00
    outer loop
      vertex   9.503706e+00 -3.111202e+00 2.000000e+00
      vertex   9.503706e+00 -3.111202e+00 2.000000e-01
      vertex   9.358306e+00 -2.943018e+00 2.000000e+00
    endloop
  endfacet
  facet normal 7.561115e-01 6.544428e-01 -7.184745e-05
    outer loop
      vertex   9.358306e+00 -2.943018e+00 2.000000e+00
      vertex   9.503706e+00 -3.111202e+00 2.000000e-01
      vertex   9.354414e+00 -2.938718e+00 2.000000e-01
    endloop
  endfacet
  facet normal 7.266935e-01 6.869618e-01 6.944204e-05
    outer loop
      vertex   9.358306e+00 -2.943018e+00 2.000000e+00
      vertex   9.354414e+00 -2.938718e+00 2.000000e-01
      vertex   9.207861e+00 -2.783871e+00 2.000000e+00
    endloop
  endfacet
  facet normal 7.251365e-01 6.886051e-01 -1.986945e-04
    outer loop
      vertex   9.207861e+00 -2.783871e+00 2.000000e+00
      vertex   9.354414e+00 -2.938718e+00 2.000000e-01
      vertex   9.196708e+00 -2.772645e+00 2.000000e-01
    endloop
  endfacet
  facet normal 6.932656e-01 7.206821e-01 1.988491e-04
    outer loop
      vertex   9.207861e+00 -2.783871e+00 2.000000e+00
      vertex   9.196708e+00 -2.772645e+00 2.000000e-01
      vertex   9.052454e+00 -2.634377e+00 2.000000e+00
    endloop
  endfacet
  facet normal 6.895522e-01 7.242359e-01 -3.717377e-04
    outer loop
      vertex   9.052454e+00 -2.634377e+00 2.000000e+00
      vertex   9.196708e+00 -2.772645e+00 2.000000e-01
      vertex   9.031179e+00 -2.615043e+00 2.000000e-01
    endloop
  endfacet
  facet normal 6.552726e-01 7.553924e-01 3.680831e-04
    outer loop
      vertex   9.052454e+00 -2.634377e+00 2.000000e+00
      vertex   9.031179e+00 -2.615043e+00 2.000000e-01
      vertex   8.892135e+00 -2.495305e+00 2.000000e+00
    endloop
  endfacet
  facet normal 6.487240e-01 7.610236e-01 -5.123677e-04
    outer loop
      vertex   8.892135e+00 -2.495305e+00 2.000000e+00
      vertex   9.031179e+00 -2.615043e+00 2.000000e-01
      vertex   8.862440e+00 -2.471204e+00 2.000000e-01
    endloop
  endfacet
  facet normal 6.111922e-01 7.914821e-01 5.146244e-04
    outer loop
      vertex   8.892135e+00 -2.495305e+00 2.000000e+00
      vertex   8.862440e+00 -2.471204e+00 2.000000e-01
      vertex   8.726887e+00 -2.367699e+00 2.000000e+00
    endloop
  endfacet
  facet normal 6.044312e-01 7.966573e-01 -2.921130e-04
    outer loop
      vertex   8.726887e+00 -2.367699e+00 2.000000e+00
      vertex   8.862440e+00 -2.471204e+00 2.000000e-01
      vertex   8.709970e+00 -2.355524e+00 2.000000e-01
    endloop
  endfacet
  facet normal 5.594340e-01 8.288748e-01 3.486733e-04
    outer loop
      vertex   8.726887e+00 -2.367699e+00 2.000000e+00
      vertex   8.709970e+00 -2.355524e+00 2.000000e-01
      vertex   8.578875e+00 -2.267044e+00 2.000000e-01
    endloop
  endfacet
  facet normal 5.582326e-01 8.296844e-01 4.927388e-04
    outer loop
      vertex   8.726887e+00 -2.367699e+00 2.000000e+00
      vertex   8.578875e+00 -2.267044e+00 2.000000e-01
      vertex   8.556570e+00 -2.253106e+00 2.000000e+00
    endloop
  endfacet
  facet normal 5.150473e-01 8.571617e-01 -2.551647e-04
    outer loop
      vertex   8.556570e+00 -2.253106e+00 2.000000e+00
      vertex   8.578875e+00 -2.267044e+00 2.000000e-01
      vertex   8.472197e+00 -2.202944e+00 2.000000e-01
    endloop
  endfacet
  facet normal 4.903081e-01 8.715482e-01 1.305386e-03
    outer loop
      vertex   8.556570e+00 -2.253106e+00 2.000000e+00
      vertex   8.472197e+00 -2.202944e+00 2.000000e-01
      vertex   8.380764e+00 -2.154202e+00 2.000000e+00
    endloop
  endfacet
  facet normal 4.730969e-01 8.810104e-01 1.748984e-04
    outer loop
      vertex   8.380764e+00 -2.154202e+00 2.000000e+00
      vertex   8.472197e+00 -2.202944e+00 2.000000e-01
      vertex   8.392979e+00 -2.160404e+00 2.000000e-01
    endloop
  endfacet
  facet normal 4.388243e-01 8.985729e-01 -1.182061e-04
    outer loop
      vertex   8.380764e+00 -2.154202e+00 2.000000e+00
      vertex   8.392979e+00 -2.160404e+00 2.000000e-01
      vertex   8.343895e+00 -2.136434e+00 2.000000e-01
    endloop
  endfacet
  facet normal 4.243400e-01 9.055029e-01 2.468788e-04
    outer loop
      vertex   8.380764e+00 -2.154202e+00 2.000000e+00
      vertex   8.343895e+00 -2.136434e+00 2.000000e-01
      vertex   8.290589e+00 -2.111944e+00 2.000000e+00
    endloop
  endfacet
  facet normal 4.199165e-01 9.075627e-01 8.785604e-05
    outer loop
      vertex   8.290589e+00 -2.111944e+00 2.000000e+00
      vertex   8.343895e+00 -2.136434e+00 2.000000e-01
      vertex   8.309931e+00 -2.120719e+00 2.000000e-01
    endloop
  endfacet
  facet normal 3.937865e-01 9.192019e-01 -2.496542e-04
    outer loop
      vertex   8.290589e+00 -2.111944e+00 2.000000e+00
      vertex   8.309931e+00 -2.120719e+00 2.000000e-01
      vertex   8.257803e+00 -2.098387e+00 2.000000e-01
    endloop
  endfacet
  facet normal 3.438495e-01 9.390244e-01 8.092218e-04
    outer loop
      vertex   8.257803e+00 -2.098387e+00 2.000000e-01
      vertex   8.222254e+00 -2.085370e+00 2.000000e-01
      vertex   8.290589e+00 -2.111944e+00 2.000000e+00
    endloop
  endfacet
  facet normal 3.412984e-01 9.399546e-01 9.198059e-04
    outer loop
      vertex   8.290589e+00 -2.111944e+00 2.000000e+00
      vertex   8.222254e+00 -2.085370e+00 2.000000e-01
      vertex   8.197897e+00 -2.078288e+00 2.000000e+00
    endloop
  endfacet
  facet normal 2.792191e-01 9.602274e-01 0.000000e+00
    outer loop
      vertex   8.197897e+00 -2.078288e+00 2.000000e+00
      vertex   8.222254e+00 -2.085370e+00 2.000000e-01
      vertex   8.197897e+00 -2.078288e+00 2.000000e-01
    endloop
  endfacet
  facet normal 9.320153e-01 -3.624190e-01 0.000000e+00
    outer loop
      vertex   9.280103e+00 -3.725545e+00 2.000000e+00
      vertex   9.280103e+00 -3.725545e+00 2.000000e-01
      vertex   9.359095e+00 -3.522405e+00 2.000000e+00
    endloop
  endfacet
  facet normal 9.320153e-01 -3.624190e-01 0.000000e+00
    outer loop
      vertex   9.359095e+00 -3.522405e+00 2.000000e+00
      vertex   9.280103e+00 -3.725545e+00 2.000000e-01
      vertex   9.359095e+00 -3.522405e+00 2.000000e-01
    endloop
  endfacet
  facet normal 9.396926e-01 -3.420201e-01 0.000000e+00
    outer loop
      vertex   9.359095e+00 -3.522405e+00 2.000000e+00
      vertex   9.359095e+00 -3.522405e+00 2.000000e-01
      vertex   9.433641e+00 -3.317592e+00 2.000000e+00
    endloop
  endfacet
  facet normal 9.396926e-01 -3.420201e-01 0.000000e+00
    outer loop
      vertex   9.433641e+00 -3.317592e+00 2.000000e+00
      vertex   9.359095e+00 -3.522405e+00 2.000000e-01
      vertex   9.433641e+00 -3.317592e+00 2.000000e-01
    endloop
  endfacet
  facet normal 9.469236e-01 -3.214588e-01 0.000000e+00
    outer loop
      vertex   9.433641e+00 -3.317592e+00 2.000000e+00
      vertex   9.433641e+00 -3.317592e+00 2.000000e-01
      vertex   9.503706e+00 -3.111202e+00 2.000000e+00
    endloop
  endfacet
  facet normal 9.469236e-01 -3.214588e-01 0.000000e+00
    outer loop
      vertex   9.503706e+00 -3.111202e+00 2.000000e+00
      vertex   9.433641e+00 -3.317592e+00 2.000000e-01
      vertex   9.503706e+00 -3.111202e+00 2.000000e-01
    endloop
  endfacet
  facet normal -3.718557e-01 -9.282905e-01 0.000000e+00
    outer loop
      vertex   7.615851e+00 -3.677446e+00 2.000000e-01
      vertex   7.683267e+00 -3.704452e+00 2.000000e-01
      vertex   7.615851e+00 -3.677446e+00 2.000000e+00
    endloop
  endfacet
  facet normal -3.427413e-01 -9.394290e-01 1.257534e-03
    outer loop
      vertex   7.615851e+00 -3.677446e+00 2.000000e+00
      vertex   7.683267e+00 -3.704452e+00 2.000000e-01
      vertex   7.708492e+00 -3.711245e+00 2.000000e+00
    endloop
  endfacet
  facet normal -2.831418e-01 -9.590780e-01 3.481643e-04
    outer loop
      vertex   7.708492e+00 -3.711245e+00 2.000000e+00
      vertex   7.683267e+00 -3.704452e+00 2.000000e-01
      vertex   7.761358e+00 -3.727506e+00 2.000000e-01
    endloop
  endfacet
  facet normal -2.569826e-01 -9.664153e-01 1.182760e-03
    outer loop
      vertex   7.708492e+00 -3.711245e+00 2.000000e+00
      vertex   7.761358e+00 -3.727506e+00 2.000000e-01
      vertex   7.804732e+00 -3.736837e+00 2.000000e+00
    endloop
  endfacet
  facet normal -2.044027e-01 -9.788869e-01 -1.488687e-04
    outer loop
      vertex   7.804732e+00 -3.736837e+00 2.000000e+00
      vertex   7.761358e+00 -3.727506e+00 2.000000e-01
      vertex   7.928981e+00 -3.762507e+00 2.000000e-01
    endloop
  endfacet
  facet normal -1.846226e-01 -9.828087e-01 1.272423e-03
    outer loop
      vertex   7.804732e+00 -3.736837e+00 2.000000e+00
      vertex   7.928981e+00 -3.762507e+00 2.000000e-01
      vertex   8.002982e+00 -3.774078e+00 2.000000e+00
    endloop
  endfacet
  facet normal -1.393918e-01 -9.902371e-01 -6.348412e-04
    outer loop
      vertex   8.002982e+00 -3.774078e+00 2.000000e+00
      vertex   7.928981e+00 -3.762507e+00 2.000000e-01
      vertex   8.090182e+00 -3.785199e+00 2.000000e-01
    endloop
  endfacet
  facet normal -1.056798e-01 -9.943997e-01 1.024038e-03
    outer loop
      vertex   8.002982e+00 -3.774078e+00 2.000000e+00
      vertex   8.090182e+00 -3.785199e+00 2.000000e-01
      vertex   8.207111e+00 -3.795772e+00 2.000000e+00
    endloop
  endfacet
  facet normal -9.472294e-02 -9.955036e-01 3.057885e-04
    outer loop
      vertex   8.207111e+00 -3.795772e+00 2.000000e+00
      vertex   8.090182e+00 -3.785199e+00 2.000000e-01
      vertex   8.183258e+00 -3.794055e+00 2.000000e-01
    endloop
  endfacet
  facet normal -6.248654e-02 -9.980458e-01 -1.238060e-04
    outer loop
      vertex   8.207111e+00 -3.795772e+00 2.000000e+00
      vertex   8.183258e+00 -3.794055e+00 2.000000e-01
      vertex   8.288111e+00 -3.800620e+00 2.000000e-01
    endloop
  endfacet
  facet normal -4.055448e-02 -9.991770e-01 8.661942e-04
    outer loop
      vertex   8.207111e+00 -3.795772e+00 2.000000e+00
      vertex   8.288111e+00 -3.800620e+00 2.000000e-01
      vertex   8.415722e+00 -3.804239e+00 2.000000e+00
    endloop
  endfacet
  facet normal -1.302158e-02 -9.999146e-01 -1.087223e-03
    outer loop
      vertex   8.415722e+00 -3.804239e+00 2.000000e+00
      vertex   8.288111e+00 -3.800620e+00 2.000000e-01
      vertex   8.530326e+00 -3.803774e+00 2.000000e-01
    endloop
  endfacet
  facet normal 1.641110e-02 -9.998650e-01 7.867384e-04
    outer loop
      vertex   8.415722e+00 -3.804239e+00 2.000000e+00
      vertex   8.530326e+00 -3.803774e+00 2.000000e-01
      vertex   8.627927e+00 -3.800756e+00 2.000000e+00
    endloop
  endfacet
  facet normal 4.921359e-02 -9.987878e-01 -9.937124e-04
    outer loop
      vertex   8.627927e+00 -3.800756e+00 2.000000e+00
      vertex   8.530326e+00 -3.803774e+00 2.000000e-01
      vertex   8.781497e+00 -3.791398e+00 2.000000e-01
    endloop
  endfacet
  facet normal 6.782674e-02 -9.976969e-01 5.999728e-04
    outer loop
      vertex   8.627927e+00 -3.800756e+00 2.000000e+00
      vertex   8.781497e+00 -3.791398e+00 2.000000e-01
      vertex   8.843069e+00 -3.786130e+00 2.000000e+00
    endloop
  endfacet
  facet normal 1.055843e-01 -9.944101e-01 -7.012003e-04
    outer loop
      vertex   8.843069e+00 -3.786130e+00 2.000000e+00
      vertex   8.781497e+00 -3.791398e+00 2.000000e-01
      vertex   9.032216e+00 -3.764777e+00 2.000000e-01
    endloop
  endfacet
  facet normal 1.151090e-01 -9.933528e-01 3.122190e-04
    outer loop
      vertex   8.843069e+00 -3.786130e+00 2.000000e+00
      vertex   9.032216e+00 -3.764777e+00 2.000000e-01
      vertex   9.060614e+00 -3.760921e+00 2.000000e+00
    endloop
  endfacet
  facet normal 1.563227e-01 -9.877060e-01 -3.500834e-04
    outer loop
      vertex   9.060614e+00 -3.760921e+00 2.000000e+00
      vertex   9.032216e+00 -3.764777e+00 2.000000e-01
      vertex   9.280103e+00 -3.725545e+00 2.000000e-01
    endloop
  endfacet
  facet normal 1.591216e-01 -9.872590e-01 0.000000e+00
    outer loop
      vertex   9.060614e+00 -3.760921e+00 2.000000e+00
      vertex   9.280103e+00 -3.725545e+00 2.000000e-01
      vertex   9.280103e+00 -3.725545e+00 2.000000e+00
    endloop
  endfacet
  facet normal 9.345522e-01 3.558262e-01 0.000000e+00
    outer loop
      vertex   7.866468e+00 -6.174033e+00 2.000000e+00
      vertex   7.866468e+00 -6.174033e+00 2.000000e-01
      vertex   7.787360e+00 -5.966261e+00 2.000000e+00
    endloop
  endfacet
  facet normal 9.343450e-01 3.563697e-01 -7.184744e-05
    outer loop
      vertex   7.787360e+00 -5.966261e+00 2.000000e+00
      vertex   7.866468e+00 -6.174033e+00 2.000000e-01
      vertex   7.785173e+00 -5.960890e+00 2.000000e-01
    endloop
  endfacet
  facet normal 9.178233e-01 3.969891e-01 6.944204e-05
    outer loop
      vertex   7.787360e+00 -5.966261e+00 2.000000e+00
      vertex   7.785173e+00 -5.960890e+00 2.000000e-01
      vertex   7.700419e+00 -5.765257e+00 2.000000e+00
    endloop
  endfacet
  facet normal 9.169223e-01 3.990658e-01 -1.986944e-04
    outer loop
      vertex   7.700419e+00 -5.765257e+00 2.000000e+00
      vertex   7.785173e+00 -5.960890e+00 2.000000e-01
      vertex   7.693778e+00 -5.750893e+00 2.000000e-01
    endloop
  endfacet
  facet normal 8.979444e-01 4.401089e-01 1.988491e-04
    outer loop
      vertex   7.700419e+00 -5.765257e+00 2.000000e+00
      vertex   7.693778e+00 -5.750893e+00 2.000000e-01
      vertex   7.605515e+00 -5.571626e+00 2.000000e+00
    endloop
  endfacet
  facet normal 8.956704e-01 4.447184e-01 -3.717377e-04
    outer loop
      vertex   7.605515e+00 -5.571626e+00 2.000000e+00
      vertex   7.693778e+00 -5.750893e+00 2.000000e-01
      vertex   7.592134e+00 -5.546182e+00 2.000000e-01
    endloop
  endfacet
  facet normal 8.741143e-01 4.857202e-01 3.680831e-04
    outer loop
      vertex   7.605515e+00 -5.571626e+00 2.000000e+00
      vertex   7.592134e+00 -5.546182e+00 2.000000e-01
      vertex   7.502429e+00 -5.386109e+00 2.000000e+00
    endloop
  endfacet
  facet normal 8.698866e-01 4.932515e-01 -5.123677e-04
    outer loop
      vertex   7.502429e+00 -5.386109e+00 2.000000e+00
      vertex   7.592134e+00 -5.546182e+00 2.000000e-01
      vertex   7.482768e+00 -5.353305e+00 2.000000e-01
    endloop
  endfacet
  facet normal 8.450356e-01 5.347098e-01 5.146244e-04
    outer loop
      vertex   7.502429e+00 -5.386109e+00 2.000000e+00
      vertex   7.482768e+00 -5.353305e+00 2.000000e-01
      vertex   7.390790e+00 -5.209680e+00 2.000000e+00
    endloop
  endfacet
  facet normal 8.404524e-01 5.418853e-01 -2.921130e-04
    outer loop
      vertex   7.390790e+00 -5.209680e+00 2.000000e+00
      vertex   7.482768e+00 -5.353305e+00 2.000000e-01
      vertex   7.379058e+00 -5.192454e+00 2.000000e-01
    endloop
  endfacet
  facet normal 8.091879e-01 5.875498e-01 3.486733e-04
    outer loop
      vertex   7.390790e+00 -5.209680e+00 2.000000e+00
      vertex   7.379058e+00 -5.192454e+00 2.000000e-01
      vertex   7.286131e+00 -5.064473e+00 2.000000e-01
    endloop
  endfacet
  facet normal 8.083358e-01 5.887215e-01 4.927388e-04
    outer loop
      vertex   7.390790e+00 -5.209680e+00 2.000000e+00
      vertex   7.286131e+00 -5.064473e+00 2.000000e-01
      vertex   7.269938e+00 -5.043746e+00 2.000000e+00
    endloop
  endfacet
  facet normal 7.771527e-01 6.293120e-01 -2.551647e-04
    outer loop
      vertex   7.269938e+00 -5.043746e+00 2.000000e+00
      vertex   7.286131e+00 -5.064473e+00 2.000000e-01
      vertex   7.207810e+00 -4.967752e+00 2.000000e-01
    endloop
  endfacet
  facet normal 7.588259e-01 6.512922e-01 1.305386e-03
    outer loop
      vertex   7.269938e+00 -5.043746e+00 2.000000e+00
      vertex   7.207810e+00 -4.967752e+00 2.000000e-01
      vertex   7.138561e+00 -4.890678e+00 2.000000e+00
    endloop
  endfacet
  facet normal 7.458889e-01 6.660703e-01 1.748984e-04
    outer loop
      vertex   7.138561e+00 -4.890678e+00 2.000000e+00
      vertex   7.207810e+00 -4.967752e+00 2.000000e-01
      vertex   7.147919e+00 -4.900684e+00 2.000000e-01
    endloop
  endfacet
  facet normal 7.196900e-01 6.942955e-01 -1.182061e-04
    outer loop
      vertex   7.138561e+00 -4.890678e+00 2.000000e+00
      vertex   7.147919e+00 -4.900684e+00 2.000000e-01
      vertex   7.109993e+00 -4.861371e+00 2.000000e-01
    endloop
  endfacet
  facet normal 7.084494e-01 7.057616e-01 2.468788e-04
    outer loop
      vertex   7.138561e+00 -4.890678e+00 2.000000e+00
      vertex   7.109993e+00 -4.861371e+00 2.000000e-01
      vertex   7.068278e+00 -4.820127e+00 2.000000e+00
    endloop
  endfacet
  facet normal 7.049972e-01 7.092101e-01 8.785605e-05
    outer loop
      vertex   7.068278e+00 -4.820127e+00 2.000000e+00
      vertex   7.109993e+00 -4.861371e+00 2.000000e-01
      vertex   7.083452e+00 -4.834988e+00 2.000000e-01
    endloop
  endfacet
  facet normal 6.844238e-01 7.290843e-01 -2.496542e-04
    outer loop
      vertex   7.068278e+00 -4.820127e+00 2.000000e+00
      vertex   7.083452e+00 -4.834988e+00 2.000000e-01
      vertex   7.042106e+00 -4.796174e+00 2.000000e-01
    endloop
  endfacet
  facet normal 6.442781e-01 7.647909e-01 8.092218e-04
    outer loop
      vertex   7.042106e+00 -4.796174e+00 2.000000e-01
      vertex   7.013153e+00 -4.771784e+00 2.000000e-01
      vertex   7.068278e+00 -4.820127e+00 2.000000e+00
    endloop
  endfacet
  facet normal 6.421989e-01 7.665375e-01 9.198059e-04
    outer loop
      vertex   7.068278e+00 -4.820127e+00 2.000000e+00
      vertex   7.013153e+00 -4.771784e+00 2.000000e-01
      vertex   6.992687e+00 -4.756798e+00 2.000000e+00
    endloop
  endfacet
  facet normal 5.907972e-01 8.068201e-01 0.000000e+00
    outer loop
      vertex   6.992687e+00 -4.756798e+00 2.000000e+00
      vertex   7.013153e+00 -4.771784e+00 2.000000e-01
      vertex   6.992687e+00 -4.756798e+00 2.000000e-01
    endloop
  endfacet
  facet normal 7.518533e-01 -6.593305e-01 0.000000e+00
    outer loop
      vertex   7.446233e+00 -6.674849e+00 2.000000e+00
      vertex   7.446233e+00 -6.674849e+00 2.000000e-01
      vertex   7.589939e+00 -6.510977e+00 2.000000e+00
    endloop
  endfacet
  facet normal 7.518533e-01 -6.593305e-01 0.000000e+00
    outer loop
      vertex   7.589939e+00 -6.510977e+00 2.000000e+00
      vertex   7.446233e+00 -6.674849e+00 2.000000e-01
      vertex   7.589939e+00 -6.510977e+00 2.000000e-01
    endloop
  endfacet
  facet normal 7.660444e-01 -6.427876e-01 0.000000e+00
    outer loop
      vertex   7.589939e+00 -6.510977e+00 2.000000e+00
      vertex   7.589939e+00 -6.510977e+00 2.000000e-01
      vertex   7.730040e+00 -6.344012e+00 2.000000e+00
    endloop
  endfacet
  facet normal 7.660444e-01 -6.427876e-01 0.000000e+00
    outer loop
      vertex   7.730040e+00 -6.344012e+00 2.000000e+00
      vertex   7.589939e+00 -6.510977e+00 2.000000e-01
      vertex   7.730040e+00 -6.344012e+00 2.000000e-01
    endloop
  endfacet
  facet normal 7.798717e-01 -6.259394e-01 0.000000e+00
    outer loop
      vertex   7.730040e+00 -6.344012e+00 2.000000e+00
      vertex   7.730040e+00 -6.344012e+00 2.000000e-01
      vertex   7.866468e+00 -6.174033e+00 2.000000e+00
    endloop
  endfacet
  facet normal 7.798717e-01 -6.259394e-01 0.000000e+00
    outer loop
      vertex   7.866468e+00 -6.174033e+00 2.000000e+00
      vertex   7.730040e+00 -6.344012e+00 2.000000e-01
      vertex   7.866468e+00 -6.174033e+00 2.000000e-01
    endloop
  endfacet
  facet normal -6.669241e-01 -7.451256e-01 0.000000e+00
    outer loop
      vertex   5.898799e+00 -6.060443e+00 2.000000e-01
      vertex   5.952912e+00 -6.108878e+00 2.000000e-01
      vertex   5.898799e+00 -6.060443e+00 2.000000e+00
    endloop
  endfacet
  facet normal -6.433751e-01 -7.655501e-01 1.257534e-03
    outer loop
      vertex   5.898799e+00 -6.060443e+00 2.000000e+00
      vertex   5.952912e+00 -6.108878e+00 2.000000e-01
      vertex   5.974292e+00 -6.123889e+00 2.000000e+00
    endloop
  endfacet
  facet normal -5.940903e-01 -8.043983e-01 3.481643e-04
    outer loop
      vertex   5.974292e+00 -6.123889e+00 2.000000e+00
      vertex   5.952912e+00 -6.108878e+00 2.000000e-01
      vertex   6.018409e+00 -6.157251e+00 2.000000e-01
    endloop
  endfacet
  facet normal -5.720181e-01 -8.202401e-01 1.182760e-03
    outer loop
      vertex   5.974292e+00 -6.123889e+00 2.000000e+00
      vertex   6.018409e+00 -6.157251e+00 2.000000e-01
      vertex   6.055976e+00 -6.180853e+00 2.000000e+00
    endloop
  endfacet
  facet normal -5.268747e-01 -8.499429e-01 -1.488687e-04
    outer loop
      vertex   6.055976e+00 -6.180853e+00 2.000000e+00
      vertex   6.018409e+00 -6.157251e+00 2.000000e-01
      vertex   6.163951e+00 -6.247472e+00 2.000000e-01
    endloop
  endfacet
  facet normal -5.096289e-01 -8.603934e-01 1.272423e-03
    outer loop
      vertex   6.055976e+00 -6.180853e+00 2.000000e+00
      vertex   6.163951e+00 -6.247472e+00 2.000000e-01
      vertex   6.229532e+00 -6.283654e+00 2.000000e+00
    endloop
  endfacet
  facet normal -4.696665e-01 -8.828437e-01 -6.348412e-04
    outer loop
      vertex   6.229532e+00 -6.283654e+00 2.000000e+00
      vertex   6.163951e+00 -6.247472e+00 2.000000e-01
      vertex   6.307670e+00 -6.323929e+00 2.000000e-01
    endloop
  endfacet
  facet normal -4.394113e-01 -8.982854e-01 1.024038e-03
    outer loop
      vertex   6.229532e+00 -6.283654e+00 2.000000e+00
      vertex   6.307670e+00 -6.323929e+00 2.000000e-01
      vertex   6.413931e+00 -6.373856e+00 2.000000e+00
    endloop
  endfacet
  facet normal -4.294927e-01 -9.030703e-01 3.057885e-04
    outer loop
      vertex   6.413931e+00 -6.373856e+00 2.000000e+00
      vertex   6.307670e+00 -6.323929e+00 2.000000e-01
      vertex   6.392104e+00 -6.364085e+00 2.000000e-01
    endloop
  endfacet
  facet normal -4.000699e-01 -9.164846e-01 -1.238060e-04
    outer loop
      vertex   6.413931e+00 -6.373856e+00 2.000000e+00
      vertex   6.392104e+00 -6.364085e+00 2.000000e-01
      vertex   6.488389e+00 -6.406116e+00 2.000000e-01
    endloop
  endfacet
  facet normal -3.798474e-01 -9.250488e-01 8.661942e-04
    outer loop
      vertex   6.413931e+00 -6.373856e+00 2.000000e+00
      vertex   6.488389e+00 -6.406116e+00 2.000000e-01
      vertex   6.607065e+00 -6.453162e+00 2.000000e+00
    endloop
  endfacet
  facet normal -3.542272e-01 -9.351588e-01 -1.087223e-03
    outer loop
      vertex   6.607065e+00 -6.453162e+00 2.000000e+00
      vertex   6.488389e+00 -6.406116e+00 2.000000e-01
      vertex   6.714917e+00 -6.491922e+00 2.000000e-01
    endloop
  endfacet
  facet normal -3.265526e-01 -9.451787e-01 7.867384e-04
    outer loop
      vertex   6.607065e+00 -6.453162e+00 2.000000e+00
      vertex   6.714917e+00 -6.491922e+00 2.000000e-01
      vertex   6.807664e+00 -6.522467e+00 2.000000e+00
    endloop
  endfacet
  facet normal -2.953599e-01 -9.553855e-01 -9.937124e-04
    outer loop
      vertex   6.807664e+00 -6.522467e+00 2.000000e+00
      vertex   6.714917e+00 -6.491922e+00 2.000000e-01
      vertex   6.955174e+00 -6.566198e+00 2.000000e-01
    endloop
  endfacet
  facet normal -2.774962e-01 -9.607266e-01 5.999728e-04
    outer loop
      vertex   6.807664e+00 -6.522467e+00 2.000000e+00
      vertex   6.955174e+00 -6.566198e+00 2.000000e-01
      vertex   7.014834e+00 -6.582306e+00 2.000000e+00
    endloop
  endfacet
  facet normal -2.408915e-01 -9.705518e-01 -7.012003e-04
    outer loop
      vertex   7.014834e+00 -6.582306e+00 2.000000e+00
      vertex   6.955174e+00 -6.566198e+00 2.000000e-01
      vertex   7.199877e+00 -6.626934e+00 2.000000e-01
    endloop
  endfacet
  facet normal -2.315796e-01 -9.728159e-01 3.122190e-04
    outer loop
      vertex   7.014834e+00 -6.582306e+00 2.000000e+00
      vertex   7.199877e+00 -6.626934e+00 2.000000e-01
      vertex   7.227881e+00 -6.633022e+00 2.000000e+00
    endloop
  endfacet
  facet normal -1.909201e-01 -9.816055e-01 -3.500834e-04
    outer loop
      vertex   7.227881e+00 -6.633022e+00 2.000000e+00
      vertex   7.199877e+00 -6.626934e+00 2.000000e-01
      vertex   7.446233e+00 -6.674849e+00 2.000000e-01
    endloop
  endfacet
  facet normal -1.881371e-01 -9.821428e-01 0.000000e+00
    outer loop
      vertex   7.227881e+00 -6.633022e+00 2.000000e+00
      vertex   7.446233e+00 -6.674849e+00 2.000000e-01
      vertex   7.446233e+00 -6.674849e+00 2.000000e+00
    endloop
  endfacet
  facet normal 9.998915e-01 1.473154e-02 0.000000e+00
    outer loop
      vertex   5.280418e+00 -8.492184e+00 2.000000e+00
      vertex   5.280418e+00 -8.492184e+00 2.000000e-01
      vertex   5.277143e+00 -8.269886e+00 2.000000e+00
    endloop
  endfacet
  facet normal 9.998827e-01 1.531318e-02 -7.184745e-05
    outer loop
      vertex   5.277143e+00 -8.269886e+00 2.000000e+00
      vertex   5.280418e+00 -8.492184e+00 2.000000e-01
      vertex   5.276925e+00 -8.264090e+00 2.000000e-01
    endloop
  endfacet
  facet normal 9.982501e-01 5.913365e-02 6.944204e-05
    outer loop
      vertex   5.277143e+00 -8.269886e+00 2.000000e+00
      vertex   5.276925e+00 -8.264090e+00 2.000000e-01
      vertex   5.264193e+00 -8.051268e+00 2.000000e+00
    endloop
  endfacet
  facet normal 9.981136e-01 6.139332e-02 -1.986945e-04
    outer loop
      vertex   5.264193e+00 -8.051268e+00 2.000000e+00
      vertex   5.276925e+00 -8.264090e+00 2.000000e-01
      vertex   5.262865e+00 -8.035499e+00 2.000000e-01
    endloop
  endfacet
  facet normal 9.943178e-01 1.064520e-01 1.988491e-04
    outer loop
      vertex   5.264193e+00 -8.051268e+00 2.000000e+00
      vertex   5.262865e+00 -8.035499e+00 2.000000e-01
      vertex   5.241238e+00 -7.836855e+00 2.000000e+00
    endloop
  endfacet
  facet normal 9.937575e-01 1.115613e-01 -3.717377e-04
    outer loop
      vertex   5.241238e+00 -7.836855e+00 2.000000e+00
      vertex   5.262865e+00 -8.035499e+00 2.000000e-01
      vertex   5.237367e+00 -7.808369e+00 2.000000e-01
    endloop
  endfacet
  facet normal 9.875248e-01 1.574630e-01 3.680831e-04
    outer loop
      vertex   5.241238e+00 -7.836855e+00 2.000000e+00
      vertex   5.237367e+00 -7.808369e+00 2.000000e-01
      vertex   5.207819e+00 -7.627269e+00 2.000000e+00
    endloop
  endfacet
  facet normal 9.861280e-01 1.659861e-01 -5.123677e-04
    outer loop
      vertex   5.207819e+00 -7.627269e+00 2.000000e+00
      vertex   5.237367e+00 -7.808369e+00 2.000000e-01
      vertex   5.200563e+00 -7.589719e+00 2.000000e-01
    endloop
  endfacet
  facet normal 9.769552e-01 2.134437e-01 5.146244e-04
    outer loop
      vertex   5.207819e+00 -7.627269e+00 2.000000e+00
      vertex   5.200563e+00 -7.589719e+00 2.000000e-01
      vertex   5.163255e+00 -7.423297e+00 2.000000e+00
    endloop
  endfacet
  facet normal 9.751026e-01 2.217540e-01 -2.921130e-04
    outer loop
      vertex   5.163255e+00 -7.423297e+00 2.000000e+00
      vertex   5.200563e+00 -7.589719e+00 2.000000e-01
      vertex   5.158122e+00 -7.403098e+00 2.000000e-01
    endloop
  endfacet
  facet normal 9.613418e-01 2.753577e-01 3.486734e-04
    outer loop
      vertex   5.163255e+00 -7.423297e+00 2.000000e+00
      vertex   5.158122e+00 -7.403098e+00 2.000000e-01
      vertex   5.114572e+00 -7.251051e+00 2.000000e-01
    endloop
  endfacet
  facet normal 9.609418e-01 2.767501e-01 4.927388e-04
    outer loop
      vertex   5.163255e+00 -7.423297e+00 2.000000e+00
      vertex   5.114572e+00 -7.251051e+00 2.000000e-01
      vertex   5.106445e+00 -7.226036e+00 2.000000e+00
    endloop
  endfacet
  facet normal 9.455221e-01 3.255579e-01 -2.551647e-04
    outer loop
      vertex   5.106445e+00 -7.226036e+00 2.000000e+00
      vertex   5.114572e+00 -7.251051e+00 2.000000e-01
      vertex   5.074054e+00 -7.133376e+00 2.000000e-01
    endloop
  endfacet
  facet normal 9.358182e-01 3.524807e-01 1.305386e-03
    outer loop
      vertex   5.106445e+00 -7.226036e+00 2.000000e+00
      vertex   5.074054e+00 -7.133376e+00 2.000000e-01
      vertex   5.035343e+00 -7.037266e+00 2.000000e+00
    endloop
  endfacet
  facet normal 9.287158e-01 3.707923e-01 1.748984e-04
    outer loop
      vertex   5.035343e+00 -7.037266e+00 2.000000e+00
      vertex   5.074054e+00 -7.133376e+00 2.000000e-01
      vertex   5.040714e+00 -7.049869e+00 2.000000e-01
    endloop
  endfacet
  facet normal 9.137504e-01 4.062759e-01 -1.182061e-04
    outer loop
      vertex   5.035343e+00 -7.037266e+00 2.000000e+00
      vertex   5.040714e+00 -7.049869e+00 2.000000e-01
      vertex   5.018521e+00 -6.999955e+00 2.000000e-01
    endloop
  endfacet
  facet normal 9.071093e-01 4.208950e-01 2.468788e-04
    outer loop
      vertex   5.035343e+00 -7.037266e+00 2.000000e+00
      vertex   5.018521e+00 -6.999955e+00 2.000000e-01
      vertex   4.993428e+00 -6.946931e+00 2.000000e+00
    endloop
  endfacet
  facet normal 9.050448e-01 4.253163e-01 8.785604e-05
    outer loop
      vertex   4.993428e+00 -6.946931e+00 2.000000e+00
      vertex   5.018521e+00 -6.999955e+00 2.000000e-01
      vertex   5.002604e+00 -6.966085e+00 2.000000e-01
    endloop
  endfacet
  facet normal 8.925095e-01 4.510284e-01 -2.496542e-04
    outer loop
      vertex   4.993428e+00 -6.946931e+00 2.000000e+00
      vertex   5.002604e+00 -6.966085e+00 2.000000e-01
      vertex   4.977027e+00 -6.915472e+00 2.000000e-01
    endloop
  endfacet
  facet normal 8.669973e-01 4.983122e-01 8.092219e-04
    outer loop
      vertex   4.977027e+00 -6.915472e+00 2.000000e-01
      vertex   4.958162e+00 -6.882650e+00 2.000000e-01
      vertex   4.993428e+00 -6.946931e+00 2.000000e+00
    endloop
  endfacet
  facet normal 8.656409e-01 5.006646e-01 9.198059e-04
    outer loop
      vertex   4.993428e+00 -6.946931e+00 2.000000e+00
      vertex   4.958162e+00 -6.882650e+00 2.000000e-01
      vertex   4.944056e+00 -6.861568e+00 2.000000e+00
    endloop
  endfacet
  facet normal 8.311165e-01 5.560983e-01 0.000000e+00
    outer loop
      vertex   4.944056e+00 -6.861568e+00 2.000000e+00
      vertex   4.958162e+00 -6.882650e+00 2.000000e-01
      vertex   4.944056e+00 -6.861568e+00 2.000000e-01
    endloop
  endfacet
  facet normal 4.810067e-01 -8.767169e-01 0.000000e+00
    outer loop
      vertex   4.714237e+00 -8.819068e+00 2.000000e+00
      vertex   4.714237e+00 -8.819068e+00 2.000000e-01
      vertex   4.905325e+00 -8.714229e+00 2.000000e+00
    endloop
  endfacet
  facet normal 4.810067e-01 -8.767169e-01 0.000000e+00
    outer loop
      vertex   4.905325e+00 -8.714229e+00 2.000000e+00
      vertex   4.714237e+00 -8.819068e+00 2.000000e-01
      vertex   4.905325e+00 -8.714229e+00 2.000000e-01
    endloop
  endfacet
  facet normal 5.000000e-01 -8.660254e-01 0.000000e+00
    outer loop
      vertex   4.905325e+00 -8.714229e+00 2.000000e+00
      vertex   4.905325e+00 -8.714229e+00 2.000000e-01
      vertex   5.094082e+00 -8.605250e+00 2.000000e+00
    endloop
  endfacet
  facet normal 5.000000e-01 -8.660254e-01 0.000000e+00
    outer loop
      vertex   5.094082e+00 -8.605250e+00 2.000000e+00
      vertex   4.905325e+00 -8.714229e+00 2.000000e-01
      vertex   5.094082e+00 -8.605250e+00 2.000000e-01
    endloop
  endfacet
  facet normal 5.187558e-01 -8.549225e-01 0.000000e+00
    outer loop
      vertex   5.094082e+00 -8.605250e+00 2.000000e+00
      vertex   5.094082e+00 -8.605250e+00 2.000000e-01
      vertex   5.280418e+00 -8.492184e+00 2.000000e+00
    endloop
  endfacet
  facet normal 5.187558e-01 -8.549225e-01 0.000000e+00
    outer loop
      vertex   5.280418e+00 -8.492184e+00 2.000000e+00
      vertex   5.094082e+00 -8.605250e+00 2.000000e-01
      vertex   5.280418e+00 -8.492184e+00 2.000000e-01
    endloop
  endfacet
  facet normal -8.815517e-01 -4.720876e-01 0.000000e+00
    outer loop
      vertex   3.470264e+00 -7.712462e+00 2.000000e-01
      vertex   3.504548e+00 -7.776483e+00 2.000000e-01
      vertex   3.470264e+00 -7.712462e+00 2.000000e+00
    endloop
  endfacet
  facet normal -8.664084e-01 -4.993345e-01 1.257534e-03
    outer loop
      vertex   3.470264e+00 -7.712462e+00 2.000000e+00
      vertex   3.504548e+00 -7.776483e+00 2.000000e-01
      vertex   3.519505e+00 -7.797901e+00 2.000000e+00
    endloop
  endfacet
  facet normal -8.333827e-01 -5.526963e-01 3.481643e-04
    outer loop
      vertex   3.519505e+00 -7.797901e+00 2.000000e+00
      vertex   3.504548e+00 -7.776483e+00 2.000000e-01
      vertex   3.549551e+00 -7.844340e+00 2.000000e-01
    endloop
  endfacet
  facet normal -8.180599e-01 -5.751319e-01 1.182760e-03
    outer loop
      vertex   3.519505e+00 -7.797901e+00 2.000000e+00
      vertex   3.549551e+00 -7.844340e+00 2.000000e-01
      vertex   3.576779e+00 -7.879368e+00 2.000000e+00
    endloop
  endfacet
  facet normal -7.857979e-01 -6.184833e-01 -1.488687e-04
    outer loop
      vertex   3.576779e+00 -7.879368e+00 2.000000e+00
      vertex   3.549551e+00 -7.844340e+00 2.000000e-01
      vertex   3.655458e+00 -7.978898e+00 2.000000e-01
    endloop
  endfacet
  facet normal -7.731664e-01 -6.342020e-01 1.272423e-03
    outer loop
      vertex   3.576779e+00 -7.879368e+00 2.000000e+00
      vertex   3.655458e+00 -7.978898e+00 2.000000e-01
      vertex   3.704709e+00 -8.035329e+00 2.000000e+00
    endloop
  endfacet
  facet normal -7.432924e-01 -6.689663e-01 -6.348412e-04
    outer loop
      vertex   3.704709e+00 -8.035329e+00 2.000000e+00
      vertex   3.655458e+00 -7.978898e+00 2.000000e-01
      vertex   3.764360e+00 -8.099899e+00 2.000000e-01
    endloop
  endfacet
  facet normal -7.201432e-01 -6.938247e-01 1.024038e-03
    outer loop
      vertex   3.704709e+00 -8.035329e+00 2.000000e+00
      vertex   3.764360e+00 -8.099899e+00 2.000000e-01
      vertex   3.847136e+00 -8.183159e+00 2.000000e+00
    endloop
  endfacet
  facet normal -7.124594e-01 -7.017133e-01 3.057885e-04
    outer loop
      vertex   3.847136e+00 -8.183159e+00 2.000000e+00
      vertex   3.764360e+00 -8.099899e+00 2.000000e-01
      vertex   3.829968e+00 -8.166512e+00 2.000000e-01
    endloop
  endfacet
  facet normal -6.893989e-01 -7.243819e-01 -1.238060e-04
    outer loop
      vertex   3.847136e+00 -8.183159e+00 2.000000e+00
      vertex   3.829968e+00 -8.166512e+00 2.000000e-01
      vertex   3.906070e+00 -8.238939e+00 2.000000e-01
    endloop
  endfacet
  facet normal -6.733251e-01 -7.393460e-01 8.661942e-04
    outer loop
      vertex   3.847136e+00 -8.183159e+00 2.000000e+00
      vertex   3.906070e+00 -8.238939e+00 2.000000e-01
      vertex   4.001499e+00 -8.323738e+00 2.000000e+00
    endloop
  endfacet
  facet normal -6.527078e-01 -7.576089e-01 -1.087223e-03
    outer loop
      vertex   4.001499e+00 -8.323738e+00 2.000000e+00
      vertex   3.906070e+00 -8.238939e+00 2.000000e-01
      vertex   4.089590e+00 -8.397048e+00 2.000000e-01
    endloop
  endfacet
  facet normal -6.301292e-01 -7.764899e-01 7.867384e-04
    outer loop
      vertex   4.001499e+00 -8.323738e+00 2.000000e+00
      vertex   4.089590e+00 -8.397048e+00 2.000000e-01
      vertex   4.166297e+00 -8.457473e+00 2.000000e+00
    endloop
  endfacet
  facet normal -6.043086e-01 -7.967497e-01 -9.937124e-04
    outer loop
      vertex   4.166297e+00 -8.457473e+00 2.000000e+00
      vertex   4.089590e+00 -8.397048e+00 2.000000e-01
      vertex   4.289953e+00 -8.549017e+00 2.000000e-01
    endloop
  endfacet
  facet normal -5.893489e-01 -8.078784e-01 5.999728e-04
    outer loop
      vertex   4.166297e+00 -8.457473e+00 2.000000e+00
      vertex   4.289953e+00 -8.549017e+00 2.000000e-01
      vertex   4.340506e+00 -8.584559e+00 2.000000e+00
    endloop
  endfacet
  facet normal -5.583122e-01 -8.296306e-01 -7.012003e-04
    outer loop
      vertex   4.340506e+00 -8.584559e+00 2.000000e+00
      vertex   4.289953e+00 -8.549017e+00 2.000000e-01
      vertex   4.499127e+00 -8.689784e+00 2.000000e-01
    endloop
  endfacet
  facet normal -5.503363e-01 -8.349431e-01 3.122190e-04
    outer loop
      vertex   4.340506e+00 -8.584559e+00 2.000000e+00
      vertex   4.499127e+00 -8.689784e+00 2.000000e-01
      vertex   4.523360e+00 -8.705083e+00 2.000000e+00
    endloop
  endfacet
  facet normal -5.151351e-01 -8.571089e-01 -3.500834e-04
    outer loop
      vertex   4.523360e+00 -8.705083e+00 2.000000e+00
      vertex   4.499127e+00 -8.689784e+00 2.000000e-01
      vertex   4.714237e+00 -8.819068e+00 2.000000e-01
    endloop
  endfacet
  facet normal -5.127036e-01 -8.585657e-01 0.000000e+00
    outer loop
      vertex   4.523360e+00 -8.705083e+00 2.000000e+00
      vertex   4.714237e+00 -8.819068e+00 2.000000e-01
      vertex   4.714237e+00 -8.819068e+00 2.000000e+00
    endloop
  endfacet
  facet normal 9.446291e-01 -3.281399e-01 0.000000e+00
    outer loop
      vertex   2.057472e+00 -9.786052e+00 2.000000e+00
      vertex   2.057472e+00 -9.786052e+00 2.000000e-01
      vertex   2.130425e+00 -9.576040e+00 2.000000e+00
    endloop
  endfacet
  facet normal 9.448199e-01 -3.275904e-01 -7.184745e-05
    outer loop
      vertex   2.130425e+00 -9.576040e+00 2.000000e+00
      vertex   2.057472e+00 -9.786052e+00 2.000000e-01
      vertex   2.132202e+00 -9.570519e+00 2.000000e-01
    endloop
  endfacet
  facet normal 9.582731e-01 -2.858542e-01 6.944204e-05
    outer loop
      vertex   2.130425e+00 -9.576040e+00 2.000000e+00
      vertex   2.132202e+00 -9.570519e+00 2.000000e-01
      vertex   2.193027e+00 -9.366177e+00 2.000000e+00
    endloop
  endfacet
  facet normal 9.589178e-01 -2.836841e-01 -1.986945e-04
    outer loop
      vertex   2.193027e+00 -9.366177e+00 2.000000e+00
      vertex   2.132202e+00 -9.570519e+00 2.000000e-01
      vertex   2.197173e+00 -9.350905e+00 2.000000e-01
    endloop
  endfacet
  facet normal 9.707618e-01 -2.400446e-01 1.988491e-04
    outer loop
      vertex   2.193027e+00 -9.366177e+00 2.000000e+00
      vertex   2.197173e+00 -9.350905e+00 2.000000e-01
      vertex   2.244790e+00 -9.156844e+00 2.000000e+00
    endloop
  endfacet
  facet normal 9.719828e-01 -2.350517e-01 -3.717377e-04
    outer loop
      vertex   2.244790e+00 -9.156844e+00 2.000000e+00
      vertex   2.197173e+00 -9.350905e+00 2.000000e-01
      vertex   2.250895e+00 -9.128752e+00 2.000000e-01
    endloop
  endfacet
  facet normal 9.818253e-01 -1.897866e-01 3.680831e-04
    outer loop
      vertex   2.244790e+00 -9.156844e+00 2.000000e+00
      vertex   2.250895e+00 -9.128752e+00 2.000000e-01
      vertex   2.285069e+00 -8.948467e+00 2.000000e+00
    endloop
  endfacet
  facet normal 9.834278e-01 -1.812997e-01 -5.123677e-04
    outer loop
      vertex   2.285069e+00 -8.948467e+00 2.000000e+00
      vertex   2.250895e+00 -9.128752e+00 2.000000e-01
      vertex   2.291094e+00 -8.910700e+00 2.000000e-01
    endloop
  endfacet
  facet normal 9.910397e-01 -1.335669e-01 5.146244e-04
    outer loop
      vertex   2.285069e+00 -8.948467e+00 2.000000e+00
      vertex   2.291094e+00 -8.910700e+00 2.000000e-01
      vertex   2.312956e+00 -8.741555e+00 2.000000e+00
    endloop
  endfacet
  facet normal 9.921410e-01 -1.251242e-01 -2.921130e-04
    outer loop
      vertex   2.312956e+00 -8.741555e+00 2.000000e+00
      vertex   2.291094e+00 -8.910700e+00 2.000000e-01
      vertex   2.315041e+00 -8.720818e+00 2.000000e-01
    endloop
  endfacet
  facet normal 9.975437e-01 -7.004667e-02 3.486733e-04
    outer loop
      vertex   2.312956e+00 -8.741555e+00 2.000000e+00
      vertex   2.315041e+00 -8.720818e+00 2.000000e-01
      vertex   2.326120e+00 -8.563046e+00 2.000000e-01
    endloop
  endfacet
  facet normal 9.976440e-01 -6.860139e-02 4.927388e-04
    outer loop
      vertex   2.312956e+00 -8.741555e+00 2.000000e+00
      vertex   2.326120e+00 -8.563046e+00 2.000000e-01
      vertex   2.327038e+00 -8.536760e+00 2.000000e+00
    endloop
  endfacet
  facet normal 9.998475e-01 -1.746323e-02 -2.551647e-04
    outer loop
      vertex   2.327038e+00 -8.536760e+00 2.000000e+00
      vertex   2.326120e+00 -8.563046e+00 2.000000e-01
      vertex   2.328293e+00 -8.438610e+00 2.000000e-01
    endloop
  endfacet
  facet normal 9.999369e-01 1.115488e-02 1.305386e-03
    outer loop
      vertex   2.327038e+00 -8.536760e+00 2.000000e+00
      vertex   2.328293e+00 -8.438610e+00 2.000000e-01
      vertex   2.324788e+00 -8.335055e+00 2.000000e+00
    endloop
  endfacet
  facet normal 9.995258e-01 3.079129e-02 1.748984e-04
    outer loop
      vertex   2.324788e+00 -8.335055e+00 2.000000e+00
      vertex   2.328293e+00 -8.438610e+00 2.000000e-01
      vertex   2.325525e+00 -8.348735e+00 2.000000e-01
    endloop
  endfacet
  facet normal 9.975991e-01 6.925343e-02 -1.182061e-04
    outer loop
      vertex   2.324788e+00 -8.335055e+00 2.000000e+00
      vertex   2.325525e+00 -8.348735e+00 2.000000e-01
      vertex   2.321742e+00 -8.294242e+00 2.000000e-01
    endloop
  endfacet
  facet normal 9.963585e-01 8.526222e-02 2.468788e-04
    outer loop
      vertex   2.324788e+00 -8.335055e+00 2.000000e+00
      vertex   2.321742e+00 -8.294242e+00 2.000000e-01
      vertex   2.316297e+00 -8.235833e+00 2.000000e+00
    endloop
  endfacet
  facet normal 9.959306e-01 9.012300e-02 8.785604e-05
    outer loop
      vertex   2.316297e+00 -8.235833e+00 2.000000e+00
      vertex   2.321742e+00 -8.294242e+00 2.000000e-01
      vertex   2.318369e+00 -8.256971e+00 2.000000e-01
    endloop
  endfacet
  facet normal 9.929454e-01 1.185718e-01 -2.496542e-04
    outer loop
      vertex   2.316297e+00 -8.235833e+00 2.000000e+00
      vertex   2.318369e+00 -8.256971e+00 2.000000e-01
      vertex   2.311645e+00 -8.200661e+00 2.000000e-01
    endloop
  endfacet
  facet normal 9.851438e-01 1.717298e-01 8.092218e-04
    outer loop
      vertex   2.311645e+00 -8.200661e+00 2.000000e-01
      vertex   2.305143e+00 -8.163366e+00 2.000000e-01
      vertex   2.316297e+00 -8.235833e+00 2.000000e+00
    endloop
  endfacet
  facet normal 9.846737e-01 1.744042e-01 9.198059e-04
    outer loop
      vertex   2.316297e+00 -8.235833e+00 2.000000e+00
      vertex   2.305143e+00 -8.163366e+00 2.000000e-01
      vertex   2.299099e+00 -8.138731e+00 2.000000e+00
    endloop
  endfacet
  facet normal 9.711909e-01 2.383029e-01 0.000000e+00
    outer loop
      vertex   2.299099e+00 -8.138731e+00 2.000000e+00
      vertex   2.305143e+00 -8.163366e+00 2.000000e-01
      vertex   2.299099e+00 -8.138731e+00 2.000000e-01
    endloop
  endfacet
  facet normal 1.521436e-01 -9.883584e-01 0.000000e+00
    outer loop
      vertex   1.413635e+00 -9.899578e+00 2.000000e+00
      vertex   1.413635e+00 -9.899578e+00 2.000000e-01
      vertex   1.629055e+00 -9.866417e+00 2.000000e+00
    endloop
  endfacet
  facet normal 1.521436e-01 -9.883584e-01 0.000000e+00
    outer loop
      vertex   1.629055e+00 -9.866417e+00 2.000000e+00
      vertex   1.413635e+00 -9.899578e+00 2.000000e-01
      vertex   1.629055e+00 -9.866417e+00 2.000000e-01
    endloop
  endfacet
  facet normal 1.736482e-01 -9.848078e-01 0.000000e+00
    outer loop
      vertex   1.629055e+00 -9.866417e+00 2.000000e+00
      vertex   1.629055e+00 -9.866417e+00 2.000000e-01
      vertex   1.843702e+00 -9.828569e+00 2.000000e+00
    endloop
  endfacet
  facet normal 1.736482e-01 -9.848078e-01 0.000000e+00
    outer loop
      vertex   1.843702e+00 -9.828569e+00 2.000000e+00
      vertex   1.629055e+00 -9.866417e+00 2.000000e-01
      vertex   1.843702e+00 -9.828569e+00 2.000000e-01
    endloop
  endfacet
  facet normal 1.950703e-01 -9.807893e-01 0.000000e+00
    outer loop
      vertex   1.843702e+00 -9.828569e+00 2.000000e+00
      vertex   1.843702e+00 -9.828569e+00 2.000000e-01
      vertex   2.057472e+00 -9.786052e+00 2.000000e+00
    endloop
  endfacet
  facet normal 1.950703e-01 -9.807893e-01 0.000000e+00
    outer loop
      vertex   2.057472e+00 -9.786052e+00 2.000000e+00
      vertex   1.843702e+00 -9.828569e+00 2.000000e-01
      vertex   2.057472e+00 -9.786052e+00 2.000000e-01
    endloop
  endfacet
  facet normal -9.898510e-01 -1.421088e-01 0.000000e+00
    outer loop
      vertex   6.231639e-01 -8.434244e+00 2.000000e-01
      vertex   6.334843e-01 -8.506130e+00 2.000000e-01
      vertex   6.231639e-01 -8.434244e+00 2.000000e+00
    endloop
  endfacet
  facet normal -9.849400e-01 -1.728918e-01 1.257534e-03
    outer loop
      vertex   6.231639e-01 -8.434244e+00 2.000000e+00
      vertex   6.334843e-01 -8.506130e+00 2.000000e-01
      vertex   6.402133e-01 -8.531372e+00 2.000000e+00
    endloop
  endfacet
  facet normal -9.721568e-01 -2.343310e-01 3.481643e-04
    outer loop
      vertex   6.402133e-01 -8.531372e+00 2.000000e+00
      vertex   6.334843e-01 -8.506130e+00 2.000000e-01
      vertex   6.525644e-01 -8.585287e+00 2.000000e-01
    endloop
  endfacet
  facet normal -9.654315e-01 -2.606542e-01 1.182760e-03
    outer loop
      vertex   6.402133e-01 -8.531372e+00 2.000000e+00
      vertex   6.525644e-01 -8.585287e+00 2.000000e-01
      vertex   6.661705e-01 -8.627514e+00 2.000000e+00
    endloop
  endfacet
  facet normal -9.499422e-01 -3.124255e-01 -1.488687e-04
    outer loop
      vertex   6.661705e-01 -8.627514e+00 2.000000e+00
      vertex   6.525644e-01 -8.585287e+00 2.000000e-01
      vertex   7.060634e-01 -8.747952e+00 2.000000e-01
    endloop
  endfacet
  facet normal -9.434486e-01 -3.315164e-01 1.272423e-03
    outer loop
      vertex   6.661705e-01 -8.627514e+00 2.000000e+00
      vertex   7.060634e-01 -8.747952e+00 2.000000e-01
      vertex   7.330432e-01 -8.817824e+00 2.000000e+00
    endloop
  endfacet
  facet normal -9.272664e-01 -3.744017e-01 -6.348412e-04
    outer loop
      vertex   7.330432e-01 -8.817824e+00 2.000000e+00
      vertex   7.060634e-01 -8.747952e+00 2.000000e-01
      vertex   7.670124e-01 -8.898903e+00 2.000000e-01
    endloop
  endfacet
  facet normal -9.140153e-01 -4.056784e-01 1.024038e-03
    outer loop
      vertex   7.330432e-01 -8.817824e+00 2.000000e+00
      vertex   7.670124e-01 -8.898903e+00 2.000000e-01
      vertex   8.163203e-01 -9.005452e+00 2.000000e+00
    endloop
  endfacet
  facet normal -9.094929e-01 -4.157193e-01 3.057885e-04
    outer loop
      vertex   8.163203e-01 -9.005452e+00 2.000000e+00
      vertex   7.670124e-01 -8.898903e+00 2.000000e-01
      vertex   8.058809e-01 -8.983937e+00 2.000000e-01
    endloop
  endfacet
  facet normal -8.955763e-01 -4.449080e-01 -1.238060e-04
    outer loop
      vertex   8.163203e-01 -9.005452e+00 2.000000e+00
      vertex   8.058809e-01 -8.983937e+00 2.000000e-01
      vertex   8.526222e-01 -9.078025e+00 2.000000e-01
    endloop
  endfacet
  facet normal -8.855899e-01 -4.644673e-01 8.661942e-04
    outer loop
      vertex   8.163203e-01 -9.005452e+00 2.000000e+00
      vertex   8.526222e-01 -9.078025e+00 2.000000e-01
      vertex   9.132932e-01 -9.190348e+00 2.000000e+00
    endloop
  endfacet
  facet normal -8.724623e-01 -4.886803e-01 -1.087223e-03
    outer loop
      vertex   9.132932e-01 -9.190348e+00 2.000000e+00
      vertex   8.526222e-01 -9.078025e+00 2.000000e-01
      vertex   9.709977e-01 -9.289366e+00 2.000000e-01
    endloop
  endfacet
  facet normal -8.577030e-01 -5.141449e-01 7.867384e-04
    outer loop
      vertex   9.132932e-01 -9.190348e+00 2.000000e+00
      vertex   9.709977e-01 -9.289366e+00 2.000000e-01
      vertex   1.022412e+00 -9.372382e+00 2.000000e+00
    endloop
  endfacet
  facet normal -8.403688e-01 -5.420141e-01 -9.937124e-04
    outer loop
      vertex   1.022412e+00 -9.372382e+00 2.000000e+00
      vertex   9.709977e-01 -9.289366e+00 2.000000e-01
      vertex   1.107301e+00 -9.500699e+00 2.000000e-01
    endloop
  endfacet
  facet normal -8.301175e-01 -5.575881e-01 5.999728e-04
    outer loop
      vertex   1.022412e+00 -9.372382e+00 2.000000e+00
      vertex   1.107301e+00 -9.500699e+00 2.000000e-01
      vertex   1.142650e+00 -9.551387e+00 2.000000e+00
    endloop
  endfacet
  facet normal -8.083923e-01 -5.886437e-01 -7.012003e-04
    outer loop
      vertex   1.142650e+00 -9.551387e+00 2.000000e+00
      vertex   1.107301e+00 -9.500699e+00 2.000000e-01
      vertex   1.255715e+00 -9.704518e+00 2.000000e-01
    endloop
  endfacet
  facet normal -8.027143e-01 -5.963637e-01 3.122190e-04
    outer loop
      vertex   1.142650e+00 -9.551387e+00 2.000000e+00
      vertex   1.255715e+00 -9.704518e+00 2.000000e-01
      vertex   1.273254e+00 -9.727182e+00 2.000000e+00
    endloop
  endfacet
  facet normal -7.772171e-01 -6.292324e-01 -3.500834e-04
    outer loop
      vertex   1.273254e+00 -9.727182e+00 2.000000e+00
      vertex   1.255715e+00 -9.704518e+00 2.000000e-01
      vertex   1.413635e+00 -9.899578e+00 2.000000e-01
    endloop
  endfacet
  facet normal -7.754306e-01 -6.314328e-01 0.000000e+00
    outer loop
      vertex   1.273254e+00 -9.727182e+00 2.000000e+00
      vertex   1.413635e+00 -9.899578e+00 2.000000e-01
      vertex   1.413635e+00 -9.899578e+00 2.000000e+00
    endloop
  endfacet
  facet normal 7.754306e-01 -6.314328e-01 0.000000e+00
    outer loop
      vertex   -1.413635e+00 -9.899578e+00 2.000000e+00
      vertex   -1.413635e+00 -9.899578e+00 2.000000e-01
      vertex   -1.273254e+00 -9.727182e+00 2.000000e+00
    endloop
  endfacet
  facet normal 7.757977e-01 -6.309817e-01 -7.184745e-05
    outer loop
      vertex   -1.273254e+00 -9.727182e+00 2.000000e+00
      vertex   -1.413635e+00 -9.899578e+00 2.000000e-01
      vertex   -1.269696e+00 -9.722603e+00 2.000000e-01
    endloop
  endfacet
  facet normal 8.027143e-01 -5.963638e-01 6.944204e-05
    outer loop
      vertex   -1.273254e+00 -9.727182e+00 2.000000e+00
      vertex   -1.269696e+00 -9.722603e+00 2.000000e-01
      vertex   -1.142650e+00 -9.551387e+00 2.000000e+00
    endloop
  endfacet
  facet normal 8.040623e-01 -5.945451e-01 -1.986945e-04
    outer loop
      vertex   -1.142650e+00 -9.551387e+00 2.000000e+00
      vertex   -1.269696e+00 -9.722603e+00 2.000000e-01
      vertex   -1.133531e+00 -9.538454e+00 2.000000e-01
    endloop
  endfacet
  facet normal 8.301177e-01 -5.575882e-01 1.988491e-04
    outer loop
      vertex   -1.142650e+00 -9.551387e+00 2.000000e+00
      vertex   -1.133531e+00 -9.538454e+00 2.000000e-01
      vertex   -1.022412e+00 -9.372382e+00 2.000000e+00
    endloop
  endfacet
  facet normal 8.329726e-01 -5.533141e-01 -3.717377e-04
    outer loop
      vertex   -1.022412e+00 -9.372382e+00 2.000000e+00
      vertex   -1.133531e+00 -9.538454e+00 2.000000e-01
      vertex   -1.007067e+00 -9.348072e+00 2.000000e-01
    endloop
  endfacet
  facet normal 8.577032e-01 -5.141451e-01 3.680831e-04
    outer loop
      vertex   -1.022412e+00 -9.372382e+00 2.000000e+00
      vertex   -1.007067e+00 -9.348072e+00 2.000000e-01
      vertex   -9.132932e-01 -9.190348e+00 2.000000e+00
    endloop
  endfacet
  facet normal 8.621117e-01 -5.067181e-01 -5.123677e-04
    outer loop
      vertex   -9.132932e-01 -9.190348e+00 2.000000e+00
      vertex   -1.007067e+00 -9.348072e+00 2.000000e-01
      vertex   -8.947147e-01 -9.156920e+00 2.000000e-01
    endloop
  endfacet
  facet normal 8.855901e-01 -4.644674e-01 5.146244e-04
    outer loop
      vertex   -9.132932e-01 -9.190348e+00 2.000000e+00
      vertex   -8.947147e-01 -9.156920e+00 2.000000e-01
      vertex   -8.163203e-01 -9.005452e+00 2.000000e+00
    endloop
  endfacet
  facet normal 8.895126e-01 -4.569105e-01 -2.921130e-04
    outer loop
      vertex   -8.163203e-01 -9.005452e+00 2.000000e+00
      vertex   -8.947147e-01 -9.156920e+00 2.000000e-01
      vertex   -8.072683e-01 -8.986679e+00 2.000000e-01
    endloop
  endfacet
  facet normal 9.134270e-01 -4.070024e-01 3.486734e-04
    outer loop
      vertex   -8.163203e-01 -9.005452e+00 2.000000e+00
      vertex   -8.072683e-01 -8.986679e+00 2.000000e-01
      vertex   -7.428965e-01 -8.842211e+00 2.000000e-01
    endloop
  endfacet
  facet normal 9.140157e-01 -4.056786e-01 4.927388e-04
    outer loop
      vertex   -8.163203e-01 -9.005452e+00 2.000000e+00
      vertex   -7.428965e-01 -8.842211e+00 2.000000e-01
      vertex   -7.330432e-01 -8.817824e+00 2.000000e+00
    endloop
  endfacet
  facet normal 9.335765e-01 -3.583780e-01 -2.551647e-04
    outer loop
      vertex   -7.330432e-01 -8.817824e+00 2.000000e+00
      vertex   -7.428965e-01 -8.842211e+00 2.000000e-01
      vertex   -6.982945e-01 -8.726022e+00 2.000000e-01
    endloop
  endfacet
  facet normal 9.434485e-01 -3.315164e-01 1.305386e-03
    outer loop
      vertex   -7.330432e-01 -8.817824e+00 2.000000e+00
      vertex   -6.982945e-01 -8.726022e+00 2.000000e-01
      vertex   -6.661705e-01 -8.627514e+00 2.000000e+00
    endloop
  endfacet
  facet normal 9.497783e-01 -3.129236e-01 1.748984e-04
    outer loop
      vertex   -6.661705e-01 -8.627514e+00 2.000000e+00
      vertex   -6.982945e-01 -8.726022e+00 2.000000e-01
      vertex   -6.701574e-01 -8.640621e+00 2.000000e-01
    endloop
  endfacet
  facet normal 9.611226e-01 -2.761220e-01 -1.182061e-04
    outer loop
      vertex   -6.661705e-01 -8.627514e+00 2.000000e+00
      vertex   -6.701574e-01 -8.640621e+00 2.000000e-01
      vertex   -6.550743e-01 -8.588120e+00 2.000000e-01
    endloop
  endfacet
  facet normal 9.654321e-01 -2.606544e-01 2.468788e-04
    outer loop
      vertex   -6.661705e-01 -8.627514e+00 2.000000e+00
      vertex   -6.550743e-01 -8.588120e+00 2.000000e-01
      vertex   -6.402133e-01 -8.531372e+00 2.000000e+00
    endloop
  endfacet
  facet normal 9.666926e-01 -2.559404e-01 8.785604e-05
    outer loop
      vertex   -6.402133e-01 -8.531372e+00 2.000000e+00
      vertex   -6.550743e-01 -8.588120e+00 2.000000e-01
      vertex   -6.454961e-01 -8.551943e+00 2.000000e-01
    endloop
  endfacet
  facet normal 9.736175e-01 -2.281863e-01 -2.496542e-04
    outer loop
      vertex   -6.402133e-01 -8.531372e+00 2.000000e+00
      vertex   -6.454961e-01 -8.551943e+00 2.000000e-01
      vertex   -6.325558e-01 -8.496730e+00 2.000000e-01
    endloop
  endfacet
  facet normal 9.844674e-01 -1.755658e-01 8.092219e-04
    outer loop
      vertex   -6.325558e-01 -8.496730e+00 2.000000e-01
      vertex   -6.259094e-01 -8.459461e+00 2.000000e-01
      vertex   -6.402133e-01 -8.531372e+00 2.000000e+00
    endloop
  endfacet
  facet normal 9.849404e-01 -1.728919e-01 9.198059e-04
    outer loop
      vertex   -6.402133e-01 -8.531372e+00 2.000000e+00
      vertex   -6.259094e-01 -8.459461e+00 2.000000e-01
      vertex   -6.231639e-01 -8.434244e+00 2.000000e+00
    endloop
  endfacet
  facet normal 9.941253e-01 -1.082354e-01 0.000000e+00
    outer loop
      vertex   -6.231639e-01 -8.434244e+00 2.000000e+00
      vertex   -6.259094e-01 -8.459461e+00 2.000000e-01
      vertex   -6.231639e-01 -8.434244e+00 2.000000e-01
    endloop
  endfacet
  facet normal -1.950703e-01 -9.807893e-01 -0.000000e+00
    outer loop
      vertex   -2.057472e+00 -9.786052e+00 2.000000e+00
      vertex   -2.057472e+00 -9.786052e+00 2.000000e-01
      vertex   -1.843702e+00 -9.828569e+00 2.000000e+00
    endloop
  endfacet
  facet normal -1.950703e-01 -9.807893e-01 -0.000000e+00
    outer loop
      vertex   -1.843702e+00 -9.828569e+00 2.000000e+00
      vertex   -2.057472e+00 -9.786052e+00 2.000000e-01
      vertex   -1.843702e+00 -9.828569e+00 2.000000e-01
    endloop
  endfacet
  facet normal -1.736482e-01 -9.848078e-01 -0.000000e+00
    outer loop
      vertex   -1.843702e+00 -9.828569e+00 2.000000e+00
      vertex   -1.843702e+00 -9.828569e+00 2.000000e-01
      vertex   -1.629055e+00 -9.866417e+00 2.000000e+00
    endloop
  endfacet
  facet normal -1.736482e-01 -9.848078e-01 -0.000000e+00
    outer loop
      vertex   -1.629055e+00 -9.866417e+00 2.000000e+00
      vertex   -1.843702e+00 -9.828569e+00 2.000000e-01
      vertex   -1.629055e+00 -9.866417e+00 2.000000e-01
    endloop
  endfacet
  facet normal -1.521436e-01 -9.883584e-01 -0.000000e+00
    outer loop
      vertex   -1.629055e+00 -9.866417e+00 2.000000e+00
      vertex   -1.629055e+00 -9.866417e+00 2.000000e-01
      vertex   -1.413635e+00 -9.899578e+00 2.000000e+00
    endloop
  endfacet
  facet normal -1.521436e-01 -9.883584e-01 -0.000000e+00
    outer loop
      vertex   -1.413635e+00 -9.899578e+00 2.000000e+00
      vertex   -1.629055e+00 -9.866417e+00 2.000000e-01
      vertex   -1.413635e+00 -9.899578e+00 2.000000e-01
    endloop
  endfacet
  facet normal -9.787598e-01 2.050104e-01 0.000000e+00
    outer loop
      vertex   -2.299099e+00 -8.138731e+00 2.000000e-01
      vertex   -2.313987e+00 -8.209812e+00 2.000000e-01
      vertex   -2.299099e+00 -8.138731e+00 2.000000e+00
    endloop
  endfacet
  facet normal -9.846733e-01 1.744042e-01 1.257534e-03
    outer loop
      vertex   -2.299099e+00 -8.138731e+00 2.000000e+00
      vertex   -2.313987e+00 -8.209812e+00 2.000000e-01
      vertex   -2.316297e+00 -8.235833e+00 2.000000e+00
    endloop
  endfacet
  facet normal -9.936745e-01 1.122981e-01 3.481643e-04
    outer loop
      vertex   -2.316297e+00 -8.235833e+00 2.000000e+00
      vertex   -2.313987e+00 -8.209812e+00 2.000000e-01
      vertex   -2.323131e+00 -8.290721e+00 2.000000e-01
    endloop
  endfacet
  facet normal -9.963578e-01 8.526217e-02 1.182760e-03
    outer loop
      vertex   -2.316297e+00 -8.235833e+00 2.000000e+00
      vertex   -2.323131e+00 -8.290721e+00 2.000000e-01
      vertex   -2.324788e+00 -8.335055e+00 2.000000e+00
    endloop
  endfacet
  facet normal -9.995095e-01 3.131544e-02 -1.488687e-04
    outer loop
      vertex   -2.324788e+00 -8.335055e+00 2.000000e+00
      vertex   -2.323131e+00 -8.290721e+00 2.000000e-01
      vertex   -2.328493e+00 -8.461874e+00 2.000000e-01
    endloop
  endfacet
  facet normal -9.999370e-01 1.115488e-02 1.272423e-03
    outer loop
      vertex   -2.324788e+00 -8.335055e+00 2.000000e+00
      vertex   -2.328493e+00 -8.461874e+00 2.000000e-01
      vertex   -2.327038e+00 -8.536760e+00 2.000000e+00
    endloop
  endfacet
  facet normal -9.993983e-01 -3.467877e-02 -6.348412e-04
    outer loop
      vertex   -2.327038e+00 -8.536760e+00 2.000000e+00
      vertex   -2.328493e+00 -8.461874e+00 2.000000e-01
      vertex   -2.322848e+00 -8.624567e+00 2.000000e-01
    endloop
  endfacet
  facet normal -9.976436e-01 -6.860136e-02 1.024038e-03
    outer loop
      vertex   -2.327038e+00 -8.536760e+00 2.000000e+00
      vertex   -2.322848e+00 -8.624567e+00 2.000000e-01
      vertex   -2.312956e+00 -8.741555e+00 2.000000e+00
    endloop
  endfacet
  facet normal -9.968282e-01 -7.958350e-02 3.057885e-04
    outer loop
      vertex   -2.312956e+00 -8.741555e+00 2.000000e+00
      vertex   -2.322848e+00 -8.624567e+00 2.000000e-01
      vertex   -2.315407e+00 -8.717767e+00 2.000000e-01
    endloop
  endfacet
  facet normal -9.937339e-01 -1.117716e-01 -1.238060e-04
    outer loop
      vertex   -2.312956e+00 -8.741555e+00 2.000000e+00
      vertex   -2.315407e+00 -8.717767e+00 2.000000e-01
      vertex   -2.303665e+00 -8.822167e+00 2.000000e-01
    endloop
  endfacet
  facet normal -9.910394e-01 -1.335669e-01 8.661942e-04
    outer loop
      vertex   -2.312956e+00 -8.741555e+00 2.000000e+00
      vertex   -2.303665e+00 -8.822167e+00 2.000000e-01
      vertex   -2.285069e+00 -8.948467e+00 2.000000e+00
    endloop
  endfacet
  facet normal -9.869848e-01 -1.608096e-01 -1.087223e-03
    outer loop
      vertex   -2.285069e+00 -8.948467e+00 2.000000e+00
      vertex   -2.303665e+00 -8.822167e+00 2.000000e-01
      vertex   -2.264711e+00 -9.061250e+00 2.000000e-01
    endloop
  endfacet
  facet normal -9.818251e-01 -1.897865e-01 7.867384e-04
    outer loop
      vertex   -2.285069e+00 -8.948467e+00 2.000000e+00
      vertex   -2.264711e+00 -9.061250e+00 2.000000e-01
      vertex   -2.244790e+00 -9.156844e+00 2.000000e+00
    endloop
  endfacet
  facet normal -9.750681e-01 -2.219036e-01 -9.937124e-04
    outer loop
      vertex   -2.244790e+00 -9.156844e+00 2.000000e+00
      vertex   -2.264711e+00 -9.061250e+00 2.000000e-01
      vertex   -2.208907e+00 -9.306456e+00 2.000000e-01
    endloop
  endfacet
  facet normal -9.707617e-01 -2.400445e-01 5.999728e-04
    outer loop
      vertex   -2.244790e+00 -9.156844e+00 2.000000e+00
      vertex   -2.208907e+00 -9.306456e+00 2.000000e-01
      vertex   -2.193027e+00 -9.366177e+00 2.000000e+00
    endloop
  endfacet
  facet normal -9.609683e-01 -2.766577e-01 -7.012003e-04
    outer loop
      vertex   -2.193027e+00 -9.366177e+00 2.000000e+00
      vertex   -2.208907e+00 -9.306456e+00 2.000000e-01
      vertex   -2.139154e+00 -9.548743e+00 2.000000e-01
    endloop
  endfacet
  facet normal -9.582731e-01 -2.858542e-01 3.122190e-04
    outer loop
      vertex   -2.193027e+00 -9.366177e+00 2.000000e+00
      vertex   -2.139154e+00 -9.548743e+00 2.000000e-01
      vertex   -2.130425e+00 -9.576040e+00 2.000000e+00
    endloop
  endfacet
  facet normal -9.455554e-01 -3.254611e-01 -3.500834e-04
    outer loop
      vertex   -2.130425e+00 -9.576040e+00 2.000000e+00
      vertex   -2.139154e+00 -9.548743e+00 2.000000e-01
      vertex   -2.057472e+00 -9.786052e+00 2.000000e-01
    endloop
  endfacet
  facet normal -9.446291e-01 -3.281399e-01 0.000000e+00
    outer loop
      vertex   -2.130425e+00 -9.576040e+00 2.000000e+00
      vertex   -2.057472e+00 -9.786052e+00 2.000000e-01
      vertex   -2.057472e+00 -9.786052e+00 2.000000e+00
    endloop
  endfacet
  facet normal 5.127036e-01 -8.585657e-01 0.000000e+00
    outer loop
      vertex   -4.714237e+00 -8.819068e+00 2.000000e+00
      vertex   -4.714237e+00 -8.819068e+00 2.000000e-01
      vertex   -4.523360e+00 -8.705083e+00 2.000000e+00
    endloop
  endfacet
  facet normal 5.132030e-01 -8.582673e-01 -7.184745e-05
    outer loop
      vertex   -4.523360e+00 -8.705083e+00 2.000000e+00
      vertex   -4.714237e+00 -8.819068e+00 2.000000e-01
      vertex   -4.518449e+00 -8.701996e+00 2.000000e-01
    endloop
  endfacet
  facet normal 5.503363e-01 -8.349431e-01 6.944204e-05
    outer loop
      vertex   -4.523360e+00 -8.705083e+00 2.000000e+00
      vertex   -4.518449e+00 -8.701996e+00 2.000000e-01
      vertex   -4.340506e+00 -8.584559e+00 2.000000e+00
    endloop
  endfacet
  facet normal 5.522250e-01 -8.336951e-01 -1.986945e-04
    outer loop
      vertex   -4.340506e+00 -8.584559e+00 2.000000e+00
      vertex   -4.518449e+00 -8.701996e+00 2.000000e-01
      vertex   -4.327514e+00 -8.575524e+00 2.000000e-01
    endloop
  endfacet
  facet normal 5.893490e-01 -8.078785e-01 1.988491e-04
    outer loop
      vertex   -4.340506e+00 -8.584559e+00 2.000000e+00
      vertex   -4.327514e+00 -8.575524e+00 2.000000e-01
      vertex   -4.166297e+00 -8.457473e+00 2.000000e+00
    endloop
  endfacet
  facet normal 5.934937e-01 -8.048386e-01 -3.717377e-04
    outer loop
      vertex   -4.166297e+00 -8.457473e+00 2.000000e+00
      vertex   -4.327514e+00 -8.575524e+00 2.000000e-01
      vertex   -4.143563e+00 -8.439877e+00 2.000000e-01
    endloop
  endfacet
  facet normal 6.301294e-01 -7.764901e-01 3.680831e-04
    outer loop
      vertex   -4.166297e+00 -8.457473e+00 2.000000e+00
      vertex   -4.143563e+00 -8.439877e+00 2.000000e-01
      vertex   -4.001499e+00 -8.323738e+00 2.000000e+00
    endloop
  endfacet
  facet normal 6.368122e-01 -7.710188e-01 -5.123677e-04
    outer loop
      vertex   -4.001499e+00 -8.323738e+00 2.000000e+00
      vertex   -4.143563e+00 -8.439877e+00 2.000000e-01
      vertex   -3.972608e+00 -8.298679e+00 2.000000e-01
    endloop
  endfacet
  facet normal 6.733253e-01 -7.393462e-01 5.146244e-04
    outer loop
      vertex   -4.001499e+00 -8.323738e+00 2.000000e+00
      vertex   -3.972608e+00 -8.298679e+00 2.000000e-01
      vertex   -3.847136e+00 -8.183159e+00 2.000000e+00
    endloop
  endfacet
  facet normal 6.795959e-01 -7.335867e-01 -2.921130e-04
    outer loop
      vertex   -3.847136e+00 -8.183159e+00 2.000000e+00
      vertex   -3.972608e+00 -8.298679e+00 2.000000e-01
      vertex   -3.832209e+00 -8.168614e+00 2.000000e-01
    endloop
  endfacet
  facet normal 7.191376e-01 -6.948676e-01 3.486734e-04
    outer loop
      vertex   -3.847136e+00 -8.183159e+00 2.000000e+00
      vertex   -3.832209e+00 -8.168614e+00 2.000000e-01
      vertex   -3.722309e+00 -8.054875e+00 2.000000e-01
    endloop
  endfacet
  facet normal 7.201435e-01 -6.938249e-01 4.927388e-04
    outer loop
      vertex   -3.847136e+00 -8.183159e+00 2.000000e+00
      vertex   -3.722309e+00 -8.054875e+00 2.000000e-01
      vertex   -3.704709e+00 -8.035329e+00 2.000000e+00
    endloop
  endfacet
  facet normal 7.547025e-01 -6.560672e-01 -2.551647e-04
    outer loop
      vertex   -3.704709e+00 -8.035329e+00 2.000000e+00
      vertex   -3.722309e+00 -8.054875e+00 2.000000e-01
      vertex   -3.640658e+00 -7.960948e+00 2.000000e-01
    endloop
  endfacet
  facet normal 7.731663e-01 -6.342019e-01 1.305386e-03
    outer loop
      vertex   -3.704709e+00 -8.035329e+00 2.000000e+00
      vertex   -3.640658e+00 -7.960948e+00 2.000000e-01
      vertex   -3.576779e+00 -7.879368e+00 2.000000e+00
    endloop
  endfacet
  facet normal 7.854735e-01 -6.188953e-01 1.748984e-04
    outer loop
      vertex   -3.576779e+00 -7.879368e+00 2.000000e+00
      vertex   -3.640658e+00 -7.960948e+00 2.000000e-01
      vertex   -3.585009e+00 -7.890321e+00 2.000000e-01
    endloop
  endfacet
  facet normal 8.087205e-01 -5.881931e-01 -1.182061e-04
    outer loop
      vertex   -3.576779e+00 -7.879368e+00 2.000000e+00
      vertex   -3.585009e+00 -7.890321e+00 2.000000e-01
      vertex   -3.552879e+00 -7.846145e+00 2.000000e-01
    endloop
  endfacet
  facet normal 8.180604e-01 -5.751323e-01 2.468788e-04
    outer loop
      vertex   -3.576779e+00 -7.879368e+00 2.000000e+00
      vertex   -3.552879e+00 -7.846145e+00 2.000000e-01
      vertex   -3.519505e+00 -7.797901e+00 2.000000e+00
    endloop
  endfacet
  facet normal 8.208571e-01 -5.711337e-01 8.785604e-05
    outer loop
      vertex   -3.519505e+00 -7.797901e+00 2.000000e+00
      vertex   -3.552879e+00 -7.846145e+00 2.000000e-01
      vertex   -3.531505e+00 -7.815425e+00 2.000000e-01
    endloop
  endfacet
  facet normal 8.368569e-01 -5.474217e-01 -2.496542e-04
    outer loop
      vertex   -3.519505e+00 -7.797901e+00 2.000000e+00
      vertex   -3.531505e+00 -7.815425e+00 2.000000e-01
      vertex   -3.500461e+00 -7.767967e+00 2.000000e-01
    endloop
  endfacet
  facet normal 8.650497e-01 -5.016855e-01 8.092219e-04
    outer loop
      vertex   -3.500461e+00 -7.767967e+00 2.000000e-01
      vertex   -3.481468e+00 -7.735219e+00 2.000000e-01
      vertex   -3.519505e+00 -7.797901e+00 2.000000e+00
    endloop
  endfacet
  facet normal 8.664087e-01 -4.993347e-01 9.198059e-04
    outer loop
      vertex   -3.519505e+00 -7.797901e+00 2.000000e+00
      vertex   -3.481468e+00 -7.735219e+00 2.000000e-01
      vertex   -3.470264e+00 -7.712462e+00 2.000000e+00
    endloop
  endfacet
  facet normal 8.971535e-01 -4.417188e-01 0.000000e+00
    outer loop
      vertex   -3.470264e+00 -7.712462e+00 2.000000e+00
      vertex   -3.481468e+00 -7.735219e+00 2.000000e-01
      vertex   -3.470264e+00 -7.712462e+00 2.000000e-01
    endloop
  endfacet
  facet normal -5.187558e-01 -8.549225e-01 -0.000000e+00
    outer loop
      vertex   -5.280418e+00 -8.492184e+00 2.000000e+00
      vertex   -5.280418e+00 -8.492184e+00 2.000000e-01
      vertex   -5.094082e+00 -8.605250e+00 2.000000e+00
    endloop
  endfacet
  facet normal -5.187558e-01 -8.549225e-01 8.436930e-16
    outer loop
      vertex   -5.094082e+00 -8.605250e+00 2.000000e+00
      vertex   -5.280418e+00 -8.492184e+00 2.000000e-01
      vertex   -5.094082e+00 -8.605250e+00 2.000000e-01
    endloop
  endfacet
  facet normal -5.000000e-01 -8.660254e-01 8.546501e-16
    outer loop
      vertex   -5.094082e+00 -8.605250e+00 2.000000e+00
      vertex   -5.094082e+00 -8.605250e+00 2.000000e-01
      vertex   -4.905325e+00 -8.714229e+00 2.000000e+00
    endloop
  endfacet
  facet normal -5.000000e-01 -8.660254e-01 -0.000000e+00
    outer loop
      vertex   -4.905325e+00 -8.714229e+00 2.000000e+00
      vertex   -5.094082e+00 -8.605250e+00 2.000000e-01
      vertex   -4.905325e+00 -8.714229e+00 2.000000e-01
    endloop
  endfacet
  facet normal -4.810067e-01 -8.767169e-01 -0.000000e+00
    outer loop
      vertex   -4.905325e+00 -8.714229e+00 2.000000e+00
      vertex   -4.905325e+00 -8.714229e+00 2.000000e-01
      vertex   -4.714237e+00 -8.819068e+00 2.000000e+00
    endloop
  endfacet
  facet normal -4.810067e-01 -8.767169e-01 -0.000000e+00
    outer loop
      vertex   -4.714237e+00 -8.819068e+00 2.000000e+00
      vertex   -4.905325e+00 -8.714229e+00 2.000000e-01
      vertex   -4.714237e+00 -8.819068e+00 2.000000e-01
    endloop
  endfacet
  facet normal -8.496157e-01 5.274023e-01 0.000000e+00
    outer loop
      vertex   -4.944056e+00 -6.861568e+00 2.000000e-01
      vertex   -4.982358e+00 -6.923269e+00 2.000000e-01
      vertex   -4.944056e+00 -6.861568e+00 2.000000e+00
    endloop
  endfacet
  facet normal -8.656405e-01 5.006644e-01 1.257534e-03
    outer loop
      vertex   -4.944056e+00 -6.861568e+00 2.000000e+00
      vertex   -4.982358e+00 -6.923269e+00 2.000000e-01
      vertex   -4.993428e+00 -6.946931e+00 2.000000e+00
    endloop
  endfacet
  facet normal -8.953404e-01 4.453824e-01 3.481643e-04
    outer loop
      vertex   -4.993428e+00 -6.946931e+00 2.000000e+00
      vertex   -4.982358e+00 -6.923269e+00 2.000000e-01
      vertex   -5.018623e+00 -6.996171e+00 2.000000e-01
    endloop
  endfacet
  facet normal -9.071087e-01 4.208947e-01 1.182760e-03
    outer loop
      vertex   -4.993428e+00 -6.946931e+00 2.000000e+00
      vertex   -5.018623e+00 -6.996171e+00 2.000000e-01
      vertex   -5.035343e+00 -7.037266e+00 2.000000e+00
    endloop
  endfacet
  facet normal -9.285212e-01 3.712793e-01 -1.488687e-04
    outer loop
      vertex   -5.035343e+00 -7.037266e+00 2.000000e+00
      vertex   -5.018623e+00 -6.996171e+00 2.000000e-01
      vertex   -5.082199e+00 -7.155169e+00 2.000000e-01
    endloop
  endfacet
  facet normal -9.358182e-01 3.524807e-01 1.272423e-03
    outer loop
      vertex   -5.035343e+00 -7.037266e+00 2.000000e+00
      vertex   -5.082199e+00 -7.155169e+00 2.000000e-01
      vertex   -5.106445e+00 -7.226036e+00 2.000000e+00
    endloop
  endfacet
  facet normal -9.509881e-01 3.092270e-01 -6.348412e-04
    outer loop
      vertex   -5.106445e+00 -7.226036e+00 2.000000e+00
      vertex   -5.082199e+00 -7.155169e+00 2.000000e-01
      vertex   -5.132539e+00 -7.309981e+00 2.000000e-01
    endloop
  endfacet
  facet normal -9.609414e-01 2.767500e-01 1.024038e-03
    outer loop
      vertex   -5.106445e+00 -7.226036e+00 2.000000e+00
      vertex   -5.132539e+00 -7.309981e+00 2.000000e-01
      vertex   -5.163255e+00 -7.423297e+00 2.000000e+00
    endloop
  endfacet
  facet normal -9.639312e-01 2.661513e-01 3.057885e-04
    outer loop
      vertex   -5.163255e+00 -7.423297e+00 2.000000e+00
      vertex   -5.132539e+00 -7.309981e+00 2.000000e-01
      vertex   -5.157423e+00 -7.400106e+00 2.000000e-01
    endloop
  endfacet
  facet normal -9.720326e-01 2.348461e-01 -1.238060e-04
    outer loop
      vertex   -5.163255e+00 -7.423297e+00 2.000000e+00
      vertex   -5.157423e+00 -7.400106e+00 2.000000e-01
      vertex   -5.182096e+00 -7.502226e+00 2.000000e-01
    endloop
  endfacet
  facet normal -9.769550e-01 2.134436e-01 8.661942e-04
    outer loop
      vertex   -5.163255e+00 -7.423297e+00 2.000000e+00
      vertex   -5.182096e+00 -7.502226e+00 2.000000e-01
      vertex   -5.207819e+00 -7.627269e+00 2.000000e+00
    endloop
  endfacet
  facet normal -9.824625e-01 1.864571e-01 -1.087223e-03
    outer loop
      vertex   -5.207819e+00 -7.627269e+00 2.000000e+00
      vertex   -5.182096e+00 -7.502226e+00 2.000000e-01
      vertex   -5.227262e+00 -7.740213e+00 2.000000e-01
    endloop
  endfacet
  facet normal -9.875246e-01 1.574630e-01 7.867384e-04
    outer loop
      vertex   -5.207819e+00 -7.627269e+00 2.000000e+00
      vertex   -5.227262e+00 -7.740213e+00 2.000000e-01
      vertex   -5.241238e+00 -7.836855e+00 2.000000e+00
    endloop
  endfacet
  facet normal -9.921598e-01 1.249718e-01 -9.937124e-04
    outer loop
      vertex   -5.241238e+00 -7.836855e+00 2.000000e+00
      vertex   -5.227262e+00 -7.740213e+00 2.000000e-01
      vertex   -5.258689e+00 -7.989717e+00 2.000000e-01
    endloop
  endfacet
  facet normal -9.943177e-01 1.064520e-01 5.999728e-04
    outer loop
      vertex   -5.241238e+00 -7.836855e+00 2.000000e+00
      vertex   -5.258689e+00 -7.989717e+00 2.000000e-01
      vertex   -5.264193e+00 -8.051268e+00 2.000000e+00
    endloop
  endfacet
  facet normal -9.976373e-01 6.869727e-02 -7.012003e-04
    outer loop
      vertex   -5.264193e+00 -8.051268e+00 2.000000e+00
      vertex   -5.258689e+00 -7.989717e+00 2.000000e-01
      vertex   -5.276010e+00 -8.241250e+00 2.000000e-01
    endloop
  endfacet
  facet normal -9.982500e-01 5.913364e-02 3.122190e-04
    outer loop
      vertex   -5.264193e+00 -8.051268e+00 2.000000e+00
      vertex   -5.276010e+00 -8.241250e+00 2.000000e-01
      vertex   -5.277143e+00 -8.269886e+00 2.000000e+00
    endloop
  endfacet
  facet normal -9.998457e-01 1.756558e-02 -3.500834e-04
    outer loop
      vertex   -5.277143e+00 -8.269886e+00 2.000000e+00
      vertex   -5.276010e+00 -8.241250e+00 2.000000e-01
      vertex   -5.280418e+00 -8.492184e+00 2.000000e-01
    endloop
  endfacet
  facet normal -9.998915e-01 1.473154e-02 0.000000e+00
    outer loop
      vertex   -5.277143e+00 -8.269886e+00 2.000000e+00
      vertex   -5.280418e+00 -8.492184e+00 2.000000e-01
      vertex   -5.280418e+00 -8.492184e+00 2.000000e+00
    endloop
  endfacet
  facet normal 1.881371e-01 -9.821428e-01 0.000000e+00
    outer loop
      vertex   -7.446233e+00 -6.674849e+00 2.000000e+00
      vertex   -7.446233e+00 -6.674849e+00 2.000000e-01
      vertex   -7.227881e+00 -6.633022e+00 2.000000e+00
    endloop
  endfacet
  facet normal 1.887084e-01 -9.820332e-01 -7.184744e-05
    outer loop
      vertex   -7.227881e+00 -6.633022e+00 2.000000e+00
      vertex   -7.446233e+00 -6.674849e+00 2.000000e-01
      vertex   -7.222212e+00 -6.631801e+00 2.000000e-01
    endloop
  endfacet
  facet normal 2.315796e-01 -9.728160e-01 6.944204e-05
    outer loop
      vertex   -7.227881e+00 -6.633022e+00 2.000000e+00
      vertex   -7.222212e+00 -6.631801e+00 2.000000e-01
      vertex   -7.014834e+00 -6.582306e+00 2.000000e+00
    endloop
  endfacet
  facet normal 2.337812e-01 -9.722892e-01 -1.986945e-04
    outer loop
      vertex   -7.014834e+00 -6.582306e+00 2.000000e+00
      vertex   -7.222212e+00 -6.631801e+00 2.000000e-01
      vertex   -6.999535e+00 -6.578260e+00 2.000000e-01
    endloop
  endfacet
  facet normal 2.774962e-01 -9.607267e-01 1.988491e-04
    outer loop
      vertex   -7.014834e+00 -6.582306e+00 2.000000e+00
      vertex   -6.999535e+00 -6.578260e+00 2.000000e-01
      vertex   -6.807664e+00 -6.522467e+00 2.000000e+00
    endloop
  endfacet
  facet normal 2.824306e-01 -9.592877e-01 -3.717377e-04
    outer loop
      vertex   -6.807664e+00 -6.522467e+00 2.000000e+00
      vertex   -6.999535e+00 -6.578260e+00 2.000000e-01
      vertex   -6.780283e+00 -6.513708e+00 2.000000e-01
    endloop
  endfacet
  facet normal 3.265527e-01 -9.451789e-01 3.680831e-04
    outer loop
      vertex   -6.807664e+00 -6.522467e+00 2.000000e+00
      vertex   -6.780283e+00 -6.513708e+00 2.000000e-01
      vertex   -6.607065e+00 -6.453162e+00 2.000000e+00
    endloop
  endfacet
  facet normal 3.347037e-01 -9.423233e-01 -5.123677e-04
    outer loop
      vertex   -6.607065e+00 -6.453162e+00 2.000000e+00
      vertex   -6.780283e+00 -6.513708e+00 2.000000e-01
      vertex   -6.571346e+00 -6.439496e+00 2.000000e-01
    endloop
  endfacet
  facet normal 3.798475e-01 -9.250490e-01 5.146244e-04
    outer loop
      vertex   -6.607065e+00 -6.453162e+00 2.000000e+00
      vertex   -6.571346e+00 -6.439496e+00 2.000000e-01
      vertex   -6.413931e+00 -6.373856e+00 2.000000e+00
    endloop
  endfacet
  facet normal 3.877098e-01 -9.217814e-01 -2.921130e-04
    outer loop
      vertex   -6.413931e+00 -6.373856e+00 2.000000e+00
      vertex   -6.571346e+00 -6.439496e+00 2.000000e-01
      vertex   -6.394929e+00 -6.365293e+00 2.000000e-01
    endloop
  endfacet
  facet normal 4.381096e-01 -8.989215e-01 3.486733e-04
    outer loop
      vertex   -6.413931e+00 -6.373856e+00 2.000000e+00
      vertex   -6.394929e+00 -6.365293e+00 2.000000e-01
      vertex   -6.252755e+00 -6.296002e+00 2.000000e-01
    endloop
  endfacet
  facet normal 4.394115e-01 -8.982858e-01 4.927388e-04
    outer loop
      vertex   -6.413931e+00 -6.373856e+00 2.000000e+00
      vertex   -6.252755e+00 -6.296002e+00 2.000000e-01
      vertex   -6.229532e+00 -6.283654e+00 2.000000e+00
    endloop
  endfacet
  facet normal 4.848001e-01 -8.746249e-01 -2.551647e-04
    outer loop
      vertex   -6.229532e+00 -6.283654e+00 2.000000e+00
      vertex   -6.252755e+00 -6.296002e+00 2.000000e-01
      vertex   -6.143904e+00 -6.235666e+00 2.000000e-01
    endloop
  endfacet
  facet normal 5.096289e-01 -8.603933e-01 1.305386e-03
    outer loop
      vertex   -6.229532e+00 -6.283654e+00 2.000000e+00
      vertex   -6.143904e+00 -6.235666e+00 2.000000e-01
      vertex   -6.055976e+00 -6.180853e+00 2.000000e+00
    endloop
  endfacet
  facet normal 5.264289e-01 -8.502191e-01 1.748984e-04
    outer loop
      vertex   -6.055976e+00 -6.180853e+00 2.000000e+00
      vertex   -6.143904e+00 -6.235666e+00 2.000000e-01
      vertex   -6.067455e+00 -6.188331e+00 2.000000e-01
    endloop
  endfacet
  facet normal 5.587748e-01 -8.293194e-01 -1.182061e-04
    outer loop
      vertex   -6.055976e+00 -6.180853e+00 2.000000e+00
      vertex   -6.067455e+00 -6.188331e+00 2.000000e-01
      vertex   -6.022153e+00 -6.157808e+00 2.000000e-01
    endloop
  endfacet
  facet normal 5.720185e-01 -8.202407e-01 2.468788e-04
    outer loop
      vertex   -6.055976e+00 -6.180853e+00 2.000000e+00
      vertex   -6.022153e+00 -6.157808e+00 2.000000e-01
      vertex   -5.974292e+00 -6.123889e+00 2.000000e+00
    endloop
  endfacet
  facet normal 5.760141e-01 -8.174397e-01 8.785604e-05
    outer loop
      vertex   -5.974292e+00 -6.123889e+00 2.000000e+00
      vertex   -6.022153e+00 -6.157808e+00 2.000000e-01
      vertex   -5.991562e+00 -6.136252e+00 2.000000e-01
    endloop
  endfacet
  facet normal 5.991590e-01 -8.006301e-01 -2.496542e-04
    outer loop
      vertex   -5.974292e+00 -6.123889e+00 2.000000e+00
      vertex   -5.991562e+00 -6.136252e+00 2.000000e-01
      vertex   -5.946158e+00 -6.102274e+00 2.000000e-01
    endloop
  endfacet
  facet normal 6.412942e-01 -7.672946e-01 8.092218e-04
    outer loop
      vertex   -5.946158e+00 -6.102274e+00 2.000000e-01
      vertex   -5.917111e+00 -6.077996e+00 2.000000e-01
      vertex   -5.974292e+00 -6.123889e+00 2.000000e+00
    endloop
  endfacet
  facet normal 6.433754e-01 -7.655503e-01 9.198059e-04
    outer loop
      vertex   -5.974292e+00 -6.123889e+00 2.000000e+00
      vertex   -5.917111e+00 -6.077996e+00 2.000000e-01
      vertex   -5.898799e+00 -6.060443e+00 2.000000e+00
    endloop
  endfacet
  facet normal 6.919718e-01 -7.219245e-01 0.000000e+00
    outer loop
      vertex   -5.898799e+00 -6.060443e+00 2.000000e+00
      vertex   -5.917111e+00 -6.077996e+00 2.000000e-01
      vertex   -5.898799e+00 -6.060443e+00 2.000000e-01
    endloop
  endfacet
  facet normal -7.798717e-01 -6.259394e-01 -0.000000e+00
    outer loop
      vertex   -7.866468e+00 -6.174033e+00 2.000000e+00
      vertex   -7.866468e+00 -6.174033e+00 2.000000e-01
      vertex   -7.730040e+00 -6.344012e+00 2.000000e+00
    endloop
  endfacet
  facet normal -7.798717e-01 -6.259394e-01 -0.000000e+00
    outer loop
      vertex   -7.730040e+00 -6.344012e+00 2.000000e+00
      vertex   -7.866468e+00 -6.174033e+00 2.000000e-01
      vertex   -7.730040e+00 -6.344012e+00 2.000000e-01
    endloop
  endfacet
  facet normal -7.660444e-01 -6.427876e-01 -0.000000e+00
    outer loop
      vertex   -7.730040e+00 -6.344012e+00 2.000000e+00
      vertex   -7.730040e+00 -6.344012e+00 2.000000e-01
      vertex   -7.589939e+00 -6.510977e+00 2.000000e+00
    endloop
  endfacet
  facet normal -7.660444e-01 -6.427876e-01 -0.000000e+00
    outer loop
      vertex   -7.589939e+00 -6.510977e+00 2.000000e+00
      vertex   -7.730040e+00 -6.344012e+00 2.000000e-01
      vertex   -7.589939e+00 -6.510977e+00 2.000000e-01
    endloop
  endfacet
  facet normal -7.518533e-01 -6.593305e-01 -0.000000e+00
    outer loop
      vertex   -7.589939e+00 -6.510977e+00 2.000000e+00
      vertex   -7.589939e+00 -6.510977e+00 2.000000e-01
      vertex   -7.446233e+00 -6.674849e+00 2.000000e+00
    endloop
  endfacet
  facet normal -7.518533e-01 -6.593305e-01 -0.000000e+00
    outer loop
      vertex   -7.446233e+00 -6.674849e+00 2.000000e+00
      vertex   -7.589939e+00 -6.510977e+00 2.000000e-01
      vertex   -7.446233e+00 -6.674849e+00 2.000000e-01
    endloop
  endfacet
  facet normal -6.179953e-01 7.861818e-01 0.000000e+00
    outer loop
      vertex   -6.992687e+00 -4.756798e+00 2.000000e-01
      vertex   -7.049783e+00 -4.801678e+00 2.000000e-01
      vertex   -6.992687e+00 -4.756798e+00 2.000000e+00
    endloop
  endfacet
  facet normal -6.421987e-01 7.665372e-01 1.257534e-03
    outer loop
      vertex   -6.992687e+00 -4.756798e+00 2.000000e+00
      vertex   -7.049783e+00 -4.801678e+00 2.000000e-01
      vertex   -7.068278e+00 -4.820127e+00 2.000000e+00
    endloop
  endfacet
  facet normal -6.890150e-01 7.247470e-01 3.481643e-04
    outer loop
      vertex   -7.068278e+00 -4.820127e+00 2.000000e+00
      vertex   -7.049783e+00 -4.801678e+00 2.000000e-01
      vertex   -7.108794e+00 -4.857781e+00 2.000000e-01
    endloop
  endfacet
  facet normal -7.084489e-01 7.057611e-01 1.182760e-03
    outer loop
      vertex   -7.068278e+00 -4.820127e+00 2.000000e+00
      vertex   -7.108794e+00 -4.857781e+00 2.000000e-01
      vertex   -7.138561e+00 -4.890678e+00 2.000000e+00
    endloop
  endfacet
  facet normal -7.455396e-01 6.664614e-01 -1.488687e-04
    outer loop
      vertex   -7.138561e+00 -4.890678e+00 2.000000e+00
      vertex   -7.108794e+00 -4.857781e+00 2.000000e-01
      vertex   -7.222917e+00 -4.985445e+00 2.000000e-01
    endloop
  endfacet
  facet normal -7.588259e-01 6.512922e-01 1.272423e-03
    outer loop
      vertex   -7.138561e+00 -4.890678e+00 2.000000e+00
      vertex   -7.222917e+00 -4.985445e+00 2.000000e-01
      vertex   -7.269938e+00 -5.043746e+00 2.000000e+00
    endloop
  endfacet
  facet normal -7.878746e-01 6.158354e-01 -6.348412e-04
    outer loop
      vertex   -7.269938e+00 -5.043746e+00 2.000000e+00
      vertex   -7.222917e+00 -4.985445e+00 2.000000e-01
      vertex   -7.323169e+00 -5.113703e+00 2.000000e-01
    endloop
  endfacet
  facet normal -8.083355e-01 5.887213e-01 1.024038e-03
    outer loop
      vertex   -7.269938e+00 -5.043746e+00 2.000000e+00
      vertex   -7.323169e+00 -5.113703e+00 2.000000e-01
      vertex   -7.390790e+00 -5.209680e+00 2.000000e+00
    endloop
  endfacet
  facet normal -8.147700e-01 5.797843e-01 3.057885e-04
    outer loop
      vertex   -7.390790e+00 -5.209680e+00 2.000000e+00
      vertex   -7.323169e+00 -5.113703e+00 2.000000e-01
      vertex   -7.377378e+00 -5.189882e+00 2.000000e-01
    endloop
  endfacet
  facet normal -8.330897e-01 5.531378e-01 -1.238060e-04
    outer loop
      vertex   -7.390790e+00 -5.209680e+00 2.000000e+00
      vertex   -7.377378e+00 -5.189882e+00 2.000000e-01
      vertex   -7.435489e+00 -5.277405e+00 2.000000e-01
    endloop
  endfacet
  facet normal -8.450354e-01 5.347097e-01 8.661942e-04
    outer loop
      vertex   -7.390790e+00 -5.209680e+00 2.000000e+00
      vertex   -7.435489e+00 -5.277405e+00 2.000000e-01
      vertex   -7.502429e+00 -5.386109e+00 2.000000e+00
    endloop
  endfacet
  facet normal -8.594407e-01 5.112343e-01 -1.087223e-03
    outer loop
      vertex   -7.502429e+00 -5.386109e+00 2.000000e+00
      vertex   -7.435489e+00 -5.277405e+00 2.000000e-01
      vertex   -7.559328e+00 -5.485592e+00 2.000000e-01
    endloop
  endfacet
  facet normal -8.741141e-01 4.857201e-01 7.867384e-04
    outer loop
      vertex   -7.502429e+00 -5.386109e+00 2.000000e+00
      vertex   -7.559328e+00 -5.485592e+00 2.000000e-01
      vertex   -7.605515e+00 -5.571626e+00 2.000000e+00
    endloop
  endfacet
  facet normal -8.895824e-01 4.567737e-01 -9.937124e-04
    outer loop
      vertex   -7.605515e+00 -5.571626e+00 2.000000e+00
      vertex   -7.559328e+00 -5.485592e+00 2.000000e-01
      vertex   -7.674196e+00 -5.709301e+00 2.000000e-01
    endloop
  endfacet
  facet normal -8.979443e-01 4.401088e-01 5.999728e-04
    outer loop
      vertex   -7.605515e+00 -5.571626e+00 2.000000e+00
      vertex   -7.674196e+00 -5.709301e+00 2.000000e-01
      vertex   -7.700419e+00 -5.765257e+00 2.000000e+00
    endloop
  endfacet
  facet normal -9.139766e-01 4.057664e-01 -7.012003e-04
    outer loop
      vertex   -7.700419e+00 -5.765257e+00 2.000000e+00
      vertex   -7.674196e+00 -5.709301e+00 2.000000e-01
      vertex   -7.776501e+00 -5.939740e+00 2.000000e-01
    endloop
  endfacet
  facet normal -9.178233e-01 3.969891e-01 3.122190e-04
    outer loop
      vertex   -7.700419e+00 -5.765257e+00 2.000000e+00
      vertex   -7.776501e+00 -5.939740e+00 2.000000e-01
      vertex   -7.787360e+00 -5.966261e+00 2.000000e+00
    endloop
  endfacet
  facet normal -9.335398e-01 3.584736e-01 -3.500834e-04
    outer loop
      vertex   -7.787360e+00 -5.966261e+00 2.000000e+00
      vertex   -7.776501e+00 -5.939740e+00 2.000000e-01
      vertex   -7.866468e+00 -6.174033e+00 2.000000e-01
    endloop
  endfacet
  facet normal -9.345522e-01 3.558262e-01 0.000000e+00
    outer loop
      vertex   -7.787360e+00 -5.966261e+00 2.000000e+00
      vertex   -7.866468e+00 -6.174033e+00 2.000000e-01
      vertex   -7.866468e+00 -6.174033e+00 2.000000e+00
    endloop
  endfacet
  facet normal -1.591216e-01 -9.872590e-01 -0.000000e+00
    outer loop
      vertex   -9.280103e+00 -3.725545e+00 2.000000e+00
      vertex   -9.280103e+00 -3.725545e+00 2.000000e-01
      vertex   -9.060614e+00 -3.760921e+00 2.000000e+00
    endloop
  endfacet
  facet normal -1.585473e-01 -9.873514e-01 -7.184744e-05
    outer loop
      vertex   -9.060614e+00 -3.760921e+00 2.000000e+00
      vertex   -9.280103e+00 -3.725545e+00 2.000000e-01
      vertex   -9.054869e+00 -3.761713e+00 2.000000e-01
    endloop
  endfacet
  facet normal -1.151090e-01 -9.933529e-01 6.944204e-05
    outer loop
      vertex   -9.060614e+00 -3.760921e+00 2.000000e+00
      vertex   -9.054869e+00 -3.761713e+00 2.000000e-01
      vertex   -8.843069e+00 -3.786130e+00 2.000000e+00
    endloop
  endfacet
  facet normal -1.128600e-01 -9.936109e-01 -1.986945e-04
    outer loop
      vertex   -8.843069e+00 -3.786130e+00 2.000000e+00
      vertex   -9.054869e+00 -3.761713e+00 2.000000e-01
      vertex   -8.827309e+00 -3.787560e+00 2.000000e-01
    endloop
  endfacet
  facet normal -6.782675e-02 -9.976971e-01 1.988491e-04
    outer loop
      vertex   -8.843069e+00 -3.786130e+00 2.000000e+00
      vertex   -8.827309e+00 -3.787560e+00 2.000000e-01
      vertex   -8.627927e+00 -3.800756e+00 2.000000e+00
    endloop
  endfacet
  facet normal -6.269774e-02 -9.980325e-01 -3.717377e-04
    outer loop
      vertex   -8.627927e+00 -3.800756e+00 2.000000e+00
      vertex   -8.827309e+00 -3.787560e+00 2.000000e-01
      vertex   -8.599202e+00 -3.801890e+00 2.000000e-01
    endloop
  endfacet
  facet normal -1.641110e-02 -9.998653e-01 3.680831e-04
    outer loop
      vertex   -8.627927e+00 -3.800756e+00 2.000000e+00
      vertex   -8.599202e+00 -3.801890e+00 2.000000e-01
      vertex   -8.415722e+00 -3.804239e+00 2.000000e+00
    endloop
  endfacet
  facet normal -7.774923e-03 -9.999696e-01 -5.123677e-04
    outer loop
      vertex   -8.415722e+00 -3.804239e+00 2.000000e+00
      vertex   -8.599202e+00 -3.801890e+00 2.000000e-01
      vertex   -8.377482e+00 -3.803614e+00 2.000000e-01
    endloop
  endfacet
  facet normal 4.055449e-02 -9.991772e-01 5.146244e-04
    outer loop
      vertex   -8.415722e+00 -3.804239e+00 2.000000e+00
      vertex   -8.377482e+00 -3.803614e+00 2.000000e-01
      vertex   -8.207111e+00 -3.795772e+00 2.000000e+00
    endloop
  endfacet
  facet normal 4.906022e-02 -9.987958e-01 -2.921130e-04
    outer loop
      vertex   -8.207111e+00 -3.795772e+00 2.000000e+00
      vertex   -8.377482e+00 -3.803614e+00 2.000000e-01
      vertex   -8.186326e+00 -3.794225e+00 2.000000e-01
    endloop
  endfacet
  facet normal 1.042391e-01 -9.945522e-01 3.486733e-04
    outer loop
      vertex   -8.207111e+00 -3.795772e+00 2.000000e+00
      vertex   -8.186326e+00 -3.794225e+00 2.000000e-01
      vertex   -8.029027e+00 -3.777738e+00 2.000000e-01
    endloop
  endfacet
  facet normal 1.056799e-01 -9.944001e-01 4.927388e-04
    outer loop
      vertex   -8.207111e+00 -3.795772e+00 2.000000e+00
      vertex   -8.029027e+00 -3.777738e+00 2.000000e-01
      vertex   -8.002982e+00 -3.774078e+00 2.000000e+00
    endloop
  endfacet
  facet normal 1.564238e-01 -9.876900e-01 -2.551647e-04
    outer loop
      vertex   -8.002982e+00 -3.774078e+00 2.000000e+00
      vertex   -8.029027e+00 -3.777738e+00 2.000000e-01
      vertex   -7.906104e+00 -3.758270e+00 2.000000e-01
    endloop
  endfacet
  facet normal 1.846226e-01 -9.828086e-01 1.305386e-03
    outer loop
      vertex   -8.002982e+00 -3.774078e+00 2.000000e+00
      vertex   -7.906104e+00 -3.758270e+00 2.000000e-01
      vertex   -7.804732e+00 -3.736837e+00 2.000000e+00
    endloop
  endfacet
  facet normal 2.038893e-01 -9.789939e-01 1.748984e-04
    outer loop
      vertex   -7.804732e+00 -3.736837e+00 2.000000e+00
      vertex   -7.906104e+00 -3.758270e+00 2.000000e-01
      vertex   -7.818076e+00 -3.739937e+00 2.000000e-01
    endloop
  endfacet
  facet normal 2.414326e-01 -9.704176e-01 -1.182061e-04
    outer loop
      vertex   -7.804732e+00 -3.736837e+00 2.000000e+00
      vertex   -7.818076e+00 -3.739937e+00 2.000000e-01
      vertex   -7.765067e+00 -3.726749e+00 2.000000e-01
    endloop
  endfacet
  facet normal 2.569827e-01 -9.664160e-01 2.468788e-04
    outer loop
      vertex   -7.804732e+00 -3.736837e+00 2.000000e+00
      vertex   -7.765067e+00 -3.726749e+00 2.000000e-01
      vertex   -7.708492e+00 -3.711245e+00 2.000000e+00
    endloop
  endfacet
  facet normal 2.616954e-01 -9.651505e-01 8.785604e-05
    outer loop
      vertex   -7.708492e+00 -3.711245e+00 2.000000e+00
      vertex   -7.765067e+00 -3.726749e+00 2.000000e-01
      vertex   -7.728948e+00 -3.716956e+00 2.000000e-01
    endloop
  endfacet
  facet normal 2.891936e-01 -9.572706e-01 -2.496542e-04
    outer loop
      vertex   -7.708492e+00 -3.711245e+00 2.000000e+00
      vertex   -7.728948e+00 -3.716956e+00 2.000000e-01
      vertex   -7.674662e+00 -3.700555e+00 2.000000e-01
    endloop
  endfacet
  facet normal 3.401892e-01 -9.403566e-01 8.092218e-04
    outer loop
      vertex   -7.674662e+00 -3.700555e+00 2.000000e-01
      vertex   -7.639062e+00 -3.687677e+00 2.000000e-01
      vertex   -7.708492e+00 -3.711245e+00 2.000000e+00
    endloop
  endfacet
  facet normal 3.427414e-01 -9.394293e-01 9.198059e-04
    outer loop
      vertex   -7.708492e+00 -3.711245e+00 2.000000e+00
      vertex   -7.639062e+00 -3.687677e+00 2.000000e-01
      vertex   -7.615851e+00 -3.677446e+00 2.000000e+00
    endloop
  endfacet
  facet normal 4.033281e-01 -9.150554e-01 0.000000e+00
    outer loop
      vertex   -7.615851e+00 -3.677446e+00 2.000000e+00
      vertex   -7.639062e+00 -3.687677e+00 2.000000e-01
      vertex   -7.615851e+00 -3.677446e+00 2.000000e-01
    endloop
  endfacet
  facet normal -9.469236e-01 -3.214588e-01 -0.000000e+00
    outer loop
      vertex   -9.503706e+00 -3.111202e+00 2.000000e+00
      vertex   -9.503706e+00 -3.111202e+00 2.000000e-01
      vertex   -9.433641e+00 -3.317592e+00 2.000000e+00
    endloop
  endfacet
  facet normal -9.469236e-01 -3.214588e-01 -0.000000e+00
    outer loop
      vertex   -9.433641e+00 -3.317592e+00 2.000000e+00
      vertex   -9.503706e+00 -3.111202e+00 2.000000e-01
      vertex   -9.433641e+00 -3.317592e+00 2.000000e-01
    endloop
  endfacet
  facet normal -9.396926e-01 -3.420201e-01 -0.000000e+00
    outer loop
      vertex   -9.433641e+00 -3.317592e+00 2.000000e+00
      vertex   -9.433641e+00 -3.317592e+00 2.000000e-01
      vertex   -9.359095e+00 -3.522405e+00 2.000000e+00
    endloop
  endfacet
  facet normal -9.396926e-01 -3.420201e-01 -0.000000e+00
    outer loop
      vertex   -9.359095e+00 -3.522405e+00 2.000000e+00
      vertex   -9.433641e+00 -3.317592e+00 2.000000e-01
      vertex   -9.359095e+00 -3.522405e+00 2.000000e-01
    endloop
  endfacet
  facet normal -9.320153e-01 -3.624190e-01 -0.000000e+00
    outer loop
      vertex   -9.359095e+00 -3.522405e+00 2.000000e+00
      vertex   -9.359095e+00 -3.522405e+00 2.000000e-01
      vertex   -9.280103e+00 -3.725545e+00 2.000000e+00
    endloop
  endfacet
  facet normal -9.320153e-01 -3.624190e-01 -0.000000e+00
    outer loop
      vertex   -9.280103e+00 -3.725545e+00 2.000000e+00
      vertex   -9.359095e+00 -3.522405e+00 2.000000e-01
      vertex   -9.280103e+00 -3.725545e+00 2.000000e-01
    endloop
  endfacet
  facet normal -3.118357e-01 9.501361e-01 0.000000e+00
    outer loop
      vertex   -8.197897e+00 -2.078288e+00 2.000000e-01
      vertex   -8.266899e+00 -2.100934e+00 2.000000e-01
      vertex   -8.197897e+00 -2.078288e+00 2.000000e+00
    endloop
  endfacet
  facet normal -3.412982e-01 9.399542e-01 1.257534e-03
    outer loop
      vertex   -8.197897e+00 -2.078288e+00 2.000000e+00
      vertex   -8.266899e+00 -2.100934e+00 2.000000e-01
      vertex   -8.290589e+00 -2.111944e+00 2.000000e+00
    endloop
  endfacet
  facet normal -3.995842e-01 9.166964e-01 3.481643e-04
    outer loop
      vertex   -8.290589e+00 -2.111944e+00 2.000000e+00
      vertex   -8.266899e+00 -2.100934e+00 2.000000e-01
      vertex   -8.341540e+00 -2.133470e+00 2.000000e-01
    endloop
  endfacet
  facet normal -4.243397e-01 9.055023e-01 1.182760e-03
    outer loop
      vertex   -8.290589e+00 -2.111944e+00 2.000000e+00
      vertex   -8.341540e+00 -2.133470e+00 2.000000e-01
      vertex   -8.380764e+00 -2.154202e+00 2.000000e+00
    endloop
  endfacet
  facet normal -4.726348e-01 8.812584e-01 -1.488687e-04
    outer loop
      vertex   -8.380764e+00 -2.154202e+00 2.000000e+00
      vertex   -8.341540e+00 -2.133470e+00 2.000000e-01
      vertex   -8.492445e+00 -2.214403e+00 2.000000e-01
    endloop
  endfacet
  facet normal -4.903081e-01 8.715483e-01 1.272423e-03
    outer loop
      vertex   -8.380764e+00 -2.154202e+00 2.000000e+00
      vertex   -8.492445e+00 -2.214403e+00 2.000000e-01
      vertex   -8.556570e+00 -2.253106e+00 2.000000e+00
    endloop
  endfacet
  facet normal -5.297319e-01 8.481649e-01 -6.348412e-04
    outer loop
      vertex   -8.556570e+00 -2.253106e+00 2.000000e+00
      vertex   -8.492445e+00 -2.214403e+00 2.000000e-01
      vertex   -8.630518e+00 -2.300638e+00 2.000000e-01
    endloop
  endfacet
  facet normal -5.582323e-01 8.296840e-01 1.024038e-03
    outer loop
      vertex   -8.556570e+00 -2.253106e+00 2.000000e+00
      vertex   -8.630518e+00 -2.300638e+00 2.000000e-01
      vertex   -8.726887e+00 -2.367699e+00 2.000000e+00
    endloop
  endfacet
  facet normal -5.673354e-01 8.234868e-01 3.057885e-04
    outer loop
      vertex   -8.726887e+00 -2.367699e+00 2.000000e+00
      vertex   -8.630518e+00 -2.300638e+00 2.000000e-01
      vertex   -8.707511e+00 -2.353682e+00 2.000000e-01
    endloop
  endfacet
  facet normal -5.936640e-01 8.047130e-01 -1.238060e-04
    outer loop
      vertex   -8.726887e+00 -2.367699e+00 2.000000e+00
      vertex   -8.707511e+00 -2.353682e+00 2.000000e-01
      vertex   -8.792053e+00 -2.416051e+00 2.000000e-01
    endloop
  endfacet
  facet normal -6.111920e-01 7.914819e-01 8.661942e-04
    outer loop
      vertex   -8.726887e+00 -2.367699e+00 2.000000e+00
      vertex   -8.792053e+00 -2.416051e+00 2.000000e-01
      vertex   -8.892135e+00 -2.495305e+00 2.000000e+00
    endloop
  endfacet
  facet normal -6.327576e-01 7.743492e-01 -1.087223e-03
    outer loop
      vertex   -8.892135e+00 -2.495305e+00 2.000000e+00
      vertex   -8.792053e+00 -2.416051e+00 2.000000e-01
      vertex   -8.979628e+00 -2.569328e+00 2.000000e-01
    endloop
  endfacet
  facet normal -6.552725e-01 7.553922e-01 7.867384e-04
    outer loop
      vertex   -8.892135e+00 -2.495305e+00 2.000000e+00
      vertex   -8.979628e+00 -2.569328e+00 2.000000e-01
      vertex   -9.052454e+00 -2.634377e+00 2.000000e+00
    endloop
  endfacet
  facet normal -6.797082e-01 7.334819e-01 -9.937124e-04
    outer loop
      vertex   -9.052454e+00 -2.634377e+00 2.000000e+00
      vertex   -8.979628e+00 -2.569328e+00 2.000000e-01
      vertex   -9.164081e+00 -2.740258e+00 2.000000e-01
    endloop
  endfacet
  facet normal -6.932655e-01 7.206820e-01 5.999728e-04
    outer loop
      vertex   -9.052454e+00 -2.634377e+00 2.000000e+00
      vertex   -9.164081e+00 -2.740258e+00 2.000000e-01
      vertex   -9.207861e+00 -2.783871e+00 2.000000e+00
    endloop
  endfacet
  facet normal -7.200768e-01 6.938941e-01 -7.012003e-04
    outer loop
      vertex   -9.207861e+00 -2.783871e+00 2.000000e+00
      vertex   -9.164081e+00 -2.740258e+00 2.000000e-01
      vertex   -9.339031e+00 -2.921810e+00 2.000000e-01
    endloop
  endfacet
  facet normal -7.266935e-01 6.869617e-01 3.122190e-04
    outer loop
      vertex   -9.207861e+00 -2.783871e+00 2.000000e+00
      vertex   -9.339031e+00 -2.921810e+00 2.000000e-01
      vertex   -9.358306e+00 -2.943018e+00 2.000000e+00
    endloop
  endfacet
  facet normal -7.546353e-01 6.561444e-01 -3.500834e-04
    outer loop
      vertex   -9.358306e+00 -2.943018e+00 2.000000e+00
      vertex   -9.339031e+00 -2.921810e+00 2.000000e-01
      vertex   -9.503706e+00 -3.111202e+00 2.000000e-01
    endloop
  endfacet
  facet normal -7.564921e-01 6.540029e-01 0.000000e+00
    outer loop
      vertex   -9.358306e+00 -2.943018e+00 2.000000e+00
      vertex   -9.503706e+00 -3.111202e+00 2.000000e-01
      vertex   -9.503706e+00 -3.111202e+00 2.000000e+00
    endloop
  endfacet
  facet normal -4.871879e-01 -8.732972e-01 -0.000000e+00
    outer loop
      vertex   -9.994656e+00 -3.268848e-01 2.000000e+00
      vertex   -9.994656e+00 -3.268848e-01 2.000000e-01
      vertex   -9.800503e+00 -4.351973e-01 2.000000e+00
    endloop
  endfacet
  facet normal -4.866798e-01 -8.735804e-01 -7.184744e-05
    outer loop
      vertex   -9.800503e+00 -4.351973e-01 2.000000e+00
      vertex   -9.994656e+00 -3.268848e-01 2.000000e-01
      vertex   -9.795375e+00 -4.379062e-01 2.000000e-01
    endloop
  endfacet
  facet normal -4.479138e-01 -8.940767e-01 6.944204e-05
    outer loop
      vertex   -9.800503e+00 -4.351973e-01 2.000000e+00
      vertex   -9.795375e+00 -4.379062e-01 2.000000e-01
      vertex   -9.604699e+00 -5.332907e-01 2.000000e+00
    endloop
  endfacet
  facet normal -4.458886e-01 -8.950884e-01 -1.986945e-04
    outer loop
      vertex   -9.604699e+00 -5.332907e-01 2.000000e+00
      vertex   -9.795375e+00 -4.379062e-01 2.000000e-01
      vertex   -9.590379e+00 -5.400250e-01 2.000000e-01
    endloop
  endfacet
  facet normal -4.049688e-01 -9.143305e-01 1.988491e-04
    outer loop
      vertex   -9.604699e+00 -5.332907e-01 2.000000e+00
      vertex   -9.590379e+00 -5.400250e-01 2.000000e-01
      vertex   -9.407535e+00 -6.206176e-01 2.000000e+00
    endloop
  endfacet
  facet normal -4.002638e-01 -9.163999e-01 -3.717377e-04
    outer loop
      vertex   -9.407535e+00 -6.206176e-01 2.000000e+00
      vertex   -9.590379e+00 -5.400250e-01 2.000000e-01
      vertex   -9.380929e+00 -6.315080e-01 2.000000e-01
    endloop
  endfacet
  facet normal -3.573955e-01 -9.339531e-01 3.680831e-04
    outer loop
      vertex   -9.407535e+00 -6.206176e-01 2.000000e+00
      vertex   -9.380929e+00 -6.315080e-01 2.000000e-01
      vertex   -9.209318e+00 -6.964690e-01 2.000000e+00
    endloop
  endfacet
  facet normal -3.493158e-01 -9.370049e-01 -5.123677e-04
    outer loop
      vertex   -9.209318e+00 -6.964690e-01 2.000000e+00
      vertex   -9.380929e+00 -6.315080e-01 2.000000e-01
      vertex   -9.173171e+00 -7.089604e-01 2.000000e-01
    endloop
  endfacet
  facet normal -3.036300e-01 -9.527899e-01 5.146244e-04
    outer loop
      vertex   -9.209318e+00 -6.964690e-01 2.000000e+00
      vertex   -9.173171e+00 -7.089604e-01 2.000000e-01
      vertex   -9.010392e+00 -7.598618e-01 2.000000e+00
    endloop
  endfacet
  facet normal -2.955067e-01 -9.553406e-01 -2.921130e-04
    outer loop
      vertex   -9.010392e+00 -7.598618e-01 2.000000e+00
      vertex   -9.173171e+00 -7.089604e-01 2.000000e-01
      vertex   -8.990332e+00 -7.655164e-01 2.000000e-01
    endloop
  endfacet
  facet normal -2.422041e-01 -9.702252e-01 3.486733e-04
    outer loop
      vertex   -9.010392e+00 -7.598618e-01 2.000000e+00
      vertex   -8.990332e+00 -7.655164e-01 2.000000e-01
      vertex   -8.836880e+00 -8.038235e-01 2.000000e-01
    endloop
  endfacet
  facet normal -2.407982e-01 -9.705751e-01 4.927388e-04
    outer loop
      vertex   -9.010392e+00 -7.598618e-01 2.000000e+00
      vertex   -8.836880e+00 -8.038235e-01 2.000000e-01
      vertex   -8.811153e+00 -8.092925e-01 2.000000e+00
    endloop
  endfacet
  facet normal -1.908196e-01 -9.816251e-01 -2.551647e-04
    outer loop
      vertex   -8.811153e+00 -8.092925e-01 2.000000e+00
      vertex   -8.836880e+00 -8.038235e-01 2.000000e-01
      vertex   -8.714712e+00 -8.275720e-01 2.000000e-01
    endloop
  endfacet
  facet normal -1.626518e-01 -9.866827e-01 1.305386e-03
    outer loop
      vertex   -8.811153e+00 -8.092925e-01 2.000000e+00
      vertex   -8.714712e+00 -8.275720e-01 2.000000e-01
      vertex   -8.612122e+00 -8.421022e-01 2.000000e+00
    endloop
  endfacet
  facet normal -1.432423e-01 -9.896876e-01 1.748984e-04
    outer loop
      vertex   -8.612122e+00 -8.421022e-01 2.000000e+00
      vertex   -8.714712e+00 -8.275720e-01 2.000000e-01
      vertex   -8.625722e+00 -8.404519e-01 2.000000e-01
    endloop
  endfacet
  facet normal -1.050299e-01 -9.944691e-01 -1.182061e-04
    outer loop
      vertex   -8.612122e+00 -8.421022e-01 2.000000e+00
      vertex   -8.625722e+00 -8.404519e-01 2.000000e-01
      vertex   -8.571400e+00 -8.461891e-01 2.000000e-01
    endloop
  endfacet
  facet normal -8.904894e-02 -9.960272e-01 2.468788e-04
    outer loop
      vertex   -8.612122e+00 -8.421022e-01 2.000000e+00
      vertex   -8.571400e+00 -8.461891e-01 2.000000e-01
      vertex   -8.512933e+00 -8.509701e-01 2.000000e+00
    endloop
  endfacet
  facet normal -8.418771e-02 -9.964499e-01 8.785604e-05
    outer loop
      vertex   -8.512933e+00 -8.509701e-01 2.000000e+00
      vertex   -8.571400e+00 -8.461891e-01 2.000000e-01
      vertex   -8.534109e+00 -8.493397e-01 2.000000e-01
    endloop
  endfacet
  facet normal -5.565269e-02 -9.984502e-01 -2.496542e-04
    outer loop
      vertex   -8.512933e+00 -8.509701e-01 2.000000e+00
      vertex   -8.534109e+00 -8.493397e-01 2.000000e-01
      vertex   -8.477487e+00 -8.524958e-01 2.000000e-01
    endloop
  endfacet
  facet normal -1.947589e-03 -9.999978e-01 8.092218e-04
    outer loop
      vertex   -8.477487e+00 -8.524958e-01 2.000000e-01
      vertex   -8.439630e+00 -8.525695e-01 2.000000e-01
      vertex   -8.512933e+00 -8.509701e-01 2.000000e+00
    endloop
  endfacet
  facet normal 7.678433e-04 -9.999993e-01 9.198059e-04
    outer loop
      vertex   -8.512933e+00 -8.509701e-01 2.000000e+00
      vertex   -8.439630e+00 -8.525695e-01 2.000000e-01
      vertex   -8.414320e+00 -8.508944e-01 2.000000e+00
    endloop
  endfacet
  facet normal 6.603703e-02 -9.978172e-01 0.000000e+00
    outer loop
      vertex   -8.414320e+00 -8.508944e-01 2.000000e+00
      vertex   -8.439630e+00 -8.525695e-01 2.000000e-01
      vertex   -8.414320e+00 -8.508944e-01 2.000000e-01
    endloop
  endfacet
  facet normal -9.997625e-01 2.179447e-02 0.000000e+00
    outer loop
      vertex   -9.994656e+00 3.268848e-01 2.000000e+00
      vertex   -9.994656e+00 3.268848e-01 2.000000e-01
      vertex   -9.999406e+00 1.089788e-01 2.000000e+00
    endloop
  endfacet
  facet normal -9.997625e-01 2.179447e-02 0.000000e+00
    outer loop
      vertex   -9.999406e+00 1.089788e-01 2.000000e+00
      vertex   -9.994656e+00 3.268848e-01 2.000000e-01
      vertex   -9.999406e+00 1.089788e-01 2.000000e-01
    endloop
  endfacet
  facet normal -1.000000e+00 -0.000000e+00 -0.000000e+00
    outer loop
      vertex   -9.999406e+00 1.089788e-01 2.000000e+00
      vertex   -9.999406e+00 1.089788e-01 2.000000e-01
      vertex   -9.999406e+00 -1.089788e-01 2.000000e+00
    endloop
  endfacet
  facet normal -1.000000e+00 0.000000e+00 0.000000e+00
    outer loop
      vertex   -9.999406e+00 -1.089788e-01 2.000000e+00
      vertex   -9.999406e+00 1.089788e-01 2.000000e-01
      vertex   -9.999406e+00 -1.089788e-01 2.000000e-01
    endloop
  endfacet
  facet normal -9.997625e-01 -2.179447e-02 -0.000000e+00
    outer loop
      vertex   -9.999406e+00 -1.089788e-01 2.000000e+00
      vertex   -9.999406e+00 -1.089788e-01 2.000000e-01
      vertex   -9.994656e+00 -3.268848e-01 2.000000e+00
    endloop
  endfacet
  facet normal -9.997625e-01 -2.179447e-02 -0.000000e+00
    outer loop
      vertex   -9.994656e+00 -3.268848e-01 2.000000e+00
      vertex   -9.999406e+00 -1.089788e-01 2.000000e-01
      vertex   -9.994656e+00 -3.268848e-01 2.000000e-01
    endloop
  endfacet
  facet normal 3.193600e-02 9.994899e-01 -0.000000e+00
    outer loop
      vertex   -8.414320e+00 8.508944e-01 2.000000e-01
      vertex   -8.486906e+00 8.532137e-01 2.000000e-01
      vertex   -8.414320e+00 8.508944e-01 2.000000e+00
    endloop
  endfacet
  facet normal 7.678430e-04 9.999989e-01 1.257534e-03
    outer loop
      vertex   -8.414320e+00 8.508944e-01 2.000000e+00
      vertex   -8.486906e+00 8.532137e-01 2.000000e-01
      vertex   -8.512933e+00 8.509701e-01 2.000000e+00
    endloop
  endfacet
  facet normal -6.195770e-02 9.980787e-01 3.481643e-04
    outer loop
      vertex   -8.512933e+00 8.509701e-01 2.000000e+00
      vertex   -8.486906e+00 8.532137e-01 2.000000e-01
      vertex   -8.568173e+00 8.481689e-01 2.000000e-01
    endloop
  endfacet
  facet normal -8.904888e-02 9.960266e-01 1.182760e-03
    outer loop
      vertex   -8.512933e+00 8.509701e-01 2.000000e+00
      vertex   -8.568173e+00 8.481689e-01 2.000000e-01
      vertex   -8.612122e+00 8.421022e-01 2.000000e+00
    endloop
  endfacet
  facet normal -1.427233e-01 9.897626e-01 -1.488687e-04
    outer loop
      vertex   -8.612122e+00 8.421022e-01 2.000000e+00
      vertex   -8.568173e+00 8.481689e-01 2.000000e-01
      vertex   -8.737658e+00 8.237293e-01 2.000000e-01
    endloop
  endfacet
  facet normal -1.626518e-01 9.866827e-01 1.272423e-03
    outer loop
      vertex   -8.612122e+00 8.421022e-01 2.000000e+00
      vertex   -8.737658e+00 8.237293e-01 2.000000e-01
      vertex   -8.811153e+00 8.092925e-01 2.000000e+00
    endloop
  endfacet
  facet normal -2.076956e-01 9.781933e-01 -6.348412e-04
    outer loop
      vertex   -8.811153e+00 8.092925e-01 2.000000e+00
      vertex   -8.737658e+00 8.237293e-01 2.000000e-01
      vertex   -8.896898e+00 7.899184e-01 2.000000e-01
    endloop
  endfacet
  facet normal -2.407982e-01 9.705747e-01 1.024038e-03
    outer loop
      vertex   -8.811153e+00 8.092925e-01 2.000000e+00
      vertex   -8.896898e+00 7.899184e-01 2.000000e-01
      vertex   -9.010392e+00 7.598618e-01 2.000000e+00
    endloop
  endfacet
  facet normal -2.514718e-01 9.678646e-01 3.057885e-04
    outer loop
      vertex   -9.010392e+00 7.598618e-01 2.000000e+00
      vertex   -8.896898e+00 7.899184e-01 2.000000e-01
      vertex   -8.987391e+00 7.664066e-01 2.000000e-01
    endloop
  endfacet
  facet normal -2.826336e-01 9.592279e-01 -1.238060e-04
    outer loop
      vertex   -9.010392e+00 7.598618e-01 2.000000e+00
      vertex   -8.987391e+00 7.664066e-01 2.000000e-01
      vertex   -9.088166e+00 7.367136e-01 2.000000e-01
    endloop
  endfacet
  facet normal -3.036299e-01 9.527897e-01 8.661942e-04
    outer loop
      vertex   -9.010392e+00 7.598618e-01 2.000000e+00
      vertex   -9.088166e+00 7.367136e-01 2.000000e-01
      vertex   -9.209318e+00 6.964690e-01 2.000000e+00
    endloop
  endfacet
  facet normal -3.297547e-01 9.440660e-01 -1.087223e-03
    outer loop
      vertex   -9.209318e+00 6.964690e-01 2.000000e+00
      vertex   -9.088166e+00 7.367136e-01 2.000000e-01
      vertex   -9.316852e+00 6.568354e-01 2.000000e-01
    endloop
  endfacet
  facet normal -3.573954e-01 9.339529e-01 7.867384e-04
    outer loop
      vertex   -9.209318e+00 6.964690e-01 2.000000e+00
      vertex   -9.316852e+00 6.568354e-01 2.000000e-01
      vertex   -9.407535e+00 6.206176e-01 2.000000e+00
    endloop
  endfacet
  facet normal -3.878512e-01 9.217215e-01 -9.937124e-04
    outer loop
      vertex   -9.407535e+00 6.206176e-01 2.000000e+00
      vertex   -9.316852e+00 6.568354e-01 2.000000e-01
      vertex   -9.548643e+00 5.593001e-01 2.000000e-01
    endloop
  endfacet
  facet normal -4.049687e-01 9.143303e-01 5.999728e-04
    outer loop
      vertex   -9.407535e+00 6.206176e-01 2.000000e+00
      vertex   -9.548643e+00 5.593001e-01 2.000000e-01
      vertex   -9.604699e+00 5.332907e-01 2.000000e+00
    endloop
  endfacet
  facet normal -4.393251e-01 8.983279e-01 -7.012003e-04
    outer loop
      vertex   -9.604699e+00 5.332907e-01 2.000000e+00
      vertex   -9.548643e+00 5.593001e-01 2.000000e-01
      vertex   -9.775137e+00 4.485337e-01 2.000000e-01
    endloop
  endfacet
  facet normal -4.479138e-01 8.940767e-01 3.122190e-04
    outer loop
      vertex   -9.604699e+00 5.332907e-01 2.000000e+00
      vertex   -9.775137e+00 4.485337e-01 2.000000e-01
      vertex   -9.800503e+00 4.351973e-01 2.000000e+00
    endloop
  endfacet
  facet normal -4.847106e-01 8.746745e-01 -3.500834e-04
    outer loop
      vertex   -9.800503e+00 4.351973e-01 2.000000e+00
      vertex   -9.775137e+00 4.485337e-01 2.000000e-01
      vertex   -9.994656e+00 3.268848e-01 2.000000e-01
    endloop
  endfacet
  facet normal -4.871879e-01 8.732972e-01 0.000000e+00
    outer loop
      vertex   -9.800503e+00 4.351973e-01 2.000000e+00
      vertex   -9.994656e+00 3.268848e-01 2.000000e-01
      vertex   -9.994656e+00 3.268848e-01 2.000000e+00
    endloop
  endfacet
  facet normal -7.564921e-01 -6.540029e-01 -0.000000e+00
    outer loop
      vertex   -9.503706e+00 3.111202e+00 2.000000e+00
      vertex   -9.503706e+00 3.111202e+00 2.000000e-01
      vertex   -9.358306e+00 2.943018e+00 2.000000e+00
    endloop
  endfacet
  facet normal -7.561115e-01 -6.544428e-01 -7.184745e-05
    outer loop
      vertex   -9.358306e+00 2.943018e+00 2.000000e+00
      vertex   -9.503706e+00 3.111202e+00 2.000000e-01
      vertex   -9.354414e+00 2.938718e+00 2.000000e-01
    endloop
  endfacet
  facet normal -7.266935e-01 -6.869618e-01 6.944204e-05
    outer loop
      vertex   -9.358306e+00 2.943018e+00 2.000000e+00
      vertex   -9.354414e+00 2.938718e+00 2.000000e-01
      vertex   -9.207861e+00 2.783871e+00 2.000000e+00
    endloop
  endfacet
  facet normal -7.251365e-01 -6.886051e-01 -1.986945e-04
    outer loop
      vertex   -9.207861e+00 2.783871e+00 2.000000e+00
      vertex   -9.354414e+00 2.938718e+00 2.000000e-01
      vertex   -9.196708e+00 2.772645e+00 2.000000e-01
    endloop
  endfacet
  facet normal -6.932656e-01 -7.206821e-01 1.988491e-04
    outer loop
      vertex   -9.207861e+00 2.783871e+00 2.000000e+00
      vertex   -9.196708e+00 2.772645e+00 2.000000e-01
      vertex   -9.052454e+00 2.634377e+00 2.000000e+00
    endloop
  endfacet
  facet normal -6.895522e-01 -7.242359e-01 -3.717377e-04
    outer loop
      vertex   -9.052454e+00 2.634377e+00 2.000000e+00
      vertex   -9.196708e+00 2.772645e+00 2.000000e-01
      vertex   -9.031179e+00 2.615043e+00 2.000000e-01
    endloop
  endfacet
  facet normal -6.552726e-01 -7.553924e-01 3.680831e-04
    outer loop
      vertex   -9.052454e+00 2.634377e+00 2.000000e+00
      vertex   -9.031179e+00 2.615043e+00 2.000000e-01
      vertex   -8.892135e+00 2.495305e+00 2.000000e+00
    endloop
  endfacet
  facet normal -6.487240e-01 -7.610236e-01 -5.123677e-04
    outer loop
      vertex   -8.892135e+00 2.495305e+00 2.000000e+00
      vertex   -9.031179e+00 2.615043e+00 2.000000e-01
      vertex   -8.862440e+00 2.471204e+00 2.000000e-01
    endloop
  endfacet
  facet normal -6.111922e-01 -7.914821e-01 5.146244e-04
    outer loop
      vertex   -8.892135e+00 2.495305e+00 2.000000e+00
      vertex   -8.862440e+00 2.471204e+00 2.000000e-01
      vertex   -8.726887e+00 2.367699e+00 2.000000e+00
    endloop
  endfacet
  facet normal -6.044312e-01 -7.966573e-01 -2.921130e-04
    outer loop
      vertex   -8.726887e+00 2.367699e+00 2.000000e+00
      vertex   -8.862440e+00 2.471204e+00 2.000000e-01
      vertex   -8.709970e+00 2.355524e+00 2.000000e-01
    endloop
  endfacet
  facet normal -5.594340e-01 -8.288748e-01 3.486733e-04
    outer loop
      vertex   -8.726887e+00 2.367699e+00 2.000000e+00
      vertex   -8.709970e+00 2.355524e+00 2.000000e-01
      vertex   -8.578875e+00 2.267044e+00 2.000000e-01
    endloop
  endfacet
  facet normal -5.582326e-01 -8.296844e-01 4.927388e-04
    outer loop
      vertex   -8.726887e+00 2.367699e+00 2.000000e+00
      vertex   -8.578875e+00 2.267044e+00 2.000000e-01
      vertex   -8.556570e+00 2.253106e+00 2.000000e+00
    endloop
  endfacet
  facet normal -5.150473e-01 -8.571617e-01 -2.551647e-04
    outer loop
      vertex   -8.556570e+00 2.253106e+00 2.000000e+00
      vertex   -8.578875e+00 2.267044e+00 2.000000e-01
      vertex   -8.472197e+00 2.202944e+00 2.000000e-01
    endloop
  endfacet
  facet normal -4.903081e-01 -8.715482e-01 1.305386e-03
    outer loop
      vertex   -8.556570e+00 2.253106e+00 2.000000e+00
      vertex   -8.472197e+00 2.202944e+00 2.000000e-01
      vertex   -8.380764e+00 2.154202e+00 2.000000e+00
    endloop
  endfacet
  facet normal -4.730969e-01 -8.810104e-01 1.748984e-04
    outer loop
      vertex   -8.380764e+00 2.154202e+00 2.000000e+00
      vertex   -8.472197e+00 2.202944e+00 2.000000e-01
      vertex   -8.392979e+00 2.160404e+00 2.000000e-01
    endloop
  endfacet
  facet normal -4.388243e-01 -8.985729e-01 -1.182061e-04
    outer loop
      vertex   -8.380764e+00 2.154202e+00 2.000000e+00
      vertex   -8.392979e+00 2.160404e+00 2.000000e-01
      vertex   -8.343895e+00 2.136434e+00 2.000000e-01
    endloop
  endfacet
  facet normal -4.243400e-01 -9.055029e-01 2.468788e-04
    outer loop
      vertex   -8.380764e+00 2.154202e+00 2.000000e+00
      vertex   -8.343895e+00 2.136434e+00 2.000000e-01
      vertex   -8.290589e+00 2.111944e+00 2.000000e+00
    endloop
  endfacet
  facet normal -4.199165e-01 -9.075627e-01 8.785604e-05
    outer loop
      vertex   -8.290589e+00 2.111944e+00 2.000000e+00
      vertex   -8.343895e+00 2.136434e+00 2.000000e-01
      vertex   -8.309931e+00 2.120719e+00 2.000000e-01
    endloop
  endfacet
  facet normal -3.937865e-01 -9.192019e-01 -2.496542e-04
    outer loop
      vertex   -8.290589e+00 2.111944e+00 2.000000e+00
      vertex   -8.309931e+00 2.120719e+00 2.000000e-01
      vertex   -8.257803e+00 2.098387e+00 2.000000e-01
    endloop
  endfacet
  facet normal -3.438495e-01 -9.390244e-01 8.092219e-04
    outer loop
      vertex   -8.257803e+00 2.098387e+00 2.000000e-01
      vertex   -8.222254e+00 2.085370e+00 2.000000e-01
      vertex   -8.290589e+00 2.111944e+00 2.000000e+00
    endloop
  endfacet
  facet normal -3.412984e-01 -9.399546e-01 9.198059e-04
    outer loop
      vertex   -8.290589e+00 2.111944e+00 2.000000e+00
      vertex   -8.222254e+00 2.085370e+00 2.000000e-01
      vertex   -8.197897e+00 2.078288e+00 2.000000e+00
    endloop
  endfacet
  facet normal -2.792191e-01 -9.602274e-01 -0.000000e+00
    outer loop
      vertex   -8.197897e+00 2.078288e+00 2.000000e+00
      vertex   -8.222254e+00 2.085370e+00 2.000000e-01
      vertex   -8.197897e+00 2.078288e+00 2.000000e-01
    endloop
  endfacet
  facet normal -9.320153e-01 3.624190e-01 0.000000e+00
    outer loop
      vertex   -9.280103e+00 3.725545e+00 2.000000e+00
      vertex   -9.280103e+00 3.725545e+00 2.000000e-01
      vertex   -9.359095e+00 3.522405e+00 2.000000e+00
    endloop
  endfacet
  facet normal -9.320153e-01 3.624190e-01 -9.197732e-16
    outer loop
      vertex   -9.359095e+00 3.522405e+00 2.000000e+00
      vertex   -9.280103e+00 3.725545e+00 2.000000e-01
      vertex   -9.359095e+00 3.522405e+00 2.000000e-01
    endloop
  endfacet
  facet normal -9.396926e-01 3.420201e-01 -9.273497e-16
    outer loop
      vertex   -9.359095e+00 3.522405e+00 2.000000e+00
      vertex   -9.359095e+00 3.522405e+00 2.000000e-01
      vertex   -9.433641e+00 3.317592e+00 2.000000e+00
    endloop
  endfacet
  facet normal -9.396926e-01 3.420201e-01 8.438192e-17
    outer loop
      vertex   -9.433641e+00 3.317592e+00 2.000000e+00
      vertex   -9.359095e+00 3.522405e+00 2.000000e-01
      vertex   -9.433641e+00 3.317592e+00 2.000000e-01
    endloop
  endfacet
  facet normal -9.469236e-01 3.214588e-01 7.930910e-17
    outer loop
      vertex   -9.433641e+00 3.317592e+00 2.000000e+00
      vertex   -9.433641e+00 3.317592e+00 2.000000e-01
      vertex   -9.503706e+00 3.111202e+00 2.000000e+00
    endloop
  endfacet
  facet normal -9.469236e-01 3.214588e-01 0.000000e+00
    outer loop
      vertex   -9.503706e+00 3.111202e+00 2.000000e+00
      vertex   -9.433641e+00 3.317592e+00 2.000000e-01
      vertex   -9.503706e+00 3.111202e+00 2.000000e-01
    endloop
  endfacet
  facet normal 3.718557e-01 9.282905e-01 -0.000000e+00
    outer loop
      vertex   -7.615851e+00 3.677446e+00 2.000000e-01
      vertex   -7.683267e+00 3.704452e+00 2.000000e-01
      vertex   -7.615851e+00 3.677446e+00 2.000000e+00
    endloop
  endfacet
  facet normal 3.427413e-01 9.394290e-01 1.257534e-03
    outer loop
      vertex   -7.615851e+00 3.677446e+00 2.000000e+00
      vertex   -7.683267e+00 3.704452e+00 2.000000e-01
      vertex   -7.708492e+00 3.711245e+00 2.000000e+00
    endloop
  endfacet
  facet normal 2.831418e-01 9.590780e-01 3.481643e-04
    outer loop
      vertex   -7.708492e+00 3.711245e+00 2.000000e+00
      vertex   -7.683267e+00 3.704452e+00 2.000000e-01
      vertex   -7.761358e+00 3.727506e+00 2.000000e-01
    endloop
  endfacet
  facet normal 2.569826e-01 9.664153e-01 1.182760e-03
    outer loop
      vertex   -7.708492e+00 3.711245e+00 2.000000e+00
      vertex   -7.761358e+00 3.727506e+00 2.000000e-01
      vertex   -7.804732e+00 3.736837e+00 2.000000e+00
    endloop
  endfacet
  facet normal 2.044027e-01 9.788869e-01 -1.488687e-04
    outer loop
      vertex   -7.804732e+00 3.736837e+00 2.000000e+00
      vertex   -7.761358e+00 3.727506e+00 2.000000e-01
      vertex   -7.928981e+00 3.762507e+00 2.000000e-01
    endloop
  endfacet
  facet normal 1.846226e-01 9.828087e-01 1.272423e-03
    outer loop
      vertex   -7.804732e+00 3.736837e+00 2.000000e+00
      vertex   -7.928981e+00 3.762507e+00 2.000000e-01
      vertex   -8.002982e+00 3.774078e+00 2.000000e+00
    endloop
  endfacet
  facet normal 1.393918e-01 9.902371e-01 -6.348412e-04
    outer loop
      vertex   -8.002982e+00 3.774078e+00 2.000000e+00
      vertex   -7.928981e+00 3.762507e+00 2.000000e-01
      vertex   -8.090182e+00 3.785199e+00 2.000000e-01
    endloop
  endfacet
  facet normal 1.056798e-01 9.943997e-01 1.024038e-03
    outer loop
      vertex   -8.002982e+00 3.774078e+00 2.000000e+00
      vertex   -8.090182e+00 3.785199e+00 2.000000e-01
      vertex   -8.207111e+00 3.795772e+00 2.000000e+00
    endloop
  endfacet
  facet normal 9.472294e-02 9.955036e-01 3.057885e-04
    outer loop
      vertex   -8.207111e+00 3.795772e+00 2.000000e+00
      vertex   -8.090182e+00 3.785199e+00 2.000000e-01
      vertex   -8.183258e+00 3.794055e+00 2.000000e-01
    endloop
  endfacet
  facet normal 6.248654e-02 9.980458e-01 -1.238060e-04
    outer loop
      vertex   -8.207111e+00 3.795772e+00 2.000000e+00
      vertex   -8.183258e+00 3.794055e+00 2.000000e-01
      vertex   -8.288111e+00 3.800620e+00 2.000000e-01
    endloop
  endfacet
  facet normal 4.055448e-02 9.991770e-01 8.661942e-04
    outer loop
      vertex   -8.207111e+00 3.795772e+00 2.000000e+00
      vertex   -8.288111e+00 3.800620e+00 2.000000e-01
      vertex   -8.415722e+00 3.804239e+00 2.000000e+00
    endloop
  endfacet
  facet normal 1.302158e-02 9.999146e-01 -1.087223e-03
    outer loop
      vertex   -8.415722e+00 3.804239e+00 2.000000e+00
      vertex   -8.288111e+00 3.800620e+00 2.000000e-01
      vertex   -8.530326e+00 3.803774e+00 2.000000e-01
    endloop
  endfacet
  facet normal -1.641110e-02 9.998650e-01 7.867384e-04
    outer loop
      vertex   -8.415722e+00 3.804239e+00 2.000000e+00
      vertex   -8.530326e+00 3.803774e+00 2.000000e-01
      vertex   -8.627927e+00 3.800756e+00 2.000000e+00
    endloop
  endfacet
  facet normal -4.921359e-02 9.987878e-01 -9.937124e-04
    outer loop
      vertex   -8.627927e+00 3.800756e+00 2.000000e+00
      vertex   -8.530326e+00 3.803774e+00 2.000000e-01
      vertex   -8.781497e+00 3.791398e+00 2.000000e-01
    endloop
  endfacet
  facet normal -6.782674e-02 9.976969e-01 5.999728e-04
    outer loop
      vertex   -8.627927e+00 3.800756e+00 2.000000e+00
      vertex   -8.781497e+00 3.791398e+00 2.000000e-01
      vertex   -8.843069e+00 3.786130e+00 2.000000e+00
    endloop
  endfacet
  facet normal -1.055843e-01 9.944101e-01 -7.012003e-04
    outer loop
      vertex   -8.843069e+00 3.786130e+00 2.000000e+00
      vertex   -8.781497e+00 3.791398e+00 2.000000e-01
      vertex   -9.032216e+00 3.764777e+00 2.000000e-01
    endloop
  endfacet
  facet normal -1.151090e-01 9.933528e-01 3.122190e-04
    outer loop
      vertex   -8.843069e+00 3.786130e+00 2.000000e+00
      vertex   -9.032216e+00 3.764777e+00 2.000000e-01
      vertex   -9.060614e+00 3.760921e+00 2.000000e+00
    endloop
  endfacet
  facet normal -1.563227e-01 9.877060e-01 -3.500834e-04
    outer loop
      vertex   -9.060614e+00 3.760921e+00 2.000000e+00
      vertex   -9.032216e+00 3.764777e+00 2.000000e-01
      vertex   -9.280103e+00 3.725545e+00 2.000000e-01
    endloop
  endfacet
  facet normal -1.591216e-01 9.872590e-01 0.000000e+00
    outer loop
      vertex   -9.060614e+00 3.760921e+00 2.000000e+00
      vertex   -9.280103e+00 3.725545e+00 2.000000e-01
      vertex   -9.280103e+00 3.725545e+00 2.000000e+00
    endloop
  endfacet
  facet normal -9.345522e-01 -3.558262e-01 -0.000000e+00
    outer loop
      vertex   -7.866468e+00 6.174033e+00 2.000000e+00
      vertex   -7.866468e+00 6.174033e+00 2.000000e-01
      vertex   -7.787360e+00 5.966261e+00 2.000000e+00
    endloop
  endfacet
  facet normal -9.343450e-01 -3.563697e-01 -7.184744e-05
    outer loop
      vertex   -7.787360e+00 5.966261e+00 2.000000e+00
      vertex   -7.866468e+00 6.174033e+00 2.000000e-01
      vertex   -7.785173e+00 5.960890e+00 2.000000e-01
    endloop
  endfacet
  facet normal -9.178233e-01 -3.969891e-01 6.944204e-05
    outer loop
      vertex   -7.787360e+00 5.966261e+00 2.000000e+00
      vertex   -7.785173e+00 5.960890e+00 2.000000e-01
      vertex   -7.700419e+00 5.765257e+00 2.000000e+00
    endloop
  endfacet
  facet normal -9.169223e-01 -3.990658e-01 -1.986944e-04
    outer loop
      vertex   -7.700419e+00 5.765257e+00 2.000000e+00
      vertex   -7.785173e+00 5.960890e+00 2.000000e-01
      vertex   -7.693778e+00 5.750893e+00 2.000000e-01
    endloop
  endfacet
  facet normal -8.979444e-01 -4.401089e-01 1.988491e-04
    outer loop
      vertex   -7.700419e+00 5.765257e+00 2.000000e+00
      vertex   -7.693778e+00 5.750893e+00 2.000000e-01
      vertex   -7.605515e+00 5.571626e+00 2.000000e+00
    endloop
  endfacet
  facet normal -8.956704e-01 -4.447184e-01 -3.717377e-04
    outer loop
      vertex   -7.605515e+00 5.571626e+00 2.000000e+00
      vertex   -7.693778e+00 5.750893e+00 2.000000e-01
      vertex   -7.592134e+00 5.546182e+00 2.000000e-01
    endloop
  endfacet
  facet normal -8.741143e-01 -4.857202e-01 3.680831e-04
    outer loop
      vertex   -7.605515e+00 5.571626e+00 2.000000e+00
      vertex   -7.592134e+00 5.546182e+00 2.000000e-01
      vertex   -7.502429e+00 5.386109e+00 2.000000e+00
    endloop
  endfacet
  facet normal -8.698866e-01 -4.932515e-01 -5.123677e-04
    outer loop
      vertex   -7.502429e+00 5.386109e+00 2.000000e+00
      vertex   -7.592134e+00 5.546182e+00 2.000000e-01
      vertex   -7.482768e+00 5.353305e+00 2.000000e-01
    endloop
  endfacet
  facet normal -8.450356e-01 -5.347098e-01 5.146244e-04
    outer loop
      vertex   -7.502429e+00 5.386109e+00 2.000000e+00
      vertex   -7.482768e+00 5.353305e+00 2.000000e-01
      vertex   -7.390790e+00 5.209680e+00 2.000000e+00
    endloop
  endfacet
  facet normal -8.404524e-01 -5.418853e-01 -2.921130e-04
    outer loop
      vertex   -7.390790e+00 5.209680e+00 2.000000e+00
      vertex   -7.482768e+00 5.353305e+00 2.000000e-01
      vertex   -7.379058e+00 5.192454e+00 2.000000e-01
    endloop
  endfacet
  facet normal -8.091879e-01 -5.875498e-01 3.486733e-04
    outer loop
      vertex   -7.390790e+00 5.209680e+00 2.000000e+00
      vertex   -7.379058e+00 5.192454e+00 2.000000e-01
      vertex   -7.286131e+00 5.064473e+00 2.000000e-01
    endloop
  endfacet
  facet normal -8.083358e-01 -5.887215e-01 4.927388e-04
    outer loop
      vertex   -7.390790e+00 5.209680e+00 2.000000e+00
      vertex   -7.286131e+00 5.064473e+00 2.000000e-01
      vertex   -7.269938e+00 5.043746e+00 2.000000e+00
    endloop
  endfacet
  facet normal -7.771527e-01 -6.293120e-01 -2.551647e-04
    outer loop
      vertex   -7.269938e+00 5.043746e+00 2.000000e+00
      vertex   -7.286131e+00 5.064473e+00 2.000000e-01
      vertex   -7.207810e+00 4.967752e+00 2.000000e-01
    endloop
  endfacet
  facet normal -7.588259e-01 -6.512922e-01 1.305386e-03
    outer loop
      vertex   -7.269938e+00 5.043746e+00 2.000000e+00
      vertex   -7.207810e+00 4.967752e+00 2.000000e-01
      vertex   -7.138561e+00 4.890678e+00 2.000000e+00
    endloop
  endfacet
  facet normal -7.458889e-01 -6.660703e-01 1.748984e-04
    outer loop
      vertex   -7.138561e+00 4.890678e+00 2.000000e+00
      vertex   -7.207810e+00 4.967752e+00 2.000000e-01
      vertex   -7.147919e+00 4.900684e+00 2.000000e-01
    endloop
  endfacet
  facet normal -7.196900e-01 -6.942955e-01 -1.182061e-04
    outer loop
      vertex   -7.138561e+00 4.890678e+00 2.000000e+00
      vertex   -7.147919e+00 4.900684e+00 2.000000e-01
      vertex   -7.109993e+00 4.861371e+00 2.000000e-01
    endloop
  endfacet
  facet normal -7.084494e-01 -7.057616e-01 2.468788e-04
    outer loop
      vertex   -7.138561e+00 4.890678e+00 2.000000e+00
      vertex   -7.109993e+00 4.861371e+00 2.000000e-01
      vertex   -7.068278e+00 4.820127e+00 2.000000e+00
    endloop
  endfacet
  facet normal -7.049972e-01 -7.092101e-01 8.785604e-05
    outer loop
      vertex   -7.068278e+00 4.820127e+00 2.000000e+00
      vertex   -7.109993e+00 4.861371e+00 2.000000e-01
      vertex   -7.083452e+00 4.834988e+00 2.000000e-01
    endloop
  endfacet
  facet normal -6.844238e-01 -7.290843e-01 -2.496542e-04
    outer loop
      vertex   -7.068278e+00 4.820127e+00 2.000000e+00
      vertex   -7.083452e+00 4.834988e+00 2.000000e-01
      vertex   -7.042106e+00 4.796174e+00 2.000000e-01
    endloop
  endfacet
  facet normal -6.442781e-01 -7.647909e-01 8.092218e-04
    outer loop
      vertex   -7.042106e+00 4.796174e+00 2.000000e-01
      vertex   -7.013153e+00 4.771784e+00 2.000000e-01
      vertex   -7.068278e+00 4.820127e+00 2.000000e+00
    endloop
  endfacet
  facet normal -6.421989e-01 -7.665375e-01 9.198059e-04
    outer loop
      vertex   -7.068278e+00 4.820127e+00 2.000000e+00
      vertex   -7.013153e+00 4.771784e+00 2.000000e-01
      vertex   -6.992687e+00 4.756798e+00 2.000000e+00
    endloop
  endfacet
  facet normal -5.907972e-01 -8.068201e-01 -0.000000e+00
    outer loop
      vertex   -6.992687e+00 4.756798e+00 2.000000e+00
      vertex   -7.013153e+00 4.771784e+00 2.000000e-01
      vertex   -6.992687e+00 4.756798e+00 2.000000e-01
    endloop
  endfacet
  facet normal -7.518533e-01 6.593305e-01 0.000000e+00
    outer loop
      vertex   -7.446233e+00 6.674849e+00 2.000000e+00
      vertex   -7.446233e+00 6.674849e+00 2.000000e-01
      vertex   -7.589939e+00 6.510977e+00 2.000000e+00
    endloop
  endfacet
  facet normal -7.518533e-01 6.593305e-01 0.000000e+00
    outer loop
      vertex   -7.589939e+00 6.510977e+00 2.000000e+00
      vertex   -7.446233e+00 6.674849e+00 2.000000e-01
      vertex   -7.589939e+00 6.510977e+00 2.000000e-01
    endloop
  endfacet
  facet normal -7.660444e-01 6.427876e-01 0.000000e+00
    outer loop
      vertex   -7.589939e+00 6.510977e+00 2.000000e+00
      vertex   -7.589939e+00 6.510977e+00 2.000000e-01
      vertex   -7.730040e+00 6.344012e+00 2.000000e+00
    endloop
  endfacet
  facet normal -7.660444e-01 6.427876e-01 0.000000e+00
    outer loop
      vertex   -7.730040e+00 6.344012e+00 2.000000e+00
      vertex   -7.589939e+00 6.510977e+00 2.000000e-01
      vertex   -7.730040e+00 6.344012e+00 2.000000e-01
    endloop
  endfacet
  facet normal -7.798717e-01 6.259394e-01 0.000000e+00
    outer loop
      vertex   -7.730040e+00 6.344012e+00 2.000000e+00
      vertex   -7.730040e+00 6.344012e+00 2.000000e-01
      vertex   -7.866468e+00 6.174033e+00 2.000000e+00
    endloop
  endfacet
  facet normal -7.798717e-01 6.259394e-01 0.000000e+00
    outer loop
      vertex   -7.866468e+00 6.174033e+00 2.000000e+00
      vertex   -7.730040e+00 6.344012e+00 2.000000e-01
      vertex   -7.866468e+00 6.174033e+00 2.000000e-01
    endloop
  endfacet
  facet normal 6.669241e-01 7.451256e-01 -0.000000e+00
    outer loop
      vertex   -5.898799e+00 6.060443e+00 2.000000e-01
      vertex   -5.952912e+00 6.108878e+00 2.000000e-01
      vertex   -5.898799e+00 6.060443e+00 2.000000e+00
    endloop
  endfacet
  facet normal 6.433751e-01 7.655501e-01 1.257534e-03
    outer loop
      vertex   -5.898799e+00 6.060443e+00 2.000000e+00
      vertex   -5.952912e+00 6.108878e+00 2.000000e-01
      vertex   -5.974292e+00 6.123889e+00 2.000000e+00
    endloop
  endfacet
  facet normal 5.940903e-01 8.043983e-01 3.481643e-04
    outer loop
      vertex   -5.974292e+00 6.123889e+00 2.000000e+00
      vertex   -5.952912e+00 6.108878e+00 2.000000e-01
      vertex   -6.018409e+00 6.157251e+00 2.000000e-01
    endloop
  endfacet
  facet normal 5.720181e-01 8.202401e-01 1.182760e-03
    outer loop
      vertex   -5.974292e+00 6.123889e+00 2.000000e+00
      vertex   -6.018409e+00 6.157251e+00 2.000000e-01
      vertex   -6.055976e+00 6.180853e+00 2.000000e+00
    endloop
  endfacet
  facet normal 5.268747e-01 8.499429e-01 -1.488687e-04
    outer loop
      vertex   -6.055976e+00 6.180853e+00 2.000000e+00
      vertex   -6.018409e+00 6.157251e+00 2.000000e-01
      vertex   -6.163951e+00 6.247472e+00 2.000000e-01
    endloop
  endfacet
  facet normal 5.096289e-01 8.603934e-01 1.272423e-03
    outer loop
      vertex   -6.055976e+00 6.180853e+00 2.000000e+00
      vertex   -6.163951e+00 6.247472e+00 2.000000e-01
      vertex   -6.229532e+00 6.283654e+00 2.000000e+00
    endloop
  endfacet
  facet normal 4.696665e-01 8.828437e-01 -6.348412e-04
    outer loop
      vertex   -6.229532e+00 6.283654e+00 2.000000e+00
      vertex   -6.163951e+00 6.247472e+00 2.000000e-01
      vertex   -6.307670e+00 6.323929e+00 2.000000e-01
    endloop
  endfacet
  facet normal 4.394113e-01 8.982854e-01 1.024038e-03
    outer loop
      vertex   -6.229532e+00 6.283654e+00 2.000000e+00
      vertex   -6.307670e+00 6.323929e+00 2.000000e-01
      vertex   -6.413931e+00 6.373856e+00 2.000000e+00
    endloop
  endfacet
  facet normal 4.294927e-01 9.030703e-01 3.057885e-04
    outer loop
      vertex   -6.413931e+00 6.373856e+00 2.000000e+00
      vertex   -6.307670e+00 6.323929e+00 2.000000e-01
      vertex   -6.392104e+00 6.364085e+00 2.000000e-01
    endloop
  endfacet
  facet normal 4.000699e-01 9.164846e-01 -1.238060e-04
    outer loop
      vertex   -6.413931e+00 6.373856e+00 2.000000e+00
      vertex   -6.392104e+00 6.364085e+00 2.000000e-01
      vertex   -6.488389e+00 6.406116e+00 2.000000e-01
    endloop
  endfacet
  facet normal 3.798474e-01 9.250488e-01 8.661942e-04
    outer loop
      vertex   -6.413931e+00 6.373856e+00 2.000000e+00
      vertex   -6.488389e+00 6.406116e+00 2.000000e-01
      vertex   -6.607065e+00 6.453162e+00 2.000000e+00
    endloop
  endfacet
  facet normal 3.542272e-01 9.351588e-01 -1.087223e-03
    outer loop
      vertex   -6.607065e+00 6.453162e+00 2.000000e+00
      vertex   -6.488389e+00 6.406116e+00 2.000000e-01
      vertex   -6.714917e+00 6.491922e+00 2.000000e-01
    endloop
  endfacet
  facet normal 3.265526e-01 9.451787e-01 7.867384e-04
    outer loop
      vertex   -6.607065e+00 6.453162e+00 2.000000e+00
      vertex   -6.714917e+00 6.491922e+00 2.000000e-01
      vertex   -6.807664e+00 6.522467e+00 2.000000e+00
    endloop
  endfacet
  facet normal 2.953599e-01 9.553855e-01 -9.937124e-04
    outer loop
      vertex   -6.807664e+00 6.522467e+00 2.000000e+00
      vertex   -6.714917e+00 6.491922e+00 2.000000e-01
      vertex   -6.955174e+00 6.566198e+00 2.000000e-01
    endloop
  endfacet
  facet normal 2.774962e-01 9.607266e-01 5.999728e-04
    outer loop
      vertex   -6.807664e+00 6.522467e+00 2.000000e+00
      vertex   -6.955174e+00 6.566198e+00 2.000000e-01
      vertex   -7.014834e+00 6.582306e+00 2.000000e+00
    endloop
  endfacet
  facet normal 2.408915e-01 9.705518e-01 -7.012003e-04
    outer loop
      vertex   -7.014834e+00 6.582306e+00 2.000000e+00
      vertex   -6.955174e+00 6.566198e+00 2.000000e-01
      vertex   -7.199877e+00 6.626934e+00 2.000000e-01
    endloop
  endfacet
  facet normal 2.315796e-01 9.728159e-01 3.122190e-04
    outer loop
      vertex   -7.014834e+00 6.582306e+00 2.000000e+00
      vertex   -7.199877e+00 6.626934e+00 2.000000e-01
      vertex   -7.227881e+00 6.633022e+00 2.000000e+00
    endloop
  endfacet
  facet normal 1.909201e-01 9.816055e-01 -3.500834e-04
    outer loop
      vertex   -7.227881e+00 6.633022e+00 2.000000e+00
      vertex   -7.199877e+00 6.626934e+00 2.000000e-01
      vertex   -7.446233e+00 6.674849e+00 2.000000e-01
    endloop
  endfacet
  facet normal 1.881371e-01 9.821428e-01 0.000000e+00
    outer loop
      vertex   -7.227881e+00 6.633022e+00 2.000000e+00
      vertex   -7.446233e+00 6.674849e+00 2.000000e-01
      vertex   -7.446233e+00 6.674849e+00 2.000000e+00
    endloop
  endfacet
  facet normal -9.998915e-01 -1.473154e-02 -0.000000e+00
    outer loop
      vertex   -5.280418e+00 8.492184e+00 2.000000e+00
      vertex   -5.280418e+00 8.492184e+00 2.000000e-01
      vertex   -5.277143e+00 8.269886e+00 2.000000e+00
    endloop
  endfacet
  facet normal -9.998827e-01 -1.531318e-02 -7.184744e-05
    outer loop
      vertex   -5.277143e+00 8.269886e+00 2.000000e+00
      vertex   -5.280418e+00 8.492184e+00 2.000000e-01
      vertex   -5.276925e+00 8.264090e+00 2.000000e-01
    endloop
  endfacet
  facet normal -9.982501e-01 -5.913365e-02 6.944204e-05
    outer loop
      vertex   -5.277143e+00 8.269886e+00 2.000000e+00
      vertex   -5.276925e+00 8.264090e+00 2.000000e-01
      vertex   -5.264193e+00 8.051268e+00 2.000000e+00
    endloop
  endfacet
  facet normal -9.981136e-01 -6.139332e-02 -1.986945e-04
    outer loop
      vertex   -5.264193e+00 8.051268e+00 2.000000e+00
      vertex   -5.276925e+00 8.264090e+00 2.000000e-01
      vertex   -5.262865e+00 8.035499e+00 2.000000e-01
    endloop
  endfacet
  facet normal -9.943178e-01 -1.064520e-01 1.988491e-04
    outer loop
      vertex   -5.264193e+00 8.051268e+00 2.000000e+00
      vertex   -5.262865e+00 8.035499e+00 2.000000e-01
      vertex   -5.241238e+00 7.836855e+00 2.000000e+00
    endloop
  endfacet
  facet normal -9.937575e-01 -1.115613e-01 -3.717377e-04
    outer loop
      vertex   -5.241238e+00 7.836855e+00 2.000000e+00
      vertex   -5.262865e+00 8.035499e+00 2.000000e-01
      vertex   -5.237367e+00 7.808369e+00 2.000000e-01
    endloop
  endfacet
  facet normal -9.875248e-01 -1.574630e-01 3.680831e-04
    outer loop
      vertex   -5.241238e+00 7.836855e+00 2.000000e+00
      vertex   -5.237367e+00 7.808369e+00 2.000000e-01
      vertex   -5.207819e+00 7.627269e+00 2.000000e+00
    endloop
  endfacet
  facet normal -9.861280e-01 -1.659861e-01 -5.123677e-04
    outer loop
      vertex   -5.207819e+00 7.627269e+00 2.000000e+00
      vertex   -5.237367e+00 7.808369e+00 2.000000e-01
      vertex   -5.200563e+00 7.589719e+00 2.000000e-01
    endloop
  endfacet
  facet normal -9.769552e-01 -2.134437e-01 5.146244e-04
    outer loop
      vertex   -5.207819e+00 7.627269e+00 2.000000e+00
      vertex   -5.200563e+00 7.589719e+00 2.000000e-01
      vertex   -5.163255e+00 7.423297e+00 2.000000e+00
    endloop
  endfacet
  facet normal -9.751026e-01 -2.217540e-01 -2.921130e-04
    outer loop
      vertex   -5.163255e+00 7.423297e+00 2.000000e+00
      vertex   -5.200563e+00 7.589719e+00 2.000000e-01
      vertex   -5.158122e+00 7.403098e+00 2.000000e-01
    endloop
  endfacet
  facet normal -9.613418e-01 -2.753577e-01 3.486733e-04
    outer loop
      vertex   -5.163255e+00 7.423297e+00 2.000000e+00
      vertex   -5.158122e+00 7.403098e+00 2.000000e-01
      vertex   -5.114572e+00 7.251051e+00 2.000000e-01
    endloop
  endfacet
  facet normal -9.609418e-01 -2.767501e-01 4.927388e-04
    outer loop
      vertex   -5.163255e+00 7.423297e+00 2.000000e+00
      vertex   -5.114572e+00 7.251051e+00 2.000000e-01
      vertex   -5.106445e+00 7.226036e+00 2.000000e+00
    endloop
  endfacet
  facet normal -9.455221e-01 -3.255579e-01 -2.551647e-04
    outer loop
      vertex   -5.106445e+00 7.226036e+00 2.000000e+00
      vertex   -5.114572e+00 7.251051e+00 2.000000e-01
      vertex   -5.074054e+00 7.133376e+00 2.000000e-01
    endloop
  endfacet
  facet normal -9.358182e-01 -3.524807e-01 1.305386e-03
    outer loop
      vertex   -5.106445e+00 7.226036e+00 2.000000e+00
      vertex   -5.074054e+00 7.133376e+00 2.000000e-01
      vertex   -5.035343e+00 7.037266e+00 2.000000e+00
    endloop
  endfacet
  facet normal -9.287158e-01 -3.707923e-01 1.748984e-04
    outer loop
      vertex   -5.035343e+00 7.037266e+00 2.000000e+00
      vertex   -5.074054e+00 7.133376e+00 2.000000e-01
      vertex   -5.040714e+00 7.049869e+00 2.000000e-01
    endloop
  endfacet
  facet normal -9.137504e-01 -4.062759e-01 -1.182061e-04
    outer loop
      vertex   -5.035343e+00 7.037266e+00 2.000000e+00
      vertex   -5.040714e+00 7.049869e+00 2.000000e-01
      vertex   -5.018521e+00 6.999955e+00 2.000000e-01
    endloop
  endfacet
  facet normal -9.071093e-01 -4.208950e-01 2.468788e-04
    outer loop
      vertex   -5.035343e+00 7.037266e+00 2.000000e+00
      vertex   -5.018521e+00 6.999955e+00 2.000000e-01
      vertex   -4.993428e+00 6.946931e+00 2.000000e+00
    endloop
  endfacet
  facet normal -9.050448e-01 -4.253163e-01 8.785604e-05
    outer loop
      vertex   -4.993428e+00 6.946931e+00 2.000000e+00
      vertex   -5.018521e+00 6.999955e+00 2.000000e-01
      vertex   -5.002604e+00 6.966085e+00 2.000000e-01
    endloop
  endfacet
  facet normal -8.925095e-01 -4.510284e-01 -2.496542e-04
    outer loop
      vertex   -4.993428e+00 6.946931e+00 2.000000e+00
      vertex   -5.002604e+00 6.966085e+00 2.000000e-01
      vertex   -4.977027e+00 6.915472e+00 2.000000e-01
    endloop
  endfacet
  facet normal -8.669973e-01 -4.983122e-01 8.092218e-04
    outer loop
      vertex   -4.977027e+00 6.915472e+00 2.000000e-01
      vertex   -4.958162e+00 6.882650e+00 2.000000e-01
      vertex   -4.993428e+00 6.946931e+00 2.000000e+00
    endloop
  endfacet
  facet normal -8.656409e-01 -5.006646e-01 9.198059e-04
    outer loop
      vertex   -4.993428e+00 6.946931e+00 2.000000e+00
      vertex   -4.958162e+00 6.882650e+00 2.000000e-01
      vertex   -4.944056e+00 6.861568e+00 2.000000e+00
    endloop
  endfacet
  facet normal -8.311165e-01 -5.560983e-01 -0.000000e+00
    outer loop
      vertex   -4.944056e+00 6.861568e+00 2.000000e+00
      vertex   -4.958162e+00 6.882650e+00 2.000000e-01
      vertex   -4.944056e+00 6.861568e+00 2.000000e-01
    endloop
  endfacet
  facet normal -4.810067e-01 8.767169e-01 0.000000e+00
    outer loop
      vertex   -4.714237e+00 8.819068e+00 2.000000e+00
      vertex   -4.714237e+00 8.819068e+00 2.000000e-01
      vertex   -4.905325e+00 8.714229e+00 2.000000e+00
    endloop
  endfacet
  facet normal -4.810067e-01 8.767169e-01 2.373443e-16
    outer loop
      vertex   -4.905325e+00 8.714229e+00 2.000000e+00
      vertex   -4.714237e+00 8.819068e+00 2.000000e-01
      vertex   -4.905325e+00 8.714229e+00 2.000000e-01
    endloop
  endfacet
  facet normal -5.000000e-01 8.660254e-01 2.467162e-16
    outer loop
      vertex   -4.905325e+00 8.714229e+00 2.000000e+00
      vertex   -4.905325e+00 8.714229e+00 2.000000e-01
      vertex   -5.094082e+00 8.605250e+00 2.000000e+00
    endloop
  endfacet
  facet normal -5.000000e-01 8.660254e-01 0.000000e+00
    outer loop
      vertex   -5.094082e+00 8.605250e+00 2.000000e+00
      vertex   -4.905325e+00 8.714229e+00 2.000000e-01
      vertex   -5.094082e+00 8.605250e+00 2.000000e-01
    endloop
  endfacet
  facet normal -5.187558e-01 8.549225e-01 0.000000e+00
    outer loop
      vertex   -5.094082e+00 8.605250e+00 2.000000e+00
      vertex   -5.094082e+00 8.605250e+00 2.000000e-01
      vertex   -5.280418e+00 8.492184e+00 2.000000e+00
    endloop
  endfacet
  facet normal -5.187558e-01 8.549225e-01 0.000000e+00
    outer loop
      vertex   -5.280418e+00 8.492184e+00 2.000000e+00
      vertex   -5.094082e+00 8.605250e+00 2.000000e-01
      vertex   -5.280418e+00 8.492184e+00 2.000000e-01
    endloop
  endfacet
  facet normal 8.815517e-01 4.720876e-01 -0.000000e+00
    outer loop
      vertex   -3.470264e+00 7.712462e+00 2.000000e-01
      vertex   -3.504548e+00 7.776483e+00 2.000000e-01
      vertex   -3.470264e+00 7.712462e+00 2.000000e+00
    endloop
  endfacet
  facet normal 8.664084e-01 4.993345e-01 1.257534e-03
    outer loop
      vertex   -3.470264e+00 7.712462e+00 2.000000e+00
      vertex   -3.504548e+00 7.776483e+00 2.000000e-01
      vertex   -3.519505e+00 7.797901e+00 2.000000e+00
    endloop
  endfacet
  facet normal 8.333827e-01 5.526963e-01 3.481643e-04
    outer loop
      vertex   -3.519505e+00 7.797901e+00 2.000000e+00
      vertex   -3.504548e+00 7.776483e+00 2.000000e-01
      vertex   -3.549551e+00 7.844340e+00 2.000000e-01
    endloop
  endfacet
  facet normal 8.180599e-01 5.751319e-01 1.182760e-03
    outer loop
      vertex   -3.519505e+00 7.797901e+00 2.000000e+00
      vertex   -3.549551e+00 7.844340e+00 2.000000e-01
      vertex   -3.576779e+00 7.879368e+00 2.000000e+00
    endloop
  endfacet
  facet normal 7.857979e-01 6.184833e-01 -1.488687e-04
    outer loop
      vertex   -3.576779e+00 7.879368e+00 2.000000e+00
      vertex   -3.549551e+00 7.844340e+00 2.000000e-01
      vertex   -3.655458e+00 7.978898e+00 2.000000e-01
    endloop
  endfacet
  facet normal 7.731664e-01 6.342020e-01 1.272423e-03
    outer loop
      vertex   -3.576779e+00 7.879368e+00 2.000000e+00
      vertex   -3.655458e+00 7.978898e+00 2.000000e-01
      vertex   -3.704709e+00 8.035329e+00 2.000000e+00
    endloop
  endfacet
  facet normal 7.432924e-01 6.689663e-01 -6.348412e-04
    outer loop
      vertex   -3.704709e+00 8.035329e+00 2.000000e+00
      vertex   -3.655458e+00 7.978898e+00 2.000000e-01
      vertex   -3.764360e+00 8.099899e+00 2.000000e-01
    endloop
  endfacet
  facet normal 7.201432e-01 6.938247e-01 1.024038e-03
    outer loop
      vertex   -3.704709e+00 8.035329e+00 2.000000e+00
      vertex   -3.764360e+00 8.099899e+00 2.000000e-01
      vertex   -3.847136e+00 8.183159e+00 2.000000e+00
    endloop
  endfacet
  facet normal 7.124594e-01 7.017133e-01 3.057885e-04
    outer loop
      vertex   -3.847136e+00 8.183159e+00 2.000000e+00
      vertex   -3.764360e+00 8.099899e+00 2.000000e-01
      vertex   -3.829968e+00 8.166512e+00 2.000000e-01
    endloop
  endfacet
  facet normal 6.893989e-01 7.243819e-01 -1.238060e-04
    outer loop
      vertex   -3.847136e+00 8.183159e+00 2.000000e+00
      vertex   -3.829968e+00 8.166512e+00 2.000000e-01
      vertex   -3.906070e+00 8.238939e+00 2.000000e-01
    endloop
  endfacet
  facet normal 6.733251e-01 7.393460e-01 8.661942e-04
    outer loop
      vertex   -3.847136e+00 8.183159e+00 2.000000e+00
      vertex   -3.906070e+00 8.238939e+00 2.000000e-01
      vertex   -4.001499e+00 8.323738e+00 2.000000e+00
    endloop
  endfacet
  facet normal 6.527078e-01 7.576089e-01 -1.087223e-03
    outer loop
      vertex   -4.001499e+00 8.323738e+00 2.000000e+00
      vertex   -3.906070e+00 8.238939e+00 2.000000e-01
      vertex   -4.089590e+00 8.397048e+00 2.000000e-01
    endloop
  endfacet
  facet normal 6.301292e-01 7.764899e-01 7.867384e-04
    outer loop
      vertex   -4.001499e+00 8.323738e+00 2.000000e+00
      vertex   -4.089590e+00 8.397048e+00 2.000000e-01
      vertex   -4.166297e+00 8.457473e+00 2.000000e+00
    endloop
  endfacet
  facet normal 6.043086e-01 7.967497e-01 -9.937124e-04
    outer loop
      vertex   -4.166297e+00 8.457473e+00 2.000000e+00
      vertex   -4.089590e+00 8.397048e+00 2.000000e-01
      vertex   -4.289953e+00 8.549017e+00 2.000000e-01
    endloop
  endfacet
  facet normal 5.893489e-01 8.078784e-01 5.999728e-04
    outer loop
      vertex   -4.166297e+00 8.457473e+00 2.000000e+00
      vertex   -4.289953e+00 8.549017e+00 2.000000e-01
      vertex   -4.340506e+00 8.584559e+00 2.000000e+00
    endloop
  endfacet
  facet normal 5.583122e-01 8.296306e-01 -7.012003e-04
    outer loop
      vertex   -4.340506e+00 8.584559e+00 2.000000e+00
      vertex   -4.289953e+00 8.549017e+00 2.000000e-01
      vertex   -4.499127e+00 8.689784e+00 2.000000e-01
    endloop
  endfacet
  facet normal 5.503363e-01 8.349431e-01 3.122190e-04
    outer loop
      vertex   -4.340506e+00 8.584559e+00 2.000000e+00
      vertex   -4.499127e+00 8.689784e+00 2.000000e-01
      vertex   -4.523360e+00 8.705083e+00 2.000000e+00
    endloop
  endfacet
  facet normal 5.151351e-01 8.571089e-01 -3.500834e-04
    outer loop
      vertex   -4.523360e+00 8.705083e+00 2.000000e+00
      vertex   -4.499127e+00 8.689784e+00 2.000000e-01
      vertex   -4.714237e+00 8.819068e+00 2.000000e-01
    endloop
  endfacet
  facet normal 5.127036e-01 8.585657e-01 0.000000e+00
    outer loop
      vertex   -4.523360e+00 8.705083e+00 2.000000e+00
      vertex   -4.714237e+00 8.819068e+00 2.000000e-01
      vertex   -4.714237e+00 8.819068e+00 2.000000e+00
    endloop
  endfacet
  facet normal -9.446291e-01 3.281399e-01 0.000000e+00
    outer loop
      vertex   -2.057472e+00 9.786052e+00 2.000000e+00
      vertex   -2.057472e+00 9.786052e+00 2.000000e-01
      vertex   -2.130425e+00 9.576040e+00 2.000000e+00
    endloop
  endfacet
  facet normal -9.448199e-01 3.275904e-01 -7.184745e-05
    outer loop
      vertex   -2.130425e+00 9.576040e+00 2.000000e+00
      vertex   -2.057472e+00 9.786052e+00 2.000000e-01
      vertex   -2.132202e+00 9.570519e+00 2.000000e-01
    endloop
  endfacet
  facet normal -9.582731e-01 2.858542e-01 6.944204e-05
    outer loop
      vertex   -2.130425e+00 9.576040e+00 2.000000e+00
      vertex   -2.132202e+00 9.570519e+00 2.000000e-01
      vertex   -2.193027e+00 9.366177e+00 2.000000e+00
    endloop
  endfacet
  facet normal -9.589178e-01 2.836841e-01 -1.986945e-04
    outer loop
      vertex   -2.193027e+00 9.366177e+00 2.000000e+00
      vertex   -2.132202e+00 9.570519e+00 2.000000e-01
      vertex   -2.197173e+00 9.350905e+00 2.000000e-01
    endloop
  endfacet
  facet normal -9.707618e-01 2.400446e-01 1.988491e-04
    outer loop
      vertex   -2.193027e+00 9.366177e+00 2.000000e+00
      vertex   -2.197173e+00 9.350905e+00 2.000000e-01
      vertex   -2.244790e+00 9.156844e+00 2.000000e+00
    endloop
  endfacet
  facet normal -9.719828e-01 2.350517e-01 -3.717377e-04
    outer loop
      vertex   -2.244790e+00 9.156844e+00 2.000000e+00
      vertex   -2.197173e+00 9.350905e+00 2.000000e-01
      vertex   -2.250895e+00 9.128752e+00 2.000000e-01
    endloop
  endfacet
  facet normal -9.818253e-01 1.897866e-01 3.680831e-04
    outer loop
      vertex   -2.244790e+00 9.156844e+00 2.000000e+00
      vertex   -2.250895e+00 9.128752e+00 2.000000e-01
      vertex   -2.285069e+00 8.948467e+00 2.000000e+00
    endloop
  endfacet
  facet normal -9.834278e-01 1.812997e-01 -5.123677e-04
    outer loop
      vertex   -2.285069e+00 8.948467e+00 2.000000e+00
      vertex   -2.250895e+00 9.128752e+00 2.000000e-01
      vertex   -2.291094e+00 8.910700e+00 2.000000e-01
    endloop
  endfacet
  facet normal -9.910397e-01 1.335669e-01 5.146244e-04
    outer loop
      vertex   -2.285069e+00 8.948467e+00 2.000000e+00
      vertex   -2.291094e+00 8.910700e+00 2.000000e-01
      vertex   -2.312956e+00 8.741555e+00 2.000000e+00
    endloop
  endfacet
  facet normal -9.921410e-01 1.251242e-01 -2.921130e-04
    outer loop
      vertex   -2.312956e+00 8.741555e+00 2.000000e+00
      vertex   -2.291094e+00 8.910700e+00 2.000000e-01
      vertex   -2.315041e+00 8.720818e+00 2.000000e-01
    endloop
  endfacet
  facet normal -9.975437e-01 7.004667e-02 3.486733e-04
    outer loop
      vertex   -2.312956e+00 8.741555e+00 2.000000e+00
      vertex   -2.315041e+00 8.720818e+00 2.000000e-01
      vertex   -2.326120e+00 8.563046e+00 2.000000e-01
    endloop
  endfacet
  facet normal -9.976440e-01 6.860139e-02 4.927388e-04
    outer loop
      vertex   -2.312956e+00 8.741555e+00 2.000000e+00
      vertex   -2.326120e+00 8.563046e+00 2.000000e-01
      vertex   -2.327038e+00 8.536760e+00 2.000000e+00
    endloop
  endfacet
  facet normal -9.998475e-01 1.746323e-02 -2.551647e-04
    outer loop
      vertex   -2.327038e+00 8.536760e+00 2.000000e+00
      vertex   -2.326120e+00 8.563046e+00 2.000000e-01
      vertex   -2.328293e+00 8.438610e+00 2.000000e-01
    endloop
  endfacet
  facet normal -9.999369e-01 -1.115488e-02 1.305386e-03
    outer loop
      vertex   -2.327038e+00 8.536760e+00 2.000000e+00
      vertex   -2.328293e+00 8.438610e+00 2.000000e-01
      vertex   -2.324788e+00 8.335055e+00 2.000000e+00
    endloop
  endfacet
  facet normal -9.995258e-01 -3.079129e-02 1.748984e-04
    outer loop
      vertex   -2.324788e+00 8.335055e+00 2.000000e+00
      vertex   -2.328293e+00 8.438610e+00 2.000000e-01
      vertex   -2.325525e+00 8.348735e+00 2.000000e-01
    endloop
  endfacet
  facet normal -9.975991e-01 -6.925343e-02 -1.182061e-04
    outer loop
      vertex   -2.324788e+00 8.335055e+00 2.000000e+00
      vertex   -2.325525e+00 8.348735e+00 2.000000e-01
      vertex   -2.321742e+00 8.294242e+00 2.000000e-01
    endloop
  endfacet
  facet normal -9.963585e-01 -8.526222e-02 2.468788e-04
    outer loop
      vertex   -2.324788e+00 8.335055e+00 2.000000e+00
      vertex   -2.321742e+00 8.294242e+00 2.000000e-01
      vertex   -2.316297e+00 8.235833e+00 2.000000e+00
    endloop
  endfacet
  facet normal -9.959306e-01 -9.012300e-02 8.785604e-05
    outer loop
      vertex   -2.316297e+00 8.235833e+00 2.000000e+00
      vertex   -2.321742e+00 8.294242e+00 2.000000e-01
      vertex   -2.318369e+00 8.256971e+00 2.000000e-01
    endloop
  endfacet
  facet normal -9.929454e-01 -1.185718e-01 -2.496542e-04
    outer loop
      vertex   -2.316297e+00 8.235833e+00 2.000000e+00
      vertex   -2.318369e+00 8.256971e+00 2.000000e-01
      vertex   -2.311645e+00 8.200661e+00 2.000000e-01
    endloop
  endfacet
  facet normal -9.851438e-01 -1.717298e-01 8.092218e-04
    outer loop
      vertex   -2.311645e+00 8.200661e+00 2.000000e-01
      vertex   -2.305143e+00 8.163366e+00 2.000000e-01
      vertex   -2.316297e+00 8.235833e+00 2.000000e+00
    endloop
  endfacet
  facet normal -9.846737e-01 -1.744042e-01 9.198059e-04
    outer loop
      vertex   -2.316297e+00 8.235833e+00 2.000000e+00
      vertex   -2.305143e+00 8.163366e+00 2.000000e-01
      vertex   -2.299099e+00 8.138731e+00 2.000000e+00
    endloop
  endfacet
  facet normal -9.711909e-01 -2.383029e-01 -0.000000e+00
    outer loop
      vertex   -2.299099e+00 8.138731e+00 2.000000e+00
      vertex   -2.305143e+00 8.163366e+00 2.000000e-01
      vertex   -2.299099e+00 8.138731e+00 2.000000e-01
    endloop
  endfacet
  facet normal -1.521436e-01 9.883584e-01 0.000000e+00
    outer loop
      vertex   -1.413635e+00 9.899578e+00 2.000000e+00
      vertex   -1.413635e+00 9.899578e+00 2.000000e-01
      vertex   -1.629055e+00 9.866417e+00 2.000000e+00
    endloop
  endfacet
  facet normal -1.521436e-01 9.883584e-01 0.000000e+00
    outer loop
      vertex   -1.629055e+00 9.866417e+00 2.000000e+00
      vertex   -1.413635e+00 9.899578e+00 2.000000e-01
      vertex   -1.629055e+00 9.866417e+00 2.000000e-01
    endloop
  endfacet
  facet normal -1.736482e-01 9.848078e-01 0.000000e+00
    outer loop
      vertex   -1.629055e+00 9.866417e+00 2.000000e+00
      vertex   -1.629055e+00 9.866417e+00 2.000000e-01
      vertex   -1.843702e+00 9.828569e+00 2.000000e+00
    endloop
  endfacet
  facet normal -1.736482e-01 9.848078e-01 0.000000e+00
    outer loop
      vertex   -1.843702e+00 9.828569e+00 2.000000e+00
      vertex   -1.629055e+00 9.866417e+00 2.000000e-01
      vertex   -1.843702e+00 9.828569e+00 2.000000e-01
    endloop
  endfacet
  facet normal -1.950703e-01 9.807893e-01 0.000000e+00
    outer loop
      vertex   -1.843702e+00 9.828569e+00 2.000000e+00
      vertex   -1.843702e+00 9.828569e+00 2.000000e-01
      vertex   -2.057472e+00 9.786052e+00 2.000000e+00
    endloop
  endfacet
  facet normal -1.950703e-01 9.807893e-01 0.000000e+00
    outer loop
      vertex   -2.057472e+00 9.786052e+00 2.000000e+00
      vertex   -1.843702e+00 9.828569e+00 2.000000e-01
      vertex   -2.057472e+00 9.786052e+00 2.000000e-01
    endloop
  endfacet
  facet normal 9.898510e-01 1.421088e-01 -0.000000e+00
    outer loop
      vertex   -6.231639e-01 8.434244e+00 2.000000e-01
      vertex   -6.334843e-01 8.506130e+00 2.000000e-01
      vertex   -6.231639e-01 8.434244e+00 2.000000e+00
    endloop
  endfacet
  facet normal 9.849400e-01 1.728918e-01 1.257534e-03
    outer loop
      vertex   -6.231639e-01 8.434244e+00 2.000000e+00
      vertex   -6.334843e-01 8.506130e+00 2.000000e-01
      vertex   -6.402133e-01 8.531372e+00 2.000000e+00
    endloop
  endfacet
  facet normal 9.721568e-01 2.343310e-01 3.481643e-04
    outer loop
      vertex   -6.402133e-01 8.531372e+00 2.000000e+00
      vertex   -6.334843e-01 8.506130e+00 2.000000e-01
      vertex   -6.525644e-01 8.585287e+00 2.000000e-01
    endloop
  endfacet
  facet normal 9.654315e-01 2.606542e-01 1.182760e-03
    outer loop
      vertex   -6.402133e-01 8.531372e+00 2.000000e+00
      vertex   -6.525644e-01 8.585287e+00 2.000000e-01
      vertex   -6.661705e-01 8.627514e+00 2.000000e+00
    endloop
  endfacet
  facet normal 9.499422e-01 3.124255e-01 -1.488687e-04
    outer loop
      vertex   -6.661705e-01 8.627514e+00 2.000000e+00
      vertex   -6.525644e-01 8.585287e+00 2.000000e-01
      vertex   -7.060634e-01 8.747952e+00 2.000000e-01
    endloop
  endfacet
  facet normal 9.434486e-01 3.315164e-01 1.272423e-03
    outer loop
      vertex   -6.661705e-01 8.627514e+00 2.000000e+00
      vertex   -7.060634e-01 8.747952e+00 2.000000e-01
      vertex   -7.330432e-01 8.817824e+00 2.000000e+00
    endloop
  endfacet
  facet normal 9.272664e-01 3.744017e-01 -6.348412e-04
    outer loop
      vertex   -7.330432e-01 8.817824e+00 2.000000e+00
      vertex   -7.060634e-01 8.747952e+00 2.000000e-01
      vertex   -7.670124e-01 8.898903e+00 2.000000e-01
    endloop
  endfacet
  facet normal 9.140153e-01 4.056784e-01 1.024038e-03
    outer loop
      vertex   -7.330432e-01 8.817824e+00 2.000000e+00
      vertex   -7.670124e-01 8.898903e+00 2.000000e-01
      vertex   -8.163203e-01 9.005452e+00 2.000000e+00
    endloop
  endfacet
  facet normal 9.094929e-01 4.157193e-01 3.057885e-04
    outer loop
      vertex   -8.163203e-01 9.005452e+00 2.000000e+00
      vertex   -7.670124e-01 8.898903e+00 2.000000e-01
      vertex   -8.058809e-01 8.983937e+00 2.000000e-01
    endloop
  endfacet
  facet normal 8.955763e-01 4.449080e-01 -1.238060e-04
    outer loop
      vertex   -8.163203e-01 9.005452e+00 2.000000e+00
      vertex   -8.058809e-01 8.983937e+00 2.000000e-01
      vertex   -8.526222e-01 9.078025e+00 2.000000e-01
    endloop
  endfacet
  facet normal 8.855899e-01 4.644673e-01 8.661942e-04
    outer loop
      vertex   -8.163203e-01 9.005452e+00 2.000000e+00
      vertex   -8.526222e-01 9.078025e+00 2.000000e-01
      vertex   -9.132932e-01 9.190348e+00 2.000000e+00
    endloop
  endfacet
  facet normal 8.724623e-01 4.886803e-01 -1.087223e-03
    outer loop
      vertex   -9.132932e-01 9.190348e+00 2.000000e+00
      vertex   -8.526222e-01 9.078025e+00 2.000000e-01
      vertex   -9.709977e-01 9.289366e+00 2.000000e-01
    endloop
  endfacet
  facet normal 8.577030e-01 5.141449e-01 7.867384e-04
    outer loop
      vertex   -9.132932e-01 9.190348e+00 2.000000e+00
      vertex   -9.709977e-01 9.289366e+00 2.000000e-01
      vertex   -1.022412e+00 9.372382e+00 2.000000e+00
    endloop
  endfacet
  facet normal 8.403688e-01 5.420141e-01 -9.937124e-04
    outer loop
      vertex   -1.022412e+00 9.372382e+00 2.000000e+00
      vertex   -9.709977e-01 9.289366e+00 2.000000e-01
      vertex   -1.107301e+00 9.500699e+00 2.000000e-01
    endloop
  endfacet
  facet normal 8.301175e-01 5.575881e-01 5.999728e-04
    outer loop
      vertex   -1.022412e+00 9.372382e+00 2.000000e+00
      vertex   -1.107301e+00 9.500699e+00 2.000000e-01
      vertex   -1.142650e+00 9.551387e+00 2.000000e+00
    endloop
  endfacet
  facet normal 8.083923e-01 5.886437e-01 -7.012003e-04
    outer loop
      vertex   -1.142650e+00 9.551387e+00 2.000000e+00
      vertex   -1.107301e+00 9.500699e+00 2.000000e-01
      vertex   -1.255715e+00 9.704518e+00 2.000000e-01
    endloop
  endfacet
  facet normal 8.027143e-01 5.963637e-01 3.122190e-04
    outer loop
      vertex   -1.142650e+00 9.551387e+00 2.000000e+00
      vertex   -1.255715e+00 9.704518e+00 2.000000e-01
      vertex   -1.273254e+00 9.727182e+00 2.000000e+00
    endloop
  endfacet
  facet normal 7.772171e-01 6.292324e-01 -3.500834e-04
    outer loop
      vertex   -1.273254e+00 9.727182e+00 2.000000e+00
      vertex   -1.255715e+00 9.704518e+00 2.000000e-01
      vertex   -1.413635e+00 9.899578e+00 2.000000e-01
    endloop
  endfacet
  facet normal 7.754306e-01 6.314328e-01 0.000000e+00
    outer loop
      vertex   -1.273254e+00 9.727182e+00 2.000000e+00
      vertex   -1.413635e+00 9.899578e+00 2.000000e-01
      vertex   -1.413635e+00 9.899578e+00 2.000000e+00
    endloop
  endfacet
  facet normal -7.754306e-01 6.314328e-01 0.000000e+00
    outer loop
      vertex   1.413635e+00 9.899578e+00 2.000000e+00
      vertex   1.413635e+00 9.899578e+00 2.000000e-01
      vertex   1.273254e+00 9.727182e+00 2.000000e+00
    endloop
  endfacet
  facet normal -7.757977e-01 6.309817e-01 -7.184745e-05
    outer loop
      vertex   1.273254e+00 9.727182e+00 2.000000e+00
      vertex   1.413635e+00 9.899578e+00 2.000000e-01
      vertex   1.269696e+00 9.722603e+00 2.000000e-01
    endloop
  endfacet
  facet normal -8.027143e-01 5.963638e-01 6.944204e-05
    outer loop
      vertex   1.273254e+00 9.727182e+00 2.000000e+00
      vertex   1.269696e+00 9.722603e+00 2.000000e-01
      vertex   1.142650e+00 9.551387e+00 2.000000e+00
    endloop
  endfacet
  facet normal -8.040623e-01 5.945451e-01 -1.986945e-04
    outer loop
      vertex   1.142650e+00 9.551387e+00 2.000000e+00
      vertex   1.269696e+00 9.722603e+00 2.000000e-01
      vertex   1.133531e+00 9.538454e+00 2.000000e-01
    endloop
  endfacet
  facet normal -8.301177e-01 5.575882e-01 1.988491e-04
    outer loop
      vertex   1.142650e+00 9.551387e+00 2.000000e+00
      vertex   1.133531e+00 9.538454e+00 2.000000e-01
      vertex   1.022412e+00 9.372382e+00 2.000000e+00
    endloop
  endfacet
  facet normal -8.329726e-01 5.533141e-01 -3.717377e-04
    outer loop
      vertex   1.022412e+00 9.372382e+00 2.000000e+00
      vertex   1.133531e+00 9.538454e+00 2.000000e-01
      vertex   1.007067e+00 9.348072e+00 2.000000e-01
    endloop
  endfacet
  facet normal -8.577032e-01 5.141451e-01 3.680831e-04
    outer loop
      vertex   1.022412e+00 9.372382e+00 2.000000e+00
      vertex   1.007067e+00 9.348072e+00 2.000000e-01
      vertex   9.132932e-01 9.190348e+00 2.000000e+00
    endloop
  endfacet
  facet normal -8.621117e-01 5.067181e-01 -5.123677e-04
    outer loop
      vertex   9.132932e-01 9.190348e+00 2.000000e+00
      vertex   1.007067e+00 9.348072e+00 2.000000e-01
      vertex   8.947147e-01 9.156920e+00 2.000000e-01
    endloop
  endfacet
  facet normal -8.855901e-01 4.644674e-01 5.146244e-04
    outer loop
      vertex   9.132932e-01 9.190348e+00 2.000000e+00
      vertex   8.947147e-01 9.156920e+00 2.000000e-01
      vertex   8.163203e-01 9.005452e+00 2.000000e+00
    endloop
  endfacet
  facet normal -8.895126e-01 4.569105e-01 -2.921130e-04
    outer loop
      vertex   8.163203e-01 9.005452e+00 2.000000e+00
      vertex   8.947147e-01 9.156920e+00 2.000000e-01
      vertex   8.072683e-01 8.986679e+00 2.000000e-01
    endloop
  endfacet
  facet normal -9.134270e-01 4.070024e-01 3.486733e-04
    outer loop
      vertex   8.163203e-01 9.005452e+00 2.000000e+00
      vertex   8.072683e-01 8.986679e+00 2.000000e-01
      vertex   7.428965e-01 8.842211e+00 2.000000e-01
    endloop
  endfacet
  facet normal -9.140157e-01 4.056786e-01 4.927388e-04
    outer loop
      vertex   8.163203e-01 9.005452e+00 2.000000e+00
      vertex   7.428965e-01 8.842211e+00 2.000000e-01
      vertex   7.330432e-01 8.817824e+00 2.000000e+00
    endloop
  endfacet
  facet normal -9.335765e-01 3.583780e-01 -2.551647e-04
    outer loop
      vertex   7.330432e-01 8.817824e+00 2.000000e+00
      vertex   7.428965e-01 8.842211e+00 2.000000e-01
      vertex   6.982945e-01 8.726022e+00 2.000000e-01
    endloop
  endfacet
  facet normal -9.434485e-01 3.315164e-01 1.305386e-03
    outer loop
      vertex   7.330432e-01 8.817824e+00 2.000000e+00
      vertex   6.982945e-01 8.726022e+00 2.000000e-01
      vertex   6.661705e-01 8.627514e+00 2.000000e+00
    endloop
  endfacet
  facet normal -9.497783e-01 3.129236e-01 1.748984e-04
    outer loop
      vertex   6.661705e-01 8.627514e+00 2.000000e+00
      vertex   6.982945e-01 8.726022e+00 2.000000e-01
      vertex   6.701574e-01 8.640621e+00 2.000000e-01
    endloop
  endfacet
  facet normal -9.611226e-01 2.761220e-01 -1.182061e-04
    outer loop
      vertex   6.661705e-01 8.627514e+00 2.000000e+00
      vertex   6.701574e-01 8.640621e+00 2.000000e-01
      vertex   6.550743e-01 8.588120e+00 2.000000e-01
    endloop
  endfacet
  facet normal -9.654321e-01 2.606544e-01 2.468788e-04
    outer loop
      vertex   6.661705e-01 8.627514e+00 2.000000e+00
      vertex   6.550743e-01 8.588120e+00 2.000000e-01
      vertex   6.402133e-01 8.531372e+00 2.000000e+00
    endloop
  endfacet
  facet normal -9.666926e-01 2.559404e-01 8.785604e-05
    outer loop
      vertex   6.402133e-01 8.531372e+00 2.000000e+00
      vertex   6.550743e-01 8.588120e+00 2.000000e-01
      vertex   6.454961e-01 8.551943e+00 2.000000e-01
    endloop
  endfacet
  facet normal -9.736175e-01 2.281863e-01 -2.496542e-04
    outer loop
      vertex   6.402133e-01 8.531372e+00 2.000000e+00
      vertex   6.454961e-01 8.551943e+00 2.000000e-01
      vertex   6.325558e-01 8.496730e+00 2.000000e-01
    endloop
  endfacet
  facet normal -9.844674e-01 1.755658e-01 8.092218e-04
    outer loop
      vertex   6.325558e-01 8.496730e+00 2.000000e-01
      vertex   6.259094e-01 8.459461e+00 2.000000e-01
      vertex   6.402133e-01 8.531372e+00 2.000000e+00
    endloop
  endfacet
  facet normal -9.849404e-01 1.728919e-01 9.198059e-04
    outer loop
      vertex   6.402133e-01 8.531372e+00 2.000000e+00
      vertex   6.259094e-01 8.459461e+00 2.000000e-01
      vertex   6.231639e-01 8.434244e+00 2.000000e+00
    endloop
  endfacet
  facet normal -9.941253e-01 1.082354e-01 0.000000e+00
    outer loop
      vertex   6.231639e-01 8.434244e+00 2.000000e+00
      vertex   6.259094e-01 8.459461e+00 2.000000e-01
      vertex   6.231639e-01 8.434244e+00 2.000000e-01
    endloop
  endfacet
  facet normal 1.950703e-01 9.807893e-01 0.000000e+00
    outer loop
      vertex   2.057472e+00 9.786052e+00 2.000000e+00
      vertex   2.057472e+00 9.786052e+00 2.000000e-01
      vertex   1.843702e+00 9.828569e+00 2.000000e+00
    endloop
  endfacet
  facet normal 1.950703e-01 9.807893e-01 -2.406350e-17
    outer loop
      vertex   1.843702e+00 9.828569e+00 2.000000e+00
      vertex   2.057472e+00 9.786052e+00 2.000000e-01
      vertex   1.843702e+00 9.828569e+00 2.000000e-01
    endloop
  endfacet
  facet normal 1.736482e-01 9.848078e-01 -2.142091e-17
    outer loop
      vertex   1.843702e+00 9.828569e+00 2.000000e+00
      vertex   1.843702e+00 9.828569e+00 2.000000e-01
      vertex   1.629055e+00 9.866417e+00 2.000000e+00
    endloop
  endfacet
  facet normal 1.736482e-01 9.848078e-01 0.000000e+00
    outer loop
      vertex   1.629055e+00 9.866417e+00 2.000000e+00
      vertex   1.843702e+00 9.828569e+00 2.000000e-01
      vertex   1.629055e+00 9.866417e+00 2.000000e-01
    endloop
  endfacet
  facet normal 1.521436e-01 9.883584e-01 0.000000e+00
    outer loop
      vertex   1.629055e+00 9.866417e+00 2.000000e+00
      vertex   1.629055e+00 9.866417e+00 2.000000e-01
      vertex   1.413635e+00 9.899578e+00 2.000000e+00
    endloop
  endfacet
  facet normal 1.521436e-01 9.883584e-01 0.000000e+00
    outer loop
      vertex   1.413635e+00 9.899578e+00 2.000000e+00
      vertex   1.629055e+00 9.866417e+00 2.000000e-01
      vertex   1.413635e+00 9.899578e+00 2.000000e-01
    endloop
  endfacet
  facet normal 9.787598e-01 -2.050104e-01 0.000000e+00
    outer loop
      vertex   2.299099e+00 8.138731e+00 2.000000e-01
      vertex   2.313987e+00 8.209812e+00 2.000000e-01
      vertex   2.299099e+00 8.138731e+00 2.000000e+00
    endloop
  endfacet
  facet normal 9.846733e-01 -1.744042e-01 1.257534e-03
    outer loop
      vertex   2.299099e+00 8.138731e+00 2.000000e+00
      vertex   2.313987e+00 8.209812e+00 2.000000e-01
      vertex   2.316297e+00 8.235833e+00 2.000000e+00
    endloop
  endfacet
  facet normal 9.936745e-01 -1.122981e-01 3.481643e-04
    outer loop
      vertex   2.316297e+00 8.235833e+00 2.000000e+00
      vertex   2.313987e+00 8.209812e+00 2.000000e-01
      vertex   2.323131e+00 8.290721e+00 2.000000e-01
    endloop
  endfacet
  facet normal 9.963578e-01 -8.526217e-02 1.182760e-03
    outer loop
      vertex   2.316297e+00 8.235833e+00 2.000000e+00
      vertex   2.323131e+00 8.290721e+00 2.000000e-01
      vertex   2.324788e+00 8.335055e+00 2.000000e+00
    endloop
  endfacet
  facet normal 9.995095e-01 -3.131544e-02 -1.488687e-04
    outer loop
      vertex   2.324788e+00 8.335055e+00 2.000000e+00
      vertex   2.323131e+00 8.290721e+00 2.000000e-01
      vertex   2.328493e+00 8.461874e+00 2.000000e-01
    endloop
  endfacet
  facet normal 9.999370e-01 -1.115488e-02 1.272423e-03
    outer loop
      vertex   2.324788e+00 8.335055e+00 2.000000e+00
      vertex   2.328493e+00 8.461874e+00 2.000000e-01
      vertex   2.327038e+00 8.536760e+00 2.000000e+00
    endloop
  endfacet
  facet normal 9.993983e-01 3.467877e-02 -6.348412e-04
    outer loop
      vertex   2.327038e+00 8.536760e+00 2.000000e+00
      vertex   2.328493e+00 8.461874e+00 2.000000e-01
      vertex   2.322848e+00 8.624567e+00 2.000000e-01
    endloop
  endfacet
  facet normal 9.976436e-01 6.860136e-02 1.024038e-03
    outer loop
      vertex   2.327038e+00 8.536760e+00 2.000000e+00
      vertex   2.322848e+00 8.624567e+00 2.000000e-01
      vertex   2.312956e+00 8.741555e+00 2.000000e+00
    endloop
  endfacet
  facet normal 9.968282e-01 7.958350e-02 3.057885e-04
    outer loop
      vertex   2.312956e+00 8.741555e+00 2.000000e+00
      vertex   2.322848e+00 8.624567e+00 2.000000e-01
      vertex   2.315407e+00 8.717767e+00 2.000000e-01
    endloop
  endfacet
  facet normal 9.937339e-01 1.117716e-01 -1.238060e-04
    outer loop
      vertex   2.312956e+00 8.741555e+00 2.000000e+00
      vertex   2.315407e+00 8.717767e+00 2.000000e-01
      vertex   2.303665e+00 8.822167e+00 2.000000e-01
    endloop
  endfacet
  facet normal 9.910394e-01 1.335669e-01 8.661942e-04
    outer loop
      vertex   2.312956e+00 8.741555e+00 2.000000e+00
      vertex   2.303665e+00 8.822167e+00 2.000000e-01
      vertex   2.285069e+00 8.948467e+00 2.000000e+00
    endloop
  endfacet
  facet normal 9.869848e-01 1.608096e-01 -1.087223e-03
    outer loop
      vertex   2.285069e+00 8.948467e+00 2.000000e+00
      vertex   2.303665e+00 8.822167e+00 2.000000e-01
      vertex   2.264711e+00 9.061250e+00 2.000000e-01
    endloop
  endfacet
  facet normal 9.818251e-01 1.897865e-01 7.867384e-04
    outer loop
      vertex   2.285069e+00 8.948467e+00 2.000000e+00
      vertex   2.264711e+00 9.061250e+00 2.000000e-01
      vertex   2.244790e+00 9.156844e+00 2.000000e+00
    endloop
  endfacet
  facet normal 9.750681e-01 2.219036e-01 -9.937124e-04
    outer loop
      vertex   2.244790e+00 9.156844e+00 2.000000e+00
      vertex   2.264711e+00 9.061250e+00 2.000000e-01
      vertex   2.208907e+00 9.306456e+00 2.000000e-01
    endloop
  endfacet
  facet normal 9.707617e-01 2.400445e-01 5.999728e-04
    outer loop
      vertex   2.244790e+00 9.156844e+00 2.000000e+00
      vertex   2.208907e+00 9.306456e+00 2.000000e-01
      vertex   2.193027e+00 9.366177e+00 2.000000e+00
    endloop
  endfacet
  facet normal 9.609683e-01 2.766577e-01 -7.012003e-04
    outer loop
      vertex   2.193027e+00 9.366177e+00 2.000000e+00
      vertex   2.208907e+00 9.306456e+00 2.000000e-01
      vertex   2.139154e+00 9.548743e+00 2.000000e-01
    endloop
  endfacet
  facet normal 9.582731e-01 2.858542e-01 3.122190e-04
    outer loop
      vertex   2.193027e+00 9.366177e+00 2.000000e+00
      vertex   2.139154e+00 9.548743e+00 2.000000e-01
      vertex   2.130425e+00 9.576040e+00 2.000000e+00
    endloop
  endfacet
  facet normal 9.455554e-01 3.254611e-01 -3.500834e-04
    outer loop
      vertex   2.130425e+00 9.576040e+00 2.000000e+00
      vertex   2.139154e+00 9.548743e+00 2.000000e-01
      vertex   2.057472e+00 9.786052e+00 2.000000e-01
    endloop
  endfacet
  facet normal 9.446291e-01 3.281399e-01 0.000000e+00
    outer loop
      vertex   2.130425e+00 9.576040e+00 2.000000e+00
      vertex   2.057472e+00 9.786052e+00 2.000000e-01
      vertex   2.057472e+00 9.786052e+00 2.000000e+00
    endloop
  endfacet
  facet normal -5.127036e-01 8.585657e-01 0.000000e+00
    outer loop
      vertex   4.714237e+00 8.819068e+00 2.000000e+00
      vertex   4.714237e+00 8.819068e+00 2.000000e-01
      vertex   4.523360e+00 8.705083e+00 2.000000e+00
    endloop
  endfacet
  facet normal -5.132030e-01 8.582673e-01 -7.184745e-05
    outer loop
      vertex   4.523360e+00 8.705083e+00 2.000000e+00
      vertex   4.714237e+00 8.819068e+00 2.000000e-01
      vertex   4.518449e+00 8.701996e+00 2.000000e-01
    endloop
  endfacet
  facet normal -5.503363e-01 8.349431e-01 6.944204e-05
    outer loop
      vertex   4.523360e+00 8.705083e+00 2.000000e+00
      vertex   4.518449e+00 8.701996e+00 2.000000e-01
      vertex   4.340506e+00 8.584559e+00 2.000000e+00
    endloop
  endfacet
  facet normal -5.522250e-01 8.336951e-01 -1.986945e-04
    outer loop
      vertex   4.340506e+00 8.584559e+00 2.000000e+00
      vertex   4.518449e+00 8.701996e+00 2.000000e-01
      vertex   4.327514e+00 8.575524e+00 2.000000e-01
    endloop
  endfacet
  facet normal -5.893490e-01 8.078785e-01 1.988491e-04
    outer loop
      vertex   4.340506e+00 8.584559e+00 2.000000e+00
      vertex   4.327514e+00 8.575524e+00 2.000000e-01
      vertex   4.166297e+00 8.457473e+00 2.000000e+00
    endloop
  endfacet
  facet normal -5.934937e-01 8.048386e-01 -3.717377e-04
    outer loop
      vertex   4.166297e+00 8.457473e+00 2.000000e+00
      vertex   4.327514e+00 8.575524e+00 2.000000e-01
      vertex   4.143563e+00 8.439877e+00 2.000000e-01
    endloop
  endfacet
  facet normal -6.301294e-01 7.764901e-01 3.680831e-04
    outer loop
      vertex   4.166297e+00 8.457473e+00 2.000000e+00
      vertex   4.143563e+00 8.439877e+00 2.000000e-01
      vertex   4.001499e+00 8.323738e+00 2.000000e+00
    endloop
  endfacet
  facet normal -6.368122e-01 7.710188e-01 -5.123677e-04
    outer loop
      vertex   4.001499e+00 8.323738e+00 2.000000e+00
      vertex   4.143563e+00 8.439877e+00 2.000000e-01
      vertex   3.972608e+00 8.298679e+00 2.000000e-01
    endloop
  endfacet
  facet normal -6.733253e-01 7.393462e-01 5.146244e-04
    outer loop
      vertex   4.001499e+00 8.323738e+00 2.000000e+00
      vertex   3.972608e+00 8.298679e+00 2.000000e-01
      vertex   3.847136e+00 8.183159e+00 2.000000e+00
    endloop
  endfacet
  facet normal -6.795959e-01 7.335867e-01 -2.921130e-04
    outer loop
      vertex   3.847136e+00 8.183159e+00 2.000000e+00
      vertex   3.972608e+00 8.298679e+00 2.000000e-01
      vertex   3.832209e+00 8.168614e+00 2.000000e-01
    endloop
  endfacet
  facet normal -7.191376e-01 6.948676e-01 3.486734e-04
    outer loop
      vertex   3.847136e+00 8.183159e+00 2.000000e+00
      vertex   3.832209e+00 8.168614e+00 2.000000e-01
      vertex   3.722309e+00 8.054875e+00 2.000000e-01
    endloop
  endfacet
  facet normal -7.201435e-01 6.938249e-01 4.927388e-04
    outer loop
      vertex   3.847136e+00 8.183159e+00 2.000000e+00
      vertex   3.722309e+00 8.054875e+00 2.000000e-01
      vertex   3.704709e+00 8.035329e+00 2.000000e+00
    endloop
  endfacet
  facet normal -7.547025e-01 6.560672e-01 -2.551647e-04
    outer loop
      vertex   3.704709e+00 8.035329e+00 2.000000e+00
      vertex   3.722309e+00 8.054875e+00 2.000000e-01
      vertex   3.640658e+00 7.960948e+00 2.000000e-01
    endloop
  endfacet
  facet normal -7.731663e-01 6.342019e-01 1.305386e-03
    outer loop
      vertex   3.704709e+00 8.035329e+00 2.000000e+00
      vertex   3.640658e+00 7.960948e+00 2.000000e-01
      vertex   3.576779e+00 7.879368e+00 2.000000e+00
    endloop
  endfacet
  facet normal -7.854735e-01 6.188953e-01 1.748984e-04
    outer loop
      vertex   3.576779e+00 7.879368e+00 2.000000e+00
      vertex   3.640658e+00 7.960948e+00 2.000000e-01
      vertex   3.585009e+00 7.890321e+00 2.000000e-01
    endloop
  endfacet
  facet normal -8.087205e-01 5.881931e-01 -1.182061e-04
    outer loop
      vertex   3.576779e+00 7.879368e+00 2.000000e+00
      vertex   3.585009e+00 7.890321e+00 2.000000e-01
      vertex   3.552879e+00 7.846145e+00 2.000000e-01
    endloop
  endfacet
  facet normal -8.180604e-01 5.751323e-01 2.468788e-04
    outer loop
      vertex   3.576779e+00 7.879368e+00 2.000000e+00
      vertex   3.552879e+00 7.846145e+00 2.000000e-01
      vertex   3.519505e+00 7.797901e+00 2.000000e+00
    endloop
  endfacet
  facet normal -8.208571e-01 5.711337e-01 8.785604e-05
    outer loop
      vertex   3.519505e+00 7.797901e+00 2.000000e+00
      vertex   3.552879e+00 7.846145e+00 2.000000e-01
      vertex   3.531505e+00 7.815425e+00 2.000000e-01
    endloop
  endfacet
  facet normal -8.368569e-01 5.474217e-01 -2.496542e-04
    outer loop
      vertex   3.519505e+00 7.797901e+00 2.000000e+00
      vertex   3.531505e+00 7.815425e+00 2.000000e-01
      vertex   3.500461e+00 7.767967e+00 2.000000e-01
    endloop
  endfacet
  facet normal -8.650497e-01 5.016855e-01 8.092219e-04
    outer loop
      vertex   3.500461e+00 7.767967e+00 2.000000e-01
      vertex   3.481468e+00 7.735219e+00 2.000000e-01
      vertex   3.519505e+00 7.797901e+00 2.000000e+00
    endloop
  endfacet
  facet normal -8.664087e-01 4.993347e-01 9.198059e-04
    outer loop
      vertex   3.519505e+00 7.797901e+00 2.000000e+00
      vertex   3.481468e+00 7.735219e+00 2.000000e-01
      vertex   3.470264e+00 7.712462e+00 2.000000e+00
    endloop
  endfacet
  facet normal -8.971535e-01 4.417188e-01 0.000000e+00
    outer loop
      vertex   3.470264e+00 7.712462e+00 2.000000e+00
      vertex   3.481468e+00 7.735219e+00 2.000000e-01
      vertex   3.470264e+00 7.712462e+00 2.000000e-01
    endloop
  endfacet
  facet normal 5.187558e-01 8.549225e-01 0.000000e+00
    outer loop
      vertex   5.280418e+00 8.492184e+00 2.000000e+00
      vertex   5.280418e+00 8.492184e+00 2.000000e-01
      vertex   5.094082e+00 8.605250e+00 2.000000e+00
    endloop
  endfacet
  facet normal 5.187558e-01 8.549225e-01 5.877220e-16
    outer loop
      vertex   5.094082e+00 8.605250e+00 2.000000e+00
      vertex   5.280418e+00 8.492184e+00 2.000000e-01
      vertex   5.094082e+00 8.605250e+00 2.000000e-01
    endloop
  endfacet
  facet normal 5.000000e-01 8.660254e-01 6.079339e-16
    outer loop
      vertex   5.094082e+00 8.605250e+00 2.000000e+00
      vertex   5.094082e+00 8.605250e+00 2.000000e-01
      vertex   4.905325e+00 8.714229e+00 2.000000e+00
    endloop
  endfacet
  facet normal 5.000000e-01 8.660254e-01 0.000000e+00
    outer loop
      vertex   4.905325e+00 8.714229e+00 2.000000e+00
      vertex   5.094082e+00 8.605250e+00 2.000000e-01
      vertex   4.905325e+00 8.714229e+00 2.000000e-01
    endloop
  endfacet
  facet normal 4.810067e-01 8.767169e-01 0.000000e+00
    outer loop
      vertex   4.905325e+00 8.714229e+00 2.000000e+00
      vertex   4.905325e+00 8.714229e+00 2.000000e-01
      vertex   4.714237e+00 8.819068e+00 2.000000e+00
    endloop
  endfacet
  facet normal 4.810067e-01 8.767169e-01 0.000000e+00
    outer loop
      vertex   4.714237e+00 8.819068e+00 2.000000e+00
      vertex   4.905325e+00 8.714229e+00 2.000000e-01
      vertex   4.714237e+00 8.819068e+00 2.000000e-01
    endloop
  endfacet
  facet normal 8.496157e-01 -5.274023e-01 0.000000e+00
    outer loop
      vertex   4.944056e+00 6.861568e+00 2.000000e-01
      vertex   4.982358e+00 6.923269e+00 2.000000e-01
      vertex   4.944056e+00 6.861568e+00 2.000000e+00
    endloop
  endfacet
  facet normal 8.656405e-01 -5.006644e-01 1.257534e-03
    outer loop
      vertex   4.944056e+00 6.861568e+00 2.000000e+00
      vertex   4.982358e+00 6.923269e+00 2.000000e-01
      vertex   4.993428e+00 6.946931e+00 2.000000e+00
    endloop
  endfacet
  facet normal 8.953404e-01 -4.453824e-01 3.481643e-04
    outer loop
      vertex   4.993428e+00 6.946931e+00 2.000000e+00
      vertex   4.982358e+00 6.923269e+00 2.000000e-01
      vertex   5.018623e+00 6.996171e+00 2.000000e-01
    endloop
  endfacet
  facet normal 9.071087e-01 -4.208947e-01 1.182760e-03
    outer loop
      vertex   4.993428e+00 6.946931e+00 2.000000e+00
      vertex   5.018623e+00 6.996171e+00 2.000000e-01
      vertex   5.035343e+00 7.037266e+00 2.000000e+00
    endloop
  endfacet
  facet normal 9.285212e-01 -3.712793e-01 -1.488687e-04
    outer loop
      vertex   5.035343e+00 7.037266e+00 2.000000e+00
      vertex   5.018623e+00 6.996171e+00 2.000000e-01
      vertex   5.082199e+00 7.155169e+00 2.000000e-01
    endloop
  endfacet
  facet normal 9.358182e-01 -3.524807e-01 1.272423e-03
    outer loop
      vertex   5.035343e+00 7.037266e+00 2.000000e+00
      vertex   5.082199e+00 7.155169e+00 2.000000e-01
      vertex   5.106445e+00 7.226036e+00 2.000000e+00
    endloop
  endfacet
  facet normal 9.509881e-01 -3.092270e-01 -6.348412e-04
    outer loop
      vertex   5.106445e+00 7.226036e+00 2.000000e+00
      vertex   5.082199e+00 7.155169e+00 2.000000e-01
      vertex   5.132539e+00 7.309981e+00 2.000000e-01
    endloop
  endfacet
  facet normal 9.609414e-01 -2.767500e-01 1.024038e-03
    outer loop
      vertex   5.106445e+00 7.226036e+00 2.000000e+00
      vertex   5.132539e+00 7.309981e+00 2.000000e-01
      vertex   5.163255e+00 7.423297e+00 2.000000e+00
    endloop
  endfacet
  facet normal 9.639312e-01 -2.661513e-01 3.057885e-04
    outer loop
      vertex   5.163255e+00 7.423297e+00 2.000000e+00
      vertex   5.132539e+00 7.309981e+00 2.000000e-01
      vertex   5.157423e+00 7.400106e+00 2.000000e-01
    endloop
  endfacet
  facet normal 9.720326e-01 -2.348461e-01 -1.238060e-04
    outer loop
      vertex   5.163255e+00 7.423297e+00 2.000000e+00
      vertex   5.157423e+00 7.400106e+00 2.000000e-01
      vertex   5.182096e+00 7.502226e+00 2.000000e-01
    endloop
  endfacet
  facet normal 9.769550e-01 -2.134436e-01 8.661942e-04
    outer loop
      vertex   5.163255e+00 7.423297e+00 2.000000e+00
      vertex   5.182096e+00 7.502226e+00 2.000000e-01
      vertex   5.207819e+00 7.627269e+00 2.000000e+00
    endloop
  endfacet
  facet normal 9.824625e-01 -1.864571e-01 -1.087223e-03
    outer loop
      vertex   5.207819e+00 7.627269e+00 2.000000e+00
      vertex   5.182096e+00 7.502226e+00 2.000000e-01
      vertex   5.227262e+00 7.740213e+00 2.000000e-01
    endloop
  endfacet
  facet normal 9.875246e-01 -1.574630e-01 7.867384e-04
    outer loop
      vertex   5.207819e+00 7.627269e+00 2.000000e+00
      vertex   5.227262e+00 7.740213e+00 2.000000e-01
      vertex   5.241238e+00 7.836855e+00 2.000000e+00
    endloop
  endfacet
  facet normal 9.921598e-01 -1.249718e-01 -9.937124e-04
    outer loop
      vertex   5.241238e+00 7.836855e+00 2.000000e+00
      vertex   5.227262e+00 7.740213e+00 2.000000e-01
      vertex   5.258689e+00 7.989717e+00 2.000000e-01
    endloop
  endfacet
  facet normal 9.943177e-01 -1.064520e-01 5.999728e-04
    outer loop
      vertex   5.241238e+00 7.836855e+00 2.000000e+00
      vertex   5.258689e+00 7.989717e+00 2.000000e-01
      vertex   5.264193e+00 8.051268e+00 2.000000e+00
    endloop
  endfacet
  facet normal 9.976373e-01 -6.869727e-02 -7.012003e-04
    outer loop
      vertex   5.264193e+00 8.051268e+00 2.000000e+00
      vertex   5.258689e+00 7.989717e+00 2.000000e-01
      vertex   5.276010e+00 8.241250e+00 2.000000e-01
    endloop
  endfacet
  facet normal 9.982500e-01 -5.913364e-02 3.122190e-04
    outer loop
      vertex   5.264193e+00 8.051268e+00 2.000000e+00
      vertex   5.276010e+00 8.241250e+00 2.000000e-01
      vertex   5.277143e+00 8.269886e+00 2.000000e+00
    endloop
  endfacet
  facet normal 9.998457e-01 -1.756558e-02 -3.500834e-04
    outer loop
      vertex   5.277143e+00 8.269886e+00 2.000000e+00
      vertex   5.276010e+00 8.241250e+00 2.000000e-01
      vertex   5.280418e+00 8.492184e+00 2.000000e-01
    endloop
  endfacet
  facet normal 9.998915e-01 -1.473154e-02 0.000000e+00
    outer loop
      vertex   5.277143e+00 8.269886e+00 2.000000e+00
      vertex   5.280418e+00 8.492184e+00 2.000000e-01
      vertex   5.280418e+00 8.492184e+00 2.000000e+00
    endloop
  endfacet
  facet normal -1.881371e-01 9.821428e-01 0.000000e+00
    outer loop
      vertex   7.446233e+00 6.674849e+00 2.000000e+00
      vertex   7.446233e+00 6.674849e+00 2.000000e-01
      vertex   7.227881e+00 6.633022e+00 2.000000e+00
    endloop
  endfacet
  facet normal -1.887084e-01 9.820332e-01 -7.184744e-05
    outer loop
      vertex   7.227881e+00 6.633022e+00 2.000000e+00
      vertex   7.446233e+00 6.674849e+00 2.000000e-01
      vertex   7.222212e+00 6.631801e+00 2.000000e-01
    endloop
  endfacet
  facet normal -2.315796e-01 9.728160e-01 6.944204e-05
    outer loop
      vertex   7.227881e+00 6.633022e+00 2.000000e+00
      vertex   7.222212e+00 6.631801e+00 2.000000e-01
      vertex   7.014834e+00 6.582306e+00 2.000000e+00
    endloop
  endfacet
  facet normal -2.337812e-01 9.722892e-01 -1.986945e-04
    outer loop
      vertex   7.014834e+00 6.582306e+00 2.000000e+00
      vertex   7.222212e+00 6.631801e+00 2.000000e-01
      vertex   6.999535e+00 6.578260e+00 2.000000e-01
    endloop
  endfacet
  facet normal -2.774962e-01 9.607267e-01 1.988491e-04
    outer loop
      vertex   7.014834e+00 6.582306e+00 2.000000e+00
      vertex   6.999535e+00 6.578260e+00 2.000000e-01
      vertex   6.807664e+00 6.522467e+00 2.000000e+00
    endloop
  endfacet
  facet normal -2.824306e-01 9.592877e-01 -3.717377e-04
    outer loop
      vertex   6.807664e+00 6.522467e+00 2.000000e+00
      vertex   6.999535e+00 6.578260e+00 2.000000e-01
      vertex   6.780283e+00 6.513708e+00 2.000000e-01
    endloop
  endfacet
  facet normal -3.265527e-01 9.451789e-01 3.680831e-04
    outer loop
      vertex   6.807664e+00 6.522467e+00 2.000000e+00
      vertex   6.780283e+00 6.513708e+00 2.000000e-01
      vertex   6.607065e+00 6.453162e+00 2.000000e+00
    endloop
  endfacet
  facet normal -3.347037e-01 9.423233e-01 -5.123677e-04
    outer loop
      vertex   6.607065e+00 6.453162e+00 2.000000e+00
      vertex   6.780283e+00 6.513708e+00 2.000000e-01
      vertex   6.571346e+00 6.439496e+00 2.000000e-01
    endloop
  endfacet
  facet normal -3.798475e-01 9.250490e-01 5.146244e-04
    outer loop
      vertex   6.607065e+00 6.453162e+00 2.000000e+00
      vertex   6.571346e+00 6.439496e+00 2.000000e-01
      vertex   6.413931e+00 6.373856e+00 2.000000e+00
    endloop
  endfacet
  facet normal -3.877098e-01 9.217814e-01 -2.921130e-04
    outer loop
      vertex   6.413931e+00 6.373856e+00 2.000000e+00
      vertex   6.571346e+00 6.439496e+00 2.000000e-01
      vertex   6.394929e+00 6.365293e+00 2.000000e-01
    endloop
  endfacet
  facet normal -4.381096e-01 8.989215e-01 3.486733e-04
    outer loop
      vertex   6.413931e+00 6.373856e+00 2.000000e+00
      vertex   6.394929e+00 6.365293e+00 2.000000e-01
      vertex   6.252755e+00 6.296002e+00 2.000000e-01
    endloop
  endfacet
  facet normal -4.394115e-01 8.982858e-01 4.927388e-04
    outer loop
      vertex   6.413931e+00 6.373856e+00 2.000000e+00
      vertex   6.252755e+00 6.296002e+00 2.000000e-01
      vertex   6.229532e+00 6.283654e+00 2.000000e+00
    endloop
  endfacet
  facet normal -4.848001e-01 8.746249e-01 -2.551647e-04
    outer loop
      vertex   6.229532e+00 6.283654e+00 2.000000e+00
      vertex   6.252755e+00 6.296002e+00 2.000000e-01
      vertex   6.143904e+00 6.235666e+00 2.000000e-01
    endloop
  endfacet
  facet normal -5.096289e-01 8.603933e-01 1.305386e-03
    outer loop
      vertex   6.229532e+00 6.283654e+00 2.000000e+00
      vertex   6.143904e+00 6.235666e+00 2.000000e-01
      vertex   6.055976e+00 6.180853e+00 2.000000e+00
    endloop
  endfacet
  facet normal -5.264289e-01 8.502191e-01 1.748984e-04
    outer loop
      vertex   6.055976e+00 6.180853e+00 2.000000e+00
      vertex   6.143904e+00 6.235666e+00 2.000000e-01
      vertex   6.067455e+00 6.188331e+00 2.000000e-01
    endloop
  endfacet
  facet normal -5.587748e-01 8.293194e-01 -1.182061e-04
    outer loop
      vertex   6.055976e+00 6.180853e+00 2.000000e+00
      vertex   6.067455e+00 6.188331e+00 2.000000e-01
      vertex   6.022153e+00 6.157808e+00 2.000000e-01
    endloop
  endfacet
  facet normal -5.720185e-01 8.202407e-01 2.468788e-04
    outer loop
      vertex   6.055976e+00 6.180853e+00 2.000000e+00
      vertex   6.022153e+00 6.157808e+00 2.000000e-01
      vertex   5.974292e+00 6.123889e+00 2.000000e+00
    endloop
  endfacet
  facet normal -5.760141e-01 8.174397e-01 8.785604e-05
    outer loop
      vertex   5.974292e+00 6.123889e+00 2.000000e+00
      vertex   6.022153e+00 6.157808e+00 2.000000e-01
      vertex   5.991562e+00 6.136252e+00 2.000000e-01
    endloop
  endfacet
  facet normal -5.991590e-01 8.006301e-01 -2.496542e-04
    outer loop
      vertex   5.974292e+00 6.123889e+00 2.000000e+00
      vertex   5.991562e+00 6.136252e+00 2.000000e-01
      vertex   5.946158e+00 6.102274e+00 2.000000e-01
    endloop
  endfacet
  facet normal -6.412942e-01 7.672946e-01 8.092218e-04
    outer loop
      vertex   5.946158e+00 6.102274e+00 2.000000e-01
      vertex   5.917111e+00 6.077996e+00 2.000000e-01
      vertex   5.974292e+00 6.123889e+00 2.000000e+00
    endloop
  endfacet
  facet normal -6.433754e-01 7.655503e-01 9.198059e-04
    outer loop
      vertex   5.974292e+00 6.123889e+00 2.000000e+00
      vertex   5.917111e+00 6.077996e+00 2.000000e-01
      vertex   5.898799e+00 6.060443e+00 2.000000e+00
    endloop
  endfacet
  facet normal -6.919718e-01 7.219245e-01 0.000000e+00
    outer loop
      vertex   5.898799e+00 6.060443e+00 2.000000e+00
      vertex   5.917111e+00 6.077996e+00 2.000000e-01
      vertex   5.898799e+00 6.060443e+00 2.000000e-01
    endloop
  endfacet
  facet normal 7.798717e-01 6.259394e-01 0.000000e+00
    outer loop
      vertex   7.866468e+00 6.174033e+00 2.000000e+00
      vertex   7.866468e+00 6.174033e+00 2.000000e-01
      vertex   7.730040e+00 6.344012e+00 2.000000e+00
    endloop
  endfacet
  facet normal 7.798717e-01 6.259394e-01 0.000000e+00
    outer loop
      vertex   7.730040e+00 6.344012e+00 2.000000e+00
      vertex   7.866468e+00 6.174033e+00 2.000000e-01
      vertex   7.730040e+00 6.344012e+00 2.000000e-01
    endloop
  endfacet
  facet normal 7.660444e-01 6.427876e-01 0.000000e+00
    outer loop
      vertex   7.730040e+00 6.344012e+00 2.000000e+00
      vertex   7.730040e+00 6.344012e+00 2.000000e-01
      vertex   7.589939e+00 6.510977e+00 2.000000e+00
    endloop
  endfacet
  facet normal 7.660444e-01 6.427876e-01 0.000000e+00
    outer loop
      vertex   7.589939e+00 6.510977e+00 2.000000e+00
      vertex   7.730040e+00 6.344012e+00 2.000000e-01
      vertex   7.589939e+00 6.510977e+00 2.000000e-01
    endloop
  endfacet
  facet normal 7.518533e-01 6.593305e-01 0.000000e+00
    outer loop
      vertex   7.589939e+00 6.510977e+00 2.000000e+00
      vertex   7.589939e+00 6.510977e+00 2.000000e-01
      vertex   7.446233e+00 6.674849e+00 2.000000e+00
    endloop
  endfacet
  facet normal 7.518533e-01 6.593305e-01 0.000000e+00
    outer loop
      vertex   7.446233e+00 6.674849e+00 2.000000e+00
      vertex   7.589939e+00 6.510977e+00 2.000000e-01
      vertex   7.446233e+00 6.674849e+00 2.000000e-01
    endloop
  endfacet
  facet normal 6.179953e-01 -7.861818e-01 0.000000e+00
    outer loop
      vertex   6.992687e+00 4.756798e+00 2.000000e-01
      vertex   7.049783e+00 4.801678e+00 2.000000e-01
      vertex   6.992687e+00 4.756798e+00 2.000000e+00
    endloop
  endfacet
  facet normal 6.421987e-01 -7.665372e-01 1.257534e-03
    outer loop
      vertex   6.992687e+00 4.756798e+00 2.000000e+00
      vertex   7.049783e+00 4.801678e+00 2.000000e-01
      vertex   7.068278e+00 4.820127e+00 2.000000e+00
    endloop
  endfacet
  facet normal 6.890150e-01 -7.247470e-01 3.481643e-04
    outer loop
      vertex   7.068278e+00 4.820127e+00 2.000000e+00
      vertex   7.049783e+00 4.801678e+00 2.000000e-01
      vertex   7.108794e+00 4.857781e+00 2.000000e-01
    endloop
  endfacet
  facet normal 7.084489e-01 -7.057611e-01 1.182760e-03
    outer loop
      vertex   7.068278e+00 4.820127e+00 2.000000e+00
      vertex   7.108794e+00 4.857781e+00 2.000000e-01
      vertex   7.138561e+00 4.890678e+00 2.000000e+00
    endloop
  endfacet
  facet normal 7.455396e-01 -6.664614e-01 -1.488687e-04
    outer loop
      vertex   7.138561e+00 4.890678e+00 2.000000e+00
      vertex   7.108794e+00 4.857781e+00 2.000000e-01
      vertex   7.222917e+00 4.985445e+00 2.000000e-01
    endloop
  endfacet
  facet normal 7.588259e-01 -6.512922e-01 1.272423e-03
    outer loop
      vertex   7.138561e+00 4.890678e+00 2.000000e+00
      vertex   7.222917e+00 4.985445e+00 2.000000e-01
      vertex   7.269938e+00 5.043746e+00 2.000000e+00
    endloop
  endfacet
  facet normal 7.878746e-01 -6.158354e-01 -6.348412e-04
    outer loop
      vertex   7.269938e+00 5.043746e+00 2.000000e+00
      vertex   7.222917e+00 4.985445e+00 2.000000e-01
      vertex   7.323169e+00 5.113703e+00 2.000000e-01
    endloop
  endfacet
  facet normal 8.083355e-01 -5.887213e-01 1.024038e-03
    outer loop
      vertex   7.269938e+00 5.043746e+00 2.000000e+00
      vertex   7.323169e+00 5.113703e+00 2.000000e-01
      vertex   7.390790e+00 5.209680e+00 2.000000e+00
    endloop
  endfacet
  facet normal 8.147700e-01 -5.797843e-01 3.057885e-04
    outer loop
      vertex   7.390790e+00 5.209680e+00 2.000000e+00
      vertex   7.323169e+00 5.113703e+00 2.000000e-01
      vertex   7.377378e+00 5.189882e+00 2.000000e-01
    endloop
  endfacet
  facet normal 8.330897e-01 -5.531378e-01 -1.238060e-04
    outer loop
      vertex   7.390790e+00 5.209680e+00 2.000000e+00
      vertex   7.377378e+00 5.189882e+00 2.000000e-01
      vertex   7.435489e+00 5.277405e+00 2.000000e-01
    endloop
  endfacet
  facet normal 8.450354e-01 -5.347097e-01 8.661942e-04
    outer loop
      vertex   7.390790e+00 5.209680e+00 2.000000e+00
      vertex   7.435489e+00 5.277405e+00 2.000000e-01
      vertex   7.502429e+00 5.386109e+00 2.000000e+00
    endloop
  endfacet
  facet normal 8.594407e-01 -5.112343e-01 -1.087223e-03
    outer loop
      vertex   7.502429e+00 5.386109e+00 2.000000e+00
      vertex   7.435489e+00 5.277405e+00 2.000000e-01
      vertex   7.559328e+00 5.485592e+00 2.000000e-01
    endloop
  endfacet
  facet normal 8.741141e-01 -4.857201e-01 7.867384e-04
    outer loop
      vertex   7.502429e+00 5.386109e+00 2.000000e+00
      vertex   7.559328e+00 5.485592e+00 2.000000e-01
      vertex   7.605515e+00 5.571626e+00 2.000000e+00
    endloop
  endfacet
  facet normal 8.895824e-01 -4.567737e-01 -9.937124e-04
    outer loop
      vertex   7.605515e+00 5.571626e+00 2.000000e+00
      vertex   7.559328e+00 5.485592e+00 2.000000e-01
      vertex   7.674196e+00 5.709301e+00 2.000000e-01
    endloop
  endfacet
  facet normal 8.979443e-01 -4.401088e-01 5.999728e-04
    outer loop
      vertex   7.605515e+00 5.571626e+00 2.000000e+00
      vertex   7.674196e+00 5.709301e+00 2.000000e-01
      vertex   7.700419e+00 5.765257e+00 2.000000e+00
    endloop
  endfacet
  facet normal 9.139766e-01 -4.057664e-01 -7.012003e-04
    outer loop
      vertex   7.700419e+00 5.765257e+00 2.000000e+00
      vertex   7.674196e+00 5.709301e+00 2.000000e-01
      vertex   7.776501e+00 5.939740e+00 2.000000e-01
    endloop
  endfacet
  facet normal 9.178233e-01 -3.969891e-01 3.122190e-04
    outer loop
      vertex   7.700419e+00 5.765257e+00 2.000000e+00
      vertex   7.776501e+00 5.939740e+00 2.000000e-01
      vertex   7.787360e+00 5.966261e+00 2.000000e+00
    endloop
  endfacet
  facet normal 9.335398e-01 -3.584736e-01 -3.500834e-04
    outer loop
      vertex   7.787360e+00 5.966261e+00 2.000000e+00
      vertex   7.776501e+00 5.939740e+00 2.000000e-01
      vertex   7.866468e+00 6.174033e+00 2.000000e-01
    endloop
  endfacet
  facet normal 9.345522e-01 -3.558262e-01 0.000000e+00
    outer loop
      vertex   7.787360e+00 5.966261e+00 2.000000e+00
      vertex   7.866468e+00 6.174033e+00 2.000000e-01
      vertex   7.866468e+00 6.174033e+00 2.000000e+00
    endloop
  endfacet
  facet normal 1.591216e-01 9.872590e-01 0.000000e+00
    outer loop
      vertex   9.280103e+00 3.725545e+00 2.000000e+00
      vertex   9.280103e+00 3.725545e+00 2.000000e-01
      vertex   9.060614e+00 3.760921e+00 2.000000e+00
    endloop
  endfacet
  facet normal 1.585473e-01 9.873514e-01 -7.184745e-05
    outer loop
      vertex   9.060614e+00 3.760921e+00 2.000000e+00
      vertex   9.280103e+00 3.725545e+00 2.000000e-01
      vertex   9.054869e+00 3.761713e+00 2.000000e-01
    endloop
  endfacet
  facet normal 1.151090e-01 9.933529e-01 6.944204e-05
    outer loop
      vertex   9.060614e+00 3.760921e+00 2.000000e+00
      vertex   9.054869e+00 3.761713e+00 2.000000e-01
      vertex   8.843069e+00 3.786130e+00 2.000000e+00
    endloop
  endfacet
  facet normal 1.128600e-01 9.936109e-01 -1.986945e-04
    outer loop
      vertex   8.843069e+00 3.786130e+00 2.000000e+00
      vertex   9.054869e+00 3.761713e+00 2.000000e-01
      vertex   8.827309e+00 3.787560e+00 2.000000e-01
    endloop
  endfacet
  facet normal 6.782675e-02 9.976971e-01 1.988491e-04
    outer loop
      vertex   8.843069e+00 3.786130e+00 2.000000e+00
      vertex   8.827309e+00 3.787560e+00 2.000000e-01
      vertex   8.627927e+00 3.800756e+00 2.000000e+00
    endloop
  endfacet
  facet normal 6.269774e-02 9.980325e-01 -3.717377e-04
    outer loop
      vertex   8.627927e+00 3.800756e+00 2.000000e+00
      vertex   8.827309e+00 3.787560e+00 2.000000e-01
      vertex   8.599202e+00 3.801890e+00 2.000000e-01
    endloop
  endfacet
  facet normal 1.641110e-02 9.998653e-01 3.680831e-04
    outer loop
      vertex   8.627927e+00 3.800756e+00 2.000000e+00
      vertex   8.599202e+00 3.801890e+00 2.000000e-01
      vertex   8.415722e+00 3.804239e+00 2.000000e+00
    endloop
  endfacet
  facet normal 7.774922e-03 9.999696e-01 -5.123677e-04
    outer loop
      vertex   8.415722e+00 3.804239e+00 2.000000e+00
      vertex   8.599202e+00 3.801890e+00 2.000000e-01
      vertex   8.377482e+00 3.803614e+00 2.000000e-01
    endloop
  endfacet
  facet normal -4.055449e-02 9.991772e-01 5.146244e-04
    outer loop
      vertex   8.415722e+00 3.804239e+00 2.000000e+00
      vertex   8.377482e+00 3.803614e+00 2.000000e-01
      vertex   8.207111e+00 3.795772e+00 2.000000e+00
    endloop
  endfacet
  facet normal -4.906022e-02 9.987958e-01 -2.921130e-04
    outer loop
      vertex   8.207111e+00 3.795772e+00 2.000000e+00
      vertex   8.377482e+00 3.803614e+00 2.000000e-01
      vertex   8.186326e+00 3.794225e+00 2.000000e-01
    endloop
  endfacet
  facet normal -1.042391e-01 9.945522e-01 3.486734e-04
    outer loop
      vertex   8.207111e+00 3.795772e+00 2.000000e+00
      vertex   8.186326e+00 3.794225e+00 2.000000e-01
      vertex   8.029027e+00 3.777738e+00 2.000000e-01
    endloop
  endfacet
  facet normal -1.056799e-01 9.944001e-01 4.927388e-04
    outer loop
      vertex   8.207111e+00 3.795772e+00 2.000000e+00
      vertex   8.029027e+00 3.777738e+00 2.000000e-01
      vertex   8.002982e+00 3.774078e+00 2.000000e+00
    endloop
  endfacet
  facet normal -1.564238e-01 9.876900e-01 -2.551647e-04
    outer loop
      vertex   8.002982e+00 3.774078e+00 2.000000e+00
      vertex   8.029027e+00 3.777738e+00 2.000000e-01
      vertex   7.906104e+00 3.758270e+00 2.000000e-01
    endloop
  endfacet
  facet normal -1.846226e-01 9.828086e-01 1.305386e-03
    outer loop
      vertex   8.002982e+00 3.774078e+00 2.000000e+00
      vertex   7.906104e+00 3.758270e+00 2.000000e-01
      vertex   7.804732e+00 3.736837e+00 2.000000e+00
    endloop
  endfacet
  facet normal -2.038893e-01 9.789939e-01 1.748984e-04
    outer loop
      vertex   7.804732e+00 3.736837e+00 2.000000e+00
      vertex   7.906104e+00 3.758270e+00 2.000000e-01
      vertex   7.818076e+00 3.739937e+00 2.000000e-01
    endloop
  endfacet
  facet normal -2.414326e-01 9.704176e-01 -1.182061e-04
    outer loop
      vertex   7.804732e+00 3.736837e+00 2.000000e+00
      vertex   7.818076e+00 3.739937e+00 2.000000e-01
      vertex   7.765067e+00 3.726749e+00 2.000000e-01
    endloop
  endfacet
  facet normal -2.569827e-01 9.664160e-01 2.468788e-04
    outer loop
      vertex   7.804732e+00 3.736837e+00 2.000000e+00
      vertex   7.765067e+00 3.726749e+00 2.000000e-01
      vertex   7.708492e+00 3.711245e+00 2.000000e+00
    endloop
  endfacet
  facet normal -2.616954e-01 9.651505e-01 8.785604e-05
    outer loop
      vertex   7.708492e+00 3.711245e+00 2.000000e+00
      vertex   7.765067e+00 3.726749e+00 2.000000e-01
      vertex   7.728948e+00 3.716956e+00 2.000000e-01
    endloop
  endfacet
  facet normal -2.891936e-01 9.572706e-01 -2.496542e-04
    outer loop
      vertex   7.708492e+00 3.711245e+00 2.000000e+00
      vertex   7.728948e+00 3.716956e+00 2.000000e-01
      vertex   7.674662e+00 3.700555e+00 2.000000e-01
    endloop
  endfacet
  facet normal -3.401892e-01 9.403566e-01 8.092219e-04
    outer loop
      vertex   7.674662e+00 3.700555e+00 2.000000e-01
      vertex   7.639062e+00 3.687677e+00 2.000000e-01
      vertex   7.708492e+00 3.711245e+00 2.000000e+00
    endloop
  endfacet
  facet normal -3.427414e-01 9.394293e-01 9.198059e-04
    outer loop
      vertex   7.708492e+00 3.711245e+00 2.000000e+00
      vertex   7.639062e+00 3.687677e+00 2.000000e-01
      vertex   7.615851e+00 3.677446e+00 2.000000e+00
    endloop
  endfacet
  facet normal -4.033281e-01 9.150554e-01 0.000000e+00
    outer loop
      vertex   7.615851e+00 3.677446e+00 2.000000e+00
      vertex   7.639062e+00 3.687677e+00 2.000000e-01
      vertex   7.615851e+00 3.677446e+00 2.000000e-01
    endloop
  endfacet
  facet normal 9.469236e-01 3.214588e-01 0.000000e+00
    outer loop
      vertex   9.503706e+00 3.111202e+00 2.000000e+00
      vertex   9.503706e+00 3.111202e+00 2.000000e-01
      vertex   9.433641e+00 3.317592e+00 2.000000e+00
    endloop
  endfacet
  facet normal 9.469236e-01 3.214588e-01 0.000000e+00
    outer loop
      vertex   9.433641e+00 3.317592e+00 2.000000e+00
      vertex   9.503706e+00 3.111202e+00 2.000000e-01
      vertex   9.433641e+00 3.317592e+00 2.000000e-01
    endloop
  endfacet
  facet normal 9.396926e-01 3.420201e-01 0.000000e+00
    outer loop
      vertex   9.433641e+00 3.317592e+00 2.000000e+00
      vertex   9.433641e+00 3.317592e+00 2.000000e-01
      vertex   9.359095e+00 3.522405e+00 2.000000e+00
    endloop
  endfacet
  facet normal 9.396926e-01 3.420201e-01 0.000000e+00
    outer loop
      vertex   9.359095e+00 3.522405e+00 2.000000e+00
      vertex   9.433641e+00 3.317592e+00 2.000000e-01
      vertex   9.359095e+00 3.522405e+00 2.000000e-01
    endloop
  endfacet
  facet normal 9.320153e-01 3.624190e-01 0.000000e+00
    outer loop
      vertex   9.359095e+00 3.522405e+00 2.000000e+00
      vertex   9.359095e+00 3.522405e+00 2.000000e-01
      vertex   9.280103e+00 3.725545e+00 2.000000e+00
    endloop
  endfacet
  facet normal 9.320153e-01 3.624190e-01 0.000000e+00
    outer loop
      vertex   9.280103e+00 3.725545e+00 2.000000e+00
      vertex   9.359095e+00 3.522405e+00 2.000000e-01
      vertex   9.280103e+00 3.725545e+00 2.000000e-01
    endloop
  endfacet
  facet normal 3.118357e-01 -9.501361e-01 0.000000e+00
    outer loop
      vertex   8.197897e+00 2.078288e+00 2.000000e-01
      vertex   8.266899e+00 2.100934e+00 2.000000e-01
      vertex   8.197897e+00 2.078288e+00 2.000000e+00
    endloop
  endfacet
  facet normal 3.412982e-01 -9.399542e-01 1.257534e-03
    outer loop
      vertex   8.197897e+00 2.078288e+00 2.000000e+00
      vertex   8.266899e+00 2.100934e+00 2.000000e-01
      vertex   8.290589e+00 2.111944e+00 2.000000e+00
    endloop
  endfacet
  facet normal 3.995842e-01 -9.166964e-01 3.481643e-04
    outer loop
      vertex   8.290589e+00 2.111944e+00 2.000000e+00
      vertex   8.266899e+00 2.100934e+00 2.000000e-01
      vertex   8.341540e+00 2.133470e+00 2.000000e-01
    endloop
  endfacet
  facet normal 4.243397e-01 -9.055023e-01 1.182760e-03
    outer loop
      vertex   8.290589e+00 2.111944e+00 2.000000e+00
      vertex   8.341540e+00 2.133470e+00 2.000000e-01
      vertex   8.380764e+00 2.154202e+00 2.000000e+00
    endloop
  endfacet
  facet normal 4.726348e-01 -8.812584e-01 -1.488687e-04
    outer loop
      vertex   8.380764e+00 2.154202e+00 2.000000e+00
      vertex   8.341540e+00 2.133470e+00 2.000000e-01
      vertex   8.492445e+00 2.214403e+00 2.000000e-01
    endloop
  endfacet
  facet normal 4.903081e-01 -8.715483e-01 1.272423e-03
    outer loop
      vertex   8.380764e+00 2.154202e+00 2.000000e+00
      vertex   8.492445e+00 2.214403e+00 2.000000e-01
      vertex   8.556570e+00 2.253106e+00 2.000000e+00
    endloop
  endfacet
  facet normal 5.297319e-01 -8.481649e-01 -6.348412e-04
    outer loop
      vertex   8.556570e+00 2.253106e+00 2.000000e+00
      vertex   8.492445e+00 2.214403e+00 2.000000e-01
      vertex   8.630518e+00 2.300638e+00 2.000000e-01
    endloop
  endfacet
  facet normal 5.582323e-01 -8.296840e-01 1.024038e-03
    outer loop
      vertex   8.556570e+00 2.253106e+00 2.000000e+00
      vertex   8.630518e+00 2.300638e+00 2.000000e-01
      vertex   8.726887e+00 2.367699e+00 2.000000e+00
    endloop
  endfacet
  facet normal 5.673354e-01 -8.234868e-01 3.057885e-04
    outer loop
      vertex   8.726887e+00 2.367699e+00 2.000000e+00
      vertex   8.630518e+00 2.300638e+00 2.000000e-01
      vertex   8.707511e+00 2.353682e+00 2.000000e-01
    endloop
  endfacet
  facet normal 5.936640e-01 -8.047130e-01 -1.238060e-04
    outer loop
      vertex   8.726887e+00 2.367699e+00 2.000000e+00
      vertex   8.707511e+00 2.353682e+00 2.000000e-01
      vertex   8.792053e+00 2.416051e+00 2.000000e-01
    endloop
  endfacet
  facet normal 6.111920e-01 -7.914819e-01 8.661942e-04
    outer loop
      vertex   8.726887e+00 2.367699e+00 2.000000e+00
      vertex   8.792053e+00 2.416051e+00 2.000000e-01
      vertex   8.892135e+00 2.495305e+00 2.000000e+00
    endloop
  endfacet
  facet normal 6.327576e-01 -7.743492e-01 -1.087223e-03
    outer loop
      vertex   8.892135e+00 2.495305e+00 2.000000e+00
      vertex   8.792053e+00 2.416051e+00 2.000000e-01
      vertex   8.979628e+00 2.569328e+00 2.000000e-01
    endloop
  endfacet
  facet normal 6.552725e-01 -7.553922e-01 7.867384e-04
    outer loop
      vertex   8.892135e+00 2.495305e+00 2.000000e+00
      vertex   8.979628e+00 2.569328e+00 2.000000e-01
      vertex   9.052454e+00 2.634377e+00 2.000000e+00
    endloop
  endfacet
  facet normal 6.797082e-01 -7.334819e-01 -9.937124e-04
    outer loop
      vertex   9.052454e+00 2.634377e+00 2.000000e+00
      vertex   8.979628e+00 2.569328e+00 2.000000e-01
      vertex   9.164081e+00 2.740258e+00 2.000000e-01
    endloop
  endfacet
  facet normal 6.932655e-01 -7.206820e-01 5.999728e-04
    outer loop
      vertex   9.052454e+00 2.634377e+00 2.000000e+00
      vertex   9.164081e+00 2.740258e+00 2.000000e-01
      vertex   9.207861e+00 2.783871e+00 2.000000e+00
    endloop
  endfacet
  facet normal 7.200768e-01 -6.938941e-01 -7.012003e-04
    outer loop
      vertex   9.207861e+00 2.783871e+00 2.000000e+00
      vertex   9.164081e+00 2.740258e+00 2.000000e-01
      vertex   9.339031e+00 2.921810e+00 2.000000e-01
    endloop
  endfacet
  facet normal 7.266935e-01 -6.869617e-01 3.122190e-04
    outer loop
      vertex   9.207861e+00 2.783871e+00 2.000000e+00
      vertex   9.339031e+00 2.921810e+00 2.000000e-01
      vertex   9.358306e+00 2.943018e+00 2.000000e+00
    endloop
  endfacet
  facet normal 7.546353e-01 -6.561444e-01 -3.500834e-04
    outer loop
      vertex   9.358306e+00 2.943018e+00 2.000000e+00
      vertex   9.339031e+00 2.921810e+00 2.000000e-01
      vertex   9.503706e+00 3.111202e+00 2.000000e-01
    endloop
  endfacet
  facet normal 7.564921e-01 -6.540029e-01 0.000000e+00
    outer loop
      vertex   9.358306e+00 2.943018e+00 2.000000e+00
      vertex   9.503706e+00 3.111202e+00 2.000000e-01
      vertex   9.503706e+00 3.111202e+00 2.000000e+00
    endloop
  endfacet
  facet normal -0.000000e+00 0.000000e+00 -1.000000e+00
    outer loop
      vertex   -1.587713e+00 -2.750000e+00 2.000000e-01
      vertex   -6.722283e+00 -3.854999e+00 2.000000e-01
      vertex   -3.175426e+00 -7.783170e-15 2.000000e-01
    endloop
  endfacet
  facet normal 0.000000e+00 0.000000e+00 -1.000000e+00
    outer loop
      vertex   -3.175426e+00 -7.783170e-15 2.000000e-01
      vertex   -6.722283e+00 -3.854999e+00 2.000000e-01
      vertex   -6.796322e+00 -3.752965e+00 2.000000e-01
    endloop
  endfacet
  facet normal 0.000000e+00 0.000000e+00 -1.000000e+00
    outer loop
      vertex   -3.175426e+00 -7.783170e-15 2.000000e-01
      vertex   -6.796322e+00 -3.752965e+00 2.000000e-01
      vertex   -7.618644e+00 -1.493654e+00 2.000000e-01
    endloop
  endfacet
  facet normal 0.000000e+00 -0.000000e+00 -1.000000e+00
    outer loop
      vertex   -7.618644e+00 -1.493654e+00 2.000000e-01
      vertex   -6.796322e+00 -3.752965e+00 2.000000e-01
      vertex   -7.636694e+00 -1.618422e+00 2.000000e-01
    endloop
  endfacet
  facet normal 0.000000e+00 0.000000e+00 -1.000000e+00
    outer loop
      vertex   -7.636694e+00 -1.618422e+00 2.000000e-01
      vertex   -6.796322e+00 -3.752965e+00 2.000000e-01
      vertex   -6.890348e+00 -3.668989e+00 2.000000e-01
    endloop
  endfacet
  facet normal 0.000000e+00 -0.000000e+00 -1.000000e+00
    outer loop
      vertex   -7.636694e+00 -1.618422e+00 2.000000e-01
      vertex   -6.890348e+00 -3.668989e+00 2.000000e-01
      vertex   -7.680838e+00 -1.736507e+00 2.000000e-01
    endloop
  endfacet
  facet normal 0.000000e+00 0.000000e+00 -1.000000e+00
    outer loop
      vertex   -7.680838e+00 -1.736507e+00 2.000000e-01
      vertex   -6.890348e+00 -3.668989e+00 2.000000e-01
      vertex   -7.000069e+00 -3.606906e+00 2.000000e-01
    endloop
  endfacet
  facet normal 0.000000e+00 -0.000000e+00 -1.000000e+00
    outer loop
      vertex   -7.680838e+00 -1.736507e+00 2.000000e-01
      vertex   -7.000069e+00 -3.606906e+00 2.000000e-01
      vertex   -7.749063e+00 -1.842518e+00 2.000000e-01
    endloop
  endfacet
  facet normal 0.000000e+00 0.000000e+00 -1.000000e+00
    outer loop
      vertex   -7.749063e+00 -1.842518e+00 2.000000e-01
      vertex   -7.000069e+00 -3.606906e+00 2.000000e-01
      vertex   -7.120474e+00 -3.569551e+00 2.000000e-01
    endloop
  endfacet
  facet normal 0.000000e+00 -0.000000e+00 -1.000000e+00
    outer loop
      vertex   -7.749063e+00 -1.842518e+00 2.000000e-01
      vertex   -7.120474e+00 -3.569551e+00 2.000000e-01
      vertex   -7.838251e+00 -1.931615e+00 2.000000e-01
    endloop
  endfacet
  facet normal 0.000000e+00 0.000000e+00 -1.000000e+00
    outer loop
      vertex   -7.838251e+00 -1.931615e+00 2.000000e-01
      vertex   -7.120474e+00 -3.569551e+00 2.000000e-01
      vertex   -7.246067e+00 -3.558628e+00 2.000000e-01
    endloop
  endfacet
  facet normal 0.000000e+00 -0.000000e+00 -1.000000e+00
    outer loop
      vertex   -7.838251e+00 -1.931615e+00 2.000000e-01
      vertex   -7.246067e+00 -3.558628e+00 2.000000e-01
      vertex   -7.944333e+00 -1.999729e+00 2.000000e-01
    endloop
  endfacet
  facet normal 0.000000e+00 0.000000e+00 -1.000000e+00
    outer loop
      vertex   -7.944333e+00 -1.999729e+00 2.000000e-01
      vertex   -7.246067e+00 -3.558628e+00 2.000000e-01
      vertex   -7.371113e+00 -3.574637e+00 2.000000e-01
    endloop
  endfacet
  facet normal 0.000000e+00 -0.000000e+00 -1.000000e+00
    outer loop
      vertex   -7.944333e+00 -1.999729e+00 2.000000e-01
      vertex   -7.371113e+00 -3.574637e+00 2.000000e-01
      vertex   -8.062464e+00 -2.043752e+00 2.000000e-01
    endloop
  endfacet
  facet normal 0.000000e+00 0.000000e+00 -1.000000e+00
    outer loop
      vertex   -8.062464e+00 -2.043752e+00 2.000000e-01
      vertex   -7.371113e+00 -3.574637e+00 2.000000e-01
      vertex   -7.489904e+00 -3.616847e+00 2.000000e-01
    endloop
  endfacet
  facet normal 0.000000e+00 -0.000000e+00 -1.000000e+00
    outer loop
      vertex   -8.062464e+00 -2.043752e+00 2.000000e-01
      vertex   -7.489904e+00 -3.616847e+00 2.000000e-01
      vertex   -8.197897e+00 -2.078288e+00 2.000000e-01
    endloop
  endfacet
  facet normal 0.000000e+00 0.000000e+00 -1.000000e+00
    outer loop
      vertex   -8.197897e+00 -2.078288e+00 2.000000e-01
      vertex   -7.489904e+00 -3.616847e+00 2.000000e-01
      vertex   -7.615851e+00 -3.677446e+00 2.000000e-01
    endloop
  endfacet
  facet normal 0.000000e+00 -0.000000e+00 -1.000000e+00
    outer loop
      vertex   -8.197897e+00 -2.078288e+00 2.000000e-01
      vertex   -7.615851e+00 -3.677446e+00 2.000000e-01
      vertex   -8.266899e+00 -2.100934e+00 2.000000e-01
    endloop
  endfacet
  facet normal 0.000000e+00 -0.000000e+00 -1.000000e+00
    outer loop
      vertex   -8.266899e+00 -2.100934e+00 2.000000e-01
      vertex   -7.615851e+00 -3.677446e+00 2.000000e-01
      vertex   -8.341540e+00 -2.133470e+00 2.000000e-01
    endloop
  endfacet
  facet normal 0.000000e+00 0.000000e+00 -1.000000e+00
    outer loop
      vertex   -8.341540e+00 -2.133470e+00 2.000000e-01
      vertex   -7.615851e+00 -3.677446e+00 2.000000e-01
      vertex   -7.674662e+00 -3.700555e+00 2.000000e-01
    endloop
  endfacet
  facet normal 0.000000e+00 0.000000e+00 -1.000000e+00
    outer loop
      vertex   -8.341540e+00 -2.133470e+00 2.000000e-01
      vertex   -7.674662e+00 -3.700555e+00 2.000000e-01
      vertex   -7.728948e+00 -3.716956e+00 2.000000e-01
    endloop
  endfacet
  facet normal -0.000000e+00 0.000000e+00 -1.000000e+00
    outer loop
      vertex   1.587713e+00 -2.750000e+00 2.000000e-01
      vertex   -7.538057e-03 -7.749196e+00 2.000000e-01
      vertex   -1.587713e+00 -2.750000e+00 2.000000e-01
    endloop
  endfacet
  facet normal 0.000000e+00 0.000000e+00 -1.000000e+00
    outer loop
      vertex   -1.587713e+00 -2.750000e+00 2.000000e-01
      vertex   -7.538057e-03 -7.749196e+00 2.000000e-01
      vertex   -2.261414e-02 -7.749167e+00 2.000000e-01
    endloop
  endfacet
  facet normal 0.000000e+00 0.000000e+00 -1.000000e+00
    outer loop
      vertex   -1.587713e+00 -2.750000e+00 2.000000e-01
      vertex   -2.261414e-02 -7.749167e+00 2.000000e-01
      vertex   -1.479983e-01 -7.762270e+00 2.000000e-01
    endloop
  endfacet
  facet normal 0.000000e+00 -0.000000e+00 -1.000000e+00
    outer loop
      vertex   3.175426e+00 -8.880277e-15 2.000000e-01
      vertex   6.722283e+00 -3.854999e+00 2.000000e-01
      vertex   1.587713e+00 -2.750000e+00 2.000000e-01
    endloop
  endfacet
  facet normal 0.000000e+00 0.000000e+00 -1.000000e+00
    outer loop
      vertex   1.587713e+00 -2.750000e+00 2.000000e-01
      vertex   6.722283e+00 -3.854999e+00 2.000000e-01
      vertex   6.714770e+00 -3.868070e+00 2.000000e-01
    endloop
  endfacet
  facet normal 0.000000e+00 0.000000e+00 -1.000000e+00
    outer loop
      vertex   1.587713e+00 -2.750000e+00 2.000000e-01
      vertex   6.714770e+00 -3.868070e+00 2.000000e-01
      vertex   6.707232e+00 -3.881126e+00 2.000000e-01
    endloop
  endfacet
  facet normal 0.000000e+00 0.000000e+00 -1.000000e+00
    outer loop
      vertex   1.587713e+00 2.750000e+00 2.000000e-01
      vertex   6.722283e+00 3.854999e+00 2.000000e-01
      vertex   3.175426e+00 -8.880277e-15 2.000000e-01
    endloop
  endfacet
  facet normal 0.000000e+00 0.000000e+00 -1.000000e+00
    outer loop
      vertex   3.175426e+00 -8.880277e-15 2.000000e-01
      vertex   6.722283e+00 3.854999e+00 2.000000e-01
      vertex   6.796322e+00 3.752965e+00 2.000000e-01
    endloop
  endfacet
  facet normal 0.000000e+00 0.000000e+00 -1.000000e+00
    outer loop
      vertex   3.175426e+00 -8.880277e-15 2.000000e-01
      vertex   6.796322e+00 3.752965e+00 2.000000e-01
      vertex   7.618644e+00 1.493654e+00 2.000000e-01
    endloop
  endfacet
  facet normal 0.000000e+00 0.000000e+00 -1.000000e+00
    outer loop
      vertex   7.618644e+00 1.493654e+00 2.000000e-01
      vertex   6.796322e+00 3.752965e+00 2.000000e-01
      vertex   7.636694e+00 1.618422e+00 2.000000e-01
    endloop
  endfacet
  facet normal 0.000000e+00 0.000000e+00 -1.000000e+00
    outer loop
      vertex   7.636694e+00 1.618422e+00 2.000000e-01
      vertex   6.796322e+00 3.752965e+00 2.000000e-01
      vertex   6.890348e+00 3.668989e+00 2.000000e-01
    endloop
  endfacet
  facet normal 0.000000e+00 0.000000e+00 -1.000000e+00
    outer loop
      vertex   7.636694e+00 1.618422e+00 2.000000e-01
      vertex   6.890348e+00 3.668989e+00 2.000000e-01
      vertex   7.680838e+00 1.736507e+00 2.000000e-01
    endloop
  endfacet
  facet normal 0.000000e+00 0.000000e+00 -1.000000e+00
    outer loop
      vertex   7.680838e+00 1.736507e+00 2.000000e-01
      vertex   6.890348e+00 3.668989e+00 2.000000e-01
      vertex   7.000069e+00 3.606906e+00 2.000000e-01
    endloop
  endfacet
  facet normal 0.000000e+00 0.000000e+00 -1.000000e+00
    outer loop
      vertex   7.680838e+00 1.736507e+00 2.000000e-01
      vertex   7.000069e+00 3.606906e+00 2.000000e-01
      vertex   7.749063e+00 1.842518e+00 2.000000e-01
    endloop
  endfacet
  facet normal 0.000000e+00 0.000000e+00 -1.000000e+00
    outer loop
      vertex   7.749063e+00 1.842518e+00 2.000000e-01
      vertex   7.000069e+00 3.606906e+00 2.000000e-01
      vertex   7.120474e+00 3.569551e+00 2.000000e-01
    endloop
  endfacet
  facet normal 0.000000e+00 0.000000e+00 -1.000000e+00
    outer loop
      vertex   7.749063e+00 1.842518e+00 2.000000e-01
      vertex   7.120474e+00 3.569551e+00 2.000000e-01
      vertex   7.838251e+00 1.931615e+00 2.000000e-01
    endloop
  endfacet
  facet normal 0.000000e+00 0.000000e+00 -1.000000e+00
    outer loop
      vertex   7.838251e+00 1.931615e+00 2.000000e-01
      vertex   7.120474e+00 3.569551e+00 2.000000e-01
      vertex   7.246067e+00 3.558628e+00 2.000000e-01
    endloop
  endfacet
  facet normal 0.000000e+00 0.000000e+00 -1.000000e+00
    outer loop
      vertex   7.838251e+00 1.931615e+00 2.000000e-01
      vertex   7.246067e+00 3.558628e+00 2.000000e-01
      vertex   7.944333e+00 1.999729e+00 2.000000e-01
    endloop
  endfacet
  facet normal 0.000000e+00 0.000000e+00 -1.000000e+00
    outer loop
      vertex   7.944333e+00 1.999729e+00 2.000000e-01
      vertex   7.246067e+00 3.558628e+00 2.000000e-01
      vertex   7.371113e+00 3.574637e+00 2.000000e-01
    endloop
  endfacet
  facet normal 0.000000e+00 0.000000e+00 -1.000000e+00
    outer loop
      vertex   7.944333e+00 1.999729e+00 2.000000e-01
      vertex   7.371113e+00 3.574637e+00 2.000000e-01
      vertex   8.062464e+00 2.043752e+00 2.000000e-01
    endloop
  endfacet
  facet normal 0.000000e+00 0.000000e+00 -1.000000e+00
    outer loop
      vertex   8.062464e+00 2.043752e+00 2.000000e-01
      vertex   7.371113e+00 3.574637e+00 2.000000e-01
      vertex   7.489904e+00 3.616847e+00 2.000000e-01
    endloop
  endfacet
  facet normal 0.000000e+00 0.000000e+00 -1.000000e+00
    outer loop
      vertex   8.062464e+00 2.043752e+00 2.000000e-01
      vertex   7.489904e+00 3.616847e+00 2.000000e-01
      vertex   8.197897e+00 2.078288e+00 2.000000e-01
    endloop
  endfacet
  facet normal 0.000000e+00 0.000000e+00 -1.000000e+00
    outer loop
      vertex   8.197897e+00 2.078288e+00 2.000000e-01
      vertex   7.489904e+00 3.616847e+00 2.000000e-01
      vertex   7.615851e+00 3.677446e+00 2.000000e-01
    endloop
  endfacet
  facet normal 0.000000e+00 0.000000e+00 -1.000000e+00
    outer loop
      vertex   8.197897e+00 2.078288e+00 2.000000e-01
      vertex   7.615851e+00 3.677446e+00 2.000000e-01
      vertex   8.266899e+00 2.100934e+00 2.000000e-01
    endloop
  endfacet
  facet normal 0.000000e+00 0.000000e+00 -1.000000e+00
    outer loop
      vertex   8.266899e+00 2.100934e+00 2.000000e-01
      vertex   7.615851e+00 3.677446e+00 2.000000e-01
      vertex   8.341540e+00 2.133470e+00 2.000000e-01
    endloop
  endfacet
  facet normal 0.000000e+00 0.000000e+00 -1.000000e+00
    outer loop
      vertex   8.341540e+00 2.133470e+00 2.000000e-01
      vertex   7.615851e+00 3.677446e+00 2.000000e-01
      vertex   7.674662e+00 3.700555e+00 2.000000e-01
    endloop
  endfacet
  facet normal 0.000000e+00 0.000000e+00 -1.000000e+00
    outer loop
      vertex   8.341540e+00 2.133470e+00 2.000000e-01
      vertex   7.674662e+00 3.700555e+00 2.000000e-01
      vertex   7.728948e+00 3.716956e+00 2.000000e-01
    endloop
  endfacet
  facet normal 0.000000e+00 0.000000e+00 -1.000000e+00
    outer loop
      vertex   -1.587713e+00 2.750000e+00 2.000000e-01
      vertex   7.538057e-03 7.749196e+00 2.000000e-01
      vertex   1.587713e+00 2.750000e+00 2.000000e-01
    endloop
  endfacet
  facet normal 0.000000e+00 0.000000e+00 -1.000000e+00
    outer loop
      vertex   1.587713e+00 2.750000e+00 2.000000e-01
      vertex   7.538057e-03 7.749196e+00 2.000000e-01
      vertex   2.261414e-02 7.749167e+00 2.000000e-01
    endloop
  endfacet
  facet normal 0.000000e+00 0.000000e+00 -1.000000e+00
    outer loop
      vertex   1.587713e+00 2.750000e+00 2.000000e-01
      vertex   2.261414e-02 7.749167e+00 2.000000e-01
      vertex   1.479983e-01 7.762270e+00 2.000000e-01
    endloop
  endfacet
  facet normal 0.000000e+00 0.000000e+00 -1.000000e+00
    outer loop
      vertex   -3.175426e+00 -7.783170e-15 2.000000e-01
      vertex   -6.722283e+00 3.854999e+00 2.000000e-01
      vertex   -1.587713e+00 2.750000e+00 2.000000e-01
    endloop
  endfacet
  facet normal 0.000000e+00 0.000000e+00 -1.000000e+00
    outer loop
      vertex   -1.587713e+00 2.750000e+00 2.000000e-01
      vertex   -6.722283e+00 3.854999e+00 2.000000e-01
      vertex   -6.714770e+00 3.868070e+00 2.000000e-01
    endloop
  endfacet
  facet normal 0.000000e+00 0.000000e+00 -1.000000e+00
    outer loop
      vertex   -1.587713e+00 2.750000e+00 2.000000e-01
      vertex   -6.714770e+00 3.868070e+00 2.000000e-01
      vertex   -6.707232e+00 3.881126e+00 2.000000e-01
    endloop
  endfacet
  facet normal -0.000000e+00 0.000000e+00 -1.000000e+00
    outer loop
      vertex   6.707232e+00 -3.881126e+00 2.000000e-01
      vertex   6.699668e+00 -3.894168e+00 2.000000e-01
      vertex   1.587713e+00 -2.750000e+00 2.000000e-01
    endloop
  endfacet
  facet normal 0.000000e+00 0.000000e+00 -1.000000e+00
    outer loop
      vertex   1.587713e+00 -2.750000e+00 2.000000e-01
      vertex   6.699668e+00 -3.894168e+00 2.000000e-01
      vertex   6.648324e+00 -4.009305e+00 2.000000e-01
    endloop
  endfacet
  facet normal 0.000000e+00 0.000000e+00 -1.000000e+00
    outer loop
      vertex   1.587713e+00 -2.750000e+00 2.000000e-01
      vertex   6.648324e+00 -4.009305e+00 2.000000e-01
      vertex   5.102864e+00 -5.851112e+00 2.000000e-01
    endloop
  endfacet
  facet normal 0.000000e+00 0.000000e+00 -1.000000e+00
    outer loop
      vertex   5.102864e+00 -5.851112e+00 2.000000e-01
      vertex   6.648324e+00 -4.009305e+00 2.000000e-01
      vertex   6.622612e+00 -4.132722e+00 2.000000e-01
    endloop
  endfacet
  facet normal 0.000000e+00 0.000000e+00 -1.000000e+00
    outer loop
      vertex   5.102864e+00 -5.851112e+00 2.000000e-01
      vertex   6.622612e+00 -4.132722e+00 2.000000e-01
      vertex   5.219941e+00 -5.804360e+00 2.000000e-01
    endloop
  endfacet
  facet normal 0.000000e+00 0.000000e+00 -1.000000e+00
    outer loop
      vertex   5.219941e+00 -5.804360e+00 2.000000e-01
      vertex   6.622612e+00 -4.132722e+00 2.000000e-01
      vertex   6.623707e+00 -4.258784e+00 2.000000e-01
    endloop
  endfacet
  facet normal 0.000000e+00 0.000000e+00 -1.000000e+00
    outer loop
      vertex   5.219941e+00 -5.804360e+00 2.000000e-01
      vertex   6.623707e+00 -4.258784e+00 2.000000e-01
      vertex   5.344278e+00 -5.783548e+00 2.000000e-01
    endloop
  endfacet
  facet normal 0.000000e+00 0.000000e+00 -1.000000e+00
    outer loop
      vertex   5.344278e+00 -5.783548e+00 2.000000e-01
      vertex   6.623707e+00 -4.258784e+00 2.000000e-01
      vertex   6.651559e+00 -4.381736e+00 2.000000e-01
    endloop
  endfacet
  facet normal 0.000000e+00 0.000000e+00 -1.000000e+00
    outer loop
      vertex   5.344278e+00 -5.783548e+00 2.000000e-01
      vertex   6.651559e+00 -4.381736e+00 2.000000e-01
      vertex   5.470199e+00 -5.789626e+00 2.000000e-01
    endloop
  endfacet
  facet normal 0.000000e+00 0.000000e+00 -1.000000e+00
    outer loop
      vertex   5.470199e+00 -5.789626e+00 2.000000e-01
      vertex   6.651559e+00 -4.381736e+00 2.000000e-01
      vertex   6.704896e+00 -4.495964e+00 2.000000e-01
    endloop
  endfacet
  facet normal 0.000000e+00 0.000000e+00 -1.000000e+00
    outer loop
      vertex   5.470199e+00 -5.789626e+00 2.000000e-01
      vertex   6.704896e+00 -4.495964e+00 2.000000e-01
      vertex   5.591953e+00 -5.822318e+00 2.000000e-01
    endloop
  endfacet
  facet normal 0.000000e+00 0.000000e+00 -1.000000e+00
    outer loop
      vertex   5.591953e+00 -5.822318e+00 2.000000e-01
      vertex   6.704896e+00 -4.495964e+00 2.000000e-01
      vertex   6.781283e+00 -4.596253e+00 2.000000e-01
    endloop
  endfacet
  facet normal 0.000000e+00 0.000000e+00 -1.000000e+00
    outer loop
      vertex   5.591953e+00 -5.822318e+00 2.000000e-01
      vertex   6.781283e+00 -4.596253e+00 2.000000e-01
      vertex   5.703983e+00 -5.880129e+00 2.000000e-01
    endloop
  endfacet
  facet normal 0.000000e+00 0.000000e+00 -1.000000e+00
    outer loop
      vertex   5.703983e+00 -5.880129e+00 2.000000e-01
      vertex   6.781283e+00 -4.596253e+00 2.000000e-01
      vertex   6.877233e+00 -4.678024e+00 2.000000e-01
    endloop
  endfacet
  facet normal 0.000000e+00 0.000000e+00 -1.000000e+00
    outer loop
      vertex   5.703983e+00 -5.880129e+00 2.000000e-01
      vertex   6.877233e+00 -4.678024e+00 2.000000e-01
      vertex   5.801173e+00 -5.960422e+00 2.000000e-01
    endloop
  endfacet
  facet normal 0.000000e+00 0.000000e+00 -1.000000e+00
    outer loop
      vertex   5.801173e+00 -5.960422e+00 2.000000e-01
      vertex   6.877233e+00 -4.678024e+00 2.000000e-01
      vertex   6.992687e+00 -4.756798e+00 2.000000e-01
    endloop
  endfacet
  facet normal 0.000000e+00 0.000000e+00 -1.000000e+00
    outer loop
      vertex   5.801173e+00 -5.960422e+00 2.000000e-01
      vertex   6.992687e+00 -4.756798e+00 2.000000e-01
      vertex   5.898799e+00 -6.060443e+00 2.000000e-01
    endloop
  endfacet
  facet normal 0.000000e+00 0.000000e+00 -1.000000e+00
    outer loop
      vertex   5.898799e+00 -6.060443e+00 2.000000e-01
      vertex   6.992687e+00 -4.756798e+00 2.000000e-01
      vertex   7.042106e+00 -4.796174e+00 2.000000e-01
    endloop
  endfacet
  facet normal 0.000000e+00 0.000000e+00 -1.000000e+00
    outer loop
      vertex   5.898799e+00 -6.060443e+00 2.000000e-01
      vertex   7.042106e+00 -4.796174e+00 2.000000e-01
      vertex   7.083452e+00 -4.834988e+00 2.000000e-01
    endloop
  endfacet
  facet normal 0.000000e+00 0.000000e+00 -1.000000e+00
    outer loop
      vertex   6.992687e+00 -4.756798e+00 2.000000e-01
      vertex   7.013153e+00 -4.771784e+00 2.000000e-01
      vertex   7.042106e+00 -4.796174e+00 2.000000e-01
    endloop
  endfacet
  facet normal 0.000000e+00 -0.000000e+00 -1.000000e+00
    outer loop
      vertex   7.083452e+00 -4.834988e+00 2.000000e-01
      vertex   7.109993e+00 -4.861371e+00 2.000000e-01
      vertex   5.898799e+00 -6.060443e+00 2.000000e-01
    endloop
  endfacet
  facet normal 0.000000e+00 0.000000e+00 -1.000000e+00
    outer loop
      vertex   5.898799e+00 -6.060443e+00 2.000000e-01
      vertex   7.109993e+00 -4.861371e+00 2.000000e-01
      vertex   5.952912e+00 -6.108878e+00 2.000000e-01
    endloop
  endfacet
  facet normal 0.000000e+00 0.000000e+00 -1.000000e+00
    outer loop
      vertex   5.952912e+00 -6.108878e+00 2.000000e-01
      vertex   7.109993e+00 -4.861371e+00 2.000000e-01
      vertex   6.018409e+00 -6.157251e+00 2.000000e-01
    endloop
  endfacet
  facet normal 0.000000e+00 0.000000e+00 -1.000000e+00
    outer loop
      vertex   6.018409e+00 -6.157251e+00 2.000000e-01
      vertex   7.109993e+00 -4.861371e+00 2.000000e-01
      vertex   7.147919e+00 -4.900684e+00 2.000000e-01
    endloop
  endfacet
  facet normal 0.000000e+00 0.000000e+00 -1.000000e+00
    outer loop
      vertex   6.018409e+00 -6.157251e+00 2.000000e-01
      vertex   7.147919e+00 -4.900684e+00 2.000000e-01
      vertex   7.207810e+00 -4.967752e+00 2.000000e-01
    endloop
  endfacet
  facet normal 0.000000e+00 0.000000e+00 -1.000000e+00
    outer loop
      vertex   6.018409e+00 -6.157251e+00 2.000000e-01
      vertex   7.207810e+00 -4.967752e+00 2.000000e-01
      vertex   6.163951e+00 -6.247472e+00 2.000000e-01
    endloop
  endfacet
  facet normal 0.000000e+00 0.000000e+00 -1.000000e+00
    outer loop
      vertex   6.163951e+00 -6.247472e+00 2.000000e-01
      vertex   7.207810e+00 -4.967752e+00 2.000000e-01
      vertex   7.286131e+00 -5.064473e+00 2.000000e-01
    endloop
  endfacet
  facet normal 0.000000e+00 0.000000e+00 -1.000000e+00
    outer loop
      vertex   6.163951e+00 -6.247472e+00 2.000000e-01
      vertex   7.286131e+00 -5.064473e+00 2.000000e-01
      vertex   6.307670e+00 -6.323929e+00 2.000000e-01
    endloop
  endfacet
  facet normal 0.000000e+00 0.000000e+00 -1.000000e+00
    outer loop
      vertex   6.307670e+00 -6.323929e+00 2.000000e-01
      vertex   7.286131e+00 -5.064473e+00 2.000000e-01
      vertex   7.379058e+00 -5.192454e+00 2.000000e-01
    endloop
  endfacet
  facet normal 0.000000e+00 0.000000e+00 -1.000000e+00
    outer loop
      vertex   6.307670e+00 -6.323929e+00 2.000000e-01
      vertex   7.379058e+00 -5.192454e+00 2.000000e-01
      vertex   6.392104e+00 -6.364085e+00 2.000000e-01
    endloop
  endfacet
  facet normal 0.000000e+00 0.000000e+00 -1.000000e+00
    outer loop
      vertex   6.392104e+00 -6.364085e+00 2.000000e-01
      vertex   7.379058e+00 -5.192454e+00 2.000000e-01
      vertex   6.488389e+00 -6.406116e+00 2.000000e-01
    endloop
  endfacet
  facet normal 0.000000e+00 0.000000e+00 -1.000000e+00
    outer loop
      vertex   6.488389e+00 -6.406116e+00 2.000000e-01
      vertex   7.379058e+00 -5.192454e+00 2.000000e-01
      vertex   7.482768e+00 -5.353305e+00 2.000000e-01
    endloop
  endfacet
  facet normal 0.000000e+00 0.000000e+00 -1.000000e+00
    outer loop
      vertex   6.488389e+00 -6.406116e+00 2.000000e-01
      vertex   7.482768e+00 -5.353305e+00 2.000000e-01
      vertex   6.714917e+00 -6.491922e+00 2.000000e-01
    endloop
  endfacet
  facet normal 0.000000e+00 0.000000e+00 -1.000000e+00
    outer loop
      vertex   6.714917e+00 -6.491922e+00 2.000000e-01
      vertex   7.482768e+00 -5.353305e+00 2.000000e-01
      vertex   7.592134e+00 -5.546182e+00 2.000000e-01
    endloop
  endfacet
  facet normal 0.000000e+00 0.000000e+00 -1.000000e+00
    outer loop
      vertex   6.714917e+00 -6.491922e+00 2.000000e-01
      vertex   7.592134e+00 -5.546182e+00 2.000000e-01
      vertex   6.955174e+00 -6.566198e+00 2.000000e-01
    endloop
  endfacet
  facet normal 0.000000e+00 0.000000e+00 -1.000000e+00
    outer loop
      vertex   6.955174e+00 -6.566198e+00 2.000000e-01
      vertex   7.592134e+00 -5.546182e+00 2.000000e-01
      vertex   7.693778e+00 -5.750893e+00 2.000000e-01
    endloop
  endfacet
  facet normal 0.000000e+00 0.000000e+00 -1.000000e+00
    outer loop
      vertex   6.955174e+00 -6.566198e+00 2.000000e-01
      vertex   7.693778e+00 -5.750893e+00 2.000000e-01
      vertex   7.785173e+00 -5.960890e+00 2.000000e-01
    endloop
  endfacet
  facet normal -0.000000e+00 0.000000e+00 -1.000000e+00
    outer loop
      vertex   7.866468e+00 -6.174033e+00 2.000000e-01
      vertex   7.730040e+00 -6.344012e+00 2.000000e-01
      vertex   7.785173e+00 -5.960890e+00 2.000000e-01
    endloop
  endfacet
  facet normal 0.000000e+00 0.000000e+00 -1.000000e+00
    outer loop
      vertex   7.785173e+00 -5.960890e+00 2.000000e-01
      vertex   7.730040e+00 -6.344012e+00 2.000000e-01
      vertex   7.199877e+00 -6.626934e+00 2.000000e-01
    endloop
  endfacet
  facet normal 0.000000e+00 0.000000e+00 -1.000000e+00
    outer loop
      vertex   7.785173e+00 -5.960890e+00 2.000000e-01
      vertex   7.199877e+00 -6.626934e+00 2.000000e-01
      vertex   6.955174e+00 -6.566198e+00 2.000000e-01
    endloop
  endfacet
  facet normal 0.000000e+00 0.000000e+00 -1.000000e+00
    outer loop
      vertex   7.730040e+00 -6.344012e+00 2.000000e-01
      vertex   7.589939e+00 -6.510977e+00 2.000000e-01
      vertex   7.199877e+00 -6.626934e+00 2.000000e-01
    endloop
  endfacet
  facet normal 0.000000e+00 0.000000e+00 -1.000000e+00
    outer loop
      vertex   7.199877e+00 -6.626934e+00 2.000000e-01
      vertex   7.589939e+00 -6.510977e+00 2.000000e-01
      vertex   7.446233e+00 -6.674849e+00 2.000000e-01
    endloop
  endfacet
  facet normal -0.000000e+00 0.000000e+00 -1.000000e+00
    outer loop
      vertex   5.102864e+00 -5.851112e+00 2.000000e-01
      vertex   4.998392e+00 -5.921670e+00 2.000000e-01
      vertex   1.587713e+00 -2.750000e+00 2.000000e-01
    endloop
  endfacet
  facet normal 0.000000e+00 0.000000e+00 -1.000000e+00
    outer loop
      vertex   1.587713e+00 -2.750000e+00 2.000000e-01
      vertex   4.998392e+00 -5.921670e+00 2.000000e-01
      vertex   4.986862e+00 -5.931383e+00 2.000000e-01
    endloop
  endfacet
  facet normal 0.000000e+00 0.000000e+00 -1.000000e+00
    outer loop
      vertex   1.587713e+00 -2.750000e+00 2.000000e-01
      vertex   4.986862e+00 -5.931383e+00 2.000000e-01
      vertex   4.975313e+00 -5.941074e+00 2.000000e-01
    endloop
  endfacet
  facet normal -0.000000e+00 0.000000e+00 -1.000000e+00
    outer loop
      vertex   4.975313e+00 -5.941074e+00 2.000000e-01
      vertex   4.963745e+00 -5.950742e+00 2.000000e-01
      vertex   1.587713e+00 -2.750000e+00 2.000000e-01
    endloop
  endfacet
  facet normal 0.000000e+00 0.000000e+00 -1.000000e+00
    outer loop
      vertex   1.587713e+00 -2.750000e+00 2.000000e-01
      vertex   4.963745e+00 -5.950742e+00 2.000000e-01
      vertex   4.876117e+00 -6.041375e+00 2.000000e-01
    endloop
  endfacet
  facet normal 0.000000e+00 0.000000e+00 -1.000000e+00
    outer loop
      vertex   1.587713e+00 -2.750000e+00 2.000000e-01
      vertex   4.876117e+00 -6.041375e+00 2.000000e-01
      vertex   4.809745e+00 -6.148555e+00 2.000000e-01
    endloop
  endfacet
  facet normal -0.000000e+00 0.000000e+00 -1.000000e+00
    outer loop
      vertex   4.767658e+00 -6.267389e+00 2.000000e-01
      vertex   2.919932e+00 -7.239639e+00 2.000000e-01
      vertex   4.809745e+00 -6.148555e+00 2.000000e-01
    endloop
  endfacet
  facet normal 0.000000e+00 0.000000e+00 -1.000000e+00
    outer loop
      vertex   4.809745e+00 -6.148555e+00 2.000000e-01
      vertex   2.919932e+00 -7.239639e+00 2.000000e-01
      vertex   2.793926e+00 -7.243529e+00 2.000000e-01
    endloop
  endfacet
  facet normal -0.000000e+00 0.000000e+00 -1.000000e+00
    outer loop
      vertex   4.809745e+00 -6.148555e+00 2.000000e-01
      vertex   2.793926e+00 -7.243529e+00 2.000000e-01
      vertex   1.587713e+00 -2.750000e+00 2.000000e-01
    endloop
  endfacet
  facet normal 0.000000e+00 0.000000e+00 -1.000000e+00
    outer loop
      vertex   1.587713e+00 -2.750000e+00 2.000000e-01
      vertex   2.793926e+00 -7.243529e+00 2.000000e-01
      vertex   2.671622e+00 -7.274101e+00 2.000000e-01
    endloop
  endfacet
  facet normal 0.000000e+00 0.000000e+00 -1.000000e+00
    outer loop
      vertex   1.587713e+00 -2.750000e+00 2.000000e-01
      vertex   2.671622e+00 -7.274101e+00 2.000000e-01
      vertex   2.657465e+00 -7.279284e+00 2.000000e-01
    endloop
  endfacet
  facet normal 0.000000e+00 0.000000e+00 -1.000000e+00
    outer loop
      vertex   2.919932e+00 -7.239639e+00 2.000000e-01
      vertex   4.767658e+00 -6.267389e+00 2.000000e-01
      vertex   3.043889e+00 -7.262608e+00 2.000000e-01
    endloop
  endfacet
  facet normal 0.000000e+00 0.000000e+00 -1.000000e+00
    outer loop
      vertex   3.043889e+00 -7.262608e+00 2.000000e-01
      vertex   4.767658e+00 -6.267389e+00 2.000000e-01
      vertex   4.751779e+00 -6.392452e+00 2.000000e-01
    endloop
  endfacet
  facet normal 0.000000e+00 0.000000e+00 -1.000000e+00
    outer loop
      vertex   3.043889e+00 -7.262608e+00 2.000000e-01
      vertex   4.751779e+00 -6.392452e+00 2.000000e-01
      vertex   3.160137e+00 -7.311387e+00 2.000000e-01
    endloop
  endfacet
  facet normal 0.000000e+00 0.000000e+00 -1.000000e+00
    outer loop
      vertex   3.160137e+00 -7.311387e+00 2.000000e-01
      vertex   4.751779e+00 -6.392452e+00 2.000000e-01
      vertex   4.762831e+00 -6.518034e+00 2.000000e-01
    endloop
  endfacet
  facet normal 0.000000e+00 0.000000e+00 -1.000000e+00
    outer loop
      vertex   3.160137e+00 -7.311387e+00 2.000000e-01
      vertex   4.762831e+00 -6.518034e+00 2.000000e-01
      vertex   3.263367e+00 -7.383749e+00 2.000000e-01
    endloop
  endfacet
  facet normal 0.000000e+00 0.000000e+00 -1.000000e+00
    outer loop
      vertex   3.263367e+00 -7.383749e+00 2.000000e-01
      vertex   4.762831e+00 -6.518034e+00 2.000000e-01
      vertex   4.800311e+00 -6.638400e+00 2.000000e-01
    endloop
  endfacet
  facet normal 0.000000e+00 0.000000e+00 -1.000000e+00
    outer loop
      vertex   3.263367e+00 -7.383749e+00 2.000000e-01
      vertex   4.800311e+00 -6.638400e+00 2.000000e-01
      vertex   3.348868e+00 -7.476391e+00 2.000000e-01
    endloop
  endfacet
  facet normal 0.000000e+00 0.000000e+00 -1.000000e+00
    outer loop
      vertex   3.348868e+00 -7.476391e+00 2.000000e-01
      vertex   4.800311e+00 -6.638400e+00 2.000000e-01
      vertex   4.862507e+00 -6.748057e+00 2.000000e-01
    endloop
  endfacet
  facet normal 0.000000e+00 0.000000e+00 -1.000000e+00
    outer loop
      vertex   3.348868e+00 -7.476391e+00 2.000000e-01
      vertex   4.862507e+00 -6.748057e+00 2.000000e-01
      vertex   3.412735e+00 -7.585083e+00 2.000000e-01
    endloop
  endfacet
  facet normal 0.000000e+00 0.000000e+00 -1.000000e+00
    outer loop
      vertex   3.412735e+00 -7.585083e+00 2.000000e-01
      vertex   4.862507e+00 -6.748057e+00 2.000000e-01
      vertex   4.944056e+00 -6.861568e+00 2.000000e-01
    endloop
  endfacet
  facet normal 0.000000e+00 0.000000e+00 -1.000000e+00
    outer loop
      vertex   3.412735e+00 -7.585083e+00 2.000000e-01
      vertex   4.944056e+00 -6.861568e+00 2.000000e-01
      vertex   3.470264e+00 -7.712462e+00 2.000000e-01
    endloop
  endfacet
  facet normal 0.000000e+00 0.000000e+00 -1.000000e+00
    outer loop
      vertex   3.470264e+00 -7.712462e+00 2.000000e-01
      vertex   4.944056e+00 -6.861568e+00 2.000000e-01
      vertex   4.977027e+00 -6.915472e+00 2.000000e-01
    endloop
  endfacet
  facet normal 0.000000e+00 0.000000e+00 -1.000000e+00
    outer loop
      vertex   3.470264e+00 -7.712462e+00 2.000000e-01
      vertex   4.977027e+00 -6.915472e+00 2.000000e-01
      vertex   5.002604e+00 -6.966085e+00 2.000000e-01
    endloop
  endfacet
  facet normal 0.000000e+00 0.000000e+00 -1.000000e+00
    outer loop
      vertex   4.944056e+00 -6.861568e+00 2.000000e-01
      vertex   4.958162e+00 -6.882650e+00 2.000000e-01
      vertex   4.977027e+00 -6.915472e+00 2.000000e-01
    endloop
  endfacet
  facet normal 9.744118e-16 -2.000506e-15 -1.000000e+00
    outer loop
      vertex   5.002604e+00 -6.966085e+00 2.000000e-01
      vertex   5.018521e+00 -6.999955e+00 2.000000e-01
      vertex   3.470264e+00 -7.712462e+00 2.000000e-01
    endloop
  endfacet
  facet normal 4.314745e-17 2.310627e-17 -1.000000e+00
    outer loop
      vertex   3.470264e+00 -7.712462e+00 2.000000e-01
      vertex   5.018521e+00 -6.999955e+00 2.000000e-01
      vertex   3.504548e+00 -7.776483e+00 2.000000e-01
    endloop
  endfacet
  facet normal 4.103905e-17 2.721695e-17 -1.000000e+00
    outer loop
      vertex   3.504548e+00 -7.776483e+00 2.000000e-01
      vertex   5.018521e+00 -6.999955e+00 2.000000e-01
      vertex   3.549551e+00 -7.844340e+00 2.000000e-01
    endloop
  endfacet
  facet normal -4.640065e-16 9.058411e-16 -1.000000e+00
    outer loop
      vertex   3.549551e+00 -7.844340e+00 2.000000e-01
      vertex   5.018521e+00 -6.999955e+00 2.000000e-01
      vertex   5.040714e+00 -7.049869e+00 2.000000e-01
    endloop
  endfacet
  facet normal 1.311407e-17 1.032178e-17 -1.000000e+00
    outer loop
      vertex   3.549551e+00 -7.844340e+00 2.000000e-01
      vertex   5.040714e+00 -7.049869e+00 2.000000e-01
      vertex   3.655458e+00 -7.978898e+00 2.000000e-01
    endloop
  endfacet
  facet normal -1.600236e-16 2.684836e-16 -1.000000e+00
    outer loop
      vertex   3.655458e+00 -7.978898e+00 2.000000e-01
      vertex   5.040714e+00 -7.049869e+00 2.000000e-01
      vertex   5.074054e+00 -7.133376e+00 2.000000e-01
    endloop
  endfacet
  facet normal 0.000000e+00 0.000000e+00 -1.000000e+00
    outer loop
      vertex   3.655458e+00 -7.978898e+00 2.000000e-01
      vertex   5.074054e+00 -7.133376e+00 2.000000e-01
      vertex   5.114572e+00 -7.251051e+00 2.000000e-01
    endloop
  endfacet
  facet normal 0.000000e+00 0.000000e+00 -1.000000e+00
    outer loop
      vertex   3.655458e+00 -7.978898e+00 2.000000e-01
      vertex   5.114572e+00 -7.251051e+00 2.000000e-01
      vertex   3.764360e+00 -8.099899e+00 2.000000e-01
    endloop
  endfacet
  facet normal 0.000000e+00 0.000000e+00 -1.000000e+00
    outer loop
      vertex   3.764360e+00 -8.099899e+00 2.000000e-01
      vertex   5.114572e+00 -7.251051e+00 2.000000e-01
      vertex   5.158122e+00 -7.403098e+00 2.000000e-01
    endloop
  endfacet
  facet normal 0.000000e+00 0.000000e+00 -1.000000e+00
    outer loop
      vertex   3.764360e+00 -8.099899e+00 2.000000e-01
      vertex   5.158122e+00 -7.403098e+00 2.000000e-01
      vertex   3.829968e+00 -8.166512e+00 2.000000e-01
    endloop
  endfacet
  facet normal 0.000000e+00 0.000000e+00 -1.000000e+00
    outer loop
      vertex   3.829968e+00 -8.166512e+00 2.000000e-01
      vertex   5.158122e+00 -7.403098e+00 2.000000e-01
      vertex   3.906070e+00 -8.238939e+00 2.000000e-01
    endloop
  endfacet
  facet normal 0.000000e+00 0.000000e+00 -1.000000e+00
    outer loop
      vertex   3.906070e+00 -8.238939e+00 2.000000e-01
      vertex   5.158122e+00 -7.403098e+00 2.000000e-01
      vertex   5.200563e+00 -7.589719e+00 2.000000e-01
    endloop
  endfacet
  facet normal 0.000000e+00 0.000000e+00 -1.000000e+00
    outer loop
      vertex   3.906070e+00 -8.238939e+00 2.000000e-01
      vertex   5.200563e+00 -7.589719e+00 2.000000e-01
      vertex   4.089590e+00 -8.397048e+00 2.000000e-01
    endloop
  endfacet
  facet normal 0.000000e+00 0.000000e+00 -1.000000e+00
    outer loop
      vertex   4.089590e+00 -8.397048e+00 2.000000e-01
      vertex   5.200563e+00 -7.589719e+00 2.000000e-01
      vertex   5.237367e+00 -7.808369e+00 2.000000e-01
    endloop
  endfacet
  facet normal 0.000000e+00 0.000000e+00 -1.000000e+00
    outer loop
      vertex   4.089590e+00 -8.397048e+00 2.000000e-01
      vertex   5.237367e+00 -7.808369e+00 2.000000e-01
      vertex   4.289953e+00 -8.549017e+00 2.000000e-01
    endloop
  endfacet
  facet normal 0.000000e+00 0.000000e+00 -1.000000e+00
    outer loop
      vertex   4.289953e+00 -8.549017e+00 2.000000e-01
      vertex   5.237367e+00 -7.808369e+00 2.000000e-01
      vertex   5.262865e+00 -8.035499e+00 2.000000e-01
    endloop
  endfacet
  facet normal 0.000000e+00 0.000000e+00 -1.000000e+00
    outer loop
      vertex   4.289953e+00 -8.549017e+00 2.000000e-01
      vertex   5.262865e+00 -8.035499e+00 2.000000e-01
      vertex   5.276925e+00 -8.264090e+00 2.000000e-01
    endloop
  endfacet
  facet normal -0.000000e+00 0.000000e+00 -1.000000e+00
    outer loop
      vertex   5.280418e+00 -8.492184e+00 2.000000e-01
      vertex   5.094082e+00 -8.605250e+00 2.000000e-01
      vertex   5.276925e+00 -8.264090e+00 2.000000e-01
    endloop
  endfacet
  facet normal 0.000000e+00 0.000000e+00 -1.000000e+00
    outer loop
      vertex   5.276925e+00 -8.264090e+00 2.000000e-01
      vertex   5.094082e+00 -8.605250e+00 2.000000e-01
      vertex   4.499127e+00 -8.689784e+00 2.000000e-01
    endloop
  endfacet
  facet normal 0.000000e+00 0.000000e+00 -1.000000e+00
    outer loop
      vertex   5.276925e+00 -8.264090e+00 2.000000e-01
      vertex   4.499127e+00 -8.689784e+00 2.000000e-01
      vertex   4.289953e+00 -8.549017e+00 2.000000e-01
    endloop
  endfacet
  facet normal 0.000000e+00 0.000000e+00 -1.000000e+00
    outer loop
      vertex   5.094082e+00 -8.605250e+00 2.000000e-01
      vertex   4.905325e+00 -8.714229e+00 2.000000e-01
      vertex   4.499127e+00 -8.689784e+00 2.000000e-01
    endloop
  endfacet
  facet normal 0.000000e+00 0.000000e+00 -1.000000e+00
    outer loop
      vertex   4.499127e+00 -8.689784e+00 2.000000e-01
      vertex   4.905325e+00 -8.714229e+00 2.000000e-01
      vertex   4.714237e+00 -8.819068e+00 2.000000e-01
    endloop
  endfacet
  facet normal -0.000000e+00 0.000000e+00 -1.000000e+00
    outer loop
      vertex   2.657465e+00 -7.279284e+00 2.000000e-01
      vertex   2.643298e+00 -7.284441e+00 2.000000e-01
      vertex   1.587713e+00 -2.750000e+00 2.000000e-01
    endloop
  endfacet
  facet normal 0.000000e+00 0.000000e+00 -1.000000e+00
    outer loop
      vertex   1.587713e+00 -2.750000e+00 2.000000e-01
      vertex   2.643298e+00 -7.284441e+00 2.000000e-01
      vertex   2.629121e+00 -7.289570e+00 2.000000e-01
    endloop
  endfacet
  facet normal 0.000000e+00 0.000000e+00 -1.000000e+00
    outer loop
      vertex   1.587713e+00 -2.750000e+00 2.000000e-01
      vertex   2.629121e+00 -7.289570e+00 2.000000e-01
      vertex   2.515780e+00 -7.344766e+00 2.000000e-01
    endloop
  endfacet
  facet normal 0.000000e+00 -0.000000e+00 -1.000000e+00
    outer loop
      vertex   1.587713e+00 -2.750000e+00 2.000000e-01
      vertex   2.515780e+00 -7.344766e+00 2.000000e-01
      vertex   1.479983e-01 -7.762270e+00 2.000000e-01
    endloop
  endfacet
  facet normal 0.000000e+00 0.000000e+00 -1.000000e+00
    outer loop
      vertex   1.479983e-01 -7.762270e+00 2.000000e-01
      vertex   2.515780e+00 -7.344766e+00 2.000000e-01
      vertex   2.416752e+00 -7.422782e+00 2.000000e-01
    endloop
  endfacet
  facet normal 0.000000e+00 0.000000e+00 -1.000000e+00
    outer loop
      vertex   1.479983e-01 -7.762270e+00 2.000000e-01
      vertex   2.416752e+00 -7.422782e+00 2.000000e-01
      vertex   2.677365e-01 -7.801711e+00 2.000000e-01
    endloop
  endfacet
  facet normal 0.000000e+00 0.000000e+00 -1.000000e+00
    outer loop
      vertex   2.677365e-01 -7.801711e+00 2.000000e-01
      vertex   2.416752e+00 -7.422782e+00 2.000000e-01
      vertex   2.336560e+00 -7.520055e+00 2.000000e-01
    endloop
  endfacet
  facet normal 0.000000e+00 0.000000e+00 -1.000000e+00
    outer loop
      vertex   2.677365e-01 -7.801711e+00 2.000000e-01
      vertex   2.336560e+00 -7.520055e+00 2.000000e-01
      vertex   3.763621e-01 -7.865691e+00 2.000000e-01
    endloop
  endfacet
  facet normal 0.000000e+00 0.000000e+00 -1.000000e+00
    outer loop
      vertex   3.763621e-01 -7.865691e+00 2.000000e-01
      vertex   2.336560e+00 -7.520055e+00 2.000000e-01
      vertex   2.278864e+00 -7.632144e+00 2.000000e-01
    endloop
  endfacet
  facet normal 0.000000e+00 0.000000e+00 -1.000000e+00
    outer loop
      vertex   3.763621e-01 -7.865691e+00 2.000000e-01
      vertex   2.278864e+00 -7.632144e+00 2.000000e-01
      vertex   4.689155e-01 -7.951287e+00 2.000000e-01
    endloop
  endfacet
  facet normal 0.000000e+00 0.000000e+00 -1.000000e+00
    outer loop
      vertex   4.689155e-01 -7.951287e+00 2.000000e-01
      vertex   2.278864e+00 -7.632144e+00 2.000000e-01
      vertex   2.246298e+00 -7.753932e+00 2.000000e-01
    endloop
  endfacet
  facet normal 0.000000e+00 0.000000e+00 -1.000000e+00
    outer loop
      vertex   4.689155e-01 -7.951287e+00 2.000000e-01
      vertex   2.246298e+00 -7.753932e+00 2.000000e-01
      vertex   5.411711e-01 -8.054592e+00 2.000000e-01
    endloop
  endfacet
  facet normal 0.000000e+00 0.000000e+00 -1.000000e+00
    outer loop
      vertex   5.411711e-01 -8.054592e+00 2.000000e-01
      vertex   2.246298e+00 -7.753932e+00 2.000000e-01
      vertex   2.240350e+00 -7.879859e+00 2.000000e-01
    endloop
  endfacet
  facet normal 0.000000e+00 0.000000e+00 -1.000000e+00
    outer loop
      vertex   5.411711e-01 -8.054592e+00 2.000000e-01
      vertex   2.240350e+00 -7.879859e+00 2.000000e-01
      vertex   5.898301e-01 -8.170890e+00 2.000000e-01
    endloop
  endfacet
  facet normal 0.000000e+00 0.000000e+00 -1.000000e+00
    outer loop
      vertex   5.898301e-01 -8.170890e+00 2.000000e-01
      vertex   2.240350e+00 -7.879859e+00 2.000000e-01
      vertex   2.261290e+00 -8.004174e+00 2.000000e-01
    endloop
  endfacet
  facet normal 0.000000e+00 0.000000e+00 -1.000000e+00
    outer loop
      vertex   5.898301e-01 -8.170890e+00 2.000000e-01
      vertex   2.261290e+00 -8.004174e+00 2.000000e-01
      vertex   6.126709e-01 -8.294871e+00 2.000000e-01
    endloop
  endfacet
  facet normal 0.000000e+00 0.000000e+00 -1.000000e+00
    outer loop
      vertex   6.126709e-01 -8.294871e+00 2.000000e-01
      vertex   2.261290e+00 -8.004174e+00 2.000000e-01
      vertex   2.299099e+00 -8.138731e+00 2.000000e-01
    endloop
  endfacet
  facet normal 0.000000e+00 0.000000e+00 -1.000000e+00
    outer loop
      vertex   6.126709e-01 -8.294871e+00 2.000000e-01
      vertex   2.299099e+00 -8.138731e+00 2.000000e-01
      vertex   6.231639e-01 -8.434244e+00 2.000000e-01
    endloop
  endfacet
  facet normal 0.000000e+00 0.000000e+00 -1.000000e+00
    outer loop
      vertex   6.231639e-01 -8.434244e+00 2.000000e-01
      vertex   2.299099e+00 -8.138731e+00 2.000000e-01
      vertex   2.311645e+00 -8.200661e+00 2.000000e-01
    endloop
  endfacet
  facet normal 0.000000e+00 0.000000e+00 -1.000000e+00
    outer loop
      vertex   6.231639e-01 -8.434244e+00 2.000000e-01
      vertex   2.311645e+00 -8.200661e+00 2.000000e-01
      vertex   2.318369e+00 -8.256971e+00 2.000000e-01
    endloop
  endfacet
  facet normal 0.000000e+00 0.000000e+00 -1.000000e+00
    outer loop
      vertex   2.299099e+00 -8.138731e+00 2.000000e-01
      vertex   2.305143e+00 -8.163366e+00 2.000000e-01
      vertex   2.311645e+00 -8.200661e+00 2.000000e-01
    endloop
  endfacet
  facet normal 0.000000e+00 -0.000000e+00 -1.000000e+00
    outer loop
      vertex   2.318369e+00 -8.256971e+00 2.000000e-01
      vertex   2.321742e+00 -8.294242e+00 2.000000e-01
      vertex   6.231639e-01 -8.434244e+00 2.000000e-01
    endloop
  endfacet
  facet normal 0.000000e+00 0.000000e+00 -1.000000e+00
    outer loop
      vertex   6.231639e-01 -8.434244e+00 2.000000e-01
      vertex   2.321742e+00 -8.294242e+00 2.000000e-01
      vertex   6.334843e-01 -8.506130e+00 2.000000e-01
    endloop
  endfacet
  facet normal 0.000000e+00 0.000000e+00 -1.000000e+00
    outer loop
      vertex   6.334843e-01 -8.506130e+00 2.000000e-01
      vertex   2.321742e+00 -8.294242e+00 2.000000e-01
      vertex   6.525644e-01 -8.585287e+00 2.000000e-01
    endloop
  endfacet
  facet normal 0.000000e+00 0.000000e+00 -1.000000e+00
    outer loop
      vertex   6.525644e-01 -8.585287e+00 2.000000e-01
      vertex   2.321742e+00 -8.294242e+00 2.000000e-01
      vertex   2.325525e+00 -8.348735e+00 2.000000e-01
    endloop
  endfacet
  facet normal 0.000000e+00 0.000000e+00 -1.000000e+00
    outer loop
      vertex   6.525644e-01 -8.585287e+00 2.000000e-01
      vertex   2.325525e+00 -8.348735e+00 2.000000e-01
      vertex   7.060634e-01 -8.747952e+00 2.000000e-01
    endloop
  endfacet
  facet normal 0.000000e+00 0.000000e+00 -1.000000e+00
    outer loop
      vertex   7.060634e-01 -8.747952e+00 2.000000e-01
      vertex   2.325525e+00 -8.348735e+00 2.000000e-01
      vertex   2.328293e+00 -8.438610e+00 2.000000e-01
    endloop
  endfacet
  facet normal 0.000000e+00 0.000000e+00 -1.000000e+00
    outer loop
      vertex   7.060634e-01 -8.747952e+00 2.000000e-01
      vertex   2.328293e+00 -8.438610e+00 2.000000e-01
      vertex   2.326120e+00 -8.563046e+00 2.000000e-01
    endloop
  endfacet
  facet normal 0.000000e+00 0.000000e+00 -1.000000e+00
    outer loop
      vertex   7.060634e-01 -8.747952e+00 2.000000e-01
      vertex   2.326120e+00 -8.563046e+00 2.000000e-01
      vertex   7.670124e-01 -8.898903e+00 2.000000e-01
    endloop
  endfacet
  facet normal 0.000000e+00 0.000000e+00 -1.000000e+00
    outer loop
      vertex   7.670124e-01 -8.898903e+00 2.000000e-01
      vertex   2.326120e+00 -8.563046e+00 2.000000e-01
      vertex   2.315041e+00 -8.720818e+00 2.000000e-01
    endloop
  endfacet
  facet normal 0.000000e+00 0.000000e+00 -1.000000e+00
    outer loop
      vertex   7.670124e-01 -8.898903e+00 2.000000e-01
      vertex   2.315041e+00 -8.720818e+00 2.000000e-01
      vertex   8.058809e-01 -8.983937e+00 2.000000e-01
    endloop
  endfacet
  facet normal 0.000000e+00 0.000000e+00 -1.000000e+00
    outer loop
      vertex   8.058809e-01 -8.983937e+00 2.000000e-01
      vertex   2.315041e+00 -8.720818e+00 2.000000e-01
      vertex   8.526222e-01 -9.078025e+00 2.000000e-01
    endloop
  endfacet
  facet normal 0.000000e+00 0.000000e+00 -1.000000e+00
    outer loop
      vertex   8.526222e-01 -9.078025e+00 2.000000e-01
      vertex   2.315041e+00 -8.720818e+00 2.000000e-01
      vertex   2.291094e+00 -8.910700e+00 2.000000e-01
    endloop
  endfacet
  facet normal 0.000000e+00 0.000000e+00 -1.000000e+00
    outer loop
      vertex   8.526222e-01 -9.078025e+00 2.000000e-01
      vertex   2.291094e+00 -8.910700e+00 2.000000e-01
      vertex   9.709977e-01 -9.289366e+00 2.000000e-01
    endloop
  endfacet
  facet normal 0.000000e+00 0.000000e+00 -1.000000e+00
    outer loop
      vertex   9.709977e-01 -9.289366e+00 2.000000e-01
      vertex   2.291094e+00 -8.910700e+00 2.000000e-01
      vertex   2.250895e+00 -9.128752e+00 2.000000e-01
    endloop
  endfacet
  facet normal 0.000000e+00 0.000000e+00 -1.000000e+00
    outer loop
      vertex   9.709977e-01 -9.289366e+00 2.000000e-01
      vertex   2.250895e+00 -9.128752e+00 2.000000e-01
      vertex   1.107301e+00 -9.500699e+00 2.000000e-01
    endloop
  endfacet
  facet normal 0.000000e+00 0.000000e+00 -1.000000e+00
    outer loop
      vertex   1.107301e+00 -9.500699e+00 2.000000e-01
      vertex   2.250895e+00 -9.128752e+00 2.000000e-01
      vertex   2.197173e+00 -9.350905e+00 2.000000e-01
    endloop
  endfacet
  facet normal 0.000000e+00 0.000000e+00 -1.000000e+00
    outer loop
      vertex   1.107301e+00 -9.500699e+00 2.000000e-01
      vertex   2.197173e+00 -9.350905e+00 2.000000e-01
      vertex   1.255715e+00 -9.704518e+00 2.000000e-01
    endloop
  endfacet
  facet normal 0.000000e+00 0.000000e+00 -1.000000e+00
    outer loop
      vertex   1.255715e+00 -9.704518e+00 2.000000e-01
      vertex   2.197173e+00 -9.350905e+00 2.000000e-01
      vertex   2.132202e+00 -9.570519e+00 2.000000e-01
    endloop
  endfacet
  facet normal 0.000000e+00 0.000000e+00 -1.000000e+00
    outer loop
      vertex   1.255715e+00 -9.704518e+00 2.000000e-01
      vertex   2.132202e+00 -9.570519e+00 2.000000e-01
      vertex   1.843702e+00 -9.828569e+00 2.000000e-01
    endloop
  endfacet
  facet normal 0.000000e+00 0.000000e+00 -1.000000e+00
    outer loop
      vertex   1.843702e+00 -9.828569e+00 2.000000e-01
      vertex   2.132202e+00 -9.570519e+00 2.000000e-01
      vertex   2.057472e+00 -9.786052e+00 2.000000e-01
    endloop
  endfacet
  facet normal -0.000000e+00 0.000000e+00 -1.000000e+00
    outer loop
      vertex   1.843702e+00 -9.828569e+00 2.000000e-01
      vertex   1.629055e+00 -9.866417e+00 2.000000e-01
      vertex   1.255715e+00 -9.704518e+00 2.000000e-01
    endloop
  endfacet
  facet normal 0.000000e+00 0.000000e+00 -1.000000e+00
    outer loop
      vertex   1.255715e+00 -9.704518e+00 2.000000e-01
      vertex   1.629055e+00 -9.866417e+00 2.000000e-01
      vertex   1.413635e+00 -9.899578e+00 2.000000e-01
    endloop
  endfacet
  facet normal 0.000000e+00 0.000000e+00 -1.000000e+00
    outer loop
      vertex   1.479983e-01 -7.762270e+00 2.000000e-01
      vertex   2.261414e-02 -7.749167e+00 2.000000e-01
      vertex   1.587713e+00 -2.750000e+00 2.000000e-01
    endloop
  endfacet
  facet normal 0.000000e+00 0.000000e+00 -1.000000e+00
    outer loop
      vertex   1.587713e+00 -2.750000e+00 2.000000e-01
      vertex   2.261414e-02 -7.749167e+00 2.000000e-01
      vertex   7.538057e-03 -7.749196e+00 2.000000e-01
    endloop
  endfacet
  facet normal 0.000000e+00 0.000000e+00 -1.000000e+00
    outer loop
      vertex   1.587713e+00 -2.750000e+00 2.000000e-01
      vertex   7.538057e-03 -7.749196e+00 2.000000e-01
      vertex   -7.538057e-03 -7.749196e+00 2.000000e-01
    endloop
  endfacet
  facet normal 0.000000e+00 0.000000e+00 -1.000000e+00
    outer loop
      vertex   -2.677365e-01 -7.801711e+00 2.000000e-01
      vertex   -2.416752e+00 -7.422782e+00 2.000000e-01
      vertex   -1.479983e-01 -7.762270e+00 2.000000e-01
    endloop
  endfacet
  facet normal 0.000000e+00 0.000000e+00 -1.000000e+00
    outer loop
      vertex   -1.479983e-01 -7.762270e+00 2.000000e-01
      vertex   -2.416752e+00 -7.422782e+00 2.000000e-01
      vertex   -2.515780e+00 -7.344766e+00 2.000000e-01
    endloop
  endfacet
  facet normal 0.000000e+00 0.000000e+00 -1.000000e+00
    outer loop
      vertex   -1.479983e-01 -7.762270e+00 2.000000e-01
      vertex   -2.515780e+00 -7.344766e+00 2.000000e-01
      vertex   -1.587713e+00 -2.750000e+00 2.000000e-01
    endloop
  endfacet
  facet normal 0.000000e+00 0.000000e+00 -1.000000e+00
    outer loop
      vertex   -1.587713e+00 -2.750000e+00 2.000000e-01
      vertex   -2.515780e+00 -7.344766e+00 2.000000e-01
      vertex   -2.629121e+00 -7.289570e+00 2.000000e-01
    endloop
  endfacet
  facet normal 0.000000e+00 0.000000e+00 -1.000000e+00
    outer loop
      vertex   -1.587713e+00 -2.750000e+00 2.000000e-01
      vertex   -2.629121e+00 -7.289570e+00 2.000000e-01
      vertex   -2.643298e+00 -7.284441e+00 2.000000e-01
    endloop
  endfacet
  facet normal 0.000000e+00 0.000000e+00 -1.000000e+00
    outer loop
      vertex   -2.416752e+00 -7.422782e+00 2.000000e-01
      vertex   -2.677365e-01 -7.801711e+00 2.000000e-01
      vertex   -2.336560e+00 -7.520055e+00 2.000000e-01
    endloop
  endfacet
  facet normal 0.000000e+00 0.000000e+00 -1.000000e+00
    outer loop
      vertex   -2.336560e+00 -7.520055e+00 2.000000e-01
      vertex   -2.677365e-01 -7.801711e+00 2.000000e-01
      vertex   -3.763621e-01 -7.865691e+00 2.000000e-01
    endloop
  endfacet
  facet normal 0.000000e+00 0.000000e+00 -1.000000e+00
    outer loop
      vertex   -2.336560e+00 -7.520055e+00 2.000000e-01
      vertex   -3.763621e-01 -7.865691e+00 2.000000e-01
      vertex   -2.278864e+00 -7.632144e+00 2.000000e-01
    endloop
  endfacet
  facet normal 0.000000e+00 0.000000e+00 -1.000000e+00
    outer loop
      vertex   -2.278864e+00 -7.632144e+00 2.000000e-01
      vertex   -3.763621e-01 -7.865691e+00 2.000000e-01
      vertex   -4.689155e-01 -7.951287e+00 2.000000e-01
    endloop
  endfacet
  facet normal 0.000000e+00 0.000000e+00 -1.000000e+00
    outer loop
      vertex   -2.278864e+00 -7.632144e+00 2.000000e-01
      vertex   -4.689155e-01 -7.951287e+00 2.000000e-01
      vertex   -2.246298e+00 -7.753932e+00 2.000000e-01
    endloop
  endfacet
  facet normal 0.000000e+00 0.000000e+00 -1.000000e+00
    outer loop
      vertex   -2.246298e+00 -7.753932e+00 2.000000e-01
      vertex   -4.689155e-01 -7.951287e+00 2.000000e-01
      vertex   -5.411711e-01 -8.054592e+00 2.000000e-01
    endloop
  endfacet
  facet normal 0.000000e+00 0.000000e+00 -1.000000e+00
    outer loop
      vertex   -2.246298e+00 -7.753932e+00 2.000000e-01
      vertex   -5.411711e-01 -8.054592e+00 2.000000e-01
      vertex   -2.240350e+00 -7.879859e+00 2.000000e-01
    endloop
  endfacet
  facet normal 0.000000e+00 0.000000e+00 -1.000000e+00
    outer loop
      vertex   -2.240350e+00 -7.879859e+00 2.000000e-01
      vertex   -5.411711e-01 -8.054592e+00 2.000000e-01
      vertex   -5.898301e-01 -8.170890e+00 2.000000e-01
    endloop
  endfacet
  facet normal 0.000000e+00 -0.000000e+00 -1.000000e+00
    outer loop
      vertex   -2.240350e+00 -7.879859e+00 2.000000e-01
      vertex   -5.898301e-01 -8.170890e+00 2.000000e-01
      vertex   -2.261290e+00 -8.004174e+00 2.000000e-01
    endloop
  endfacet
  facet normal 0.000000e+00 0.000000e+00 -1.000000e+00
    outer loop
      vertex   -2.261290e+00 -8.004174e+00 2.000000e-01
      vertex   -5.898301e-01 -8.170890e+00 2.000000e-01
      vertex   -6.126709e-01 -8.294871e+00 2.000000e-01
    endloop
  endfacet
  facet normal 0.000000e+00 -0.000000e+00 -1.000000e+00
    outer loop
      vertex   -2.261290e+00 -8.004174e+00 2.000000e-01
      vertex   -6.126709e-01 -8.294871e+00 2.000000e-01
      vertex   -2.299099e+00 -8.138731e+00 2.000000e-01
    endloop
  endfacet
  facet normal 0.000000e+00 0.000000e+00 -1.000000e+00
    outer loop
      vertex   -2.299099e+00 -8.138731e+00 2.000000e-01
      vertex   -6.126709e-01 -8.294871e+00 2.000000e-01
      vertex   -6.231639e-01 -8.434244e+00 2.000000e-01
    endloop
  endfacet
  facet normal 0.000000e+00 0.000000e+00 -1.000000e+00
    outer loop
      vertex   -2.299099e+00 -8.138731e+00 2.000000e-01
      vertex   -6.231639e-01 -8.434244e+00 2.000000e-01
      vertex   -6.325558e-01 -8.496730e+00 2.000000e-01
    endloop
  endfacet
  facet normal 0.000000e+00 0.000000e+00 -1.000000e+00
    outer loop
      vertex   -6.325558e-01 -8.496730e+00 2.000000e-01
      vertex   -6.231639e-01 -8.434244e+00 2.000000e-01
      vertex   -6.259094e-01 -8.459461e+00 2.000000e-01
    endloop
  endfacet
  facet normal -0.000000e+00 0.000000e+00 -1.000000e+00
    outer loop
      vertex   -6.325558e-01 -8.496730e+00 2.000000e-01
      vertex   -6.454961e-01 -8.551943e+00 2.000000e-01
      vertex   -2.299099e+00 -8.138731e+00 2.000000e-01
    endloop
  endfacet
  facet normal 0.000000e+00 -0.000000e+00 -1.000000e+00
    outer loop
      vertex   -2.299099e+00 -8.138731e+00 2.000000e-01
      vertex   -6.454961e-01 -8.551943e+00 2.000000e-01
      vertex   -2.313987e+00 -8.209812e+00 2.000000e-01
    endloop
  endfacet
  facet normal 0.000000e+00 -0.000000e+00 -1.000000e+00
    outer loop
      vertex   -2.313987e+00 -8.209812e+00 2.000000e-01
      vertex   -6.454961e-01 -8.551943e+00 2.000000e-01
      vertex   -2.323131e+00 -8.290721e+00 2.000000e-01
    endloop
  endfacet
  facet normal 0.000000e+00 0.000000e+00 -1.000000e+00
    outer loop
      vertex   -2.323131e+00 -8.290721e+00 2.000000e-01
      vertex   -6.454961e-01 -8.551943e+00 2.000000e-01
      vertex   -6.550743e-01 -8.588120e+00 2.000000e-01
    endloop
  endfacet
  facet normal 0.000000e+00 0.000000e+00 -1.000000e+00
    outer loop
      vertex   -2.323131e+00 -8.290721e+00 2.000000e-01
      vertex   -6.550743e-01 -8.588120e+00 2.000000e-01
      vertex   -6.701574e-01 -8.640621e+00 2.000000e-01
    endloop
  endfacet
  facet normal 0.000000e+00 -0.000000e+00 -1.000000e+00
    outer loop
      vertex   -2.323131e+00 -8.290721e+00 2.000000e-01
      vertex   -6.701574e-01 -8.640621e+00 2.000000e-01
      vertex   -2.328493e+00 -8.461874e+00 2.000000e-01
    endloop
  endfacet
  facet normal 0.000000e+00 0.000000e+00 -1.000000e+00
    outer loop
      vertex   -2.328493e+00 -8.461874e+00 2.000000e-01
      vertex   -6.701574e-01 -8.640621e+00 2.000000e-01
      vertex   -6.982945e-01 -8.726022e+00 2.000000e-01
    endloop
  endfacet
  facet normal 0.000000e+00 0.000000e+00 -1.000000e+00
    outer loop
      vertex   -2.328493e+00 -8.461874e+00 2.000000e-01
      vertex   -6.982945e-01 -8.726022e+00 2.000000e-01
      vertex   -7.428965e-01 -8.842211e+00 2.000000e-01
    endloop
  endfacet
  facet normal 0.000000e+00 0.000000e+00 -1.000000e+00
    outer loop
      vertex   -2.328493e+00 -8.461874e+00 2.000000e-01
      vertex   -7.428965e-01 -8.842211e+00 2.000000e-01
      vertex   -2.322848e+00 -8.624567e+00 2.000000e-01
    endloop
  endfacet
  facet normal 0.000000e+00 0.000000e+00 -1.000000e+00
    outer loop
      vertex   -2.322848e+00 -8.624567e+00 2.000000e-01
      vertex   -7.428965e-01 -8.842211e+00 2.000000e-01
      vertex   -8.072683e-01 -8.986679e+00 2.000000e-01
    endloop
  endfacet
  facet normal 0.000000e+00 0.000000e+00 -1.000000e+00
    outer loop
      vertex   -2.322848e+00 -8.624567e+00 2.000000e-01
      vertex   -8.072683e-01 -8.986679e+00 2.000000e-01
      vertex   -2.315407e+00 -8.717767e+00 2.000000e-01
    endloop
  endfacet
  facet normal 0.000000e+00 0.000000e+00 -1.000000e+00
    outer loop
      vertex   -2.315407e+00 -8.717767e+00 2.000000e-01
      vertex   -8.072683e-01 -8.986679e+00 2.000000e-01
      vertex   -2.303665e+00 -8.822167e+00 2.000000e-01
    endloop
  endfacet
  facet normal 0.000000e+00 0.000000e+00 -1.000000e+00
    outer loop
      vertex   -2.303665e+00 -8.822167e+00 2.000000e-01
      vertex   -8.072683e-01 -8.986679e+00 2.000000e-01
      vertex   -8.947147e-01 -9.156920e+00 2.000000e-01
    endloop
  endfacet
  facet normal 0.000000e+00 0.000000e+00 -1.000000e+00
    outer loop
      vertex   -2.303665e+00 -8.822167e+00 2.000000e-01
      vertex   -8.947147e-01 -9.156920e+00 2.000000e-01
      vertex   -2.264711e+00 -9.061250e+00 2.000000e-01
    endloop
  endfacet
  facet normal 0.000000e+00 0.000000e+00 -1.000000e+00
    outer loop
      vertex   -2.264711e+00 -9.061250e+00 2.000000e-01
      vertex   -8.947147e-01 -9.156920e+00 2.000000e-01
      vertex   -1.007067e+00 -9.348072e+00 2.000000e-01
    endloop
  endfacet
  facet normal 0.000000e+00 0.000000e+00 -1.000000e+00
    outer loop
      vertex   -2.264711e+00 -9.061250e+00 2.000000e-01
      vertex   -1.007067e+00 -9.348072e+00 2.000000e-01
      vertex   -2.208907e+00 -9.306456e+00 2.000000e-01
    endloop
  endfacet
  facet normal 0.000000e+00 0.000000e+00 -1.000000e+00
    outer loop
      vertex   -2.208907e+00 -9.306456e+00 2.000000e-01
      vertex   -1.007067e+00 -9.348072e+00 2.000000e-01
      vertex   -1.133531e+00 -9.538454e+00 2.000000e-01
    endloop
  endfacet
  facet normal 0.000000e+00 0.000000e+00 -1.000000e+00
    outer loop
      vertex   -2.208907e+00 -9.306456e+00 2.000000e-01
      vertex   -1.133531e+00 -9.538454e+00 2.000000e-01
      vertex   -2.139154e+00 -9.548743e+00 2.000000e-01
    endloop
  endfacet
  facet normal 0.000000e+00 0.000000e+00 -1.000000e+00
    outer loop
      vertex   -2.139154e+00 -9.548743e+00 2.000000e-01
      vertex   -1.133531e+00 -9.538454e+00 2.000000e-01
      vertex   -1.269696e+00 -9.722603e+00 2.000000e-01
    endloop
  endfacet
  facet normal 0.000000e+00 0.000000e+00 -1.000000e+00
    outer loop
      vertex   -2.139154e+00 -9.548743e+00 2.000000e-01
      vertex   -1.269696e+00 -9.722603e+00 2.000000e-01
      vertex   -1.629055e+00 -9.866417e+00 2.000000e-01
    endloop
  endfacet
  facet normal 0.000000e+00 0.000000e+00 -1.000000e+00
    outer loop
      vertex   -1.629055e+00 -9.866417e+00 2.000000e-01
      vertex   -1.269696e+00 -9.722603e+00 2.000000e-01
      vertex   -1.413635e+00 -9.899578e+00 2.000000e-01
    endloop
  endfacet
  facet normal 0.000000e+00 0.000000e+00 -1.000000e+00
    outer loop
      vertex   -1.629055e+00 -9.866417e+00 2.000000e-01
      vertex   -1.843702e+00 -9.828569e+00 2.000000e-01
      vertex   -2.139154e+00 -9.548743e+00 2.000000e-01
    endloop
  endfacet
  facet normal 0.000000e+00 0.000000e+00 -1.000000e+00
    outer loop
      vertex   -2.139154e+00 -9.548743e+00 2.000000e-01
      vertex   -1.843702e+00 -9.828569e+00 2.000000e-01
      vertex   -2.057472e+00 -9.786052e+00 2.000000e-01
    endloop
  endfacet
  facet normal 0.000000e+00 0.000000e+00 -1.000000e+00
    outer loop
      vertex   -2.643298e+00 -7.284441e+00 2.000000e-01
      vertex   -2.657465e+00 -7.279284e+00 2.000000e-01
      vertex   -1.587713e+00 -2.750000e+00 2.000000e-01
    endloop
  endfacet
  facet normal 0.000000e+00 0.000000e+00 -1.000000e+00
    outer loop
      vertex   -1.587713e+00 -2.750000e+00 2.000000e-01
      vertex   -2.657465e+00 -7.279284e+00 2.000000e-01
      vertex   -2.671622e+00 -7.274101e+00 2.000000e-01
    endloop
  endfacet
  facet normal 0.000000e+00 0.000000e+00 -1.000000e+00
    outer loop
      vertex   -1.587713e+00 -2.750000e+00 2.000000e-01
      vertex   -2.671622e+00 -7.274101e+00 2.000000e-01
      vertex   -2.793926e+00 -7.243529e+00 2.000000e-01
    endloop
  endfacet
  facet normal 0.000000e+00 0.000000e+00 -1.000000e+00
    outer loop
      vertex   -1.587713e+00 -2.750000e+00 2.000000e-01
      vertex   -2.793926e+00 -7.243529e+00 2.000000e-01
      vertex   -4.809745e+00 -6.148555e+00 2.000000e-01
    endloop
  endfacet
  facet normal 0.000000e+00 0.000000e+00 -1.000000e+00
    outer loop
      vertex   -4.809745e+00 -6.148555e+00 2.000000e-01
      vertex   -2.793926e+00 -7.243529e+00 2.000000e-01
      vertex   -2.919932e+00 -7.239639e+00 2.000000e-01
    endloop
  endfacet
  facet normal 0.000000e+00 0.000000e+00 -1.000000e+00
    outer loop
      vertex   -4.809745e+00 -6.148555e+00 2.000000e-01
      vertex   -2.919932e+00 -7.239639e+00 2.000000e-01
      vertex   -4.767658e+00 -6.267389e+00 2.000000e-01
    endloop
  endfacet
  facet normal 0.000000e+00 0.000000e+00 -1.000000e+00
    outer loop
      vertex   -4.767658e+00 -6.267389e+00 2.000000e-01
      vertex   -2.919932e+00 -7.239639e+00 2.000000e-01
      vertex   -3.043889e+00 -7.262608e+00 2.000000e-01
    endloop
  endfacet
  facet normal 0.000000e+00 0.000000e+00 -1.000000e+00
    outer loop
      vertex   -4.767658e+00 -6.267389e+00 2.000000e-01
      vertex   -3.043889e+00 -7.262608e+00 2.000000e-01
      vertex   -4.751779e+00 -6.392452e+00 2.000000e-01
    endloop
  endfacet
  facet normal 0.000000e+00 0.000000e+00 -1.000000e+00
    outer loop
      vertex   -4.751779e+00 -6.392452e+00 2.000000e-01
      vertex   -3.043889e+00 -7.262608e+00 2.000000e-01
      vertex   -3.160137e+00 -7.311387e+00 2.000000e-01
    endloop
  endfacet
  facet normal 0.000000e+00 -0.000000e+00 -1.000000e+00
    outer loop
      vertex   -4.751779e+00 -6.392452e+00 2.000000e-01
      vertex   -3.160137e+00 -7.311387e+00 2.000000e-01
      vertex   -4.762831e+00 -6.518034e+00 2.000000e-01
    endloop
  endfacet
  facet normal 0.000000e+00 0.000000e+00 -1.000000e+00
    outer loop
      vertex   -4.762831e+00 -6.518034e+00 2.000000e-01
      vertex   -3.160137e+00 -7.311387e+00 2.000000e-01
      vertex   -3.263367e+00 -7.383749e+00 2.000000e-01
    endloop
  endfacet
  facet normal 0.000000e+00 -0.000000e+00 -1.000000e+00
    outer loop
      vertex   -4.762831e+00 -6.518034e+00 2.000000e-01
      vertex   -3.263367e+00 -7.383749e+00 2.000000e-01
      vertex   -4.800311e+00 -6.638400e+00 2.000000e-01
    endloop
  endfacet
  facet normal 0.000000e+00 0.000000e+00 -1.000000e+00
    outer loop
      vertex   -4.800311e+00 -6.638400e+00 2.000000e-01
      vertex   -3.263367e+00 -7.383749e+00 2.000000e-01
      vertex   -3.348868e+00 -7.476391e+00 2.000000e-01
    endloop
  endfacet
  facet normal 0.000000e+00 -0.000000e+00 -1.000000e+00
    outer loop
      vertex   -4.800311e+00 -6.638400e+00 2.000000e-01
      vertex   -3.348868e+00 -7.476391e+00 2.000000e-01
      vertex   -4.862507e+00 -6.748057e+00 2.000000e-01
    endloop
  endfacet
  facet normal 0.000000e+00 0.000000e+00 -1.000000e+00
    outer loop
      vertex   -4.862507e+00 -6.748057e+00 2.000000e-01
      vertex   -3.348868e+00 -7.476391e+00 2.000000e-01
      vertex   -3.412735e+00 -7.585083e+00 2.000000e-01
    endloop
  endfacet
  facet normal 0.000000e+00 -0.000000e+00 -1.000000e+00
    outer loop
      vertex   -4.862507e+00 -6.748057e+00 2.000000e-01
      vertex   -3.412735e+00 -7.585083e+00 2.000000e-01
      vertex   -4.944056e+00 -6.861568e+00 2.000000e-01
    endloop
  endfacet
  facet normal 0.000000e+00 0.000000e+00 -1.000000e+00
    outer loop
      vertex   -4.944056e+00 -6.861568e+00 2.000000e-01
      vertex   -3.412735e+00 -7.585083e+00 2.000000e-01
      vertex   -3.470264e+00 -7.712462e+00 2.000000e-01
    endloop
  endfacet
  facet normal 0.000000e+00 -0.000000e+00 -1.000000e+00
    outer loop
      vertex   -4.944056e+00 -6.861568e+00 2.000000e-01
      vertex   -3.470264e+00 -7.712462e+00 2.000000e-01
      vertex   -4.982358e+00 -6.923269e+00 2.000000e-01
    endloop
  endfacet
  facet normal 0.000000e+00 -0.000000e+00 -1.000000e+00
    outer loop
      vertex   -4.982358e+00 -6.923269e+00 2.000000e-01
      vertex   -3.470264e+00 -7.712462e+00 2.000000e-01
      vertex   -5.018623e+00 -6.996171e+00 2.000000e-01
    endloop
  endfacet
  facet normal 0.000000e+00 0.000000e+00 -1.000000e+00
    outer loop
      vertex   -5.018623e+00 -6.996171e+00 2.000000e-01
      vertex   -3.470264e+00 -7.712462e+00 2.000000e-01
      vertex   -3.500461e+00 -7.767967e+00 2.000000e-01
    endloop
  endfacet
  facet normal 2.231228e-16 4.388938e-16 -1.000000e+00
    outer loop
      vertex   -5.018623e+00 -6.996171e+00 2.000000e-01
      vertex   -3.500461e+00 -7.767967e+00 2.000000e-01
      vertex   -3.531505e+00 -7.815425e+00 2.000000e-01
    endloop
  endfacet
  facet normal 0.000000e+00 0.000000e+00 -1.000000e+00
    outer loop
      vertex   -3.470264e+00 -7.712462e+00 2.000000e-01
      vertex   -3.481468e+00 -7.735219e+00 2.000000e-01
      vertex   -3.500461e+00 -7.767967e+00 2.000000e-01
    endloop
  endfacet
  facet normal -1.452798e-15 -2.603254e-15 -1.000000e+00
    outer loop
      vertex   -3.531505e+00 -7.815425e+00 2.000000e-01
      vertex   -3.552879e+00 -7.846145e+00 2.000000e-01
      vertex   -5.018623e+00 -6.996171e+00 2.000000e-01
    endloop
  endfacet
  facet normal 8.087390e-16 1.296673e-15 -1.000000e+00
    outer loop
      vertex   -5.018623e+00 -6.996171e+00 2.000000e-01
      vertex   -3.552879e+00 -7.846145e+00 2.000000e-01
      vertex   -3.585009e+00 -7.890321e+00 2.000000e-01
    endloop
  endfacet
  facet normal -8.714402e-17 -1.397204e-16 -1.000000e+00
    outer loop
      vertex   -5.018623e+00 -6.996171e+00 2.000000e-01
      vertex   -3.585009e+00 -7.890321e+00 2.000000e-01
      vertex   -5.082199e+00 -7.155169e+00 2.000000e-01
    endloop
  endfacet
  facet normal -1.336693e-17 1.053216e-17 -1.000000e+00
    outer loop
      vertex   -5.082199e+00 -7.155169e+00 2.000000e-01
      vertex   -3.585009e+00 -7.890321e+00 2.000000e-01
      vertex   -3.640658e+00 -7.960948e+00 2.000000e-01
    endloop
  endfacet
  facet normal -1.295772e-17 1.126422e-17 -1.000000e+00
    outer loop
      vertex   -5.082199e+00 -7.155169e+00 2.000000e-01
      vertex   -3.640658e+00 -7.960948e+00 2.000000e-01
      vertex   -3.722309e+00 -8.054875e+00 2.000000e-01
    endloop
  endfacet
  facet normal 8.081913e-17 1.530065e-16 -1.000000e+00
    outer loop
      vertex   -5.082199e+00 -7.155169e+00 2.000000e-01
      vertex   -3.722309e+00 -8.054875e+00 2.000000e-01
      vertex   -5.132539e+00 -7.309981e+00 2.000000e-01
    endloop
  endfacet
  facet normal 0.000000e+00 0.000000e+00 -1.000000e+00
    outer loop
      vertex   -5.132539e+00 -7.309981e+00 2.000000e-01
      vertex   -3.722309e+00 -8.054875e+00 2.000000e-01
      vertex   -3.832209e+00 -8.168614e+00 2.000000e-01
    endloop
  endfacet
  facet normal 0.000000e+00 -0.000000e+00 -1.000000e+00
    outer loop
      vertex   -5.132539e+00 -7.309981e+00 2.000000e-01
      vertex   -3.832209e+00 -8.168614e+00 2.000000e-01
      vertex   -5.157423e+00 -7.400106e+00 2.000000e-01
    endloop
  endfacet
  facet normal 0.000000e+00 -0.000000e+00 -1.000000e+00
    outer loop
      vertex   -5.157423e+00 -7.400106e+00 2.000000e-01
      vertex   -3.832209e+00 -8.168614e+00 2.000000e-01
      vertex   -5.182096e+00 -7.502226e+00 2.000000e-01
    endloop
  endfacet
  facet normal 0.000000e+00 0.000000e+00 -1.000000e+00
    outer loop
      vertex   -5.182096e+00 -7.502226e+00 2.000000e-01
      vertex   -3.832209e+00 -8.168614e+00 2.000000e-01
      vertex   -3.972608e+00 -8.298679e+00 2.000000e-01
    endloop
  endfacet
  facet normal 0.000000e+00 -0.000000e+00 -1.000000e+00
    outer loop
      vertex   -5.182096e+00 -7.502226e+00 2.000000e-01
      vertex   -3.972608e+00 -8.298679e+00 2.000000e-01
      vertex   -5.227262e+00 -7.740213e+00 2.000000e-01
    endloop
  endfacet
  facet normal 0.000000e+00 0.000000e+00 -1.000000e+00
    outer loop
      vertex   -5.227262e+00 -7.740213e+00 2.000000e-01
      vertex   -3.972608e+00 -8.298679e+00 2.000000e-01
      vertex   -4.143563e+00 -8.439877e+00 2.000000e-01
    endloop
  endfacet
  facet normal 0.000000e+00 -0.000000e+00 -1.000000e+00
    outer loop
      vertex   -5.227262e+00 -7.740213e+00 2.000000e-01
      vertex   -4.143563e+00 -8.439877e+00 2.000000e-01
      vertex   -5.258689e+00 -7.989717e+00 2.000000e-01
    endloop
  endfacet
  facet normal 0.000000e+00 0.000000e+00 -1.000000e+00
    outer loop
      vertex   -5.258689e+00 -7.989717e+00 2.000000e-01
      vertex   -4.143563e+00 -8.439877e+00 2.000000e-01
      vertex   -4.327514e+00 -8.575524e+00 2.000000e-01
    endloop
  endfacet
  facet normal 0.000000e+00 -0.000000e+00 -1.000000e+00
    outer loop
      vertex   -5.258689e+00 -7.989717e+00 2.000000e-01
      vertex   -4.327514e+00 -8.575524e+00 2.000000e-01
      vertex   -5.276010e+00 -8.241250e+00 2.000000e-01
    endloop
  endfacet
  facet normal 0.000000e+00 0.000000e+00 -1.000000e+00
    outer loop
      vertex   -5.276010e+00 -8.241250e+00 2.000000e-01
      vertex   -4.327514e+00 -8.575524e+00 2.000000e-01
      vertex   -4.518449e+00 -8.701996e+00 2.000000e-01
    endloop
  endfacet
  facet normal 0.000000e+00 0.000000e+00 -1.000000e+00
    outer loop
      vertex   -5.276010e+00 -8.241250e+00 2.000000e-01
      vertex   -4.518449e+00 -8.701996e+00 2.000000e-01
      vertex   -4.905325e+00 -8.714229e+00 2.000000e-01
    endloop
  endfacet
  facet normal 0.000000e+00 0.000000e+00 -1.000000e+00
    outer loop
      vertex   -4.905325e+00 -8.714229e+00 2.000000e-01
      vertex   -4.518449e+00 -8.701996e+00 2.000000e-01
      vertex   -4.714237e+00 -8.819068e+00 2.000000e-01
    endloop
  endfacet
  facet normal 0.000000e+00 0.000000e+00 -1.000000e+00
    outer loop
      vertex   -4.905325e+00 -8.714229e+00 2.000000e-01
      vertex   -5.094082e+00 -8.605250e+00 2.000000e-01
      vertex   -5.276010e+00 -8.241250e+00 2.000000e-01
    endloop
  endfacet
  facet normal 0.000000e+00 -0.000000e+00 -1.000000e+00
    outer loop
      vertex   -5.276010e+00 -8.241250e+00 2.000000e-01
      vertex   -5.094082e+00 -8.605250e+00 2.000000e-01
      vertex   -5.280418e+00 -8.492184e+00 2.000000e-01
    endloop
  endfacet
  facet normal 0.000000e+00 0.000000e+00 -1.000000e+00
    outer loop
      vertex   -4.809745e+00 -6.148555e+00 2.000000e-01
      vertex   -4.876117e+00 -6.041375e+00 2.000000e-01
      vertex   -1.587713e+00 -2.750000e+00 2.000000e-01
    endloop
  endfacet
  facet normal 0.000000e+00 0.000000e+00 -1.000000e+00
    outer loop
      vertex   -1.587713e+00 -2.750000e+00 2.000000e-01
      vertex   -4.876117e+00 -6.041375e+00 2.000000e-01
      vertex   -4.963745e+00 -5.950742e+00 2.000000e-01
    endloop
  endfacet
  facet normal 0.000000e+00 0.000000e+00 -1.000000e+00
    outer loop
      vertex   -1.587713e+00 -2.750000e+00 2.000000e-01
      vertex   -4.963745e+00 -5.950742e+00 2.000000e-01
      vertex   -4.975313e+00 -5.941074e+00 2.000000e-01
    endloop
  endfacet
  facet normal 0.000000e+00 0.000000e+00 -1.000000e+00
    outer loop
      vertex   -4.975313e+00 -5.941074e+00 2.000000e-01
      vertex   -4.986862e+00 -5.931383e+00 2.000000e-01
      vertex   -1.587713e+00 -2.750000e+00 2.000000e-01
    endloop
  endfacet
  facet normal 0.000000e+00 0.000000e+00 -1.000000e+00
    outer loop
      vertex   -1.587713e+00 -2.750000e+00 2.000000e-01
      vertex   -4.986862e+00 -5.931383e+00 2.000000e-01
      vertex   -4.998392e+00 -5.921670e+00 2.000000e-01
    endloop
  endfacet
  facet normal 0.000000e+00 0.000000e+00 -1.000000e+00
    outer loop
      vertex   -1.587713e+00 -2.750000e+00 2.000000e-01
      vertex   -4.998392e+00 -5.921670e+00 2.000000e-01
      vertex   -5.102864e+00 -5.851112e+00 2.000000e-01
    endloop
  endfacet
  facet normal 0.000000e+00 0.000000e+00 -1.000000e+00
    outer loop
      vertex   -5.219941e+00 -5.804360e+00 2.000000e-01
      vertex   -6.622612e+00 -4.132722e+00 2.000000e-01
      vertex   -5.102864e+00 -5.851112e+00 2.000000e-01
    endloop
  endfacet
  facet normal 0.000000e+00 0.000000e+00 -1.000000e+00
    outer loop
      vertex   -5.102864e+00 -5.851112e+00 2.000000e-01
      vertex   -6.622612e+00 -4.132722e+00 2.000000e-01
      vertex   -6.648324e+00 -4.009305e+00 2.000000e-01
    endloop
  endfacet
  facet normal 0.000000e+00 0.000000e+00 -1.000000e+00
    outer loop
      vertex   -5.102864e+00 -5.851112e+00 2.000000e-01
      vertex   -6.648324e+00 -4.009305e+00 2.000000e-01
      vertex   -1.587713e+00 -2.750000e+00 2.000000e-01
    endloop
  endfacet
  facet normal 0.000000e+00 0.000000e+00 -1.000000e+00
    outer loop
      vertex   -1.587713e+00 -2.750000e+00 2.000000e-01
      vertex   -6.648324e+00 -4.009305e+00 2.000000e-01
      vertex   -6.699668e+00 -3.894168e+00 2.000000e-01
    endloop
  endfacet
  facet normal 0.000000e+00 0.000000e+00 -1.000000e+00
    outer loop
      vertex   -1.587713e+00 -2.750000e+00 2.000000e-01
      vertex   -6.699668e+00 -3.894168e+00 2.000000e-01
      vertex   -6.707232e+00 -3.881126e+00 2.000000e-01
    endloop
  endfacet
  facet normal 0.000000e+00 -0.000000e+00 -1.000000e+00
    outer loop
      vertex   -6.622612e+00 -4.132722e+00 2.000000e-01
      vertex   -5.219941e+00 -5.804360e+00 2.000000e-01
      vertex   -6.623707e+00 -4.258784e+00 2.000000e-01
    endloop
  endfacet
  facet normal 0.000000e+00 0.000000e+00 -1.000000e+00
    outer loop
      vertex   -6.623707e+00 -4.258784e+00 2.000000e-01
      vertex   -5.219941e+00 -5.804360e+00 2.000000e-01
      vertex   -5.344278e+00 -5.783548e+00 2.000000e-01
    endloop
  endfacet
  facet normal 0.000000e+00 -0.000000e+00 -1.000000e+00
    outer loop
      vertex   -6.623707e+00 -4.258784e+00 2.000000e-01
      vertex   -5.344278e+00 -5.783548e+00 2.000000e-01
      vertex   -6.651559e+00 -4.381736e+00 2.000000e-01
    endloop
  endfacet
  facet normal 0.000000e+00 0.000000e+00 -1.000000e+00
    outer loop
      vertex   -6.651559e+00 -4.381736e+00 2.000000e-01
      vertex   -5.344278e+00 -5.783548e+00 2.000000e-01
      vertex   -5.470199e+00 -5.789626e+00 2.000000e-01
    endloop
  endfacet
  facet normal 0.000000e+00 -0.000000e+00 -1.000000e+00
    outer loop
      vertex   -6.651559e+00 -4.381736e+00 2.000000e-01
      vertex   -5.470199e+00 -5.789626e+00 2.000000e-01
      vertex   -6.704896e+00 -4.495964e+00 2.000000e-01
    endloop
  endfacet
  facet normal 0.000000e+00 0.000000e+00 -1.000000e+00
    outer loop
      vertex   -6.704896e+00 -4.495964e+00 2.000000e-01
      vertex   -5.470199e+00 -5.789626e+00 2.000000e-01
      vertex   -5.591953e+00 -5.822318e+00 2.000000e-01
    endloop
  endfacet
  facet normal 0.000000e+00 -0.000000e+00 -1.000000e+00
    outer loop
      vertex   -6.704896e+00 -4.495964e+00 2.000000e-01
      vertex   -5.591953e+00 -5.822318e+00 2.000000e-01
      vertex   -6.781283e+00 -4.596253e+00 2.000000e-01
    endloop
  endfacet
  facet normal 0.000000e+00 0.000000e+00 -1.000000e+00
    outer loop
      vertex   -6.781283e+00 -4.596253e+00 2.000000e-01
      vertex   -5.591953e+00 -5.822318e+00 2.000000e-01
      vertex   -5.703983e+00 -5.880129e+00 2.000000e-01
    endloop
  endfacet
  facet normal 0.000000e+00 -0.000000e+00 -1.000000e+00
    outer loop
      vertex   -6.781283e+00 -4.596253e+00 2.000000e-01
      vertex   -5.703983e+00 -5.880129e+00 2.000000e-01
      vertex   -6.877233e+00 -4.678024e+00 2.000000e-01
    endloop
  endfacet
  facet normal 0.000000e+00 0.000000e+00 -1.000000e+00
    outer loop
      vertex   -6.877233e+00 -4.678024e+00 2.000000e-01
      vertex   -5.703983e+00 -5.880129e+00 2.000000e-01
      vertex   -5.801173e+00 -5.960422e+00 2.000000e-01
    endloop
  endfacet
  facet normal 0.000000e+00 -0.000000e+00 -1.000000e+00
    outer loop
      vertex   -6.877233e+00 -4.678024e+00 2.000000e-01
      vertex   -5.801173e+00 -5.960422e+00 2.000000e-01
      vertex   -6.992687e+00 -4.756798e+00 2.000000e-01
    endloop
  endfacet
  facet normal 0.000000e+00 0.000000e+00 -1.000000e+00
    outer loop
      vertex   -6.992687e+00 -4.756798e+00 2.000000e-01
      vertex   -5.801173e+00 -5.960422e+00 2.000000e-01
      vertex   -5.898799e+00 -6.060443e+00 2.000000e-01
    endloop
  endfacet
  facet normal 0.000000e+00 -0.000000e+00 -1.000000e+00
    outer loop
      vertex   -6.992687e+00 -4.756798e+00 2.000000e-01
      vertex   -5.898799e+00 -6.060443e+00 2.000000e-01
      vertex   -7.049783e+00 -4.801678e+00 2.000000e-01
    endloop
  endfacet
  facet normal 0.000000e+00 -0.000000e+00 -1.000000e+00
    outer loop
      vertex   -7.049783e+00 -4.801678e+00 2.000000e-01
      vertex   -5.898799e+00 -6.060443e+00 2.000000e-01
      vertex   -7.108794e+00 -4.857781e+00 2.000000e-01
    endloop
  endfacet
  facet normal 0.000000e+00 0.000000e+00 -1.000000e+00
    outer loop
      vertex   -7.108794e+00 -4.857781e+00 2.000000e-01
      vertex   -5.898799e+00 -6.060443e+00 2.000000e-01
      vertex   -5.946158e+00 -6.102274e+00 2.000000e-01
    endloop
  endfacet
  facet normal -3.597773e-16 -3.361128e-16 -1.000000e+00
    outer loop
      vertex   -7.108794e+00 -4.857781e+00 2.000000e-01
      vertex   -5.946158e+00 -6.102274e+00 2.000000e-01
      vertex   -5.991562e+00 -6.136252e+00 2.000000e-01
    endloop
  endfacet
  facet normal 0.000000e+00 0.000000e+00 -1.000000e+00
    outer loop
      vertex   -5.898799e+00 -6.060443e+00 2.000000e-01
      vertex   -5.917111e+00 -6.077996e+00 2.000000e-01
      vertex   -5.946158e+00 -6.102274e+00 2.000000e-01
    endloop
  endfacet
  facet normal 5.709881e-16 4.772660e-16 -1.000000e+00
    outer loop
      vertex   -5.991562e+00 -6.136252e+00 2.000000e-01
      vertex   -6.022153e+00 -6.157808e+00 2.000000e-01
      vertex   -7.108794e+00 -4.857781e+00 2.000000e-01
    endloop
  endfacet
  facet normal 0.000000e+00 0.000000e+00 -1.000000e+00
    outer loop
      vertex   -7.108794e+00 -4.857781e+00 2.000000e-01
      vertex   -6.022153e+00 -6.157808e+00 2.000000e-01
      vertex   -6.067455e+00 -6.188331e+00 2.000000e-01
    endloop
  endfacet
  facet normal 3.890273e-16 3.044676e-16 -1.000000e+00
    outer loop
      vertex   -7.108794e+00 -4.857781e+00 2.000000e-01
      vertex   -6.067455e+00 -6.188331e+00 2.000000e-01
      vertex   -7.222917e+00 -4.985445e+00 2.000000e-01
    endloop
  endfacet
  facet normal 2.687578e-17 -4.340624e-17 -1.000000e+00
    outer loop
      vertex   -7.222917e+00 -4.985445e+00 2.000000e-01
      vertex   -6.067455e+00 -6.188331e+00 2.000000e-01
      vertex   -6.143904e+00 -6.235666e+00 2.000000e-01
    endloop
  endfacet
  facet normal 2.497106e-17 -4.505013e-17 -1.000000e+00
    outer loop
      vertex   -7.222917e+00 -4.985445e+00 2.000000e-01
      vertex   -6.143904e+00 -6.235666e+00 2.000000e-01
      vertex   -6.252755e+00 -6.296002e+00 2.000000e-01
    endloop
  endfacet
  facet normal -3.848293e-16 -3.484119e-16 -1.000000e+00
    outer loop
      vertex   -7.222917e+00 -4.985445e+00 2.000000e-01
      vertex   -6.252755e+00 -6.296002e+00 2.000000e-01
      vertex   -7.323169e+00 -5.113703e+00 2.000000e-01
    endloop
  endfacet
  facet normal 0.000000e+00 0.000000e+00 -1.000000e+00
    outer loop
      vertex   -7.323169e+00 -5.113703e+00 2.000000e-01
      vertex   -6.252755e+00 -6.296002e+00 2.000000e-01
      vertex   -6.394929e+00 -6.365293e+00 2.000000e-01
    endloop
  endfacet
  facet normal 0.000000e+00 -0.000000e+00 -1.000000e+00
    outer loop
      vertex   -7.323169e+00 -5.113703e+00 2.000000e-01
      vertex   -6.394929e+00 -6.365293e+00 2.000000e-01
      vertex   -7.377378e+00 -5.189882e+00 2.000000e-01
    endloop
  endfacet
  facet normal 0.000000e+00 -0.000000e+00 -1.000000e+00
    outer loop
      vertex   -7.377378e+00 -5.189882e+00 2.000000e-01
      vertex   -6.394929e+00 -6.365293e+00 2.000000e-01
      vertex   -7.435489e+00 -5.277405e+00 2.000000e-01
    endloop
  endfacet
  facet normal 0.000000e+00 0.000000e+00 -1.000000e+00
    outer loop
      vertex   -7.435489e+00 -5.277405e+00 2.000000e-01
      vertex   -6.394929e+00 -6.365293e+00 2.000000e-01
      vertex   -6.571346e+00 -6.439496e+00 2.000000e-01
    endloop
  endfacet
  facet normal 0.000000e+00 -0.000000e+00 -1.000000e+00
    outer loop
      vertex   -7.435489e+00 -5.277405e+00 2.000000e-01
      vertex   -6.571346e+00 -6.439496e+00 2.000000e-01
      vertex   -7.559328e+00 -5.485592e+00 2.000000e-01
    endloop
  endfacet
  facet normal 0.000000e+00 0.000000e+00 -1.000000e+00
    outer loop
      vertex   -7.559328e+00 -5.485592e+00 2.000000e-01
      vertex   -6.571346e+00 -6.439496e+00 2.000000e-01
      vertex   -6.780283e+00 -6.513708e+00 2.000000e-01
    endloop
  endfacet
  facet normal 0.000000e+00 -0.000000e+00 -1.000000e+00
    outer loop
      vertex   -7.559328e+00 -5.485592e+00 2.000000e-01
      vertex   -6.780283e+00 -6.513708e+00 2.000000e-01
      vertex   -7.674196e+00 -5.709301e+00 2.000000e-01
    endloop
  endfacet
  facet normal 0.000000e+00 0.000000e+00 -1.000000e+00
    outer loop
      vertex   -7.674196e+00 -5.709301e+00 2.000000e-01
      vertex   -6.780283e+00 -6.513708e+00 2.000000e-01
      vertex   -6.999535e+00 -6.578260e+00 2.000000e-01
    endloop
  endfacet
  facet normal 0.000000e+00 -0.000000e+00 -1.000000e+00
    outer loop
      vertex   -7.674196e+00 -5.709301e+00 2.000000e-01
      vertex   -6.999535e+00 -6.578260e+00 2.000000e-01
      vertex   -7.776501e+00 -5.939740e+00 2.000000e-01
    endloop
  endfacet
  facet normal 0.000000e+00 0.000000e+00 -1.000000e+00
    outer loop
      vertex   -7.776501e+00 -5.939740e+00 2.000000e-01
      vertex   -6.999535e+00 -6.578260e+00 2.000000e-01
      vertex   -7.730040e+00 -6.344012e+00 2.000000e-01
    endloop
  endfacet
  facet normal 0.000000e+00 -0.000000e+00 -1.000000e+00
    outer loop
      vertex   -7.776501e+00 -5.939740e+00 2.000000e-01
      vertex   -7.730040e+00 -6.344012e+00 2.000000e-01
      vertex   -7.866468e+00 -6.174033e+00 2.000000e-01
    endloop
  endfacet
  facet normal 0.000000e+00 0.000000e+00 -1.000000e+00
    outer loop
      vertex   -7.730040e+00 -6.344012e+00 2.000000e-01
      vertex   -6.999535e+00 -6.578260e+00 2.000000e-01
      vertex   -7.589939e+00 -6.510977e+00 2.000000e-01
    endloop
  endfacet
  facet normal 0.000000e+00 0.000000e+00 -1.000000e+00
    outer loop
      vertex   -7.589939e+00 -6.510977e+00 2.000000e-01
      vertex   -6.999535e+00 -6.578260e+00 2.000000e-01
      vertex   -7.222212e+00 -6.631801e+00 2.000000e-01
    endloop
  endfacet
  facet normal 0.000000e+00 0.000000e+00 -1.000000e+00
    outer loop
      vertex   -7.589939e+00 -6.510977e+00 2.000000e-01
      vertex   -7.222212e+00 -6.631801e+00 2.000000e-01
      vertex   -7.446233e+00 -6.674849e+00 2.000000e-01
    endloop
  endfacet
  facet normal 0.000000e+00 0.000000e+00 -1.000000e+00
    outer loop
      vertex   -6.707232e+00 -3.881126e+00 2.000000e-01
      vertex   -6.714770e+00 -3.868070e+00 2.000000e-01
      vertex   -1.587713e+00 -2.750000e+00 2.000000e-01
    endloop
  endfacet
  facet normal 0.000000e+00 0.000000e+00 -1.000000e+00
    outer loop
      vertex   -1.587713e+00 -2.750000e+00 2.000000e-01
      vertex   -6.714770e+00 -3.868070e+00 2.000000e-01
      vertex   -6.722283e+00 -3.854999e+00 2.000000e-01
    endloop
  endfacet
  facet normal 0.000000e+00 0.000000e+00 -1.000000e+00
    outer loop
      vertex   -7.615851e+00 -3.677446e+00 2.000000e-01
      vertex   -7.639062e+00 -3.687677e+00 2.000000e-01
      vertex   -7.674662e+00 -3.700555e+00 2.000000e-01
    endloop
  endfacet
  facet normal -0.000000e+00 0.000000e+00 -1.000000e+00
    outer loop
      vertex   -7.728948e+00 -3.716956e+00 2.000000e-01
      vertex   -7.765067e+00 -3.726749e+00 2.000000e-01
      vertex   -8.341540e+00 -2.133470e+00 2.000000e-01
    endloop
  endfacet
  facet normal 0.000000e+00 0.000000e+00 -1.000000e+00
    outer loop
      vertex   -8.341540e+00 -2.133470e+00 2.000000e-01
      vertex   -7.765067e+00 -3.726749e+00 2.000000e-01
      vertex   -7.818076e+00 -3.739937e+00 2.000000e-01
    endloop
  endfacet
  facet normal 0.000000e+00 -0.000000e+00 -1.000000e+00
    outer loop
      vertex   -8.341540e+00 -2.133470e+00 2.000000e-01
      vertex   -7.818076e+00 -3.739937e+00 2.000000e-01
      vertex   -8.492445e+00 -2.214403e+00 2.000000e-01
    endloop
  endfacet
  facet normal 0.000000e+00 0.000000e+00 -1.000000e+00
    outer loop
      vertex   -8.492445e+00 -2.214403e+00 2.000000e-01
      vertex   -7.818076e+00 -3.739937e+00 2.000000e-01
      vertex   -7.906104e+00 -3.758270e+00 2.000000e-01
    endloop
  endfacet
  facet normal 0.000000e+00 0.000000e+00 -1.000000e+00
    outer loop
      vertex   -8.492445e+00 -2.214403e+00 2.000000e-01
      vertex   -7.906104e+00 -3.758270e+00 2.000000e-01
      vertex   -8.029027e+00 -3.777738e+00 2.000000e-01
    endloop
  endfacet
  facet normal 0.000000e+00 -0.000000e+00 -1.000000e+00
    outer loop
      vertex   -8.492445e+00 -2.214403e+00 2.000000e-01
      vertex   -8.029027e+00 -3.777738e+00 2.000000e-01
      vertex   -8.630518e+00 -2.300638e+00 2.000000e-01
    endloop
  endfacet
  facet normal 0.000000e+00 0.000000e+00 -1.000000e+00
    outer loop
      vertex   -8.630518e+00 -2.300638e+00 2.000000e-01
      vertex   -8.029027e+00 -3.777738e+00 2.000000e-01
      vertex   -8.186326e+00 -3.794225e+00 2.000000e-01
    endloop
  endfacet
  facet normal 0.000000e+00 -0.000000e+00 -1.000000e+00
    outer loop
      vertex   -8.630518e+00 -2.300638e+00 2.000000e-01
      vertex   -8.186326e+00 -3.794225e+00 2.000000e-01
      vertex   -8.707511e+00 -2.353682e+00 2.000000e-01
    endloop
  endfacet
  facet normal 0.000000e+00 -0.000000e+00 -1.000000e+00
    outer loop
      vertex   -8.707511e+00 -2.353682e+00 2.000000e-01
      vertex   -8.186326e+00 -3.794225e+00 2.000000e-01
      vertex   -8.792053e+00 -2.416051e+00 2.000000e-01
    endloop
  endfacet
  facet normal 0.000000e+00 0.000000e+00 -1.000000e+00
    outer loop
      vertex   -8.792053e+00 -2.416051e+00 2.000000e-01
      vertex   -8.186326e+00 -3.794225e+00 2.000000e-01
      vertex   -8.377482e+00 -3.803614e+00 2.000000e-01
    endloop
  endfacet
  facet normal 0.000000e+00 -0.000000e+00 -1.000000e+00
    outer loop
      vertex   -8.792053e+00 -2.416051e+00 2.000000e-01
      vertex   -8.377482e+00 -3.803614e+00 2.000000e-01
      vertex   -8.979628e+00 -2.569328e+00 2.000000e-01
    endloop
  endfacet
  facet normal 0.000000e+00 0.000000e+00 -1.000000e+00
    outer loop
      vertex   -8.979628e+00 -2.569328e+00 2.000000e-01
      vertex   -8.377482e+00 -3.803614e+00 2.000000e-01
      vertex   -8.599202e+00 -3.801890e+00 2.000000e-01
    endloop
  endfacet
  facet normal 0.000000e+00 -0.000000e+00 -1.000000e+00
    outer loop
      vertex   -8.979628e+00 -2.569328e+00 2.000000e-01
      vertex   -8.599202e+00 -3.801890e+00 2.000000e-01
      vertex   -9.164081e+00 -2.740258e+00 2.000000e-01
    endloop
  endfacet
  facet normal 0.000000e+00 0.000000e+00 -1.000000e+00
    outer loop
      vertex   -9.164081e+00 -2.740258e+00 2.000000e-01
      vertex   -8.599202e+00 -3.801890e+00 2.000000e-01
      vertex   -8.827309e+00 -3.787560e+00 2.000000e-01
    endloop
  endfacet
  facet normal 0.000000e+00 -0.000000e+00 -1.000000e+00
    outer loop
      vertex   -9.164081e+00 -2.740258e+00 2.000000e-01
      vertex   -8.827309e+00 -3.787560e+00 2.000000e-01
      vertex   -9.339031e+00 -2.921810e+00 2.000000e-01
    endloop
  endfacet
  facet normal 0.000000e+00 0.000000e+00 -1.000000e+00
    outer loop
      vertex   -9.339031e+00 -2.921810e+00 2.000000e-01
      vertex   -8.827309e+00 -3.787560e+00 2.000000e-01
      vertex   -9.054869e+00 -3.761713e+00 2.000000e-01
    endloop
  endfacet
  facet normal 0.000000e+00 -0.000000e+00 -1.000000e+00
    outer loop
      vertex   -9.339031e+00 -2.921810e+00 2.000000e-01
      vertex   -9.054869e+00 -3.761713e+00 2.000000e-01
      vertex   -9.359095e+00 -3.522405e+00 2.000000e-01
    endloop
  endfacet
  facet normal 0.000000e+00 0.000000e+00 -1.000000e+00
    outer loop
      vertex   -9.359095e+00 -3.522405e+00 2.000000e-01
      vertex   -9.054869e+00 -3.761713e+00 2.000000e-01
      vertex   -9.280103e+00 -3.725545e+00 2.000000e-01
    endloop
  endfacet
  facet normal 0.000000e+00 0.000000e+00 -1.000000e+00
    outer loop
      vertex   -9.359095e+00 -3.522405e+00 2.000000e-01
      vertex   -9.433641e+00 -3.317592e+00 2.000000e-01
      vertex   -9.339031e+00 -2.921810e+00 2.000000e-01
    endloop
  endfacet
  facet normal 0.000000e+00 0.000000e+00 -1.000000e+00
    outer loop
      vertex   -9.339031e+00 -2.921810e+00 2.000000e-01
      vertex   -9.433641e+00 -3.317592e+00 2.000000e-01
      vertex   -9.503706e+00 -3.111202e+00 2.000000e-01
    endloop
  endfacet
  facet normal 0.000000e+00 0.000000e+00 -1.000000e+00
    outer loop
      vertex   -7.618644e+00 -1.493654e+00 2.000000e-01
      vertex   -7.627513e+00 -1.367899e+00 2.000000e-01
      vertex   -3.175426e+00 -7.783170e-15 2.000000e-01
    endloop
  endfacet
  facet normal 0.000000e+00 0.000000e+00 -1.000000e+00
    outer loop
      vertex   -3.175426e+00 -7.783170e-15 2.000000e-01
      vertex   -7.627513e+00 -1.367899e+00 2.000000e-01
      vertex   -7.630160e+00 -1.353057e+00 2.000000e-01
    endloop
  endfacet
  facet normal 0.000000e+00 0.000000e+00 -1.000000e+00
    outer loop
      vertex   -3.175426e+00 -7.783170e-15 2.000000e-01
      vertex   -7.630160e+00 -1.353057e+00 2.000000e-01
      vertex   -7.632778e+00 -1.338210e+00 2.000000e-01
    endloop
  endfacet
  facet normal 0.000000e+00 0.000000e+00 -1.000000e+00
    outer loop
      vertex   -7.632778e+00 -1.338210e+00 2.000000e-01
      vertex   -7.635367e+00 -1.323358e+00 2.000000e-01
      vertex   -3.175426e+00 -7.783170e-15 2.000000e-01
    endloop
  endfacet
  facet normal 0.000000e+00 0.000000e+00 -1.000000e+00
    outer loop
      vertex   -3.175426e+00 -7.783170e-15 2.000000e-01
      vertex   -7.635367e+00 -1.323358e+00 2.000000e-01
      vertex   -7.670043e+00 -1.202154e+00 2.000000e-01
    endloop
  endfacet
  facet normal 0.000000e+00 0.000000e+00 -1.000000e+00
    outer loop
      vertex   -3.175426e+00 -7.783170e-15 2.000000e-01
      vertex   -7.670043e+00 -1.202154e+00 2.000000e-01
      vertex   -7.729678e+00 -1.091084e+00 2.000000e-01
    endloop
  endfacet
  facet normal -0.000000e+00 0.000000e+00 -1.000000e+00
    outer loop
      vertex   -3.175426e+00 -7.783170e-15 2.000000e-01
      vertex   -7.729678e+00 -1.091084e+00 2.000000e-01
      vertex   -7.729678e+00 1.091084e+00 2.000000e-01
    endloop
  endfacet
  facet normal 0.000000e+00 -0.000000e+00 -1.000000e+00
    outer loop
      vertex   -7.729678e+00 1.091084e+00 2.000000e-01
      vertex   -7.729678e+00 -1.091084e+00 2.000000e-01
      vertex   -7.811548e+00 -9.952186e-01 2.000000e-01
    endloop
  endfacet
  facet normal 0.000000e+00 0.000000e+00 -1.000000e+00
    outer loop
      vertex   -7.729678e+00 1.091084e+00 2.000000e-01
      vertex   -7.811548e+00 -9.952186e-01 2.000000e-01
      vertex   -7.811548e+00 9.952186e-01 2.000000e-01
    endloop
  endfacet
  facet normal 0.000000e+00 0.000000e+00 -1.000000e+00
    outer loop
      vertex   -7.811548e+00 9.952186e-01 2.000000e-01
      vertex   -7.811548e+00 -9.952186e-01 2.000000e-01
      vertex   -7.911915e+00 -9.189349e-01 2.000000e-01
    endloop
  endfacet
  facet normal 0.000000e+00 0.000000e+00 -1.000000e+00
    outer loop
      vertex   -7.811548e+00 9.952186e-01 2.000000e-01
      vertex   -7.911915e+00 -9.189349e-01 2.000000e-01
      vertex   -7.911915e+00 9.189349e-01 2.000000e-01
    endloop
  endfacet
  facet normal 0.000000e+00 -0.000000e+00 -1.000000e+00
    outer loop
      vertex   -7.911915e+00 9.189349e-01 2.000000e-01
      vertex   -7.911915e+00 -9.189349e-01 2.000000e-01
      vertex   -8.026198e+00 -8.657158e-01 2.000000e-01
    endloop
  endfacet
  facet normal 0.000000e+00 0.000000e+00 -1.000000e+00
    outer loop
      vertex   -7.911915e+00 9.189349e-01 2.000000e-01
      vertex   -8.026198e+00 -8.657158e-01 2.000000e-01
      vertex   -8.026198e+00 8.657158e-01 2.000000e-01
    endloop
  endfacet
  facet normal 0.000000e+00 -0.000000e+00 -1.000000e+00
    outer loop
      vertex   -8.026198e+00 8.657158e-01 2.000000e-01
      vertex   -8.026198e+00 -8.657158e-01 2.000000e-01
      vertex   -8.149179e+00 8.379909e-01 2.000000e-01
    endloop
  endfacet
  facet normal 0.000000e+00 0.000000e+00 -1.000000e+00
    outer loop
      vertex   -8.149179e+00 8.379909e-01 2.000000e-01
      vertex   -8.026198e+00 -8.657158e-01 2.000000e-01
      vertex   -8.149179e+00 -8.379909e-01 2.000000e-01
    endloop
  endfacet
  facet normal 0.000000e+00 -0.000000e+00 -1.000000e+00
    outer loop
      vertex   -8.149179e+00 8.379909e-01 2.000000e-01
      vertex   -8.149179e+00 -8.379909e-01 2.000000e-01
      vertex   -8.275242e+00 8.370261e-01 2.000000e-01
    endloop
  endfacet
  facet normal 0.000000e+00 0.000000e+00 -1.000000e+00
    outer loop
      vertex   -8.275242e+00 8.370261e-01 2.000000e-01
      vertex   -8.149179e+00 -8.379909e-01 2.000000e-01
      vertex   -8.275242e+00 -8.370261e-01 2.000000e-01
    endloop
  endfacet
  facet normal 0.000000e+00 -0.000000e+00 -1.000000e+00
    outer loop
      vertex   -8.275242e+00 8.370261e-01 2.000000e-01
      vertex   -8.275242e+00 -8.370261e-01 2.000000e-01
      vertex   -8.414320e+00 -8.508944e-01 2.000000e-01
    endloop
  endfacet
  facet normal 0.000000e+00 0.000000e+00 -1.000000e+00
    outer loop
      vertex   -8.439630e+00 -8.525695e-01 2.000000e-01
      vertex   -8.477487e+00 -8.524958e-01 2.000000e-01
      vertex   -8.414320e+00 -8.508944e-01 2.000000e-01
    endloop
  endfacet
  facet normal -0.000000e+00 0.000000e+00 -1.000000e+00
    outer loop
      vertex   -8.414320e+00 -8.508944e-01 2.000000e-01
      vertex   -8.477487e+00 -8.524958e-01 2.000000e-01
      vertex   -8.414320e+00 8.508944e-01 2.000000e-01
    endloop
  endfacet
  facet normal 0.000000e+00 0.000000e+00 -1.000000e+00
    outer loop
      vertex   -8.414320e+00 -8.508944e-01 2.000000e-01
      vertex   -8.414320e+00 8.508944e-01 2.000000e-01
      vertex   -8.275242e+00 8.370261e-01 2.000000e-01
    endloop
  endfacet
  facet normal 0.000000e+00 0.000000e+00 -1.000000e+00
    outer loop
      vertex   -8.477487e+00 -8.524958e-01 2.000000e-01
      vertex   -8.534109e+00 -8.493397e-01 2.000000e-01
      vertex   -8.414320e+00 8.508944e-01 2.000000e-01
    endloop
  endfacet
  facet normal -0.000000e+00 0.000000e+00 -1.000000e+00
    outer loop
      vertex   -8.414320e+00 8.508944e-01 2.000000e-01
      vertex   -8.534109e+00 -8.493397e-01 2.000000e-01
      vertex   -8.486906e+00 8.532137e-01 2.000000e-01
    endloop
  endfacet
  facet normal 0.000000e+00 0.000000e+00 -1.000000e+00
    outer loop
      vertex   -8.486906e+00 8.532137e-01 2.000000e-01
      vertex   -8.534109e+00 -8.493397e-01 2.000000e-01
      vertex   -8.568173e+00 8.481689e-01 2.000000e-01
    endloop
  endfacet
  facet normal 0.000000e+00 -0.000000e+00 -1.000000e+00
    outer loop
      vertex   -8.568173e+00 8.481689e-01 2.000000e-01
      vertex   -8.534109e+00 -8.493397e-01 2.000000e-01
      vertex   -8.571400e+00 -8.461891e-01 2.000000e-01
    endloop
  endfacet
  facet normal 0.000000e+00 0.000000e+00 -1.000000e+00
    outer loop
      vertex   -8.568173e+00 8.481689e-01 2.000000e-01
      vertex   -8.571400e+00 -8.461891e-01 2.000000e-01
      vertex   -8.625722e+00 -8.404519e-01 2.000000e-01
    endloop
  endfacet
  facet normal 0.000000e+00 0.000000e+00 -1.000000e+00
    outer loop
      vertex   -8.568173e+00 8.481689e-01 2.000000e-01
      vertex   -8.625722e+00 -8.404519e-01 2.000000e-01
      vertex   -8.737658e+00 8.237293e-01 2.000000e-01
    endloop
  endfacet
  facet normal 0.000000e+00 0.000000e+00 -1.000000e+00
    outer loop
      vertex   -8.737658e+00 8.237293e-01 2.000000e-01
      vertex   -8.625722e+00 -8.404519e-01 2.000000e-01
      vertex   -8.714712e+00 -8.275720e-01 2.000000e-01
    endloop
  endfacet
  facet normal 0.000000e+00 -0.000000e+00 -1.000000e+00
    outer loop
      vertex   -8.737658e+00 8.237293e-01 2.000000e-01
      vertex   -8.714712e+00 -8.275720e-01 2.000000e-01
      vertex   -8.836880e+00 -8.038235e-01 2.000000e-01
    endloop
  endfacet
  facet normal 0.000000e+00 0.000000e+00 -1.000000e+00
    outer loop
      vertex   -8.737658e+00 8.237293e-01 2.000000e-01
      vertex   -8.836880e+00 -8.038235e-01 2.000000e-01
      vertex   -8.896898e+00 7.899184e-01 2.000000e-01
    endloop
  endfacet
  facet normal 0.000000e+00 -0.000000e+00 -1.000000e+00
    outer loop
      vertex   -8.896898e+00 7.899184e-01 2.000000e-01
      vertex   -8.836880e+00 -8.038235e-01 2.000000e-01
      vertex   -8.990332e+00 -7.655164e-01 2.000000e-01
    endloop
  endfacet
  facet normal 0.000000e+00 0.000000e+00 -1.000000e+00
    outer loop
      vertex   -8.896898e+00 7.899184e-01 2.000000e-01
      vertex   -8.990332e+00 -7.655164e-01 2.000000e-01
      vertex   -8.987391e+00 7.664066e-01 2.000000e-01
    endloop
  endfacet
  facet normal 0.000000e+00 0.000000e+00 -1.000000e+00
    outer loop
      vertex   -8.987391e+00 7.664066e-01 2.000000e-01
      vertex   -8.990332e+00 -7.655164e-01 2.000000e-01
      vertex   -9.088166e+00 7.367136e-01 2.000000e-01
    endloop
  endfacet
  facet normal 1.549241e-16 1.008957e-17 -1.000000e+00
    outer loop
      vertex   -9.088166e+00 7.367136e-01 2.000000e-01
      vertex   -8.990332e+00 -7.655164e-01 2.000000e-01
      vertex   -9.173171e+00 -7.089604e-01 2.000000e-01
    endloop
  endfacet
  facet normal -6.846695e-18 1.960164e-17 -1.000000e+00
    outer loop
      vertex   -9.088166e+00 7.367136e-01 2.000000e-01
      vertex   -9.173171e+00 -7.089604e-01 2.000000e-01
      vertex   -9.316852e+00 6.568354e-01 2.000000e-01
    endloop
  endfacet
  facet normal -1.311634e-16 6.523605e-18 -1.000000e+00
    outer loop
      vertex   -9.316852e+00 6.568354e-01 2.000000e-01
      vertex   -9.173171e+00 -7.089604e-01 2.000000e-01
      vertex   -9.380929e+00 -6.315080e-01 2.000000e-01
    endloop
  endfacet
  facet normal 0.000000e+00 0.000000e+00 -1.000000e+00
    outer loop
      vertex   -9.316852e+00 6.568354e-01 2.000000e-01
      vertex   -9.380929e+00 -6.315080e-01 2.000000e-01
      vertex   -9.548643e+00 5.593001e-01 2.000000e-01
    endloop
  endfacet
  facet normal 0.000000e+00 -0.000000e+00 -1.000000e+00
    outer loop
      vertex   -9.548643e+00 5.593001e-01 2.000000e-01
      vertex   -9.380929e+00 -6.315080e-01 2.000000e-01
      vertex   -9.590379e+00 -5.400250e-01 2.000000e-01
    endloop
  endfacet
  facet normal 0.000000e+00 0.000000e+00 -1.000000e+00
    outer loop
      vertex   -9.548643e+00 5.593001e-01 2.000000e-01
      vertex   -9.590379e+00 -5.400250e-01 2.000000e-01
      vertex   -9.775137e+00 4.485337e-01 2.000000e-01
    endloop
  endfacet
  facet normal 0.000000e+00 -0.000000e+00 -1.000000e+00
    outer loop
      vertex   -9.775137e+00 4.485337e-01 2.000000e-01
      vertex   -9.590379e+00 -5.400250e-01 2.000000e-01
      vertex   -9.795375e+00 -4.379062e-01 2.000000e-01
    endloop
  endfacet
  facet normal 0.000000e+00 0.000000e+00 -1.000000e+00
    outer loop
      vertex   -9.775137e+00 4.485337e-01 2.000000e-01
      vertex   -9.795375e+00 -4.379062e-01 2.000000e-01
      vertex   -9.999406e+00 -1.089788e-01 2.000000e-01
    endloop
  endfacet
  facet normal 0.000000e+00 0.000000e+00 -1.000000e+00
    outer loop
      vertex   -9.999406e+00 -1.089788e-01 2.000000e-01
      vertex   -9.795375e+00 -4.379062e-01 2.000000e-01
      vertex   -9.994656e+00 -3.268848e-01 2.000000e-01
    endloop
  endfacet
  facet normal 0.000000e+00 0.000000e+00 -1.000000e+00
    outer loop
      vertex   -9.999406e+00 -1.089788e-01 2.000000e-01
      vertex   -9.999406e+00 1.089788e-01 2.000000e-01
      vertex   -9.775137e+00 4.485337e-01 2.000000e-01
    endloop
  endfacet
  facet normal 0.000000e+00 0.000000e+00 -1.000000e+00
    outer loop
      vertex   -9.775137e+00 4.485337e-01 2.000000e-01
      vertex   -9.999406e+00 1.089788e-01 2.000000e-01
      vertex   -9.994656e+00 3.268848e-01 2.000000e-01
    endloop
  endfacet
  facet normal 0.000000e+00 0.000000e+00 -1.000000e+00
    outer loop
      vertex   -7.729678e+00 1.091084e+00 2.000000e-01
      vertex   -7.670043e+00 1.202154e+00 2.000000e-01
      vertex   -3.175426e+00 -7.783170e-15 2.000000e-01
    endloop
  endfacet
  facet normal 0.000000e+00 0.000000e+00 -1.000000e+00
    outer loop
      vertex   -3.175426e+00 -7.783170e-15 2.000000e-01
      vertex   -7.670043e+00 1.202154e+00 2.000000e-01
      vertex   -7.635367e+00 1.323358e+00 2.000000e-01
    endloop
  endfacet
  facet normal 0.000000e+00 0.000000e+00 -1.000000e+00
    outer loop
      vertex   -3.175426e+00 -7.783170e-15 2.000000e-01
      vertex   -7.635367e+00 1.323358e+00 2.000000e-01
      vertex   -7.632778e+00 1.338210e+00 2.000000e-01
    endloop
  endfacet
  facet normal 0.000000e+00 0.000000e+00 -1.000000e+00
    outer loop
      vertex   -7.632778e+00 1.338210e+00 2.000000e-01
      vertex   -7.630160e+00 1.353057e+00 2.000000e-01
      vertex   -3.175426e+00 -7.783170e-15 2.000000e-01
    endloop
  endfacet
  facet normal 0.000000e+00 0.000000e+00 -1.000000e+00
    outer loop
      vertex   -3.175426e+00 -7.783170e-15 2.000000e-01
      vertex   -7.630160e+00 1.353057e+00 2.000000e-01
      vertex   -7.627513e+00 1.367899e+00 2.000000e-01
    endloop
  endfacet
  facet normal 0.000000e+00 0.000000e+00 -1.000000e+00
    outer loop
      vertex   -3.175426e+00 -7.783170e-15 2.000000e-01
      vertex   -7.627513e+00 1.367899e+00 2.000000e-01
      vertex   -7.618644e+00 1.493654e+00 2.000000e-01
    endloop
  endfacet
  facet normal 0.000000e+00 0.000000e+00 -1.000000e+00
    outer loop
      vertex   -3.175426e+00 -7.783170e-15 2.000000e-01
      vertex   -7.618644e+00 1.493654e+00 2.000000e-01
      vertex   -6.796322e+00 3.752965e+00 2.000000e-01
    endloop
  endfacet
  facet normal 0.000000e+00 0.000000e+00 -1.000000e+00
    outer loop
      vertex   -6.796322e+00 3.752965e+00 2.000000e-01
      vertex   -7.618644e+00 1.493654e+00 2.000000e-01
      vertex   -7.636694e+00 1.618422e+00 2.000000e-01
    endloop
  endfacet
  facet normal 0.000000e+00 0.000000e+00 -1.000000e+00
    outer loop
      vertex   -6.796322e+00 3.752965e+00 2.000000e-01
      vertex   -7.636694e+00 1.618422e+00 2.000000e-01
      vertex   -6.890348e+00 3.668989e+00 2.000000e-01
    endloop
  endfacet
  facet normal 0.000000e+00 0.000000e+00 -1.000000e+00
    outer loop
      vertex   -6.890348e+00 3.668989e+00 2.000000e-01
      vertex   -7.636694e+00 1.618422e+00 2.000000e-01
      vertex   -7.680838e+00 1.736507e+00 2.000000e-01
    endloop
  endfacet
  facet normal 0.000000e+00 0.000000e+00 -1.000000e+00
    outer loop
      vertex   -6.890348e+00 3.668989e+00 2.000000e-01
      vertex   -7.680838e+00 1.736507e+00 2.000000e-01
      vertex   -7.000069e+00 3.606906e+00 2.000000e-01
    endloop
  endfacet
  facet normal 0.000000e+00 0.000000e+00 -1.000000e+00
    outer loop
      vertex   -7.000069e+00 3.606906e+00 2.000000e-01
      vertex   -7.680838e+00 1.736507e+00 2.000000e-01
      vertex   -7.749063e+00 1.842518e+00 2.000000e-01
    endloop
  endfacet
  facet normal 0.000000e+00 0.000000e+00 -1.000000e+00
    outer loop
      vertex   -7.000069e+00 3.606906e+00 2.000000e-01
      vertex   -7.749063e+00 1.842518e+00 2.000000e-01
      vertex   -7.120474e+00 3.569551e+00 2.000000e-01
    endloop
  endfacet
  facet normal 0.000000e+00 0.000000e+00 -1.000000e+00
    outer loop
      vertex   -7.120474e+00 3.569551e+00 2.000000e-01
      vertex   -7.749063e+00 1.842518e+00 2.000000e-01
      vertex   -7.838251e+00 1.931615e+00 2.000000e-01
    endloop
  endfacet
  facet normal 0.000000e+00 0.000000e+00 -1.000000e+00
    outer loop
      vertex   -7.120474e+00 3.569551e+00 2.000000e-01
      vertex   -7.838251e+00 1.931615e+00 2.000000e-01
      vertex   -7.246067e+00 3.558628e+00 2.000000e-01
    endloop
  endfacet
  facet normal 0.000000e+00 0.000000e+00 -1.000000e+00
    outer loop
      vertex   -7.246067e+00 3.558628e+00 2.000000e-01
      vertex   -7.838251e+00 1.931615e+00 2.000000e-01
      vertex   -7.944333e+00 1.999729e+00 2.000000e-01
    endloop
  endfacet
  facet normal -0.000000e+00 0.000000e+00 -1.000000e+00
    outer loop
      vertex   -7.246067e+00 3.558628e+00 2.000000e-01
      vertex   -7.944333e+00 1.999729e+00 2.000000e-01
      vertex   -7.371113e+00 3.574637e+00 2.000000e-01
    endloop
  endfacet
  facet normal 0.000000e+00 0.000000e+00 -1.000000e+00
    outer loop
      vertex   -7.371113e+00 3.574637e+00 2.000000e-01
      vertex   -7.944333e+00 1.999729e+00 2.000000e-01
      vertex   -8.062464e+00 2.043752e+00 2.000000e-01
    endloop
  endfacet
  facet normal -0.000000e+00 0.000000e+00 -1.000000e+00
    outer loop
      vertex   -7.371113e+00 3.574637e+00 2.000000e-01
      vertex   -8.062464e+00 2.043752e+00 2.000000e-01
      vertex   -7.489904e+00 3.616847e+00 2.000000e-01
    endloop
  endfacet
  facet normal 0.000000e+00 0.000000e+00 -1.000000e+00
    outer loop
      vertex   -7.489904e+00 3.616847e+00 2.000000e-01
      vertex   -8.062464e+00 2.043752e+00 2.000000e-01
      vertex   -8.197897e+00 2.078288e+00 2.000000e-01
    endloop
  endfacet
  facet normal -0.000000e+00 0.000000e+00 -1.000000e+00
    outer loop
      vertex   -7.489904e+00 3.616847e+00 2.000000e-01
      vertex   -8.197897e+00 2.078288e+00 2.000000e-01
      vertex   -7.615851e+00 3.677446e+00 2.000000e-01
    endloop
  endfacet
  facet normal 0.000000e+00 0.000000e+00 -1.000000e+00
    outer loop
      vertex   -7.615851e+00 3.677446e+00 2.000000e-01
      vertex   -8.197897e+00 2.078288e+00 2.000000e-01
      vertex   -8.257803e+00 2.098387e+00 2.000000e-01
    endloop
  endfacet
  facet normal 0.000000e+00 0.000000e+00 -1.000000e+00
    outer loop
      vertex   -7.615851e+00 3.677446e+00 2.000000e-01
      vertex   -8.257803e+00 2.098387e+00 2.000000e-01
      vertex   -8.309931e+00 2.120719e+00 2.000000e-01
    endloop
  endfacet
  facet normal 0.000000e+00 0.000000e+00 -1.000000e+00
    outer loop
      vertex   -8.197897e+00 2.078288e+00 2.000000e-01
      vertex   -8.222254e+00 2.085370e+00 2.000000e-01
      vertex   -8.257803e+00 2.098387e+00 2.000000e-01
    endloop
  endfacet
  facet normal 0.000000e+00 0.000000e+00 -1.000000e+00
    outer loop
      vertex   -8.309931e+00 2.120719e+00 2.000000e-01
      vertex   -8.343895e+00 2.136434e+00 2.000000e-01
      vertex   -7.615851e+00 3.677446e+00 2.000000e-01
    endloop
  endfacet
  facet normal -0.000000e+00 0.000000e+00 -1.000000e+00
    outer loop
      vertex   -7.615851e+00 3.677446e+00 2.000000e-01
      vertex   -8.343895e+00 2.136434e+00 2.000000e-01
      vertex   -7.683267e+00 3.704452e+00 2.000000e-01
    endloop
  endfacet
  facet normal -0.000000e+00 0.000000e+00 -1.000000e+00
    outer loop
      vertex   -7.683267e+00 3.704452e+00 2.000000e-01
      vertex   -8.343895e+00 2.136434e+00 2.000000e-01
      vertex   -7.761358e+00 3.727506e+00 2.000000e-01
    endloop
  endfacet
  facet normal 0.000000e+00 0.000000e+00 -1.000000e+00
    outer loop
      vertex   -7.761358e+00 3.727506e+00 2.000000e-01
      vertex   -8.343895e+00 2.136434e+00 2.000000e-01
      vertex   -8.392979e+00 2.160404e+00 2.000000e-01
    endloop
  endfacet
  facet normal -0.000000e+00 0.000000e+00 -1.000000e+00
    outer loop
      vertex   -7.761358e+00 3.727506e+00 2.000000e-01
      vertex   -8.392979e+00 2.160404e+00 2.000000e-01
      vertex   -7.928981e+00 3.762507e+00 2.000000e-01
    endloop
  endfacet
  facet normal 0.000000e+00 0.000000e+00 -1.000000e+00
    outer loop
      vertex   -7.928981e+00 3.762507e+00 2.000000e-01
      vertex   -8.392979e+00 2.160404e+00 2.000000e-01
      vertex   -8.472197e+00 2.202944e+00 2.000000e-01
    endloop
  endfacet
  facet normal 0.000000e+00 0.000000e+00 -1.000000e+00
    outer loop
      vertex   -7.928981e+00 3.762507e+00 2.000000e-01
      vertex   -8.472197e+00 2.202944e+00 2.000000e-01
      vertex   -8.578875e+00 2.267044e+00 2.000000e-01
    endloop
  endfacet
  facet normal -0.000000e+00 0.000000e+00 -1.000000e+00
    outer loop
      vertex   -7.928981e+00 3.762507e+00 2.000000e-01
      vertex   -8.578875e+00 2.267044e+00 2.000000e-01
      vertex   -8.090182e+00 3.785199e+00 2.000000e-01
    endloop
  endfacet
  facet normal 0.000000e+00 0.000000e+00 -1.000000e+00
    outer loop
      vertex   -8.090182e+00 3.785199e+00 2.000000e-01
      vertex   -8.578875e+00 2.267044e+00 2.000000e-01
      vertex   -8.709970e+00 2.355524e+00 2.000000e-01
    endloop
  endfacet
  facet normal -0.000000e+00 0.000000e+00 -1.000000e+00
    outer loop
      vertex   -8.090182e+00 3.785199e+00 2.000000e-01
      vertex   -8.709970e+00 2.355524e+00 2.000000e-01
      vertex   -8.183258e+00 3.794055e+00 2.000000e-01
    endloop
  endfacet
  facet normal -0.000000e+00 0.000000e+00 -1.000000e+00
    outer loop
      vertex   -8.183258e+00 3.794055e+00 2.000000e-01
      vertex   -8.709970e+00 2.355524e+00 2.000000e-01
      vertex   -8.288111e+00 3.800620e+00 2.000000e-01
    endloop
  endfacet
  facet normal 0.000000e+00 0.000000e+00 -1.000000e+00
    outer loop
      vertex   -8.288111e+00 3.800620e+00 2.000000e-01
      vertex   -8.709970e+00 2.355524e+00 2.000000e-01
      vertex   -8.862440e+00 2.471204e+00 2.000000e-01
    endloop
  endfacet
  facet normal -0.000000e+00 0.000000e+00 -1.000000e+00
    outer loop
      vertex   -8.288111e+00 3.800620e+00 2.000000e-01
      vertex   -8.862440e+00 2.471204e+00 2.000000e-01
      vertex   -8.530326e+00 3.803774e+00 2.000000e-01
    endloop
  endfacet
  facet normal 0.000000e+00 0.000000e+00 -1.000000e+00
    outer loop
      vertex   -8.530326e+00 3.803774e+00 2.000000e-01
      vertex   -8.862440e+00 2.471204e+00 2.000000e-01
      vertex   -9.031179e+00 2.615043e+00 2.000000e-01
    endloop
  endfacet
  facet normal 0.000000e+00 0.000000e+00 -1.000000e+00
    outer loop
      vertex   -8.530326e+00 3.803774e+00 2.000000e-01
      vertex   -9.031179e+00 2.615043e+00 2.000000e-01
      vertex   -8.781497e+00 3.791398e+00 2.000000e-01
    endloop
  endfacet
  facet normal 0.000000e+00 0.000000e+00 -1.000000e+00
    outer loop
      vertex   -8.781497e+00 3.791398e+00 2.000000e-01
      vertex   -9.031179e+00 2.615043e+00 2.000000e-01
      vertex   -9.196708e+00 2.772645e+00 2.000000e-01
    endloop
  endfacet
  facet normal 0.000000e+00 0.000000e+00 -1.000000e+00
    outer loop
      vertex   -8.781497e+00 3.791398e+00 2.000000e-01
      vertex   -9.196708e+00 2.772645e+00 2.000000e-01
      vertex   -9.032216e+00 3.764777e+00 2.000000e-01
    endloop
  endfacet
  facet normal 0.000000e+00 0.000000e+00 -1.000000e+00
    outer loop
      vertex   -9.032216e+00 3.764777e+00 2.000000e-01
      vertex   -9.196708e+00 2.772645e+00 2.000000e-01
      vertex   -9.354414e+00 2.938718e+00 2.000000e-01
    endloop
  endfacet
  facet normal 0.000000e+00 0.000000e+00 -1.000000e+00
    outer loop
      vertex   -9.032216e+00 3.764777e+00 2.000000e-01
      vertex   -9.354414e+00 2.938718e+00 2.000000e-01
      vertex   -9.433641e+00 3.317592e+00 2.000000e-01
    endloop
  endfacet
  facet normal 0.000000e+00 -0.000000e+00 -1.000000e+00
    outer loop
      vertex   -9.433641e+00 3.317592e+00 2.000000e-01
      vertex   -9.354414e+00 2.938718e+00 2.000000e-01
      vertex   -9.503706e+00 3.111202e+00 2.000000e-01
    endloop
  endfacet
  facet normal 0.000000e+00 0.000000e+00 -1.000000e+00
    outer loop
      vertex   -9.433641e+00 3.317592e+00 2.000000e-01
      vertex   -9.359095e+00 3.522405e+00 2.000000e-01
      vertex   -9.032216e+00 3.764777e+00 2.000000e-01
    endloop
  endfacet
  facet normal 0.000000e+00 0.000000e+00 -1.000000e+00
    outer loop
      vertex   -9.032216e+00 3.764777e+00 2.000000e-01
      vertex   -9.359095e+00 3.522405e+00 2.000000e-01
      vertex   -9.280103e+00 3.725545e+00 2.000000e-01
    endloop
  endfacet
  facet normal 0.000000e+00 0.000000e+00 -1.000000e+00
    outer loop
      vertex   -6.796322e+00 3.752965e+00 2.000000e-01
      vertex   -6.722283e+00 3.854999e+00 2.000000e-01
      vertex   -3.175426e+00 -7.783170e-15 2.000000e-01
    endloop
  endfacet
  facet normal 0.000000e+00 0.000000e+00 -1.000000e+00
    outer loop
      vertex   -6.707232e+00 3.881126e+00 2.000000e-01
      vertex   -6.699668e+00 3.894168e+00 2.000000e-01
      vertex   -1.587713e+00 2.750000e+00 2.000000e-01
    endloop
  endfacet
  facet normal 0.000000e+00 0.000000e+00 -1.000000e+00
    outer loop
      vertex   -1.587713e+00 2.750000e+00 2.000000e-01
      vertex   -6.699668e+00 3.894168e+00 2.000000e-01
      vertex   -6.648324e+00 4.009305e+00 2.000000e-01
    endloop
  endfacet
  facet normal 0.000000e+00 0.000000e+00 -1.000000e+00
    outer loop
      vertex   -1.587713e+00 2.750000e+00 2.000000e-01
      vertex   -6.648324e+00 4.009305e+00 2.000000e-01
      vertex   -5.102864e+00 5.851112e+00 2.000000e-01
    endloop
  endfacet
  facet normal 0.000000e+00 0.000000e+00 -1.000000e+00
    outer loop
      vertex   -5.102864e+00 5.851112e+00 2.000000e-01
      vertex   -6.648324e+00 4.009305e+00 2.000000e-01
      vertex   -6.622612e+00 4.132722e+00 2.000000e-01
    endloop
  endfacet
  facet normal 0.000000e+00 0.000000e+00 -1.000000e+00
    outer loop
      vertex   -5.102864e+00 5.851112e+00 2.000000e-01
      vertex   -6.622612e+00 4.132722e+00 2.000000e-01
      vertex   -5.219941e+00 5.804360e+00 2.000000e-01
    endloop
  endfacet
  facet normal 0.000000e+00 0.000000e+00 -1.000000e+00
    outer loop
      vertex   -5.219941e+00 5.804360e+00 2.000000e-01
      vertex   -6.622612e+00 4.132722e+00 2.000000e-01
      vertex   -6.623707e+00 4.258784e+00 2.000000e-01
    endloop
  endfacet
  facet normal 0.000000e+00 0.000000e+00 -1.000000e+00
    outer loop
      vertex   -5.219941e+00 5.804360e+00 2.000000e-01
      vertex   -6.623707e+00 4.258784e+00 2.000000e-01
      vertex   -5.344278e+00 5.783548e+00 2.000000e-01
    endloop
  endfacet
  facet normal 0.000000e+00 0.000000e+00 -1.000000e+00
    outer loop
      vertex   -5.344278e+00 5.783548e+00 2.000000e-01
      vertex   -6.623707e+00 4.258784e+00 2.000000e-01
      vertex   -6.651559e+00 4.381736e+00 2.000000e-01
    endloop
  endfacet
  facet normal -0.000000e+00 0.000000e+00 -1.000000e+00
    outer loop
      vertex   -5.344278e+00 5.783548e+00 2.000000e-01
      vertex   -6.651559e+00 4.381736e+00 2.000000e-01
      vertex   -5.470199e+00 5.789626e+00 2.000000e-01
    endloop
  endfacet
  facet normal 0.000000e+00 0.000000e+00 -1.000000e+00
    outer loop
      vertex   -5.470199e+00 5.789626e+00 2.000000e-01
      vertex   -6.651559e+00 4.381736e+00 2.000000e-01
      vertex   -6.704896e+00 4.495964e+00 2.000000e-01
    endloop
  endfacet
  facet normal -0.000000e+00 0.000000e+00 -1.000000e+00
    outer loop
      vertex   -5.470199e+00 5.789626e+00 2.000000e-01
      vertex   -6.704896e+00 4.495964e+00 2.000000e-01
      vertex   -5.591953e+00 5.822318e+00 2.000000e-01
    endloop
  endfacet
  facet normal 0.000000e+00 0.000000e+00 -1.000000e+00
    outer loop
      vertex   -5.591953e+00 5.822318e+00 2.000000e-01
      vertex   -6.704896e+00 4.495964e+00 2.000000e-01
      vertex   -6.781283e+00 4.596253e+00 2.000000e-01
    endloop
  endfacet
  facet normal -0.000000e+00 0.000000e+00 -1.000000e+00
    outer loop
      vertex   -5.591953e+00 5.822318e+00 2.000000e-01
      vertex   -6.781283e+00 4.596253e+00 2.000000e-01
      vertex   -5.703983e+00 5.880129e+00 2.000000e-01
    endloop
  endfacet
  facet normal 0.000000e+00 0.000000e+00 -1.000000e+00
    outer loop
      vertex   -5.703983e+00 5.880129e+00 2.000000e-01
      vertex   -6.781283e+00 4.596253e+00 2.000000e-01
      vertex   -6.877233e+00 4.678024e+00 2.000000e-01
    endloop
  endfacet
  facet normal -0.000000e+00 0.000000e+00 -1.000000e+00
    outer loop
      vertex   -5.703983e+00 5.880129e+00 2.000000e-01
      vertex   -6.877233e+00 4.678024e+00 2.000000e-01
      vertex   -5.801173e+00 5.960422e+00 2.000000e-01
    endloop
  endfacet
  facet normal 0.000000e+00 0.000000e+00 -1.000000e+00
    outer loop
      vertex   -5.801173e+00 5.960422e+00 2.000000e-01
      vertex   -6.877233e+00 4.678024e+00 2.000000e-01
      vertex   -6.992687e+00 4.756798e+00 2.000000e-01
    endloop
  endfacet
  facet normal -0.000000e+00 0.000000e+00 -1.000000e+00
    outer loop
      vertex   -5.801173e+00 5.960422e+00 2.000000e-01
      vertex   -6.992687e+00 4.756798e+00 2.000000e-01
      vertex   -5.898799e+00 6.060443e+00 2.000000e-01
    endloop
  endfacet
  facet normal 0.000000e+00 0.000000e+00 -1.000000e+00
    outer loop
      vertex   -5.898799e+00 6.060443e+00 2.000000e-01
      vertex   -6.992687e+00 4.756798e+00 2.000000e-01
      vertex   -7.042106e+00 4.796174e+00 2.000000e-01
    endloop
  endfacet
  facet normal 0.000000e+00 0.000000e+00 -1.000000e+00
    outer loop
      vertex   -5.898799e+00 6.060443e+00 2.000000e-01
      vertex   -7.042106e+00 4.796174e+00 2.000000e-01
      vertex   -7.083452e+00 4.834988e+00 2.000000e-01
    endloop
  endfacet
  facet normal 0.000000e+00 0.000000e+00 -1.000000e+00
    outer loop
      vertex   -6.992687e+00 4.756798e+00 2.000000e-01
      vertex   -7.013153e+00 4.771784e+00 2.000000e-01
      vertex   -7.042106e+00 4.796174e+00 2.000000e-01
    endloop
  endfacet
  facet normal 0.000000e+00 0.000000e+00 -1.000000e+00
    outer loop
      vertex   -7.083452e+00 4.834988e+00 2.000000e-01
      vertex   -7.109993e+00 4.861371e+00 2.000000e-01
      vertex   -5.898799e+00 6.060443e+00 2.000000e-01
    endloop
  endfacet
  facet normal 2.693737e-16 -2.720970e-16 -1.000000e+00
    outer loop
      vertex   -5.898799e+00 6.060443e+00 2.000000e-01
      vertex   -7.109993e+00 4.861371e+00 2.000000e-01
      vertex   -5.952912e+00 6.108878e+00 2.000000e-01
    endloop
  endfacet
  facet normal -2.612435e-16 2.200585e-16 -1.000000e+00
    outer loop
      vertex   -5.952912e+00 6.108878e+00 2.000000e-01
      vertex   -7.109993e+00 4.861371e+00 2.000000e-01
      vertex   -6.018409e+00 6.157251e+00 2.000000e-01
    endloop
  endfacet
  facet normal 0.000000e+00 0.000000e+00 -1.000000e+00
    outer loop
      vertex   -6.018409e+00 6.157251e+00 2.000000e-01
      vertex   -7.109993e+00 4.861371e+00 2.000000e-01
      vertex   -7.147919e+00 4.900684e+00 2.000000e-01
    endloop
  endfacet
  facet normal 0.000000e+00 0.000000e+00 -1.000000e+00
    outer loop
      vertex   -6.018409e+00 6.157251e+00 2.000000e-01
      vertex   -7.147919e+00 4.900684e+00 2.000000e-01
      vertex   -7.207810e+00 4.967752e+00 2.000000e-01
    endloop
  endfacet
  facet normal -0.000000e+00 0.000000e+00 -1.000000e+00
    outer loop
      vertex   -6.018409e+00 6.157251e+00 2.000000e-01
      vertex   -7.207810e+00 4.967752e+00 2.000000e-01
      vertex   -6.163951e+00 6.247472e+00 2.000000e-01
    endloop
  endfacet
  facet normal 0.000000e+00 0.000000e+00 -1.000000e+00
    outer loop
      vertex   -6.163951e+00 6.247472e+00 2.000000e-01
      vertex   -7.207810e+00 4.967752e+00 2.000000e-01
      vertex   -7.286131e+00 5.064473e+00 2.000000e-01
    endloop
  endfacet
  facet normal -0.000000e+00 0.000000e+00 -1.000000e+00
    outer loop
      vertex   -6.163951e+00 6.247472e+00 2.000000e-01
      vertex   -7.286131e+00 5.064473e+00 2.000000e-01
      vertex   -6.307670e+00 6.323929e+00 2.000000e-01
    endloop
  endfacet
  facet normal 0.000000e+00 0.000000e+00 -1.000000e+00
    outer loop
      vertex   -6.307670e+00 6.323929e+00 2.000000e-01
      vertex   -7.286131e+00 5.064473e+00 2.000000e-01
      vertex   -7.379058e+00 5.192454e+00 2.000000e-01
    endloop
  endfacet
  facet normal -0.000000e+00 0.000000e+00 -1.000000e+00
    outer loop
      vertex   -6.307670e+00 6.323929e+00 2.000000e-01
      vertex   -7.379058e+00 5.192454e+00 2.000000e-01
      vertex   -6.392104e+00 6.364085e+00 2.000000e-01
    endloop
  endfacet
  facet normal -0.000000e+00 0.000000e+00 -1.000000e+00
    outer loop
      vertex   -6.392104e+00 6.364085e+00 2.000000e-01
      vertex   -7.379058e+00 5.192454e+00 2.000000e-01
      vertex   -6.488389e+00 6.406116e+00 2.000000e-01
    endloop
  endfacet
  facet normal 0.000000e+00 0.000000e+00 -1.000000e+00
    outer loop
      vertex   -6.488389e+00 6.406116e+00 2.000000e-01
      vertex   -7.379058e+00 5.192454e+00 2.000000e-01
      vertex   -7.482768e+00 5.353305e+00 2.000000e-01
    endloop
  endfacet
  facet normal -0.000000e+00 0.000000e+00 -1.000000e+00
    outer loop
      vertex   -6.488389e+00 6.406116e+00 2.000000e-01
      vertex   -7.482768e+00 5.353305e+00 2.000000e-01
      vertex   -6.714917e+00 6.491922e+00 2.000000e-01
    endloop
  endfacet
  facet normal 1.159200e-16 -7.817318e-17 -1.000000e+00
    outer loop
      vertex   -6.714917e+00 6.491922e+00 2.000000e-01
      vertex   -7.482768e+00 5.353305e+00 2.000000e-01
      vertex   -7.592134e+00 5.546182e+00 2.000000e-01
    endloop
  endfacet
  facet normal 7.051087e-18 2.280779e-17 -1.000000e+00
    outer loop
      vertex   -6.714917e+00 6.491922e+00 2.000000e-01
      vertex   -7.592134e+00 5.546182e+00 2.000000e-01
      vertex   -6.955174e+00 6.566198e+00 2.000000e-01
    endloop
  endfacet
  facet normal -9.667685e-17 8.758190e-17 -1.000000e+00
    outer loop
      vertex   -6.955174e+00 6.566198e+00 2.000000e-01
      vertex   -7.592134e+00 5.546182e+00 2.000000e-01
      vertex   -7.693778e+00 5.750893e+00 2.000000e-01
    endloop
  endfacet
  facet normal 0.000000e+00 0.000000e+00 -1.000000e+00
    outer loop
      vertex   -6.955174e+00 6.566198e+00 2.000000e-01
      vertex   -7.693778e+00 5.750893e+00 2.000000e-01
      vertex   -7.785173e+00 5.960890e+00 2.000000e-01
    endloop
  endfacet
  facet normal 0.000000e+00 0.000000e+00 -1.000000e+00
    outer loop
      vertex   -7.866468e+00 6.174033e+00 2.000000e-01
      vertex   -7.730040e+00 6.344012e+00 2.000000e-01
      vertex   -7.785173e+00 5.960890e+00 2.000000e-01
    endloop
  endfacet
  facet normal 0.000000e+00 0.000000e+00 -1.000000e+00
    outer loop
      vertex   -7.785173e+00 5.960890e+00 2.000000e-01
      vertex   -7.730040e+00 6.344012e+00 2.000000e-01
      vertex   -7.199877e+00 6.626934e+00 2.000000e-01
    endloop
  endfacet
  facet normal 0.000000e+00 0.000000e+00 -1.000000e+00
    outer loop
      vertex   -7.785173e+00 5.960890e+00 2.000000e-01
      vertex   -7.199877e+00 6.626934e+00 2.000000e-01
      vertex   -6.955174e+00 6.566198e+00 2.000000e-01
    endloop
  endfacet
  facet normal 0.000000e+00 0.000000e+00 -1.000000e+00
    outer loop
      vertex   -7.730040e+00 6.344012e+00 2.000000e-01
      vertex   -7.589939e+00 6.510977e+00 2.000000e-01
      vertex   -7.199877e+00 6.626934e+00 2.000000e-01
    endloop
  endfacet
  facet normal -0.000000e+00 0.000000e+00 -1.000000e+00
    outer loop
      vertex   -7.199877e+00 6.626934e+00 2.000000e-01
      vertex   -7.589939e+00 6.510977e+00 2.000000e-01
      vertex   -7.446233e+00 6.674849e+00 2.000000e-01
    endloop
  endfacet
  facet normal 0.000000e+00 0.000000e+00 -1.000000e+00
    outer loop
      vertex   -5.102864e+00 5.851112e+00 2.000000e-01
      vertex   -4.998392e+00 5.921670e+00 2.000000e-01
      vertex   -1.587713e+00 2.750000e+00 2.000000e-01
    endloop
  endfacet
  facet normal 0.000000e+00 0.000000e+00 -1.000000e+00
    outer loop
      vertex   -1.587713e+00 2.750000e+00 2.000000e-01
      vertex   -4.998392e+00 5.921670e+00 2.000000e-01
      vertex   -4.986862e+00 5.931383e+00 2.000000e-01
    endloop
  endfacet
  facet normal 0.000000e+00 0.000000e+00 -1.000000e+00
    outer loop
      vertex   -1.587713e+00 2.750000e+00 2.000000e-01
      vertex   -4.986862e+00 5.931383e+00 2.000000e-01
      vertex   -4.975313e+00 5.941074e+00 2.000000e-01
    endloop
  endfacet
  facet normal 0.000000e+00 0.000000e+00 -1.000000e+00
    outer loop
      vertex   -4.975313e+00 5.941074e+00 2.000000e-01
      vertex   -4.963745e+00 5.950742e+00 2.000000e-01
      vertex   -1.587713e+00 2.750000e+00 2.000000e-01
    endloop
  endfacet
  facet normal 0.000000e+00 0.000000e+00 -1.000000e+00
    outer loop
      vertex   -1.587713e+00 2.750000e+00 2.000000e-01
      vertex   -4.963745e+00 5.950742e+00 2.000000e-01
      vertex   -4.876117e+00 6.041375e+00 2.000000e-01
    endloop
  endfacet
  facet normal 0.000000e+00 0.000000e+00 -1.000000e+00
    outer loop
      vertex   -1.587713e+00 2.750000e+00 2.000000e-01
      vertex   -4.876117e+00 6.041375e+00 2.000000e-01
      vertex   -4.809745e+00 6.148555e+00 2.000000e-01
    endloop
  endfacet
  facet normal 0.000000e+00 -0.000000e+00 -1.000000e+00
    outer loop
      vertex   -4.767658e+00 6.267389e+00 2.000000e-01
      vertex   -2.919932e+00 7.239639e+00 2.000000e-01
      vertex   -4.809745e+00 6.148555e+00 2.000000e-01
    endloop
  endfacet
  facet normal 0.000000e+00 0.000000e+00 -1.000000e+00
    outer loop
      vertex   -4.809745e+00 6.148555e+00 2.000000e-01
      vertex   -2.919932e+00 7.239639e+00 2.000000e-01
      vertex   -2.793926e+00 7.243529e+00 2.000000e-01
    endloop
  endfacet
  facet normal 0.000000e+00 0.000000e+00 -1.000000e+00
    outer loop
      vertex   -4.809745e+00 6.148555e+00 2.000000e-01
      vertex   -2.793926e+00 7.243529e+00 2.000000e-01
      vertex   -1.587713e+00 2.750000e+00 2.000000e-01
    endloop
  endfacet
  facet normal 0.000000e+00 0.000000e+00 -1.000000e+00
    outer loop
      vertex   -1.587713e+00 2.750000e+00 2.000000e-01
      vertex   -2.793926e+00 7.243529e+00 2.000000e-01
      vertex   -2.671622e+00 7.274101e+00 2.000000e-01
    endloop
  endfacet
  facet normal 0.000000e+00 0.000000e+00 -1.000000e+00
    outer loop
      vertex   -1.587713e+00 2.750000e+00 2.000000e-01
      vertex   -2.671622e+00 7.274101e+00 2.000000e-01
      vertex   -2.657465e+00 7.279284e+00 2.000000e-01
    endloop
  endfacet
  facet normal -0.000000e+00 0.000000e+00 -1.000000e+00
    outer loop
      vertex   -2.919932e+00 7.239639e+00 2.000000e-01
      vertex   -4.767658e+00 6.267389e+00 2.000000e-01
      vertex   -3.043889e+00 7.262608e+00 2.000000e-01
    endloop
  endfacet
  facet normal 0.000000e+00 0.000000e+00 -1.000000e+00
    outer loop
      vertex   -3.043889e+00 7.262608e+00 2.000000e-01
      vertex   -4.767658e+00 6.267389e+00 2.000000e-01
      vertex   -4.751779e+00 6.392452e+00 2.000000e-01
    endloop
  endfacet
  facet normal -0.000000e+00 0.000000e+00 -1.000000e+00
    outer loop
      vertex   -3.043889e+00 7.262608e+00 2.000000e-01
      vertex   -4.751779e+00 6.392452e+00 2.000000e-01
      vertex   -3.160137e+00 7.311387e+00 2.000000e-01
    endloop
  endfacet
  facet normal 0.000000e+00 0.000000e+00 -1.000000e+00
    outer loop
      vertex   -3.160137e+00 7.311387e+00 2.000000e-01
      vertex   -4.751779e+00 6.392452e+00 2.000000e-01
      vertex   -4.762831e+00 6.518034e+00 2.000000e-01
    endloop
  endfacet
  facet normal -0.000000e+00 0.000000e+00 -1.000000e+00
    outer loop
      vertex   -3.160137e+00 7.311387e+00 2.000000e-01
      vertex   -4.762831e+00 6.518034e+00 2.000000e-01
      vertex   -3.263367e+00 7.383749e+00 2.000000e-01
    endloop
  endfacet
  facet normal 0.000000e+00 0.000000e+00 -1.000000e+00
    outer loop
      vertex   -3.263367e+00 7.383749e+00 2.000000e-01
      vertex   -4.762831e+00 6.518034e+00 2.000000e-01
      vertex   -4.800311e+00 6.638400e+00 2.000000e-01
    endloop
  endfacet
  facet normal -0.000000e+00 0.000000e+00 -1.000000e+00
    outer loop
      vertex   -3.263367e+00 7.383749e+00 2.000000e-01
      vertex   -4.800311e+00 6.638400e+00 2.000000e-01
      vertex   -3.348868e+00 7.476391e+00 2.000000e-01
    endloop
  endfacet
  facet normal 0.000000e+00 0.000000e+00 -1.000000e+00
    outer loop
      vertex   -3.348868e+00 7.476391e+00 2.000000e-01
      vertex   -4.800311e+00 6.638400e+00 2.000000e-01
      vertex   -4.862507e+00 6.748057e+00 2.000000e-01
    endloop
  endfacet
  facet normal -0.000000e+00 0.000000e+00 -1.000000e+00
    outer loop
      vertex   -3.348868e+00 7.476391e+00 2.000000e-01
      vertex   -4.862507e+00 6.748057e+00 2.000000e-01
      vertex   -3.412735e+00 7.585083e+00 2.000000e-01
    endloop
  endfacet
  facet normal 0.000000e+00 0.000000e+00 -1.000000e+00
    outer loop
      vertex   -3.412735e+00 7.585083e+00 2.000000e-01
      vertex   -4.862507e+00 6.748057e+00 2.000000e-01
      vertex   -4.944056e+00 6.861568e+00 2.000000e-01
    endloop
  endfacet
  facet normal -0.000000e+00 0.000000e+00 -1.000000e+00
    outer loop
      vertex   -3.412735e+00 7.585083e+00 2.000000e-01
      vertex   -4.944056e+00 6.861568e+00 2.000000e-01
      vertex   -3.470264e+00 7.712462e+00 2.000000e-01
    endloop
  endfacet
  facet normal 0.000000e+00 0.000000e+00 -1.000000e+00
    outer loop
      vertex   -3.470264e+00 7.712462e+00 2.000000e-01
      vertex   -4.944056e+00 6.861568e+00 2.000000e-01
      vertex   -4.977027e+00 6.915472e+00 2.000000e-01
    endloop
  endfacet
  facet normal 0.000000e+00 0.000000e+00 -1.000000e+00
    outer loop
      vertex   -3.470264e+00 7.712462e+00 2.000000e-01
      vertex   -4.977027e+00 6.915472e+00 2.000000e-01
      vertex   -5.002604e+00 6.966085e+00 2.000000e-01
    endloop
  endfacet
  facet normal 0.000000e+00 0.000000e+00 -1.000000e+00
    outer loop
      vertex   -4.944056e+00 6.861568e+00 2.000000e-01
      vertex   -4.958162e+00 6.882650e+00 2.000000e-01
      vertex   -4.977027e+00 6.915472e+00 2.000000e-01
    endloop
  endfacet
  facet normal 0.000000e+00 0.000000e+00 -1.000000e+00
    outer loop
      vertex   -5.002604e+00 6.966085e+00 2.000000e-01
      vertex   -5.018521e+00 6.999955e+00 2.000000e-01
      vertex   -3.470264e+00 7.712462e+00 2.000000e-01
    endloop
  endfacet
  facet normal -0.000000e+00 0.000000e+00 -1.000000e+00
    outer loop
      vertex   -3.470264e+00 7.712462e+00 2.000000e-01
      vertex   -5.018521e+00 6.999955e+00 2.000000e-01
      vertex   -3.504548e+00 7.776483e+00 2.000000e-01
    endloop
  endfacet
  facet normal -0.000000e+00 0.000000e+00 -1.000000e+00
    outer loop
      vertex   -3.504548e+00 7.776483e+00 2.000000e-01
      vertex   -5.018521e+00 6.999955e+00 2.000000e-01
      vertex   -3.549551e+00 7.844340e+00 2.000000e-01
    endloop
  endfacet
  facet normal 7.637281e-16 -1.328652e-15 -1.000000e+00
    outer loop
      vertex   -3.549551e+00 7.844340e+00 2.000000e-01
      vertex   -5.018521e+00 6.999955e+00 2.000000e-01
      vertex   -5.040714e+00 7.049869e+00 2.000000e-01
    endloop
  endfacet
  facet normal 3.934221e-17 3.096534e-17 -1.000000e+00
    outer loop
      vertex   -3.549551e+00 7.844340e+00 2.000000e-01
      vertex   -5.040714e+00 7.049869e+00 2.000000e-01
      vertex   -3.655458e+00 7.978898e+00 2.000000e-01
    endloop
  endfacet
  facet normal -4.800709e-16 8.054508e-16 -1.000000e+00
    outer loop
      vertex   -3.655458e+00 7.978898e+00 2.000000e-01
      vertex   -5.040714e+00 7.049869e+00 2.000000e-01
      vertex   -5.074054e+00 7.133376e+00 2.000000e-01
    endloop
  endfacet
  facet normal 0.000000e+00 0.000000e+00 -1.000000e+00
    outer loop
      vertex   -3.655458e+00 7.978898e+00 2.000000e-01
      vertex   -5.074054e+00 7.133376e+00 2.000000e-01
      vertex   -5.114572e+00 7.251051e+00 2.000000e-01
    endloop
  endfacet
  facet normal -0.000000e+00 0.000000e+00 -1.000000e+00
    outer loop
      vertex   -3.655458e+00 7.978898e+00 2.000000e-01
      vertex   -5.114572e+00 7.251051e+00 2.000000e-01
      vertex   -3.764360e+00 8.099899e+00 2.000000e-01
    endloop
  endfacet
  facet normal 0.000000e+00 0.000000e+00 -1.000000e+00
    outer loop
      vertex   -3.764360e+00 8.099899e+00 2.000000e-01
      vertex   -5.114572e+00 7.251051e+00 2.000000e-01
      vertex   -5.158122e+00 7.403098e+00 2.000000e-01
    endloop
  endfacet
  facet normal -0.000000e+00 0.000000e+00 -1.000000e+00
    outer loop
      vertex   -3.764360e+00 8.099899e+00 2.000000e-01
      vertex   -5.158122e+00 7.403098e+00 2.000000e-01
      vertex   -3.829968e+00 8.166512e+00 2.000000e-01
    endloop
  endfacet
  facet normal -0.000000e+00 0.000000e+00 -1.000000e+00
    outer loop
      vertex   -3.829968e+00 8.166512e+00 2.000000e-01
      vertex   -5.158122e+00 7.403098e+00 2.000000e-01
      vertex   -3.906070e+00 8.238939e+00 2.000000e-01
    endloop
  endfacet
  facet normal 0.000000e+00 0.000000e+00 -1.000000e+00
    outer loop
      vertex   -3.906070e+00 8.238939e+00 2.000000e-01
      vertex   -5.158122e+00 7.403098e+00 2.000000e-01
      vertex   -5.200563e+00 7.589719e+00 2.000000e-01
    endloop
  endfacet
  facet normal -0.000000e+00 0.000000e+00 -1.000000e+00
    outer loop
      vertex   -3.906070e+00 8.238939e+00 2.000000e-01
      vertex   -5.200563e+00 7.589719e+00 2.000000e-01
      vertex   -4.089590e+00 8.397048e+00 2.000000e-01
    endloop
  endfacet
  facet normal 0.000000e+00 0.000000e+00 -1.000000e+00
    outer loop
      vertex   -4.089590e+00 8.397048e+00 2.000000e-01
      vertex   -5.200563e+00 7.589719e+00 2.000000e-01
      vertex   -5.237367e+00 7.808369e+00 2.000000e-01
    endloop
  endfacet
  facet normal -0.000000e+00 0.000000e+00 -1.000000e+00
    outer loop
      vertex   -4.089590e+00 8.397048e+00 2.000000e-01
      vertex   -5.237367e+00 7.808369e+00 2.000000e-01
      vertex   -4.289953e+00 8.549017e+00 2.000000e-01
    endloop
  endfacet
  facet normal 0.000000e+00 0.000000e+00 -1.000000e+00
    outer loop
      vertex   -4.289953e+00 8.549017e+00 2.000000e-01
      vertex   -5.237367e+00 7.808369e+00 2.000000e-01
      vertex   -5.262865e+00 8.035499e+00 2.000000e-01
    endloop
  endfacet
  facet normal 0.000000e+00 0.000000e+00 -1.000000e+00
    outer loop
      vertex   -4.289953e+00 8.549017e+00 2.000000e-01
      vertex   -5.262865e+00 8.035499e+00 2.000000e-01
      vertex   -5.276925e+00 8.264090e+00 2.000000e-01
    endloop
  endfacet
  facet normal 0.000000e+00 0.000000e+00 -1.000000e+00
    outer loop
      vertex   -5.280418e+00 8.492184e+00 2.000000e-01
      vertex   -5.094082e+00 8.605250e+00 2.000000e-01
      vertex   -5.276925e+00 8.264090e+00 2.000000e-01
    endloop
  endfacet
  facet normal 0.000000e+00 0.000000e+00 -1.000000e+00
    outer loop
      vertex   -5.276925e+00 8.264090e+00 2.000000e-01
      vertex   -5.094082e+00 8.605250e+00 2.000000e-01
      vertex   -4.499127e+00 8.689784e+00 2.000000e-01
    endloop
  endfacet
  facet normal 0.000000e+00 0.000000e+00 -1.000000e+00
    outer loop
      vertex   -5.276925e+00 8.264090e+00 2.000000e-01
      vertex   -4.499127e+00 8.689784e+00 2.000000e-01
      vertex   -4.289953e+00 8.549017e+00 2.000000e-01
    endloop
  endfacet
  facet normal 0.000000e+00 0.000000e+00 -1.000000e+00
    outer loop
      vertex   -5.094082e+00 8.605250e+00 2.000000e-01
      vertex   -4.905325e+00 8.714229e+00 2.000000e-01
      vertex   -4.499127e+00 8.689784e+00 2.000000e-01
    endloop
  endfacet
  facet normal 0.000000e+00 0.000000e+00 -1.000000e+00
    outer loop
      vertex   -4.499127e+00 8.689784e+00 2.000000e-01
      vertex   -4.905325e+00 8.714229e+00 2.000000e-01
      vertex   -4.714237e+00 8.819068e+00 2.000000e-01
    endloop
  endfacet
  facet normal 0.000000e+00 0.000000e+00 -1.000000e+00
    outer loop
      vertex   -2.657465e+00 7.279284e+00 2.000000e-01
      vertex   -2.643298e+00 7.284441e+00 2.000000e-01
      vertex   -1.587713e+00 2.750000e+00 2.000000e-01
    endloop
  endfacet
  facet normal 0.000000e+00 0.000000e+00 -1.000000e+00
    outer loop
      vertex   -1.587713e+00 2.750000e+00 2.000000e-01
      vertex   -2.643298e+00 7.284441e+00 2.000000e-01
      vertex   -2.629121e+00 7.289570e+00 2.000000e-01
    endloop
  endfacet
  facet normal 0.000000e+00 0.000000e+00 -1.000000e+00
    outer loop
      vertex   -1.587713e+00 2.750000e+00 2.000000e-01
      vertex   -2.629121e+00 7.289570e+00 2.000000e-01
      vertex   -2.515780e+00 7.344766e+00 2.000000e-01
    endloop
  endfacet
  facet normal 0.000000e+00 0.000000e+00 -1.000000e+00
    outer loop
      vertex   -1.587713e+00 2.750000e+00 2.000000e-01
      vertex   -2.515780e+00 7.344766e+00 2.000000e-01
      vertex   -1.479983e-01 7.762270e+00 2.000000e-01
    endloop
  endfacet
  facet normal 0.000000e+00 0.000000e+00 -1.000000e+00
    outer loop
      vertex   -1.479983e-01 7.762270e+00 2.000000e-01
      vertex   -2.515780e+00 7.344766e+00 2.000000e-01
      vertex   -2.416752e+00 7.422782e+00 2.000000e-01
    endloop
  endfacet
  facet normal -0.000000e+00 0.000000e+00 -1.000000e+00
    outer loop
      vertex   -1.479983e-01 7.762270e+00 2.000000e-01
      vertex   -2.416752e+00 7.422782e+00 2.000000e-01
      vertex   -2.677365e-01 7.801711e+00 2.000000e-01
    endloop
  endfacet
  facet normal 0.000000e+00 0.000000e+00 -1.000000e+00
    outer loop
      vertex   -2.677365e-01 7.801711e+00 2.000000e-01
      vertex   -2.416752e+00 7.422782e+00 2.000000e-01
      vertex   -2.336560e+00 7.520055e+00 2.000000e-01
    endloop
  endfacet
  facet normal -0.000000e+00 0.000000e+00 -1.000000e+00
    outer loop
      vertex   -2.677365e-01 7.801711e+00 2.000000e-01
      vertex   -2.336560e+00 7.520055e+00 2.000000e-01
      vertex   -3.763621e-01 7.865691e+00 2.000000e-01
    endloop
  endfacet
  facet normal 0.000000e+00 0.000000e+00 -1.000000e+00
    outer loop
      vertex   -3.763621e-01 7.865691e+00 2.000000e-01
      vertex   -2.336560e+00 7.520055e+00 2.000000e-01
      vertex   -2.278864e+00 7.632144e+00 2.000000e-01
    endloop
  endfacet
  facet normal -0.000000e+00 0.000000e+00 -1.000000e+00
    outer loop
      vertex   -3.763621e-01 7.865691e+00 2.000000e-01
      vertex   -2.278864e+00 7.632144e+00 2.000000e-01
      vertex   -4.689155e-01 7.951287e+00 2.000000e-01
    endloop
  endfacet
  facet normal 0.000000e+00 0.000000e+00 -1.000000e+00
    outer loop
      vertex   -4.689155e-01 7.951287e+00 2.000000e-01
      vertex   -2.278864e+00 7.632144e+00 2.000000e-01
      vertex   -2.246298e+00 7.753932e+00 2.000000e-01
    endloop
  endfacet
  facet normal -0.000000e+00 0.000000e+00 -1.000000e+00
    outer loop
      vertex   -4.689155e-01 7.951287e+00 2.000000e-01
      vertex   -2.246298e+00 7.753932e+00 2.000000e-01
      vertex   -5.411711e-01 8.054592e+00 2.000000e-01
    endloop
  endfacet
  facet normal 0.000000e+00 0.000000e+00 -1.000000e+00
    outer loop
      vertex   -5.411711e-01 8.054592e+00 2.000000e-01
      vertex   -2.246298e+00 7.753932e+00 2.000000e-01
      vertex   -2.240350e+00 7.879859e+00 2.000000e-01
    endloop
  endfacet
  facet normal -0.000000e+00 0.000000e+00 -1.000000e+00
    outer loop
      vertex   -5.411711e-01 8.054592e+00 2.000000e-01
      vertex   -2.240350e+00 7.879859e+00 2.000000e-01
      vertex   -5.898301e-01 8.170890e+00 2.000000e-01
    endloop
  endfacet
  facet normal 0.000000e+00 0.000000e+00 -1.000000e+00
    outer loop
      vertex   -5.898301e-01 8.170890e+00 2.000000e-01
      vertex   -2.240350e+00 7.879859e+00 2.000000e-01
      vertex   -2.261290e+00 8.004174e+00 2.000000e-01
    endloop
  endfacet
  facet normal -0.000000e+00 0.000000e+00 -1.000000e+00
    outer loop
      vertex   -5.898301e-01 8.170890e+00 2.000000e-01
      vertex   -2.261290e+00 8.004174e+00 2.000000e-01
      vertex   -6.126709e-01 8.294871e+00 2.000000e-01
    endloop
  endfacet
  facet normal 0.000000e+00 0.000000e+00 -1.000000e+00
    outer loop
      vertex   -6.126709e-01 8.294871e+00 2.000000e-01
      vertex   -2.261290e+00 8.004174e+00 2.000000e-01
      vertex   -2.299099e+00 8.138731e+00 2.000000e-01
    endloop
  endfacet
  facet normal -0.000000e+00 0.000000e+00 -1.000000e+00
    outer loop
      vertex   -6.126709e-01 8.294871e+00 2.000000e-01
      vertex   -2.299099e+00 8.138731e+00 2.000000e-01
      vertex   -6.231639e-01 8.434244e+00 2.000000e-01
    endloop
  endfacet
  facet normal 0.000000e+00 0.000000e+00 -1.000000e+00
    outer loop
      vertex   -6.231639e-01 8.434244e+00 2.000000e-01
      vertex   -2.299099e+00 8.138731e+00 2.000000e-01
      vertex   -2.311645e+00 8.200661e+00 2.000000e-01
    endloop
  endfacet
  facet normal -6.708062e-17 4.849004e-16 -1.000000e+00
    outer loop
      vertex   -6.231639e-01 8.434244e+00 2.000000e-01
      vertex   -2.311645e+00 8.200661e+00 2.000000e-01
      vertex   -2.318369e+00 8.256971e+00 2.000000e-01
    endloop
  endfacet
  facet normal 0.000000e+00 0.000000e+00 -1.000000e+00
    outer loop
      vertex   -2.299099e+00 8.138731e+00 2.000000e-01
      vertex   -2.305143e+00 8.163366e+00 2.000000e-01
      vertex   -2.311645e+00 8.200661e+00 2.000000e-01
    endloop
  endfacet
  facet normal 6.092522e-17 -7.391775e-16 -1.000000e+00
    outer loop
      vertex   -2.318369e+00 8.256971e+00 2.000000e-01
      vertex   -2.321742e+00 8.294242e+00 2.000000e-01
      vertex   -6.231639e-01 8.434244e+00 2.000000e-01
    endloop
  endfacet
  facet normal -0.000000e+00 0.000000e+00 -1.000000e+00
    outer loop
      vertex   -6.231639e-01 8.434244e+00 2.000000e-01
      vertex   -2.321742e+00 8.294242e+00 2.000000e-01
      vertex   -6.334843e-01 8.506130e+00 2.000000e-01
    endloop
  endfacet
  facet normal -0.000000e+00 0.000000e+00 -1.000000e+00
    outer loop
      vertex   -6.334843e-01 8.506130e+00 2.000000e-01
      vertex   -2.321742e+00 8.294242e+00 2.000000e-01
      vertex   -6.525644e-01 8.585287e+00 2.000000e-01
    endloop
  endfacet
  facet normal 0.000000e+00 0.000000e+00 -1.000000e+00
    outer loop
      vertex   -6.525644e-01 8.585287e+00 2.000000e-01
      vertex   -2.321742e+00 8.294242e+00 2.000000e-01
      vertex   -2.325525e+00 8.348735e+00 2.000000e-01
    endloop
  endfacet
  facet normal -0.000000e+00 0.000000e+00 -1.000000e+00
    outer loop
      vertex   -6.525644e-01 8.585287e+00 2.000000e-01
      vertex   -2.325525e+00 8.348735e+00 2.000000e-01
      vertex   -7.060634e-01 8.747952e+00 2.000000e-01
    endloop
  endfacet
  facet normal 0.000000e+00 0.000000e+00 -1.000000e+00
    outer loop
      vertex   -7.060634e-01 8.747952e+00 2.000000e-01
      vertex   -2.325525e+00 8.348735e+00 2.000000e-01
      vertex   -2.328293e+00 8.438610e+00 2.000000e-01
    endloop
  endfacet
  facet normal 0.000000e+00 0.000000e+00 -1.000000e+00
    outer loop
      vertex   -7.060634e-01 8.747952e+00 2.000000e-01
      vertex   -2.328293e+00 8.438610e+00 2.000000e-01
      vertex   -2.326120e+00 8.563046e+00 2.000000e-01
    endloop
  endfacet
  facet normal -0.000000e+00 0.000000e+00 -1.000000e+00
    outer loop
      vertex   -7.060634e-01 8.747952e+00 2.000000e-01
      vertex   -2.326120e+00 8.563046e+00 2.000000e-01
      vertex   -7.670124e-01 8.898903e+00 2.000000e-01
    endloop
  endfacet
  facet normal 0.000000e+00 0.000000e+00 -1.000000e+00
    outer loop
      vertex   -7.670124e-01 8.898903e+00 2.000000e-01
      vertex   -2.326120e+00 8.563046e+00 2.000000e-01
      vertex   -2.315041e+00 8.720818e+00 2.000000e-01
    endloop
  endfacet
  facet normal -0.000000e+00 0.000000e+00 -1.000000e+00
    outer loop
      vertex   -7.670124e-01 8.898903e+00 2.000000e-01
      vertex   -2.315041e+00 8.720818e+00 2.000000e-01
      vertex   -8.058809e-01 8.983937e+00 2.000000e-01
    endloop
  endfacet
  facet normal -0.000000e+00 0.000000e+00 -1.000000e+00
    outer loop
      vertex   -8.058809e-01 8.983937e+00 2.000000e-01
      vertex   -2.315041e+00 8.720818e+00 2.000000e-01
      vertex   -8.526222e-01 9.078025e+00 2.000000e-01
    endloop
  endfacet
  facet normal 0.000000e+00 0.000000e+00 -1.000000e+00
    outer loop
      vertex   -8.526222e-01 9.078025e+00 2.000000e-01
      vertex   -2.315041e+00 8.720818e+00 2.000000e-01
      vertex   -2.291094e+00 8.910700e+00 2.000000e-01
    endloop
  endfacet
  facet normal -0.000000e+00 0.000000e+00 -1.000000e+00
    outer loop
      vertex   -8.526222e-01 9.078025e+00 2.000000e-01
      vertex   -2.291094e+00 8.910700e+00 2.000000e-01
      vertex   -9.709977e-01 9.289366e+00 2.000000e-01
    endloop
  endfacet
  facet normal 0.000000e+00 0.000000e+00 -1.000000e+00
    outer loop
      vertex   -9.709977e-01 9.289366e+00 2.000000e-01
      vertex   -2.291094e+00 8.910700e+00 2.000000e-01
      vertex   -2.250895e+00 9.128752e+00 2.000000e-01
    endloop
  endfacet
  facet normal -0.000000e+00 0.000000e+00 -1.000000e+00
    outer loop
      vertex   -9.709977e-01 9.289366e+00 2.000000e-01
      vertex   -2.250895e+00 9.128752e+00 2.000000e-01
      vertex   -1.107301e+00 9.500699e+00 2.000000e-01
    endloop
  endfacet
  facet normal 0.000000e+00 0.000000e+00 -1.000000e+00
    outer loop
      vertex   -1.107301e+00 9.500699e+00 2.000000e-01
      vertex   -2.250895e+00 9.128752e+00 2.000000e-01
      vertex   -2.197173e+00 9.350905e+00 2.000000e-01
    endloop
  endfacet
  facet normal -0.000000e+00 0.000000e+00 -1.000000e+00
    outer loop
      vertex   -1.107301e+00 9.500699e+00 2.000000e-01
      vertex   -2.197173e+00 9.350905e+00 2.000000e-01
      vertex   -1.255715e+00 9.704518e+00 2.000000e-01
    endloop
  endfacet
  facet normal 0.000000e+00 0.000000e+00 -1.000000e+00
    outer loop
      vertex   -1.255715e+00 9.704518e+00 2.000000e-01
      vertex   -2.197173e+00 9.350905e+00 2.000000e-01
      vertex   -2.132202e+00 9.570519e+00 2.000000e-01
    endloop
  endfacet
  facet normal -0.000000e+00 0.000000e+00 -1.000000e+00
    outer loop
      vertex   -1.255715e+00 9.704518e+00 2.000000e-01
      vertex   -2.132202e+00 9.570519e+00 2.000000e-01
      vertex   -1.843702e+00 9.828569e+00 2.000000e-01
    endloop
  endfacet
  facet normal 0.000000e+00 0.000000e+00 -1.000000e+00
    outer loop
      vertex   -1.843702e+00 9.828569e+00 2.000000e-01
      vertex   -2.132202e+00 9.570519e+00 2.000000e-01
      vertex   -2.057472e+00 9.786052e+00 2.000000e-01
    endloop
  endfacet
  facet normal 0.000000e+00 0.000000e+00 -1.000000e+00
    outer loop
      vertex   -1.843702e+00 9.828569e+00 2.000000e-01
      vertex   -1.629055e+00 9.866417e+00 2.000000e-01
      vertex   -1.255715e+00 9.704518e+00 2.000000e-01
    endloop
  endfacet
  facet normal 0.000000e+00 0.000000e+00 -1.000000e+00
    outer loop
      vertex   -1.255715e+00 9.704518e+00 2.000000e-01
      vertex   -1.629055e+00 9.866417e+00 2.000000e-01
      vertex   -1.413635e+00 9.899578e+00 2.000000e-01
    endloop
  endfacet
  facet normal 0.000000e+00 -0.000000e+00 -1.000000e+00
    outer loop
      vertex   -1.479983e-01 7.762270e+00 2.000000e-01
      vertex   -2.261414e-02 7.749167e+00 2.000000e-01
      vertex   -1.587713e+00 2.750000e+00 2.000000e-01
    endloop
  endfacet
  facet normal 0.000000e+00 0.000000e+00 -1.000000e+00
    outer loop
      vertex   -1.587713e+00 2.750000e+00 2.000000e-01
      vertex   -2.261414e-02 7.749167e+00 2.000000e-01
      vertex   -7.538057e-03 7.749196e+00 2.000000e-01
    endloop
  endfacet
  facet normal 0.000000e+00 0.000000e+00 -1.000000e+00
    outer loop
      vertex   -1.587713e+00 2.750000e+00 2.000000e-01
      vertex   -7.538057e-03 7.749196e+00 2.000000e-01
      vertex   7.538057e-03 7.749196e+00 2.000000e-01
    endloop
  endfacet
  facet normal 0.000000e+00 -0.000000e+00 -1.000000e+00
    outer loop
      vertex   2.677365e-01 7.801711e+00 2.000000e-01
      vertex   2.416752e+00 7.422782e+00 2.000000e-01
      vertex   1.479983e-01 7.762270e+00 2.000000e-01
    endloop
  endfacet
  facet normal 0.000000e+00 0.000000e+00 -1.000000e+00
    outer loop
      vertex   1.479983e-01 7.762270e+00 2.000000e-01
      vertex   2.416752e+00 7.422782e+00 2.000000e-01
      vertex   2.515780e+00 7.344766e+00 2.000000e-01
    endloop
  endfacet
  facet normal 0.000000e+00 0.000000e+00 -1.000000e+00
    outer loop
      vertex   1.479983e-01 7.762270e+00 2.000000e-01
      vertex   2.515780e+00 7.344766e+00 2.000000e-01
      vertex   1.587713e+00 2.750000e+00 2.000000e-01
    endloop
  endfacet
  facet normal 0.000000e+00 0.000000e+00 -1.000000e+00
    outer loop
      vertex   1.587713e+00 2.750000e+00 2.000000e-01
      vertex   2.515780e+00 7.344766e+00 2.000000e-01
      vertex   2.629121e+00 7.289570e+00 2.000000e-01
    endloop
  endfacet
  facet normal 0.000000e+00 0.000000e+00 -1.000000e+00
    outer loop
      vertex   1.587713e+00 2.750000e+00 2.000000e-01
      vertex   2.629121e+00 7.289570e+00 2.000000e-01
      vertex   2.643298e+00 7.284441e+00 2.000000e-01
    endloop
  endfacet
  facet normal 0.000000e+00 0.000000e+00 -1.000000e+00
    outer loop
      vertex   2.416752e+00 7.422782e+00 2.000000e-01
      vertex   2.677365e-01 7.801711e+00 2.000000e-01
      vertex   2.336560e+00 7.520055e+00 2.000000e-01
    endloop
  endfacet
  facet normal 0.000000e+00 0.000000e+00 -1.000000e+00
    outer loop
      vertex   2.336560e+00 7.520055e+00 2.000000e-01
      vertex   2.677365e-01 7.801711e+00 2.000000e-01
      vertex   3.763621e-01 7.865691e+00 2.000000e-01
    endloop
  endfacet
  facet normal 0.000000e+00 0.000000e+00 -1.000000e+00
    outer loop
      vertex   2.336560e+00 7.520055e+00 2.000000e-01
      vertex   3.763621e-01 7.865691e+00 2.000000e-01
      vertex   2.278864e+00 7.632144e+00 2.000000e-01
    endloop
  endfacet
  facet normal 0.000000e+00 0.000000e+00 -1.000000e+00
    outer loop
      vertex   2.278864e+00 7.632144e+00 2.000000e-01
      vertex   3.763621e-01 7.865691e+00 2.000000e-01
      vertex   4.689155e-01 7.951287e+00 2.000000e-01
    endloop
  endfacet
  facet normal 0.000000e+00 0.000000e+00 -1.000000e+00
    outer loop
      vertex   2.278864e+00 7.632144e+00 2.000000e-01
      vertex   4.689155e-01 7.951287e+00 2.000000e-01
      vertex   2.246298e+00 7.753932e+00 2.000000e-01
    endloop
  endfacet
  facet normal 0.000000e+00 0.000000e+00 -1.000000e+00
    outer loop
      vertex   2.246298e+00 7.753932e+00 2.000000e-01
      vertex   4.689155e-01 7.951287e+00 2.000000e-01
      vertex   5.411711e-01 8.054592e+00 2.000000e-01
    endloop
  endfacet
  facet normal 0.000000e+00 0.000000e+00 -1.000000e+00
    outer loop
      vertex   2.246298e+00 7.753932e+00 2.000000e-01
      vertex   5.411711e-01 8.054592e+00 2.000000e-01
      vertex   2.240350e+00 7.879859e+00 2.000000e-01
    endloop
  endfacet
  facet normal 0.000000e+00 0.000000e+00 -1.000000e+00
    outer loop
      vertex   2.240350e+00 7.879859e+00 2.000000e-01
      vertex   5.411711e-01 8.054592e+00 2.000000e-01
      vertex   5.898301e-01 8.170890e+00 2.000000e-01
    endloop
  endfacet
  facet normal 0.000000e+00 0.000000e+00 -1.000000e+00
    outer loop
      vertex   2.240350e+00 7.879859e+00 2.000000e-01
      vertex   5.898301e-01 8.170890e+00 2.000000e-01
      vertex   2.261290e+00 8.004174e+00 2.000000e-01
    endloop
  endfacet
  facet normal 0.000000e+00 0.000000e+00 -1.000000e+00
    outer loop
      vertex   2.261290e+00 8.004174e+00 2.000000e-01
      vertex   5.898301e-01 8.170890e+00 2.000000e-01
      vertex   6.126709e-01 8.294871e+00 2.000000e-01
    endloop
  endfacet
  facet normal 0.000000e+00 0.000000e+00 -1.000000e+00
    outer loop
      vertex   2.261290e+00 8.004174e+00 2.000000e-01
      vertex   6.126709e-01 8.294871e+00 2.000000e-01
      vertex   2.299099e+00 8.138731e+00 2.000000e-01
    endloop
  endfacet
  facet normal 0.000000e+00 0.000000e+00 -1.000000e+00
    outer loop
      vertex   2.299099e+00 8.138731e+00 2.000000e-01
      vertex   6.126709e-01 8.294871e+00 2.000000e-01
      vertex   6.231639e-01 8.434244e+00 2.000000e-01
    endloop
  endfacet
  facet normal 0.000000e+00 0.000000e+00 -1.000000e+00
    outer loop
      vertex   2.299099e+00 8.138731e+00 2.000000e-01
      vertex   6.231639e-01 8.434244e+00 2.000000e-01
      vertex   6.325558e-01 8.496730e+00 2.000000e-01
    endloop
  endfacet
  facet normal 0.000000e+00 0.000000e+00 -1.000000e+00
    outer loop
      vertex   6.325558e-01 8.496730e+00 2.000000e-01
      vertex   6.231639e-01 8.434244e+00 2.000000e-01
      vertex   6.259094e-01 8.459461e+00 2.000000e-01
    endloop
  endfacet
  facet normal 1.028105e-16 4.786002e-16 -1.000000e+00
    outer loop
      vertex   6.325558e-01 8.496730e+00 2.000000e-01
      vertex   6.454961e-01 8.551943e+00 2.000000e-01
      vertex   2.299099e+00 8.138731e+00 2.000000e-01
    endloop
  endfacet
  facet normal 7.677201e-17 3.743985e-16 -1.000000e+00
    outer loop
      vertex   2.299099e+00 8.138731e+00 2.000000e-01
      vertex   6.454961e-01 8.551943e+00 2.000000e-01
      vertex   2.313987e+00 8.209812e+00 2.000000e-01
    endloop
  endfacet
  facet normal -6.875032e-17 -3.352787e-16 -1.000000e+00
    outer loop
      vertex   2.313987e+00 8.209812e+00 2.000000e-01
      vertex   6.454961e-01 8.551943e+00 2.000000e-01
      vertex   2.323131e+00 8.290721e+00 2.000000e-01
    endloop
  endfacet
  facet normal -1.306216e-16 -7.326310e-16 -1.000000e+00
    outer loop
      vertex   2.323131e+00 8.290721e+00 2.000000e-01
      vertex   6.454961e-01 8.551943e+00 2.000000e-01
      vertex   6.550743e-01 8.588120e+00 2.000000e-01
    endloop
  endfacet
  facet normal 0.000000e+00 0.000000e+00 -1.000000e+00
    outer loop
      vertex   2.323131e+00 8.290721e+00 2.000000e-01
      vertex   6.550743e-01 8.588120e+00 2.000000e-01
      vertex   6.701574e-01 8.640621e+00 2.000000e-01
    endloop
  endfacet
  facet normal 0.000000e+00 0.000000e+00 -1.000000e+00
    outer loop
      vertex   2.323131e+00 8.290721e+00 2.000000e-01
      vertex   6.701574e-01 8.640621e+00 2.000000e-01
      vertex   2.328493e+00 8.461874e+00 2.000000e-01
    endloop
  endfacet
  facet normal 0.000000e+00 0.000000e+00 -1.000000e+00
    outer loop
      vertex   2.328493e+00 8.461874e+00 2.000000e-01
      vertex   6.701574e-01 8.640621e+00 2.000000e-01
      vertex   6.982945e-01 8.726022e+00 2.000000e-01
    endloop
  endfacet
  facet normal 0.000000e+00 0.000000e+00 -1.000000e+00
    outer loop
      vertex   2.328493e+00 8.461874e+00 2.000000e-01
      vertex   6.982945e-01 8.726022e+00 2.000000e-01
      vertex   7.428965e-01 8.842211e+00 2.000000e-01
    endloop
  endfacet
  facet normal 0.000000e+00 0.000000e+00 -1.000000e+00
    outer loop
      vertex   2.328493e+00 8.461874e+00 2.000000e-01
      vertex   7.428965e-01 8.842211e+00 2.000000e-01
      vertex   2.322848e+00 8.624567e+00 2.000000e-01
    endloop
  endfacet
  facet normal 0.000000e+00 0.000000e+00 -1.000000e+00
    outer loop
      vertex   2.322848e+00 8.624567e+00 2.000000e-01
      vertex   7.428965e-01 8.842211e+00 2.000000e-01
      vertex   8.072683e-01 8.986679e+00 2.000000e-01
    endloop
  endfacet
  facet normal 0.000000e+00 0.000000e+00 -1.000000e+00
    outer loop
      vertex   2.322848e+00 8.624567e+00 2.000000e-01
      vertex   8.072683e-01 8.986679e+00 2.000000e-01
      vertex   2.315407e+00 8.717767e+00 2.000000e-01
    endloop
  endfacet
  facet normal 0.000000e+00 0.000000e+00 -1.000000e+00
    outer loop
      vertex   2.315407e+00 8.717767e+00 2.000000e-01
      vertex   8.072683e-01 8.986679e+00 2.000000e-01
      vertex   2.303665e+00 8.822167e+00 2.000000e-01
    endloop
  endfacet
  facet normal 0.000000e+00 0.000000e+00 -1.000000e+00
    outer loop
      vertex   2.303665e+00 8.822167e+00 2.000000e-01
      vertex   8.072683e-01 8.986679e+00 2.000000e-01
      vertex   8.947147e-01 9.156920e+00 2.000000e-01
    endloop
  endfacet
  facet normal 0.000000e+00 0.000000e+00 -1.000000e+00
    outer loop
      vertex   2.303665e+00 8.822167e+00 2.000000e-01
      vertex   8.947147e-01 9.156920e+00 2.000000e-01
      vertex   2.264711e+00 9.061250e+00 2.000000e-01
    endloop
  endfacet
  facet normal 2.921984e-17 4.184288e-16 -1.000000e+00
    outer loop
      vertex   2.264711e+00 9.061250e+00 2.000000e-01
      vertex   8.947147e-01 9.156920e+00 2.000000e-01
      vertex   1.007067e+00 9.348072e+00 2.000000e-01
    endloop
  endfacet
  facet normal -6.983301e-17 -1.589242e-17 -1.000000e+00
    outer loop
      vertex   2.264711e+00 9.061250e+00 2.000000e-01
      vertex   1.007067e+00 9.348072e+00 2.000000e-01
      vertex   2.208907e+00 9.306456e+00 2.000000e-01
    endloop
  endfacet
  facet normal -8.252918e-17 -3.825467e-16 -1.000000e+00
    outer loop
      vertex   2.208907e+00 9.306456e+00 2.000000e-01
      vertex   1.007067e+00 9.348072e+00 2.000000e-01
      vertex   1.133531e+00 9.538454e+00 2.000000e-01
    endloop
  endfacet
  facet normal 0.000000e+00 0.000000e+00 -1.000000e+00
    outer loop
      vertex   2.208907e+00 9.306456e+00 2.000000e-01
      vertex   1.133531e+00 9.538454e+00 2.000000e-01
      vertex   2.139154e+00 9.548743e+00 2.000000e-01
    endloop
  endfacet
  facet normal -0.000000e+00 0.000000e+00 -1.000000e+00
    outer loop
      vertex   2.139154e+00 9.548743e+00 2.000000e-01
      vertex   1.133531e+00 9.538454e+00 2.000000e-01
      vertex   1.269696e+00 9.722603e+00 2.000000e-01
    endloop
  endfacet
  facet normal 0.000000e+00 0.000000e+00 -1.000000e+00
    outer loop
      vertex   2.139154e+00 9.548743e+00 2.000000e-01
      vertex   1.269696e+00 9.722603e+00 2.000000e-01
      vertex   1.629055e+00 9.866417e+00 2.000000e-01
    endloop
  endfacet
  facet normal -0.000000e+00 0.000000e+00 -1.000000e+00
    outer loop
      vertex   1.629055e+00 9.866417e+00 2.000000e-01
      vertex   1.269696e+00 9.722603e+00 2.000000e-01
      vertex   1.413635e+00 9.899578e+00 2.000000e-01
    endloop
  endfacet
  facet normal 0.000000e+00 0.000000e+00 -1.000000e+00
    outer loop
      vertex   1.629055e+00 9.866417e+00 2.000000e-01
      vertex   1.843702e+00 9.828569e+00 2.000000e-01
      vertex   2.139154e+00 9.548743e+00 2.000000e-01
    endloop
  endfacet
  facet normal 0.000000e+00 0.000000e+00 -1.000000e+00
    outer loop
      vertex   2.139154e+00 9.548743e+00 2.000000e-01
      vertex   1.843702e+00 9.828569e+00 2.000000e-01
      vertex   2.057472e+00 9.786052e+00 2.000000e-01
    endloop
  endfacet
  facet normal 0.000000e+00 -0.000000e+00 -1.000000e+00
    outer loop
      vertex   2.643298e+00 7.284441e+00 2.000000e-01
      vertex   2.657465e+00 7.279284e+00 2.000000e-01
      vertex   1.587713e+00 2.750000e+00 2.000000e-01
    endloop
  endfacet
  facet normal 0.000000e+00 0.000000e+00 -1.000000e+00
    outer loop
      vertex   1.587713e+00 2.750000e+00 2.000000e-01
      vertex   2.657465e+00 7.279284e+00 2.000000e-01
      vertex   2.671622e+00 7.274101e+00 2.000000e-01
    endloop
  endfacet
  facet normal 0.000000e+00 0.000000e+00 -1.000000e+00
    outer loop
      vertex   1.587713e+00 2.750000e+00 2.000000e-01
      vertex   2.671622e+00 7.274101e+00 2.000000e-01
      vertex   2.793926e+00 7.243529e+00 2.000000e-01
    endloop
  endfacet
  facet normal 0.000000e+00 0.000000e+00 -1.000000e+00
    outer loop
      vertex   1.587713e+00 2.750000e+00 2.000000e-01
      vertex   2.793926e+00 7.243529e+00 2.000000e-01
      vertex   4.809745e+00 6.148555e+00 2.000000e-01
    endloop
  endfacet
  facet normal 0.000000e+00 0.000000e+00 -1.000000e+00
    outer loop
      vertex   4.809745e+00 6.148555e+00 2.000000e-01
      vertex   2.793926e+00 7.243529e+00 2.000000e-01
      vertex   2.919932e+00 7.239639e+00 2.000000e-01
    endloop
  endfacet
  facet normal 0.000000e+00 0.000000e+00 -1.000000e+00
    outer loop
      vertex   4.809745e+00 6.148555e+00 2.000000e-01
      vertex   2.919932e+00 7.239639e+00 2.000000e-01
      vertex   4.767658e+00 6.267389e+00 2.000000e-01
    endloop
  endfacet
  facet normal 0.000000e+00 0.000000e+00 -1.000000e+00
    outer loop
      vertex   4.767658e+00 6.267389e+00 2.000000e-01
      vertex   2.919932e+00 7.239639e+00 2.000000e-01
      vertex   3.043889e+00 7.262608e+00 2.000000e-01
    endloop
  endfacet
  facet normal 0.000000e+00 0.000000e+00 -1.000000e+00
    outer loop
      vertex   4.767658e+00 6.267389e+00 2.000000e-01
      vertex   3.043889e+00 7.262608e+00 2.000000e-01
      vertex   4.751779e+00 6.392452e+00 2.000000e-01
    endloop
  endfacet
  facet normal 0.000000e+00 0.000000e+00 -1.000000e+00
    outer loop
      vertex   4.751779e+00 6.392452e+00 2.000000e-01
      vertex   3.043889e+00 7.262608e+00 2.000000e-01
      vertex   3.160137e+00 7.311387e+00 2.000000e-01
    endloop
  endfacet
  facet normal 0.000000e+00 0.000000e+00 -1.000000e+00
    outer loop
      vertex   4.751779e+00 6.392452e+00 2.000000e-01
      vertex   3.160137e+00 7.311387e+00 2.000000e-01
      vertex   4.762831e+00 6.518034e+00 2.000000e-01
    endloop
  endfacet
  facet normal 0.000000e+00 0.000000e+00 -1.000000e+00
    outer loop
      vertex   4.762831e+00 6.518034e+00 2.000000e-01
      vertex   3.160137e+00 7.311387e+00 2.000000e-01
      vertex   3.263367e+00 7.383749e+00 2.000000e-01
    endloop
  endfacet
  facet normal 0.000000e+00 0.000000e+00 -1.000000e+00
    outer loop
      vertex   4.762831e+00 6.518034e+00 2.000000e-01
      vertex   3.263367e+00 7.383749e+00 2.000000e-01
      vertex   4.800311e+00 6.638400e+00 2.000000e-01
    endloop
  endfacet
  facet normal 0.000000e+00 0.000000e+00 -1.000000e+00
    outer loop
      vertex   4.800311e+00 6.638400e+00 2.000000e-01
      vertex   3.263367e+00 7.383749e+00 2.000000e-01
      vertex   3.348868e+00 7.476391e+00 2.000000e-01
    endloop
  endfacet
  facet normal 0.000000e+00 0.000000e+00 -1.000000e+00
    outer loop
      vertex   4.800311e+00 6.638400e+00 2.000000e-01
      vertex   3.348868e+00 7.476391e+00 2.000000e-01
      vertex   4.862507e+00 6.748057e+00 2.000000e-01
    endloop
  endfacet
  facet normal 0.000000e+00 0.000000e+00 -1.000000e+00
    outer loop
      vertex   4.862507e+00 6.748057e+00 2.000000e-01
      vertex   3.348868e+00 7.476391e+00 2.000000e-01
      vertex   3.412735e+00 7.585083e+00 2.000000e-01
    endloop
  endfacet
  facet normal 0.000000e+00 0.000000e+00 -1.000000e+00
    outer loop
      vertex   4.862507e+00 6.748057e+00 2.000000e-01
      vertex   3.412735e+00 7.585083e+00 2.000000e-01
      vertex   4.944056e+00 6.861568e+00 2.000000e-01
    endloop
  endfacet
  facet normal 0.000000e+00 0.000000e+00 -1.000000e+00
    outer loop
      vertex   4.944056e+00 6.861568e+00 2.000000e-01
      vertex   3.412735e+00 7.585083e+00 2.000000e-01
      vertex   3.470264e+00 7.712462e+00 2.000000e-01
    endloop
  endfacet
  facet normal 0.000000e+00 0.000000e+00 -1.000000e+00
    outer loop
      vertex   4.944056e+00 6.861568e+00 2.000000e-01
      vertex   3.470264e+00 7.712462e+00 2.000000e-01
      vertex   4.982358e+00 6.923269e+00 2.000000e-01
    endloop
  endfacet
  facet normal 0.000000e+00 0.000000e+00 -1.000000e+00
    outer loop
      vertex   4.982358e+00 6.923269e+00 2.000000e-01
      vertex   3.470264e+00 7.712462e+00 2.000000e-01
      vertex   5.018623e+00 6.996171e+00 2.000000e-01
    endloop
  endfacet
  facet normal 0.000000e+00 0.000000e+00 -1.000000e+00
    outer loop
      vertex   5.018623e+00 6.996171e+00 2.000000e-01
      vertex   3.470264e+00 7.712462e+00 2.000000e-01
      vertex   3.500461e+00 7.767967e+00 2.000000e-01
    endloop
  endfacet
  facet normal 0.000000e+00 0.000000e+00 -1.000000e+00
    outer loop
      vertex   5.018623e+00 6.996171e+00 2.000000e-01
      vertex   3.500461e+00 7.767967e+00 2.000000e-01
      vertex   3.531505e+00 7.815425e+00 2.000000e-01
    endloop
  endfacet
  facet normal 0.000000e+00 0.000000e+00 -1.000000e+00
    outer loop
      vertex   3.470264e+00 7.712462e+00 2.000000e-01
      vertex   3.481468e+00 7.735219e+00 2.000000e-01
      vertex   3.500461e+00 7.767967e+00 2.000000e-01
    endloop
  endfacet
  facet normal 0.000000e+00 0.000000e+00 -1.000000e+00
    outer loop
      vertex   3.531505e+00 7.815425e+00 2.000000e-01
      vertex   3.552879e+00 7.846145e+00 2.000000e-01
      vertex   5.018623e+00 6.996171e+00 2.000000e-01
    endloop
  endfacet
  facet normal 0.000000e+00 0.000000e+00 -1.000000e+00
    outer loop
      vertex   5.018623e+00 6.996171e+00 2.000000e-01
      vertex   3.552879e+00 7.846145e+00 2.000000e-01
      vertex   3.585009e+00 7.890321e+00 2.000000e-01
    endloop
  endfacet
  facet normal 0.000000e+00 0.000000e+00 -1.000000e+00
    outer loop
      vertex   5.018623e+00 6.996171e+00 2.000000e-01
      vertex   3.585009e+00 7.890321e+00 2.000000e-01
      vertex   5.082199e+00 7.155169e+00 2.000000e-01
    endloop
  endfacet
  facet normal 0.000000e+00 0.000000e+00 -1.000000e+00
    outer loop
      vertex   5.082199e+00 7.155169e+00 2.000000e-01
      vertex   3.585009e+00 7.890321e+00 2.000000e-01
      vertex   3.640658e+00 7.960948e+00 2.000000e-01
    endloop
  endfacet
  facet normal 0.000000e+00 0.000000e+00 -1.000000e+00
    outer loop
      vertex   5.082199e+00 7.155169e+00 2.000000e-01
      vertex   3.640658e+00 7.960948e+00 2.000000e-01
      vertex   3.722309e+00 8.054875e+00 2.000000e-01
    endloop
  endfacet
  facet normal 0.000000e+00 0.000000e+00 -1.000000e+00
    outer loop
      vertex   5.082199e+00 7.155169e+00 2.000000e-01
      vertex   3.722309e+00 8.054875e+00 2.000000e-01
      vertex   5.132539e+00 7.309981e+00 2.000000e-01
    endloop
  endfacet
  facet normal 0.000000e+00 0.000000e+00 -1.000000e+00
    outer loop
      vertex   5.132539e+00 7.309981e+00 2.000000e-01
      vertex   3.722309e+00 8.054875e+00 2.000000e-01
      vertex   3.832209e+00 8.168614e+00 2.000000e-01
    endloop
  endfacet
  facet normal 1.719987e-16 2.604779e-16 -1.000000e+00
    outer loop
      vertex   5.132539e+00 7.309981e+00 2.000000e-01
      vertex   3.832209e+00 8.168614e+00 2.000000e-01
      vertex   5.157423e+00 7.400106e+00 2.000000e-01
    endloop
  endfacet
  facet normal -1.198766e-16 -2.428310e-16 -1.000000e+00
    outer loop
      vertex   5.157423e+00 7.400106e+00 2.000000e-01
      vertex   3.832209e+00 8.168614e+00 2.000000e-01
      vertex   5.182096e+00 7.502226e+00 2.000000e-01
    endloop
  endfacet
  facet normal 6.872425e-17 1.392130e-16 -1.000000e+00
    outer loop
      vertex   5.182096e+00 7.502226e+00 2.000000e-01
      vertex   3.832209e+00 8.168614e+00 2.000000e-01
      vertex   3.972608e+00 8.298679e+00 2.000000e-01
    endloop
  endfacet
  facet normal -2.039887e-17 3.871408e-18 -1.000000e+00
    outer loop
      vertex   5.182096e+00 7.502226e+00 2.000000e-01
      vertex   3.972608e+00 8.298679e+00 2.000000e-01
      vertex   5.227262e+00 7.740213e+00 2.000000e-01
    endloop
  endfacet
  facet normal -7.123130e-17 -1.103290e-16 -1.000000e+00
    outer loop
      vertex   5.227262e+00 7.740213e+00 2.000000e-01
      vertex   3.972608e+00 8.298679e+00 2.000000e-01
      vertex   4.143563e+00 8.439877e+00 2.000000e-01
    endloop
  endfacet
  facet normal 0.000000e+00 0.000000e+00 -1.000000e+00
    outer loop
      vertex   5.227262e+00 7.740213e+00 2.000000e-01
      vertex   4.143563e+00 8.439877e+00 2.000000e-01
      vertex   5.258689e+00 7.989717e+00 2.000000e-01
    endloop
  endfacet
  facet normal 0.000000e+00 0.000000e+00 -1.000000e+00
    outer loop
      vertex   5.258689e+00 7.989717e+00 2.000000e-01
      vertex   4.143563e+00 8.439877e+00 2.000000e-01
      vertex   4.327514e+00 8.575524e+00 2.000000e-01
    endloop
  endfacet
  facet normal 0.000000e+00 0.000000e+00 -1.000000e+00
    outer loop
      vertex   5.258689e+00 7.989717e+00 2.000000e-01
      vertex   4.327514e+00 8.575524e+00 2.000000e-01
      vertex   5.276010e+00 8.241250e+00 2.000000e-01
    endloop
  endfacet
  facet normal 0.000000e+00 0.000000e+00 -1.000000e+00
    outer loop
      vertex   5.276010e+00 8.241250e+00 2.000000e-01
      vertex   4.327514e+00 8.575524e+00 2.000000e-01
      vertex   5.094082e+00 8.605250e+00 2.000000e-01
    endloop
  endfacet
  facet normal 0.000000e+00 0.000000e+00 -1.000000e+00
    outer loop
      vertex   5.276010e+00 8.241250e+00 2.000000e-01
      vertex   5.094082e+00 8.605250e+00 2.000000e-01
      vertex   5.280418e+00 8.492184e+00 2.000000e-01
    endloop
  endfacet
  facet normal -0.000000e+00 0.000000e+00 -1.000000e+00
    outer loop
      vertex   5.094082e+00 8.605250e+00 2.000000e-01
      vertex   4.327514e+00 8.575524e+00 2.000000e-01
      vertex   4.905325e+00 8.714229e+00 2.000000e-01
    endloop
  endfacet
  facet normal 0.000000e+00 0.000000e+00 -1.000000e+00
    outer loop
      vertex   4.905325e+00 8.714229e+00 2.000000e-01
      vertex   4.327514e+00 8.575524e+00 2.000000e-01
      vertex   4.518449e+00 8.701996e+00 2.000000e-01
    endloop
  endfacet
  facet normal -0.000000e+00 0.000000e+00 -1.000000e+00
    outer loop
      vertex   4.905325e+00 8.714229e+00 2.000000e-01
      vertex   4.518449e+00 8.701996e+00 2.000000e-01
      vertex   4.714237e+00 8.819068e+00 2.000000e-01
    endloop
  endfacet
  facet normal 0.000000e+00 -0.000000e+00 -1.000000e+00
    outer loop
      vertex   4.809745e+00 6.148555e+00 2.000000e-01
      vertex   4.876117e+00 6.041375e+00 2.000000e-01
      vertex   1.587713e+00 2.750000e+00 2.000000e-01
    endloop
  endfacet
  facet normal 0.000000e+00 0.000000e+00 -1.000000e+00
    outer loop
      vertex   1.587713e+00 2.750000e+00 2.000000e-01
      vertex   4.876117e+00 6.041375e+00 2.000000e-01
      vertex   4.963745e+00 5.950742e+00 2.000000e-01
    endloop
  endfacet
  facet normal 0.000000e+00 0.000000e+00 -1.000000e+00
    outer loop
      vertex   1.587713e+00 2.750000e+00 2.000000e-01
      vertex   4.963745e+00 5.950742e+00 2.000000e-01
      vertex   4.975313e+00 5.941074e+00 2.000000e-01
    endloop
  endfacet
  facet normal 0.000000e+00 -0.000000e+00 -1.000000e+00
    outer loop
      vertex   4.975313e+00 5.941074e+00 2.000000e-01
      vertex   4.986862e+00 5.931383e+00 2.000000e-01
      vertex   1.587713e+00 2.750000e+00 2.000000e-01
    endloop
  endfacet
  facet normal 0.000000e+00 0.000000e+00 -1.000000e+00
    outer loop
      vertex   1.587713e+00 2.750000e+00 2.000000e-01
      vertex   4.986862e+00 5.931383e+00 2.000000e-01
      vertex   4.998392e+00 5.921670e+00 2.000000e-01
    endloop
  endfacet
  facet normal 0.000000e+00 0.000000e+00 -1.000000e+00
    outer loop
      vertex   1.587713e+00 2.750000e+00 2.000000e-01
      vertex   4.998392e+00 5.921670e+00 2.000000e-01
      vertex   5.102864e+00 5.851112e+00 2.000000e-01
    endloop
  endfacet
  facet normal -0.000000e+00 -0.000000e+00 -1.000000e+00
    outer loop
      vertex   5.219941e+00 5.804360e+00 2.000000e-01
      vertex   6.622612e+00 4.132722e+00 2.000000e-01
      vertex   5.102864e+00 5.851112e+00 2.000000e-01
    endloop
  endfacet
  facet normal 0.000000e+00 0.000000e+00 -1.000000e+00
    outer loop
      vertex   5.102864e+00 5.851112e+00 2.000000e-01
      vertex   6.622612e+00 4.132722e+00 2.000000e-01
      vertex   6.648324e+00 4.009305e+00 2.000000e-01
    endloop
  endfacet
  facet normal 0.000000e+00 -0.000000e+00 -1.000000e+00
    outer loop
      vertex   5.102864e+00 5.851112e+00 2.000000e-01
      vertex   6.648324e+00 4.009305e+00 2.000000e-01
      vertex   1.587713e+00 2.750000e+00 2.000000e-01
    endloop
  endfacet
  facet normal 0.000000e+00 0.000000e+00 -1.000000e+00
    outer loop
      vertex   1.587713e+00 2.750000e+00 2.000000e-01
      vertex   6.648324e+00 4.009305e+00 2.000000e-01
      vertex   6.699668e+00 3.894168e+00 2.000000e-01
    endloop
  endfacet
  facet normal 0.000000e+00 0.000000e+00 -1.000000e+00
    outer loop
      vertex   1.587713e+00 2.750000e+00 2.000000e-01
      vertex   6.699668e+00 3.894168e+00 2.000000e-01
      vertex   6.707232e+00 3.881126e+00 2.000000e-01
    endloop
  endfacet
  facet normal 0.000000e+00 0.000000e+00 -1.000000e+00
    outer loop
      vertex   6.622612e+00 4.132722e+00 2.000000e-01
      vertex   5.219941e+00 5.804360e+00 2.000000e-01
      vertex   6.623707e+00 4.258784e+00 2.000000e-01
    endloop
  endfacet
  facet normal 0.000000e+00 0.000000e+00 -1.000000e+00
    outer loop
      vertex   6.623707e+00 4.258784e+00 2.000000e-01
      vertex   5.219941e+00 5.804360e+00 2.000000e-01
      vertex   5.344278e+00 5.783548e+00 2.000000e-01
    endloop
  endfacet
  facet normal 0.000000e+00 0.000000e+00 -1.000000e+00
    outer loop
      vertex   6.623707e+00 4.258784e+00 2.000000e-01
      vertex   5.344278e+00 5.783548e+00 2.000000e-01
      vertex   6.651559e+00 4.381736e+00 2.000000e-01
    endloop
  endfacet
  facet normal 0.000000e+00 0.000000e+00 -1.000000e+00
    outer loop
      vertex   6.651559e+00 4.381736e+00 2.000000e-01
      vertex   5.344278e+00 5.783548e+00 2.000000e-01
      vertex   5.470199e+00 5.789626e+00 2.000000e-01
    endloop
  endfacet
  facet normal 0.000000e+00 0.000000e+00 -1.000000e+00
    outer loop
      vertex   6.651559e+00 4.381736e+00 2.000000e-01
      vertex   5.470199e+00 5.789626e+00 2.000000e-01
      vertex   6.704896e+00 4.495964e+00 2.000000e-01
    endloop
  endfacet
  facet normal 0.000000e+00 0.000000e+00 -1.000000e+00
    outer loop
      vertex   6.704896e+00 4.495964e+00 2.000000e-01
      vertex   5.470199e+00 5.789626e+00 2.000000e-01
      vertex   5.591953e+00 5.822318e+00 2.000000e-01
    endloop
  endfacet
  facet normal 0.000000e+00 0.000000e+00 -1.000000e+00
    outer loop
      vertex   6.704896e+00 4.495964e+00 2.000000e-01
      vertex   5.591953e+00 5.822318e+00 2.000000e-01
      vertex   6.781283e+00 4.596253e+00 2.000000e-01
    endloop
  endfacet
  facet normal 0.000000e+00 0.000000e+00 -1.000000e+00
    outer loop
      vertex   6.781283e+00 4.596253e+00 2.000000e-01
      vertex   5.591953e+00 5.822318e+00 2.000000e-01
      vertex   5.703983e+00 5.880129e+00 2.000000e-01
    endloop
  endfacet
  facet normal 0.000000e+00 0.000000e+00 -1.000000e+00
    outer loop
      vertex   6.781283e+00 4.596253e+00 2.000000e-01
      vertex   5.703983e+00 5.880129e+00 2.000000e-01
      vertex   6.877233e+00 4.678024e+00 2.000000e-01
    endloop
  endfacet
  facet normal 0.000000e+00 0.000000e+00 -1.000000e+00
    outer loop
      vertex   6.877233e+00 4.678024e+00 2.000000e-01
      vertex   5.703983e+00 5.880129e+00 2.000000e-01
      vertex   5.801173e+00 5.960422e+00 2.000000e-01
    endloop
  endfacet
  facet normal 0.000000e+00 0.000000e+00 -1.000000e+00
    outer loop
      vertex   6.877233e+00 4.678024e+00 2.000000e-01
      vertex   5.801173e+00 5.960422e+00 2.000000e-01
      vertex   6.992687e+00 4.756798e+00 2.000000e-01
    endloop
  endfacet
  facet normal 0.000000e+00 0.000000e+00 -1.000000e+00
    outer loop
      vertex   6.992687e+00 4.756798e+00 2.000000e-01
      vertex   5.801173e+00 5.960422e+00 2.000000e-01
      vertex   5.898799e+00 6.060443e+00 2.000000e-01
    endloop
  endfacet
  facet normal 0.000000e+00 0.000000e+00 -1.000000e+00
    outer loop
      vertex   6.992687e+00 4.756798e+00 2.000000e-01
      vertex   5.898799e+00 6.060443e+00 2.000000e-01
      vertex   7.049783e+00 4.801678e+00 2.000000e-01
    endloop
  endfacet
  facet normal 0.000000e+00 0.000000e+00 -1.000000e+00
    outer loop
      vertex   7.049783e+00 4.801678e+00 2.000000e-01
      vertex   5.898799e+00 6.060443e+00 2.000000e-01
      vertex   7.108794e+00 4.857781e+00 2.000000e-01
    endloop
  endfacet
  facet normal 0.000000e+00 0.000000e+00 -1.000000e+00
    outer loop
      vertex   7.108794e+00 4.857781e+00 2.000000e-01
      vertex   5.898799e+00 6.060443e+00 2.000000e-01
      vertex   5.946158e+00 6.102274e+00 2.000000e-01
    endloop
  endfacet
  facet normal 3.597773e-16 3.361128e-16 -1.000000e+00
    outer loop
      vertex   7.108794e+00 4.857781e+00 2.000000e-01
      vertex   5.946158e+00 6.102274e+00 2.000000e-01
      vertex   5.991562e+00 6.136252e+00 2.000000e-01
    endloop
  endfacet
  facet normal 0.000000e+00 0.000000e+00 -1.000000e+00
    outer loop
      vertex   5.898799e+00 6.060443e+00 2.000000e-01
      vertex   5.917111e+00 6.077996e+00 2.000000e-01
      vertex   5.946158e+00 6.102274e+00 2.000000e-01
    endloop
  endfacet
  facet normal -5.709881e-16 -4.772660e-16 -1.000000e+00
    outer loop
      vertex   5.991562e+00 6.136252e+00 2.000000e-01
      vertex   6.022153e+00 6.157808e+00 2.000000e-01
      vertex   7.108794e+00 4.857781e+00 2.000000e-01
    endloop
  endfacet
  facet normal 0.000000e+00 0.000000e+00 -1.000000e+00
    outer loop
      vertex   7.108794e+00 4.857781e+00 2.000000e-01
      vertex   6.022153e+00 6.157808e+00 2.000000e-01
      vertex   6.067455e+00 6.188331e+00 2.000000e-01
    endloop
  endfacet
  facet normal -3.890273e-16 -3.044676e-16 -1.000000e+00
    outer loop
      vertex   7.108794e+00 4.857781e+00 2.000000e-01
      vertex   6.067455e+00 6.188331e+00 2.000000e-01
      vertex   7.222917e+00 4.985445e+00 2.000000e-01
    endloop
  endfacet
  facet normal -2.687578e-17 4.340624e-17 -1.000000e+00
    outer loop
      vertex   7.222917e+00 4.985445e+00 2.000000e-01
      vertex   6.067455e+00 6.188331e+00 2.000000e-01
      vertex   6.143904e+00 6.235666e+00 2.000000e-01
    endloop
  endfacet
  facet normal -2.497106e-17 4.505013e-17 -1.000000e+00
    outer loop
      vertex   7.222917e+00 4.985445e+00 2.000000e-01
      vertex   6.143904e+00 6.235666e+00 2.000000e-01
      vertex   6.252755e+00 6.296002e+00 2.000000e-01
    endloop
  endfacet
  facet normal 3.848293e-16 3.484119e-16 -1.000000e+00
    outer loop
      vertex   7.222917e+00 4.985445e+00 2.000000e-01
      vertex   6.252755e+00 6.296002e+00 2.000000e-01
      vertex   7.323169e+00 5.113703e+00 2.000000e-01
    endloop
  endfacet
  facet normal 0.000000e+00 0.000000e+00 -1.000000e+00
    outer loop
      vertex   7.323169e+00 5.113703e+00 2.000000e-01
      vertex   6.252755e+00 6.296002e+00 2.000000e-01
      vertex   6.394929e+00 6.365293e+00 2.000000e-01
    endloop
  endfacet
  facet normal 0.000000e+00 0.000000e+00 -1.000000e+00
    outer loop
      vertex   7.323169e+00 5.113703e+00 2.000000e-01
      vertex   6.394929e+00 6.365293e+00 2.000000e-01
      vertex   7.377378e+00 5.189882e+00 2.000000e-01
    endloop
  endfacet
  facet normal 0.000000e+00 0.000000e+00 -1.000000e+00
    outer loop
      vertex   7.377378e+00 5.189882e+00 2.000000e-01
      vertex   6.394929e+00 6.365293e+00 2.000000e-01
      vertex   7.435489e+00 5.277405e+00 2.000000e-01
    endloop
  endfacet
  facet normal 0.000000e+00 0.000000e+00 -1.000000e+00
    outer loop
      vertex   7.435489e+00 5.277405e+00 2.000000e-01
      vertex   6.394929e+00 6.365293e+00 2.000000e-01
      vertex   6.571346e+00 6.439496e+00 2.000000e-01
    endloop
  endfacet
  facet normal 0.000000e+00 0.000000e+00 -1.000000e+00
    outer loop
      vertex   7.435489e+00 5.277405e+00 2.000000e-01
      vertex   6.571346e+00 6.439496e+00 2.000000e-01
      vertex   7.559328e+00 5.485592e+00 2.000000e-01
    endloop
  endfacet
  facet normal 0.000000e+00 0.000000e+00 -1.000000e+00
    outer loop
      vertex   7.559328e+00 5.485592e+00 2.000000e-01
      vertex   6.571346e+00 6.439496e+00 2.000000e-01
      vertex   6.780283e+00 6.513708e+00 2.000000e-01
    endloop
  endfacet
  facet normal 0.000000e+00 0.000000e+00 -1.000000e+00
    outer loop
      vertex   7.559328e+00 5.485592e+00 2.000000e-01
      vertex   6.780283e+00 6.513708e+00 2.000000e-01
      vertex   7.674196e+00 5.709301e+00 2.000000e-01
    endloop
  endfacet
  facet normal 0.000000e+00 0.000000e+00 -1.000000e+00
    outer loop
      vertex   7.674196e+00 5.709301e+00 2.000000e-01
      vertex   6.780283e+00 6.513708e+00 2.000000e-01
      vertex   6.999535e+00 6.578260e+00 2.000000e-01
    endloop
  endfacet
  facet normal 0.000000e+00 0.000000e+00 -1.000000e+00
    outer loop
      vertex   7.674196e+00 5.709301e+00 2.000000e-01
      vertex   6.999535e+00 6.578260e+00 2.000000e-01
      vertex   7.776501e+00 5.939740e+00 2.000000e-01
    endloop
  endfacet
  facet normal 0.000000e+00 0.000000e+00 -1.000000e+00
    outer loop
      vertex   7.776501e+00 5.939740e+00 2.000000e-01
      vertex   6.999535e+00 6.578260e+00 2.000000e-01
      vertex   7.730040e+00 6.344012e+00 2.000000e-01
    endloop
  endfacet
  facet normal 0.000000e+00 0.000000e+00 -1.000000e+00
    outer loop
      vertex   7.776501e+00 5.939740e+00 2.000000e-01
      vertex   7.730040e+00 6.344012e+00 2.000000e-01
      vertex   7.866468e+00 6.174033e+00 2.000000e-01
    endloop
  endfacet
  facet normal 0.000000e+00 0.000000e+00 -1.000000e+00
    outer loop
      vertex   7.730040e+00 6.344012e+00 2.000000e-01
      vertex   6.999535e+00 6.578260e+00 2.000000e-01
      vertex   7.589939e+00 6.510977e+00 2.000000e-01
    endloop
  endfacet
  facet normal 0.000000e+00 0.000000e+00 -1.000000e+00
    outer loop
      vertex   7.589939e+00 6.510977e+00 2.000000e-01
      vertex   6.999535e+00 6.578260e+00 2.000000e-01
      vertex   7.222212e+00 6.631801e+00 2.000000e-01
    endloop
  endfacet
  facet normal 0.000000e+00 0.000000e+00 -1.000000e+00
    outer loop
      vertex   7.589939e+00 6.510977e+00 2.000000e-01
      vertex   7.222212e+00 6.631801e+00 2.000000e-01
      vertex   7.446233e+00 6.674849e+00 2.000000e-01
    endloop
  endfacet
  facet normal 0.000000e+00 -0.000000e+00 -1.000000e+00
    outer loop
      vertex   6.707232e+00 3.881126e+00 2.000000e-01
      vertex   6.714770e+00 3.868070e+00 2.000000e-01
      vertex   1.587713e+00 2.750000e+00 2.000000e-01
    endloop
  endfacet
  facet normal 0.000000e+00 0.000000e+00 -1.000000e+00
    outer loop
      vertex   1.587713e+00 2.750000e+00 2.000000e-01
      vertex   6.714770e+00 3.868070e+00 2.000000e-01
      vertex   6.722283e+00 3.854999e+00 2.000000e-01
    endloop
  endfacet
  facet normal 0.000000e+00 0.000000e+00 -1.000000e+00
    outer loop
      vertex   7.615851e+00 3.677446e+00 2.000000e-01
      vertex   7.639062e+00 3.687677e+00 2.000000e-01
      vertex   7.674662e+00 3.700555e+00 2.000000e-01
    endloop
  endfacet
  facet normal 0.000000e+00 0.000000e+00 -1.000000e+00
    outer loop
      vertex   7.728948e+00 3.716956e+00 2.000000e-01
      vertex   7.765067e+00 3.726749e+00 2.000000e-01
      vertex   8.341540e+00 2.133470e+00 2.000000e-01
    endloop
  endfacet
  facet normal 0.000000e+00 0.000000e+00 -1.000000e+00
    outer loop
      vertex   8.341540e+00 2.133470e+00 2.000000e-01
      vertex   7.765067e+00 3.726749e+00 2.000000e-01
      vertex   7.818076e+00 3.739937e+00 2.000000e-01
    endloop
  endfacet
  facet normal 0.000000e+00 0.000000e+00 -1.000000e+00
    outer loop
      vertex   8.341540e+00 2.133470e+00 2.000000e-01
      vertex   7.818076e+00 3.739937e+00 2.000000e-01
      vertex   8.492445e+00 2.214403e+00 2.000000e-01
    endloop
  endfacet
  facet normal 0.000000e+00 0.000000e+00 -1.000000e+00
    outer loop
      vertex   8.492445e+00 2.214403e+00 2.000000e-01
      vertex   7.818076e+00 3.739937e+00 2.000000e-01
      vertex   7.906104e+00 3.758270e+00 2.000000e-01
    endloop
  endfacet
  facet normal 0.000000e+00 0.000000e+00 -1.000000e+00
    outer loop
      vertex   8.492445e+00 2.214403e+00 2.000000e-01
      vertex   7.906104e+00 3.758270e+00 2.000000e-01
      vertex   8.029027e+00 3.777738e+00 2.000000e-01
    endloop
  endfacet
  facet normal 0.000000e+00 0.000000e+00 -1.000000e+00
    outer loop
      vertex   8.492445e+00 2.214403e+00 2.000000e-01
      vertex   8.029027e+00 3.777738e+00 2.000000e-01
      vertex   8.630518e+00 2.300638e+00 2.000000e-01
    endloop
  endfacet
  facet normal 0.000000e+00 0.000000e+00 -1.000000e+00
    outer loop
      vertex   8.630518e+00 2.300638e+00 2.000000e-01
      vertex   8.029027e+00 3.777738e+00 2.000000e-01
      vertex   8.186326e+00 3.794225e+00 2.000000e-01
    endloop
  endfacet
  facet normal 0.000000e+00 0.000000e+00 -1.000000e+00
    outer loop
      vertex   8.630518e+00 2.300638e+00 2.000000e-01
      vertex   8.186326e+00 3.794225e+00 2.000000e-01
      vertex   8.707511e+00 2.353682e+00 2.000000e-01
    endloop
  endfacet
  facet normal 0.000000e+00 0.000000e+00 -1.000000e+00
    outer loop
      vertex   8.707511e+00 2.353682e+00 2.000000e-01
      vertex   8.186326e+00 3.794225e+00 2.000000e-01
      vertex   8.792053e+00 2.416051e+00 2.000000e-01
    endloop
  endfacet
  facet normal 0.000000e+00 0.000000e+00 -1.000000e+00
    outer loop
      vertex   8.792053e+00 2.416051e+00 2.000000e-01
      vertex   8.186326e+00 3.794225e+00 2.000000e-01
      vertex   8.377482e+00 3.803614e+00 2.000000e-01
    endloop
  endfacet
  facet normal 0.000000e+00 0.000000e+00 -1.000000e+00
    outer loop
      vertex   8.792053e+00 2.416051e+00 2.000000e-01
      vertex   8.377482e+00 3.803614e+00 2.000000e-01
      vertex   8.979628e+00 2.569328e+00 2.000000e-01
    endloop
  endfacet
  facet normal 0.000000e+00 0.000000e+00 -1.000000e+00
    outer loop
      vertex   8.979628e+00 2.569328e+00 2.000000e-01
      vertex   8.377482e+00 3.803614e+00 2.000000e-01
      vertex   8.599202e+00 3.801890e+00 2.000000e-01
    endloop
  endfacet
  facet normal 0.000000e+00 0.000000e+00 -1.000000e+00
    outer loop
      vertex   8.979628e+00 2.569328e+00 2.000000e-01
      vertex   8.599202e+00 3.801890e+00 2.000000e-01
      vertex   9.164081e+00 2.740258e+00 2.000000e-01
    endloop
  endfacet
  facet normal 0.000000e+00 0.000000e+00 -1.000000e+00
    outer loop
      vertex   9.164081e+00 2.740258e+00 2.000000e-01
      vertex   8.599202e+00 3.801890e+00 2.000000e-01
      vertex   8.827309e+00 3.787560e+00 2.000000e-01
    endloop
  endfacet
  facet normal 0.000000e+00 0.000000e+00 -1.000000e+00
    outer loop
      vertex   9.164081e+00 2.740258e+00 2.000000e-01
      vertex   8.827309e+00 3.787560e+00 2.000000e-01
      vertex   9.339031e+00 2.921810e+00 2.000000e-01
    endloop
  endfacet
  facet normal 0.000000e+00 0.000000e+00 -1.000000e+00
    outer loop
      vertex   9.339031e+00 2.921810e+00 2.000000e-01
      vertex   8.827309e+00 3.787560e+00 2.000000e-01
      vertex   9.054869e+00 3.761713e+00 2.000000e-01
    endloop
  endfacet
  facet normal 0.000000e+00 0.000000e+00 -1.000000e+00
    outer loop
      vertex   9.339031e+00 2.921810e+00 2.000000e-01
      vertex   9.054869e+00 3.761713e+00 2.000000e-01
      vertex   9.359095e+00 3.522405e+00 2.000000e-01
    endloop
  endfacet
  facet normal 0.000000e+00 0.000000e+00 -1.000000e+00
    outer loop
      vertex   9.359095e+00 3.522405e+00 2.000000e-01
      vertex   9.054869e+00 3.761713e+00 2.000000e-01
      vertex   9.280103e+00 3.725545e+00 2.000000e-01
    endloop
  endfacet
  facet normal 0.000000e+00 -0.000000e+00 -1.000000e+00
    outer loop
      vertex   9.359095e+00 3.522405e+00 2.000000e-01
      vertex   9.433641e+00 3.317592e+00 2.000000e-01
      vertex   9.339031e+00 2.921810e+00 2.000000e-01
    endloop
  endfacet
  facet normal 0.000000e+00 0.000000e+00 -1.000000e+00
    outer loop
      vertex   9.339031e+00 2.921810e+00 2.000000e-01
      vertex   9.433641e+00 3.317592e+00 2.000000e-01
      vertex   9.503706e+00 3.111202e+00 2.000000e-01
    endloop
  endfacet
  facet normal 0.000000e+00 -0.000000e+00 -1.000000e+00
    outer loop
      vertex   7.618644e+00 1.493654e+00 2.000000e-01
      vertex   7.627513e+00 1.367899e+00 2.000000e-01
      vertex   3.175426e+00 -8.880277e-15 2.000000e-01
    endloop
  endfacet
  facet normal 0.000000e+00 0.000000e+00 -1.000000e+00
    outer loop
      vertex   3.175426e+00 -8.880277e-15 2.000000e-01
      vertex   7.627513e+00 1.367899e+00 2.000000e-01
      vertex   7.630160e+00 1.353057e+00 2.000000e-01
    endloop
  endfacet
  facet normal 0.000000e+00 0.000000e+00 -1.000000e+00
    outer loop
      vertex   3.175426e+00 -8.880277e-15 2.000000e-01
      vertex   7.630160e+00 1.353057e+00 2.000000e-01
      vertex   7.632778e+00 1.338210e+00 2.000000e-01
    endloop
  endfacet
  facet normal 0.000000e+00 -0.000000e+00 -1.000000e+00
    outer loop
      vertex   7.632778e+00 1.338210e+00 2.000000e-01
      vertex   7.635367e+00 1.323358e+00 2.000000e-01
      vertex   3.175426e+00 -8.880277e-15 2.000000e-01
    endloop
  endfacet
  facet normal 0.000000e+00 0.000000e+00 -1.000000e+00
    outer loop
      vertex   3.175426e+00 -8.880277e-15 2.000000e-01
      vertex   7.635367e+00 1.323358e+00 2.000000e-01
      vertex   7.670043e+00 1.202154e+00 2.000000e-01
    endloop
  endfacet
  facet normal 0.000000e+00 0.000000e+00 -1.000000e+00
    outer loop
      vertex   3.175426e+00 -8.880277e-15 2.000000e-01
      vertex   7.670043e+00 1.202154e+00 2.000000e-01
      vertex   7.729678e+00 1.091084e+00 2.000000e-01
    endloop
  endfacet
  facet normal -0.000000e+00 -0.000000e+00 -1.000000e+00
    outer loop
      vertex   7.811548e+00 9.952186e-01 2.000000e-01
      vertex   7.811548e+00 -9.952186e-01 2.000000e-01
      vertex   7.729678e+00 1.091084e+00 2.000000e-01
    endloop
  endfacet
  facet normal 0.000000e+00 0.000000e+00 -1.000000e+00
    outer loop
      vertex   7.729678e+00 1.091084e+00 2.000000e-01
      vertex   7.811548e+00 -9.952186e-01 2.000000e-01
      vertex   7.729678e+00 -1.091084e+00 2.000000e-01
    endloop
  endfacet
  facet normal 0.000000e+00 -0.000000e+00 -1.000000e+00
    outer loop
      vertex   7.729678e+00 1.091084e+00 2.000000e-01
      vertex   7.729678e+00 -1.091084e+00 2.000000e-01
      vertex   3.175426e+00 -8.880277e-15 2.000000e-01
    endloop
  endfacet
  facet normal 0.000000e+00 0.000000e+00 -1.000000e+00
    outer loop
      vertex   3.175426e+00 -8.880277e-15 2.000000e-01
      vertex   7.729678e+00 -1.091084e+00 2.000000e-01
      vertex   7.670043e+00 -1.202154e+00 2.000000e-01
    endloop
  endfacet
  facet normal 0.000000e+00 0.000000e+00 -1.000000e+00
    outer loop
      vertex   3.175426e+00 -8.880277e-15 2.000000e-01
      vertex   7.670043e+00 -1.202154e+00 2.000000e-01
      vertex   7.635367e+00 -1.323358e+00 2.000000e-01
    endloop
  endfacet
  facet normal 0.000000e+00 0.000000e+00 -1.000000e+00
    outer loop
      vertex   7.811548e+00 -9.952186e-01 2.000000e-01
      vertex   7.811548e+00 9.952186e-01 2.000000e-01
      vertex   7.911915e+00 -9.189349e-01 2.000000e-01
    endloop
  endfacet
  facet normal 0.000000e+00 0.000000e+00 -1.000000e+00
    outer loop
      vertex   7.911915e+00 -9.189349e-01 2.000000e-01
      vertex   7.811548e+00 9.952186e-01 2.000000e-01
      vertex   7.911915e+00 9.189349e-01 2.000000e-01
    endloop
  endfacet
  facet normal 0.000000e+00 0.000000e+00 -1.000000e+00
    outer loop
      vertex   7.911915e+00 -9.189349e-01 2.000000e-01
      vertex   7.911915e+00 9.189349e-01 2.000000e-01
      vertex   8.026198e+00 -8.657158e-01 2.000000e-01
    endloop
  endfacet
  facet normal 0.000000e+00 0.000000e+00 -1.000000e+00
    outer loop
      vertex   8.026198e+00 -8.657158e-01 2.000000e-01
      vertex   7.911915e+00 9.189349e-01 2.000000e-01
      vertex   8.026198e+00 8.657158e-01 2.000000e-01
    endloop
  endfacet
  facet normal 0.000000e+00 0.000000e+00 -1.000000e+00
    outer loop
      vertex   8.026198e+00 -8.657158e-01 2.000000e-01
      vertex   8.026198e+00 8.657158e-01 2.000000e-01
      vertex   8.149179e+00 8.379909e-01 2.000000e-01
    endloop
  endfacet
  facet normal 0.000000e+00 0.000000e+00 -1.000000e+00
    outer loop
      vertex   8.026198e+00 -8.657158e-01 2.000000e-01
      vertex   8.149179e+00 8.379909e-01 2.000000e-01
      vertex   8.149179e+00 -8.379909e-01 2.000000e-01
    endloop
  endfacet
  facet normal 0.000000e+00 0.000000e+00 -1.000000e+00
    outer loop
      vertex   8.149179e+00 -8.379909e-01 2.000000e-01
      vertex   8.149179e+00 8.379909e-01 2.000000e-01
      vertex   8.275242e+00 8.370261e-01 2.000000e-01
    endloop
  endfacet
  facet normal 0.000000e+00 0.000000e+00 -1.000000e+00
    outer loop
      vertex   8.149179e+00 -8.379909e-01 2.000000e-01
      vertex   8.275242e+00 8.370261e-01 2.000000e-01
      vertex   8.275242e+00 -8.370261e-01 2.000000e-01
    endloop
  endfacet
  facet normal 0.000000e+00 0.000000e+00 -1.000000e+00
    outer loop
      vertex   8.275242e+00 -8.370261e-01 2.000000e-01
      vertex   8.275242e+00 8.370261e-01 2.000000e-01
      vertex   8.414320e+00 -8.508944e-01 2.000000e-01
    endloop
  endfacet
  facet normal 0.000000e+00 0.000000e+00 -1.000000e+00
    outer loop
      vertex   8.414320e+00 -8.508944e-01 2.000000e-01
      vertex   8.275242e+00 8.370261e-01 2.000000e-01
      vertex   8.414320e+00 8.508944e-01 2.000000e-01
    endloop
  endfacet
  facet normal 0.000000e+00 0.000000e+00 -1.000000e+00
    outer loop
      vertex   8.414320e+00 -8.508944e-01 2.000000e-01
      vertex   8.414320e+00 8.508944e-01 2.000000e-01
      vertex   8.477487e+00 8.524958e-01 2.000000e-01
    endloop
  endfacet
  facet normal -0.000000e+00 0.000000e+00 -1.000000e+00
    outer loop
      vertex   8.477487e+00 8.524958e-01 2.000000e-01
      vertex   8.414320e+00 8.508944e-01 2.000000e-01
      vertex   8.439630e+00 8.525695e-01 2.000000e-01
    endloop
  endfacet
  facet normal 0.000000e+00 -0.000000e+00 -1.000000e+00
    outer loop
      vertex   8.477487e+00 8.524958e-01 2.000000e-01
      vertex   8.534109e+00 8.493397e-01 2.000000e-01
      vertex   8.414320e+00 -8.508944e-01 2.000000e-01
    endloop
  endfacet
  facet normal 0.000000e+00 0.000000e+00 -1.000000e+00
    outer loop
      vertex   8.414320e+00 -8.508944e-01 2.000000e-01
      vertex   8.534109e+00 8.493397e-01 2.000000e-01
      vertex   8.486906e+00 -8.532137e-01 2.000000e-01
    endloop
  endfacet
  facet normal 0.000000e+00 0.000000e+00 -1.000000e+00
    outer loop
      vertex   8.486906e+00 -8.532137e-01 2.000000e-01
      vertex   8.534109e+00 8.493397e-01 2.000000e-01
      vertex   8.568173e+00 -8.481689e-01 2.000000e-01
    endloop
  endfacet
  facet normal 2.236700e-15 4.488431e-17 -1.000000e+00
    outer loop
      vertex   8.568173e+00 -8.481689e-01 2.000000e-01
      vertex   8.534109e+00 8.493397e-01 2.000000e-01
      vertex   8.571400e+00 8.461891e-01 2.000000e-01
    endloop
  endfacet
  facet normal -1.527322e-15 5.205191e-17 -1.000000e+00
    outer loop
      vertex   8.568173e+00 -8.481689e-01 2.000000e-01
      vertex   8.571400e+00 8.461891e-01 2.000000e-01
      vertex   8.625722e+00 8.404519e-01 2.000000e-01
    endloop
  endfacet
  facet normal 0.000000e+00 0.000000e+00 -1.000000e+00
    outer loop
      vertex   8.568173e+00 -8.481689e-01 2.000000e-01
      vertex   8.625722e+00 8.404519e-01 2.000000e-01
      vertex   8.737658e+00 -8.237293e-01 2.000000e-01
    endloop
  endfacet
  facet normal 0.000000e+00 0.000000e+00 -1.000000e+00
    outer loop
      vertex   8.737658e+00 -8.237293e-01 2.000000e-01
      vertex   8.625722e+00 8.404519e-01 2.000000e-01
      vertex   8.714712e+00 8.275720e-01 2.000000e-01
    endloop
  endfacet
  facet normal 0.000000e+00 0.000000e+00 -1.000000e+00
    outer loop
      vertex   8.737658e+00 -8.237293e-01 2.000000e-01
      vertex   8.714712e+00 8.275720e-01 2.000000e-01
      vertex   8.836880e+00 8.038235e-01 2.000000e-01
    endloop
  endfacet
  facet normal 0.000000e+00 0.000000e+00 -1.000000e+00
    outer loop
      vertex   8.737658e+00 -8.237293e-01 2.000000e-01
      vertex   8.836880e+00 8.038235e-01 2.000000e-01
      vertex   8.896898e+00 -7.899184e-01 2.000000e-01
    endloop
  endfacet
  facet normal 0.000000e+00 0.000000e+00 -1.000000e+00
    outer loop
      vertex   8.896898e+00 -7.899184e-01 2.000000e-01
      vertex   8.836880e+00 8.038235e-01 2.000000e-01
      vertex   8.990332e+00 7.655164e-01 2.000000e-01
    endloop
  endfacet
  facet normal 0.000000e+00 0.000000e+00 -1.000000e+00
    outer loop
      vertex   8.896898e+00 -7.899184e-01 2.000000e-01
      vertex   8.990332e+00 7.655164e-01 2.000000e-01
      vertex   8.987391e+00 -7.664066e-01 2.000000e-01
    endloop
  endfacet
  facet normal 0.000000e+00 0.000000e+00 -1.000000e+00
    outer loop
      vertex   8.987391e+00 -7.664066e-01 2.000000e-01
      vertex   8.990332e+00 7.655164e-01 2.000000e-01
      vertex   9.088166e+00 -7.367136e-01 2.000000e-01
    endloop
  endfacet
  facet normal 0.000000e+00 0.000000e+00 -1.000000e+00
    outer loop
      vertex   9.088166e+00 -7.367136e-01 2.000000e-01
      vertex   8.990332e+00 7.655164e-01 2.000000e-01
      vertex   9.173171e+00 7.089604e-01 2.000000e-01
    endloop
  endfacet
  facet normal 0.000000e+00 0.000000e+00 -1.000000e+00
    outer loop
      vertex   9.088166e+00 -7.367136e-01 2.000000e-01
      vertex   9.173171e+00 7.089604e-01 2.000000e-01
      vertex   9.316852e+00 -6.568354e-01 2.000000e-01
    endloop
  endfacet
  facet normal 0.000000e+00 0.000000e+00 -1.000000e+00
    outer loop
      vertex   9.316852e+00 -6.568354e-01 2.000000e-01
      vertex   9.173171e+00 7.089604e-01 2.000000e-01
      vertex   9.380929e+00 6.315080e-01 2.000000e-01
    endloop
  endfacet
  facet normal 0.000000e+00 0.000000e+00 -1.000000e+00
    outer loop
      vertex   9.316852e+00 -6.568354e-01 2.000000e-01
      vertex   9.380929e+00 6.315080e-01 2.000000e-01
      vertex   9.548643e+00 -5.593001e-01 2.000000e-01
    endloop
  endfacet
  facet normal 0.000000e+00 0.000000e+00 -1.000000e+00
    outer loop
      vertex   9.548643e+00 -5.593001e-01 2.000000e-01
      vertex   9.380929e+00 6.315080e-01 2.000000e-01
      vertex   9.590379e+00 5.400250e-01 2.000000e-01
    endloop
  endfacet
  facet normal 0.000000e+00 0.000000e+00 -1.000000e+00
    outer loop
      vertex   9.548643e+00 -5.593001e-01 2.000000e-01
      vertex   9.590379e+00 5.400250e-01 2.000000e-01
      vertex   9.775137e+00 -4.485337e-01 2.000000e-01
    endloop
  endfacet
  facet normal 0.000000e+00 0.000000e+00 -1.000000e+00
    outer loop
      vertex   9.775137e+00 -4.485337e-01 2.000000e-01
      vertex   9.590379e+00 5.400250e-01 2.000000e-01
      vertex   9.999406e+00 -1.089788e-01 2.000000e-01
    endloop
  endfacet
  facet normal 0.000000e+00 0.000000e+00 -1.000000e+00
    outer loop
      vertex   9.775137e+00 -4.485337e-01 2.000000e-01
      vertex   9.999406e+00 -1.089788e-01 2.000000e-01
      vertex   9.994656e+00 -3.268848e-01 2.000000e-01
    endloop
  endfacet
  facet normal 0.000000e+00 0.000000e+00 -1.000000e+00
    outer loop
      vertex   9.999406e+00 -1.089788e-01 2.000000e-01
      vertex   9.590379e+00 5.400250e-01 2.000000e-01
      vertex   9.999406e+00 1.089788e-01 2.000000e-01
    endloop
  endfacet
  facet normal 0.000000e+00 0.000000e+00 -1.000000e+00
    outer loop
      vertex   9.999406e+00 1.089788e-01 2.000000e-01
      vertex   9.590379e+00 5.400250e-01 2.000000e-01
      vertex   9.795375e+00 4.379062e-01 2.000000e-01
    endloop
  endfacet
  facet normal 0.000000e+00 0.000000e+00 -1.000000e+00
    outer loop
      vertex   9.999406e+00 1.089788e-01 2.000000e-01
      vertex   9.795375e+00 4.379062e-01 2.000000e-01
      vertex   9.994656e+00 3.268848e-01 2.000000e-01
    endloop
  endfacet
  facet normal -0.000000e+00 0.000000e+00 -1.000000e+00
    outer loop
      vertex   7.635367e+00 -1.323358e+00 2.000000e-01
      vertex   7.632778e+00 -1.338210e+00 2.000000e-01
      vertex   3.175426e+00 -8.880277e-15 2.000000e-01
    endloop
  endfacet
  facet normal 0.000000e+00 0.000000e+00 -1.000000e+00
    outer loop
      vertex   3.175426e+00 -8.880277e-15 2.000000e-01
      vertex   7.632778e+00 -1.338210e+00 2.000000e-01
      vertex   7.630160e+00 -1.353057e+00 2.000000e-01
    endloop
  endfacet
  facet normal 0.000000e+00 0.000000e+00 -1.000000e+00
    outer loop
      vertex   3.175426e+00 -8.880277e-15 2.000000e-01
      vertex   7.630160e+00 -1.353057e+00 2.000000e-01
      vertex   7.627513e+00 -1.367899e+00 2.000000e-01
    endloop
  endfacet
  facet normal -0.000000e+00 0.000000e+00 -1.000000e+00
    outer loop
      vertex   7.627513e+00 -1.367899e+00 2.000000e-01
      vertex   7.618644e+00 -1.493654e+00 2.000000e-01
      vertex   3.175426e+00 -8.880277e-15 2.000000e-01
    endloop
  endfacet
  facet normal 0.000000e+00 0.000000e+00 -1.000000e+00
    outer loop
      vertex   3.175426e+00 -8.880277e-15 2.000000e-01
      vertex   7.618644e+00 -1.493654e+00 2.000000e-01
      vertex   6.796322e+00 -3.752965e+00 2.000000e-01
    endloop
  endfacet
  facet normal 0.000000e+00 0.000000e+00 -1.000000e+00
    outer loop
      vertex   3.175426e+00 -8.880277e-15 2.000000e-01
      vertex   6.796322e+00 -3.752965e+00 2.000000e-01
      vertex   6.722283e+00 -3.854999e+00 2.000000e-01
    endloop
  endfacet
  facet normal 0.000000e+00 -0.000000e+00 -1.000000e+00
    outer loop
      vertex   7.618644e+00 -1.493654e+00 2.000000e-01
      vertex   7.636694e+00 -1.618422e+00 2.000000e-01
      vertex   6.796322e+00 -3.752965e+00 2.000000e-01
    endloop
  endfacet
  facet normal 0.000000e+00 0.000000e+00 -1.000000e+00
    outer loop
      vertex   6.796322e+00 -3.752965e+00 2.000000e-01
      vertex   7.636694e+00 -1.618422e+00 2.000000e-01
      vertex   6.890348e+00 -3.668989e+00 2.000000e-01
    endloop
  endfacet
  facet normal 0.000000e+00 0.000000e+00 -1.000000e+00
    outer loop
      vertex   6.890348e+00 -3.668989e+00 2.000000e-01
      vertex   7.636694e+00 -1.618422e+00 2.000000e-01
      vertex   7.680838e+00 -1.736507e+00 2.000000e-01
    endloop
  endfacet
  facet normal 0.000000e+00 0.000000e+00 -1.000000e+00
    outer loop
      vertex   6.890348e+00 -3.668989e+00 2.000000e-01
      vertex   7.680838e+00 -1.736507e+00 2.000000e-01
      vertex   7.000069e+00 -3.606906e+00 2.000000e-01
    endloop
  endfacet
  facet normal 0.000000e+00 0.000000e+00 -1.000000e+00
    outer loop
      vertex   7.000069e+00 -3.606906e+00 2.000000e-01
      vertex   7.680838e+00 -1.736507e+00 2.000000e-01
      vertex   7.749063e+00 -1.842518e+00 2.000000e-01
    endloop
  endfacet
  facet normal 0.000000e+00 0.000000e+00 -1.000000e+00
    outer loop
      vertex   7.000069e+00 -3.606906e+00 2.000000e-01
      vertex   7.749063e+00 -1.842518e+00 2.000000e-01
      vertex   7.120474e+00 -3.569551e+00 2.000000e-01
    endloop
  endfacet
  facet normal 0.000000e+00 0.000000e+00 -1.000000e+00
    outer loop
      vertex   7.120474e+00 -3.569551e+00 2.000000e-01
      vertex   7.749063e+00 -1.842518e+00 2.000000e-01
      vertex   7.838251e+00 -1.931615e+00 2.000000e-01
    endloop
  endfacet
  facet normal 0.000000e+00 0.000000e+00 -1.000000e+00
    outer loop
      vertex   7.120474e+00 -3.569551e+00 2.000000e-01
      vertex   7.838251e+00 -1.931615e+00 2.000000e-01
      vertex   7.246067e+00 -3.558628e+00 2.000000e-01
    endloop
  endfacet
  facet normal 0.000000e+00 0.000000e+00 -1.000000e+00
    outer loop
      vertex   7.246067e+00 -3.558628e+00 2.000000e-01
      vertex   7.838251e+00 -1.931615e+00 2.000000e-01
      vertex   7.944333e+00 -1.999729e+00 2.000000e-01
    endloop
  endfacet
  facet normal 0.000000e+00 0.000000e+00 -1.000000e+00
    outer loop
      vertex   7.246067e+00 -3.558628e+00 2.000000e-01
      vertex   7.944333e+00 -1.999729e+00 2.000000e-01
      vertex   8.062464e+00 -2.043752e+00 2.000000e-01
    endloop
  endfacet
  facet normal 0.000000e+00 -0.000000e+00 -1.000000e+00
    outer loop
      vertex   8.062464e+00 -2.043752e+00 2.000000e-01
      vertex   8.197897e+00 -2.078288e+00 2.000000e-01
      vertex   7.246067e+00 -3.558628e+00 2.000000e-01
    endloop
  endfacet
  facet normal 0.000000e+00 0.000000e+00 -1.000000e+00
    outer loop
      vertex   7.246067e+00 -3.558628e+00 2.000000e-01
      vertex   8.197897e+00 -2.078288e+00 2.000000e-01
      vertex   8.257803e+00 -2.098387e+00 2.000000e-01
    endloop
  endfacet
  facet normal 0.000000e+00 0.000000e+00 -1.000000e+00
    outer loop
      vertex   7.246067e+00 -3.558628e+00 2.000000e-01
      vertex   8.257803e+00 -2.098387e+00 2.000000e-01
      vertex   8.309931e+00 -2.120719e+00 2.000000e-01
    endloop
  endfacet
  facet normal 0.000000e+00 0.000000e+00 -1.000000e+00
    outer loop
      vertex   8.197897e+00 -2.078288e+00 2.000000e-01
      vertex   8.222254e+00 -2.085370e+00 2.000000e-01
      vertex   8.257803e+00 -2.098387e+00 2.000000e-01
    endloop
  endfacet
  facet normal 0.000000e+00 -0.000000e+00 -1.000000e+00
    outer loop
      vertex   8.309931e+00 -2.120719e+00 2.000000e-01
      vertex   8.343895e+00 -2.136434e+00 2.000000e-01
      vertex   7.246067e+00 -3.558628e+00 2.000000e-01
    endloop
  endfacet
  facet normal 0.000000e+00 0.000000e+00 -1.000000e+00
    outer loop
      vertex   7.246067e+00 -3.558628e+00 2.000000e-01
      vertex   8.343895e+00 -2.136434e+00 2.000000e-01
      vertex   8.392979e+00 -2.160404e+00 2.000000e-01
    endloop
  endfacet
  facet normal 0.000000e+00 0.000000e+00 -1.000000e+00
    outer loop
      vertex   7.246067e+00 -3.558628e+00 2.000000e-01
      vertex   8.392979e+00 -2.160404e+00 2.000000e-01
      vertex   8.472197e+00 -2.202944e+00 2.000000e-01
    endloop
  endfacet
  facet normal 0.000000e+00 -0.000000e+00 -1.000000e+00
    outer loop
      vertex   8.472197e+00 -2.202944e+00 2.000000e-01
      vertex   8.578875e+00 -2.267044e+00 2.000000e-01
      vertex   7.246067e+00 -3.558628e+00 2.000000e-01
    endloop
  endfacet
  facet normal 0.000000e+00 0.000000e+00 -1.000000e+00
    outer loop
      vertex   7.246067e+00 -3.558628e+00 2.000000e-01
      vertex   8.578875e+00 -2.267044e+00 2.000000e-01
      vertex   8.709970e+00 -2.355524e+00 2.000000e-01
    endloop
  endfacet
  facet normal 0.000000e+00 0.000000e+00 -1.000000e+00
    outer loop
      vertex   7.246067e+00 -3.558628e+00 2.000000e-01
      vertex   8.709970e+00 -2.355524e+00 2.000000e-01
      vertex   8.862440e+00 -2.471204e+00 2.000000e-01
    endloop
  endfacet
  facet normal 0.000000e+00 -0.000000e+00 -1.000000e+00
    outer loop
      vertex   8.862440e+00 -2.471204e+00 2.000000e-01
      vertex   9.031179e+00 -2.615043e+00 2.000000e-01
      vertex   7.246067e+00 -3.558628e+00 2.000000e-01
    endloop
  endfacet
  facet normal 0.000000e+00 0.000000e+00 -1.000000e+00
    outer loop
      vertex   7.246067e+00 -3.558628e+00 2.000000e-01
      vertex   9.031179e+00 -2.615043e+00 2.000000e-01
      vertex   7.371113e+00 -3.574637e+00 2.000000e-01
    endloop
  endfacet
  facet normal 0.000000e+00 0.000000e+00 -1.000000e+00
    outer loop
      vertex   7.371113e+00 -3.574637e+00 2.000000e-01
      vertex   9.031179e+00 -2.615043e+00 2.000000e-01
      vertex   7.489904e+00 -3.616847e+00 2.000000e-01
    endloop
  endfacet
  facet normal 0.000000e+00 0.000000e+00 -1.000000e+00
    outer loop
      vertex   7.489904e+00 -3.616847e+00 2.000000e-01
      vertex   9.031179e+00 -2.615043e+00 2.000000e-01
      vertex   7.615851e+00 -3.677446e+00 2.000000e-01
    endloop
  endfacet
  facet normal 0.000000e+00 0.000000e+00 -1.000000e+00
    outer loop
      vertex   7.615851e+00 -3.677446e+00 2.000000e-01
      vertex   9.031179e+00 -2.615043e+00 2.000000e-01
      vertex   7.683267e+00 -3.704452e+00 2.000000e-01
    endloop
  endfacet
  facet normal 0.000000e+00 0.000000e+00 -1.000000e+00
    outer loop
      vertex   7.683267e+00 -3.704452e+00 2.000000e-01
      vertex   9.031179e+00 -2.615043e+00 2.000000e-01
      vertex   7.761358e+00 -3.727506e+00 2.000000e-01
    endloop
  endfacet
  facet normal 0.000000e+00 0.000000e+00 -1.000000e+00
    outer loop
      vertex   7.761358e+00 -3.727506e+00 2.000000e-01
      vertex   9.031179e+00 -2.615043e+00 2.000000e-01
      vertex   7.928981e+00 -3.762507e+00 2.000000e-01
    endloop
  endfacet
  facet normal 0.000000e+00 0.000000e+00 -1.000000e+00
    outer loop
      vertex   7.928981e+00 -3.762507e+00 2.000000e-01
      vertex   9.031179e+00 -2.615043e+00 2.000000e-01
      vertex   8.090182e+00 -3.785199e+00 2.000000e-01
    endloop
  endfacet
  facet normal 0.000000e+00 0.000000e+00 -1.000000e+00
    outer loop
      vertex   8.090182e+00 -3.785199e+00 2.000000e-01
      vertex   9.031179e+00 -2.615043e+00 2.000000e-01
      vertex   8.183258e+00 -3.794055e+00 2.000000e-01
    endloop
  endfacet
  facet normal 2.533040e-16 -1.821708e-16 -1.000000e+00
    outer loop
      vertex   8.183258e+00 -3.794055e+00 2.000000e-01
      vertex   9.031179e+00 -2.615043e+00 2.000000e-01
      vertex   8.288111e+00 -3.800620e+00 2.000000e-01
    endloop
  endfacet
  facet normal -1.139656e-16 4.801758e-17 -1.000000e+00
    outer loop
      vertex   8.288111e+00 -3.800620e+00 2.000000e-01
      vertex   9.031179e+00 -2.615043e+00 2.000000e-01
      vertex   8.530326e+00 -3.803774e+00 2.000000e-01
    endloop
  endfacet
  facet normal 0.000000e+00 0.000000e+00 -1.000000e+00
    outer loop
      vertex   8.530326e+00 -3.803774e+00 2.000000e-01
      vertex   9.031179e+00 -2.615043e+00 2.000000e-01
      vertex   8.781497e+00 -3.791398e+00 2.000000e-01
    endloop
  endfacet
  facet normal 0.000000e+00 0.000000e+00 -1.000000e+00
    outer loop
      vertex   8.781497e+00 -3.791398e+00 2.000000e-01
      vertex   9.031179e+00 -2.615043e+00 2.000000e-01
      vertex   9.196708e+00 -2.772645e+00 2.000000e-01
    endloop
  endfacet
  facet normal 0.000000e+00 0.000000e+00 -1.000000e+00
    outer loop
      vertex   8.781497e+00 -3.791398e+00 2.000000e-01
      vertex   9.196708e+00 -2.772645e+00 2.000000e-01
      vertex   9.032216e+00 -3.764777e+00 2.000000e-01
    endloop
  endfacet
  facet normal 0.000000e+00 0.000000e+00 -1.000000e+00
    outer loop
      vertex   9.032216e+00 -3.764777e+00 2.000000e-01
      vertex   9.196708e+00 -2.772645e+00 2.000000e-01
      vertex   9.359095e+00 -3.522405e+00 2.000000e-01
    endloop
  endfacet
  facet normal 0.000000e+00 0.000000e+00 -1.000000e+00
    outer loop
      vertex   9.032216e+00 -3.764777e+00 2.000000e-01
      vertex   9.359095e+00 -3.522405e+00 2.000000e-01
      vertex   9.280103e+00 -3.725545e+00 2.000000e-01
    endloop
  endfacet
  facet normal 0.000000e+00 0.000000e+00 -1.000000e+00
    outer loop
      vertex   9.359095e+00 -3.522405e+00 2.000000e-01
      vertex   9.196708e+00 -2.772645e+00 2.000000e-01
      vertex   9.433641e+00 -3.317592e+00 2.000000e-01
    endloop
  endfacet
  facet normal 0.000000e+00 0.000000e+00 -1.000000e+00
    outer loop
      vertex   9.433641e+00 -3.317592e+00 2.000000e-01
      vertex   9.196708e+00 -2.772645e+00 2.000000e-01
      vertex   9.354414e+00 -2.938718e+00 2.000000e-01
    endloop
  endfacet
  facet normal 0.000000e+00 0.000000e+00 -1.000000e+00
    outer loop
      vertex   9.433641e+00 -3.317592e+00 2.000000e-01
      vertex   9.354414e+00 -2.938718e+00 2.000000e-01
      vertex   9.503706e+00 -3.111202e+00 2.000000e-01
    endloop
  endfacet
  facet normal 9.844681e-01 1.755638e-01 -5.074257e-16
    outer loop
      vertex   7.627513e+00 1.367899e+00 2.000000e-01
      vertex   7.627513e+00 1.367899e+00 2.000000e+00
      vertex   7.630160e+00 1.353057e+00 2.000000e-01
    endloop
  endfacet
  facet normal 9.844681e-01 1.755638e-01 -0.000000e+00
    outer loop
      vertex   7.630160e+00 1.353057e+00 2.000000e-01
      vertex   7.627513e+00 1.367899e+00 2.000000e+00
      vertex   7.630160e+00 1.353057e+00 2.000000e+00
    endloop
  endfacet
  facet normal 9.848078e-01 1.736482e-01 -0.000000e+00
    outer loop
      vertex   7.630160e+00 1.353057e+00 2.000000e-01
      vertex   7.630160e+00 1.353057e+00 2.000000e+00
      vertex   7.632778e+00 1.338210e+00 2.000000e-01
    endloop
  endfacet
  facet normal 9.848078e-01 1.736482e-01 -2.142091e-17
    outer loop
      vertex   7.632778e+00 1.338210e+00 2.000000e-01
      vertex   7.630160e+00 1.353057e+00 2.000000e+00
      vertex   7.632778e+00 1.338210e+00 2.000000e+00
    endloop
  endfacet
  facet normal 9.851437e-01 1.717319e-01 -2.118452e-17
    outer loop
      vertex   7.632778e+00 1.338210e+00 2.000000e-01
      vertex   7.632778e+00 1.338210e+00 2.000000e+00
      vertex   7.635367e+00 1.323358e+00 2.000000e-01
    endloop
  endfacet
  facet normal 9.851437e-01 1.717319e-01 -5.072864e-16
    outer loop
      vertex   7.635367e+00 1.323358e+00 2.000000e-01
      vertex   7.632778e+00 1.338210e+00 2.000000e+00
      vertex   7.635367e+00 1.323358e+00 2.000000e+00
    endloop
  endfacet
  facet normal 8.650510e-01 5.016839e-01 -4.268442e-16
    outer loop
      vertex   6.699668e+00 3.894168e+00 2.000000e-01
      vertex   6.699668e+00 3.894168e+00 2.000000e+00
      vertex   6.707232e+00 3.881126e+00 2.000000e-01
    endloop
  endfacet
  facet normal 8.650510e-01 5.016839e-01 -0.000000e+00
    outer loop
      vertex   6.707232e+00 3.881126e+00 2.000000e-01
      vertex   6.699668e+00 3.894168e+00 2.000000e+00
      vertex   6.707232e+00 3.881126e+00 2.000000e+00
    endloop
  endfacet
  facet normal 8.660254e-01 5.000000e-01 -0.000000e+00
    outer loop
      vertex   6.707232e+00 3.881126e+00 2.000000e-01
      vertex   6.707232e+00 3.881126e+00 2.000000e+00
      vertex   6.714770e+00 3.868070e+00 2.000000e-01
    endloop
  endfacet
  facet normal 8.660254e-01 5.000000e-01 -0.000000e+00
    outer loop
      vertex   6.714770e+00 3.868070e+00 2.000000e-01
      vertex   6.707232e+00 3.881126e+00 2.000000e+00
      vertex   6.714770e+00 3.868070e+00 2.000000e+00
    endloop
  endfacet
  facet normal 8.669965e-01 4.983142e-01 -0.000000e+00
    outer loop
      vertex   6.714770e+00 3.868070e+00 2.000000e-01
      vertex   6.714770e+00 3.868070e+00 2.000000e+00
      vertex   6.722283e+00 3.854999e+00 2.000000e-01
    endloop
  endfacet
  facet normal 8.669965e-01 4.983142e-01 -0.000000e+00
    outer loop
      vertex   6.722283e+00 3.854999e+00 2.000000e-01
      vertex   6.714770e+00 3.868070e+00 2.000000e+00
      vertex   6.722283e+00 3.854999e+00 2.000000e+00
    endloop
  endfacet
  facet normal 6.412960e-01 7.672935e-01 -3.164363e-16
    outer loop
      vertex   4.963745e+00 5.950742e+00 2.000000e-01
      vertex   4.963745e+00 5.950742e+00 2.000000e+00
      vertex   4.975313e+00 5.941074e+00 2.000000e-01
    endloop
  endfacet
  facet normal 6.412960e-01 7.672935e-01 6.217125e-17
    outer loop
      vertex   4.975313e+00 5.941074e+00 2.000000e-01
      vertex   4.963745e+00 5.950742e+00 2.000000e+00
      vertex   4.975313e+00 5.941074e+00 2.000000e+00
    endloop
  endfacet
  facet normal 6.427876e-01 7.660444e-01 6.081892e-17
    outer loop
      vertex   4.975313e+00 5.941074e+00 2.000000e-01
      vertex   4.975313e+00 5.941074e+00 2.000000e+00
      vertex   4.986862e+00 5.931383e+00 2.000000e-01
    endloop
  endfacet
  facet normal 6.427876e-01 7.660444e-01 -0.000000e+00
    outer loop
      vertex   4.986862e+00 5.931383e+00 2.000000e-01
      vertex   4.975313e+00 5.941074e+00 2.000000e+00
      vertex   4.986862e+00 5.931383e+00 2.000000e+00
    endloop
  endfacet
  facet normal 6.442767e-01 7.647924e-01 -0.000000e+00
    outer loop
      vertex   4.986862e+00 5.931383e+00 2.000000e-01
      vertex   4.986862e+00 5.931383e+00 2.000000e+00
      vertex   4.998392e+00 5.921670e+00 2.000000e-01
    endloop
  endfacet
  facet normal 6.442767e-01 7.647924e-01 -0.000000e+00
    outer loop
      vertex   4.998392e+00 5.921670e+00 2.000000e-01
      vertex   4.986862e+00 5.931383e+00 2.000000e+00
      vertex   4.998392e+00 5.921670e+00 2.000000e+00
    endloop
  endfacet
  facet normal 3.401913e-01 9.403562e-01 -1.011935e-15
    outer loop
      vertex   2.629121e+00 7.289570e+00 2.000000e-01
      vertex   2.629121e+00 7.289570e+00 2.000000e+00
      vertex   2.643298e+00 7.284441e+00 2.000000e-01
    endloop
  endfacet
  facet normal 3.401913e-01 9.403562e-01 -0.000000e+00
    outer loop
      vertex   2.643298e+00 7.284441e+00 2.000000e-01
      vertex   2.629121e+00 7.289570e+00 2.000000e+00
      vertex   2.643298e+00 7.284441e+00 2.000000e+00
    endloop
  endfacet
  facet normal 3.420201e-01 9.396926e-01 -0.000000e+00
    outer loop
      vertex   2.643298e+00 7.284441e+00 2.000000e-01
      vertex   2.643298e+00 7.284441e+00 2.000000e+00
      vertex   2.657465e+00 7.279284e+00 2.000000e-01
    endloop
  endfacet
  facet normal 3.420201e-01 9.396926e-01 -0.000000e+00
    outer loop
      vertex   2.657465e+00 7.279284e+00 2.000000e-01
      vertex   2.643298e+00 7.284441e+00 2.000000e+00
      vertex   2.657465e+00 7.279284e+00 2.000000e+00
    endloop
  endfacet
  facet normal 3.438477e-01 9.390254e-01 -0.000000e+00
    outer loop
      vertex   2.657465e+00 7.279284e+00 2.000000e-01
      vertex   2.657465e+00 7.279284e+00 2.000000e+00
      vertex   2.671622e+00 7.274101e+00 2.000000e-01
    endloop
  endfacet
  facet normal 3.438477e-01 9.390254e-01 -1.696656e-16
    outer loop
      vertex   2.671622e+00 7.274101e+00 2.000000e-01
      vertex   2.657465e+00 7.279284e+00 2.000000e+00
      vertex   2.671622e+00 7.274101e+00 2.000000e+00
    endloop
  endfacet
  facet normal -1.945505e-03 9.999981e-01 -9.868668e-16
    outer loop
      vertex   -2.261414e-02 7.749167e+00 2.000000e-01
      vertex   -2.261414e-02 7.749167e+00 2.000000e+00
      vertex   -7.538057e-03 7.749196e+00 2.000000e-01
    endloop
  endfacet
  facet normal -1.945505e-03 9.999981e-01 0.000000e+00
    outer loop
      vertex   -7.538057e-03 7.749196e+00 2.000000e-01
      vertex   -2.261414e-02 7.749167e+00 2.000000e+00
      vertex   -7.538057e-03 7.749196e+00 2.000000e+00
    endloop
  endfacet
  facet normal 0.000000e+00 1.000000e+00 0.000000e+00
    outer loop
      vertex   -7.538057e-03 7.749196e+00 2.000000e-01
      vertex   -7.538057e-03 7.749196e+00 2.000000e+00
      vertex   7.538057e-03 7.749196e+00 2.000000e-01
    endloop
  endfacet
  facet normal 0.000000e+00 1.000000e+00 -0.000000e+00
    outer loop
      vertex   7.538057e-03 7.749196e+00 2.000000e-01
      vertex   -7.538057e-03 7.749196e+00 2.000000e+00
      vertex   7.538057e-03 7.749196e+00 2.000000e+00
    endloop
  endfacet
  facet normal 1.945505e-03 9.999981e-01 -0.000000e+00
    outer loop
      vertex   7.538057e-03 7.749196e+00 2.000000e-01
      vertex   7.538057e-03 7.749196e+00 2.000000e+00
      vertex   2.261414e-02 7.749167e+00 2.000000e-01
    endloop
  endfacet
  facet normal 1.945505e-03 9.999981e-01 -9.868668e-16
    outer loop
      vertex   2.261414e-02 7.749167e+00 2.000000e-01
      vertex   7.538057e-03 7.749196e+00 2.000000e+00
      vertex   2.261414e-02 7.749167e+00 2.000000e+00
    endloop
  endfacet
  facet normal -3.438477e-01 9.390254e-01 0.000000e+00
    outer loop
      vertex   -2.671622e+00 7.274101e+00 2.000000e-01
      vertex   -2.671622e+00 7.274101e+00 2.000000e+00
      vertex   -2.657465e+00 7.279284e+00 2.000000e-01
    endloop
  endfacet
  facet normal -3.438477e-01 9.390254e-01 0.000000e+00
    outer loop
      vertex   -2.657465e+00 7.279284e+00 2.000000e-01
      vertex   -2.671622e+00 7.274101e+00 2.000000e+00
      vertex   -2.657465e+00 7.279284e+00 2.000000e+00
    endloop
  endfacet
  facet normal -3.420201e-01 9.396926e-01 0.000000e+00
    outer loop
      vertex   -2.657465e+00 7.279284e+00 2.000000e-01
      vertex   -2.657465e+00 7.279284e+00 2.000000e+00
      vertex   -2.643298e+00 7.284441e+00 2.000000e-01
    endloop
  endfacet
  facet normal -3.420201e-01 9.396926e-01 0.000000e+00
    outer loop
      vertex   -2.643298e+00 7.284441e+00 2.000000e-01
      vertex   -2.657465e+00 7.279284e+00 2.000000e+00
      vertex   -2.643298e+00 7.284441e+00 2.000000e+00
    endloop
  endfacet
  facet normal -3.401913e-01 9.403562e-01 0.000000e+00
    outer loop
      vertex   -2.643298e+00 7.284441e+00 2.000000e-01
      vertex   -2.643298e+00 7.284441e+00 2.000000e+00
      vertex   -2.629121e+00 7.289570e+00 2.000000e-01
    endloop
  endfacet
  facet normal -3.401913e-01 9.403562e-01 -5.479330e-16
    outer loop
      vertex   -2.629121e+00 7.289570e+00 2.000000e-01
      vertex   -2.643298e+00 7.284441e+00 2.000000e+00
      vertex   -2.629121e+00 7.289570e+00 2.000000e+00
    endloop
  endfacet
  facet normal -6.442767e-01 7.647924e-01 -6.952805e-16
    outer loop
      vertex   -4.998392e+00 5.921670e+00 2.000000e-01
      vertex   -4.998392e+00 5.921670e+00 2.000000e+00
      vertex   -4.986862e+00 5.931383e+00 2.000000e-01
    endloop
  endfacet
  facet normal -6.442767e-01 7.647924e-01 0.000000e+00
    outer loop
      vertex   -4.986862e+00 5.931383e+00 2.000000e-01
      vertex   -4.998392e+00 5.921670e+00 2.000000e+00
      vertex   -4.986862e+00 5.931383e+00 2.000000e+00
    endloop
  endfacet
  facet normal -6.427876e-01 7.660444e-01 0.000000e+00
    outer loop
      vertex   -4.986862e+00 5.931383e+00 2.000000e-01
      vertex   -4.986862e+00 5.931383e+00 2.000000e+00
      vertex   -4.975313e+00 5.941074e+00 2.000000e-01
    endloop
  endfacet
  facet normal -6.427876e-01 7.660444e-01 0.000000e+00
    outer loop
      vertex   -4.975313e+00 5.941074e+00 2.000000e-01
      vertex   -4.986862e+00 5.931383e+00 2.000000e+00
      vertex   -4.975313e+00 5.941074e+00 2.000000e+00
    endloop
  endfacet
  facet normal -6.412960e-01 7.672935e-01 0.000000e+00
    outer loop
      vertex   -4.975313e+00 5.941074e+00 2.000000e-01
      vertex   -4.975313e+00 5.941074e+00 2.000000e+00
      vertex   -4.963745e+00 5.950742e+00 2.000000e-01
    endloop
  endfacet
  facet normal -6.412960e-01 7.672935e-01 -3.164363e-16
    outer loop
      vertex   -4.963745e+00 5.950742e+00 2.000000e-01
      vertex   -4.975313e+00 5.941074e+00 2.000000e+00
      vertex   -4.963745e+00 5.950742e+00 2.000000e+00
    endloop
  endfacet
  facet normal -8.669965e-01 4.983142e-01 0.000000e+00
    outer loop
      vertex   -6.722283e+00 3.854999e+00 2.000000e-01
      vertex   -6.722283e+00 3.854999e+00 2.000000e+00
      vertex   -6.714770e+00 3.868070e+00 2.000000e-01
    endloop
  endfacet
  facet normal -8.669965e-01 4.983142e-01 0.000000e+00
    outer loop
      vertex   -6.714770e+00 3.868070e+00 2.000000e-01
      vertex   -6.722283e+00 3.854999e+00 2.000000e+00
      vertex   -6.714770e+00 3.868070e+00 2.000000e+00
    endloop
  endfacet
  facet normal -8.660254e-01 5.000000e-01 0.000000e+00
    outer loop
      vertex   -6.714770e+00 3.868070e+00 2.000000e-01
      vertex   -6.714770e+00 3.868070e+00 2.000000e+00
      vertex   -6.707232e+00 3.881126e+00 2.000000e-01
    endloop
  endfacet
  facet normal -8.660254e-01 5.000000e-01 0.000000e+00
    outer loop
      vertex   -6.707232e+00 3.881126e+00 2.000000e-01
      vertex   -6.714770e+00 3.868070e+00 2.000000e+00
      vertex   -6.707232e+00 3.881126e+00 2.000000e+00
    endloop
  endfacet
  facet normal -8.650510e-01 5.016839e-01 0.000000e+00
    outer loop
      vertex   -6.707232e+00 3.881126e+00 2.000000e-01
      vertex   -6.707232e+00 3.881126e+00 2.000000e+00
      vertex   -6.699668e+00 3.894168e+00 2.000000e-01
    endloop
  endfacet
  facet normal -8.650510e-01 5.016839e-01 -5.506178e-16
    outer loop
      vertex   -6.699668e+00 3.894168e+00 2.000000e-01
      vertex   -6.707232e+00 3.881126e+00 2.000000e+00
      vertex   -6.699668e+00 3.894168e+00 2.000000e+00
    endloop
  endfacet
  facet normal -9.851437e-01 1.717319e-01 -5.072864e-16
    outer loop
      vertex   -7.635367e+00 1.323358e+00 2.000000e-01
      vertex   -7.635367e+00 1.323358e+00 2.000000e+00
      vertex   -7.632778e+00 1.338210e+00 2.000000e-01
    endloop
  endfacet
  facet normal -9.851437e-01 1.717319e-01 0.000000e+00
    outer loop
      vertex   -7.632778e+00 1.338210e+00 2.000000e-01
      vertex   -7.635367e+00 1.323358e+00 2.000000e+00
      vertex   -7.632778e+00 1.338210e+00 2.000000e+00
    endloop
  endfacet
  facet normal -9.848078e-01 1.736482e-01 0.000000e+00
    outer loop
      vertex   -7.632778e+00 1.338210e+00 2.000000e-01
      vertex   -7.632778e+00 1.338210e+00 2.000000e+00
      vertex   -7.630160e+00 1.353057e+00 2.000000e-01
    endloop
  endfacet
  facet normal -9.848078e-01 1.736482e-01 0.000000e+00
    outer loop
      vertex   -7.630160e+00 1.353057e+00 2.000000e-01
      vertex   -7.632778e+00 1.338210e+00 2.000000e+00
      vertex   -7.630160e+00 1.353057e+00 2.000000e+00
    endloop
  endfacet
  facet normal -9.844681e-01 1.755638e-01 0.000000e+00
    outer loop
      vertex   -7.630160e+00 1.353057e+00 2.000000e-01
      vertex   -7.630160e+00 1.353057e+00 2.000000e+00
      vertex   -7.627513e+00 1.367899e+00 2.000000e-01
    endloop
  endfacet
  facet normal -9.844681e-01 1.755638e-01 -5.074257e-16
    outer loop
      vertex   -7.627513e+00 1.367899e+00 2.000000e-01
      vertex   -7.630160e+00 1.353057e+00 2.000000e+00
      vertex   -7.627513e+00 1.367899e+00 2.000000e+00
    endloop
  endfacet
  facet normal -9.844681e-01 -1.755638e-01 0.000000e+00
    outer loop
      vertex   -7.627513e+00 -1.367899e+00 2.000000e-01
      vertex   -7.627513e+00 -1.367899e+00 2.000000e+00
      vertex   -7.630160e+00 -1.353057e+00 2.000000e-01
    endloop
  endfacet
  facet normal -9.844681e-01 -1.755638e-01 0.000000e+00
    outer loop
      vertex   -7.630160e+00 -1.353057e+00 2.000000e-01
      vertex   -7.627513e+00 -1.367899e+00 2.000000e+00
      vertex   -7.630160e+00 -1.353057e+00 2.000000e+00
    endloop
  endfacet
  facet normal -9.848078e-01 -1.736482e-01 0.000000e+00
    outer loop
      vertex   -7.630160e+00 -1.353057e+00 2.000000e-01
      vertex   -7.630160e+00 -1.353057e+00 2.000000e+00
      vertex   -7.632778e+00 -1.338210e+00 2.000000e-01
    endloop
  endfacet
  facet normal -9.848078e-01 -1.736482e-01 0.000000e+00
    outer loop
      vertex   -7.632778e+00 -1.338210e+00 2.000000e-01
      vertex   -7.630160e+00 -1.353057e+00 2.000000e+00
      vertex   -7.632778e+00 -1.338210e+00 2.000000e+00
    endloop
  endfacet
  facet normal -9.851437e-01 -1.717319e-01 0.000000e+00
    outer loop
      vertex   -7.632778e+00 -1.338210e+00 2.000000e-01
      vertex   -7.632778e+00 -1.338210e+00 2.000000e+00
      vertex   -7.635367e+00 -1.323358e+00 2.000000e-01
    endloop
  endfacet
  facet normal -9.851437e-01 -1.717319e-01 -5.072864e-16
    outer loop
      vertex   -7.635367e+00 -1.323358e+00 2.000000e-01
      vertex   -7.632778e+00 -1.338210e+00 2.000000e+00
      vertex   -7.635367e+00 -1.323358e+00 2.000000e+00
    endloop
  endfacet
  facet normal -8.650510e-01 -5.016839e-01 -4.268442e-16
    outer loop
      vertex   -6.699668e+00 -3.894168e+00 2.000000e-01
      vertex   -6.699668e+00 -3.894168e+00 2.000000e+00
      vertex   -6.707232e+00 -3.881126e+00 2.000000e-01
    endloop
  endfacet
  facet normal -8.650510e-01 -5.016839e-01 0.000000e+00
    outer loop
      vertex   -6.707232e+00 -3.881126e+00 2.000000e-01
      vertex   -6.699668e+00 -3.894168e+00 2.000000e+00
      vertex   -6.707232e+00 -3.881126e+00 2.000000e+00
    endloop
  endfacet
  facet normal -8.660254e-01 -5.000000e-01 0.000000e+00
    outer loop
      vertex   -6.707232e+00 -3.881126e+00 2.000000e-01
      vertex   -6.707232e+00 -3.881126e+00 2.000000e+00
      vertex   -6.714770e+00 -3.868070e+00 2.000000e-01
    endloop
  endfacet
  facet normal -8.660254e-01 -5.000000e-01 0.000000e+00
    outer loop
      vertex   -6.714770e+00 -3.868070e+00 2.000000e-01
      vertex   -6.707232e+00 -3.881126e+00 2.000000e+00
      vertex   -6.714770e+00 -3.868070e+00 2.000000e+00
    endloop
  endfacet
  facet normal -8.669965e-01 -4.983142e-01 0.000000e+00
    outer loop
      vertex   -6.714770e+00 -3.868070e+00 2.000000e-01
      vertex   -6.714770e+00 -3.868070e+00 2.000000e+00
      vertex   -6.722283e+00 -3.854999e+00 2.000000e-01
    endloop
  endfacet
  facet normal -8.669965e-01 -4.983142e-01 0.000000e+00
    outer loop
      vertex   -6.722283e+00 -3.854999e+00 2.000000e-01
      vertex   -6.714770e+00 -3.868070e+00 2.000000e+00
      vertex   -6.722283e+00 -3.854999e+00 2.000000e+00
    endloop
  endfacet
  facet normal -6.412960e-01 -7.672935e-01 0.000000e+00
    outer loop
      vertex   -4.963745e+00 -5.950742e+00 2.000000e-01
      vertex   -4.963745e+00 -5.950742e+00 2.000000e+00
      vertex   -4.975313e+00 -5.941074e+00 2.000000e-01
    endloop
  endfacet
  facet normal -6.412960e-01 -7.672935e-01 0.000000e+00
    outer loop
      vertex   -4.975313e+00 -5.941074e+00 2.000000e-01
      vertex   -4.963745e+00 -5.950742e+00 2.000000e+00
      vertex   -4.975313e+00 -5.941074e+00 2.000000e+00
    endloop
  endfacet
  facet normal -6.427876e-01 -7.660444e-01 0.000000e+00
    outer loop
      vertex   -4.975313e+00 -5.941074e+00 2.000000e-01
      vertex   -4.975313e+00 -5.941074e+00 2.000000e+00
      vertex   -4.986862e+00 -5.931383e+00 2.000000e-01
    endloop
  endfacet
  facet normal -6.427876e-01 -7.660444e-01 0.000000e+00
    outer loop
      vertex   -4.986862e+00 -5.931383e+00 2.000000e-01
      vertex   -4.975313e+00 -5.941074e+00 2.000000e+00
      vertex   -4.986862e+00 -5.931383e+00 2.000000e+00
    endloop
  endfacet
  facet normal -6.442767e-01 -7.647924e-01 0.000000e+00
    outer loop
      vertex   -4.986862e+00 -5.931383e+00 2.000000e-01
      vertex   -4.986862e+00 -5.931383e+00 2.000000e+00
      vertex   -4.998392e+00 -5.921670e+00 2.000000e-01
    endloop
  endfacet
  facet normal -6.442767e-01 -7.647924e-01 0.000000e+00
    outer loop
      vertex   -4.998392e+00 -5.921670e+00 2.000000e-01
      vertex   -4.986862e+00 -5.931383e+00 2.000000e+00
      vertex   -4.998392e+00 -5.921670e+00 2.000000e+00
    endloop
  endfacet
  facet normal -3.401913e-01 -9.403562e-01 -5.479330e-16
    outer loop
      vertex   -2.629121e+00 -7.289570e+00 2.000000e-01
      vertex   -2.629121e+00 -7.289570e+00 2.000000e+00
      vertex   -2.643298e+00 -7.284441e+00 2.000000e-01
    endloop
  endfacet
  facet normal -3.401913e-01 -9.403562e-01 0.000000e+00
    outer loop
      vertex   -2.643298e+00 -7.284441e+00 2.000000e-01
      vertex   -2.629121e+00 -7.289570e+00 2.000000e+00
      vertex   -2.643298e+00 -7.284441e+00 2.000000e+00
    endloop
  endfacet
  facet normal -3.420201e-01 -9.396926e-01 0.000000e+00
    outer loop
      vertex   -2.643298e+00 -7.284441e+00 2.000000e-01
      vertex   -2.643298e+00 -7.284441e+00 2.000000e+00
      vertex   -2.657465e+00 -7.279284e+00 2.000000e-01
    endloop
  endfacet
  facet normal -3.420201e-01 -9.396926e-01 0.000000e+00
    outer loop
      vertex   -2.657465e+00 -7.279284e+00 2.000000e-01
      vertex   -2.643298e+00 -7.284441e+00 2.000000e+00
      vertex   -2.657465e+00 -7.279284e+00 2.000000e+00
    endloop
  endfacet
  facet normal -3.438477e-01 -9.390254e-01 0.000000e+00
    outer loop
      vertex   -2.657465e+00 -7.279284e+00 2.000000e-01
      vertex   -2.657465e+00 -7.279284e+00 2.000000e+00
      vertex   -2.671622e+00 -7.274101e+00 2.000000e-01
    endloop
  endfacet
  facet normal -3.438477e-01 -9.390254e-01 -8.483280e-17
    outer loop
      vertex   -2.671622e+00 -7.274101e+00 2.000000e-01
      vertex   -2.657465e+00 -7.279284e+00 2.000000e+00
      vertex   -2.671622e+00 -7.274101e+00 2.000000e+00
    endloop
  endfacet
  facet normal 1.945505e-03 -9.999981e-01 -9.868705e-16
    outer loop
      vertex   2.261414e-02 -7.749167e+00 2.000000e-01
      vertex   2.261414e-02 -7.749167e+00 2.000000e+00
      vertex   7.538057e-03 -7.749196e+00 2.000000e-01
    endloop
  endfacet
  facet normal 1.945505e-03 -9.999981e-01 0.000000e+00
    outer loop
      vertex   7.538057e-03 -7.749196e+00 2.000000e-01
      vertex   2.261414e-02 -7.749167e+00 2.000000e+00
      vertex   7.538057e-03 -7.749196e+00 2.000000e+00
    endloop
  endfacet
  facet normal 0.000000e+00 -1.000000e+00 0.000000e+00
    outer loop
      vertex   7.538057e-03 -7.749196e+00 2.000000e-01
      vertex   7.538057e-03 -7.749196e+00 2.000000e+00
      vertex   -7.538057e-03 -7.749196e+00 2.000000e-01
    endloop
  endfacet
  facet normal 0.000000e+00 -1.000000e+00 0.000000e+00
    outer loop
      vertex   -7.538057e-03 -7.749196e+00 2.000000e-01
      vertex   7.538057e-03 -7.749196e+00 2.000000e+00
      vertex   -7.538057e-03 -7.749196e+00 2.000000e+00
    endloop
  endfacet
  facet normal -1.945505e-03 -9.999981e-01 0.000000e+00
    outer loop
      vertex   -7.538057e-03 -7.749196e+00 2.000000e-01
      vertex   -7.538057e-03 -7.749196e+00 2.000000e+00
      vertex   -2.261414e-02 -7.749167e+00 2.000000e-01
    endloop
  endfacet
  facet normal -1.945505e-03 -9.999981e-01 -9.868668e-16
    outer loop
      vertex   -2.261414e-02 -7.749167e+00 2.000000e-01
      vertex   -7.538057e-03 -7.749196e+00 2.000000e+00
      vertex   -2.261414e-02 -7.749167e+00 2.000000e+00
    endloop
  endfacet
  facet normal 3.438477e-01 -9.390254e-01 -1.696656e-16
    outer loop
      vertex   2.671622e+00 -7.274101e+00 2.000000e-01
      vertex   2.671622e+00 -7.274101e+00 2.000000e+00
      vertex   2.657465e+00 -7.279284e+00 2.000000e-01
    endloop
  endfacet
  facet normal 3.438477e-01 -9.390254e-01 0.000000e+00
    outer loop
      vertex   2.657465e+00 -7.279284e+00 2.000000e-01
      vertex   2.671622e+00 -7.274101e+00 2.000000e+00
      vertex   2.657465e+00 -7.279284e+00 2.000000e+00
    endloop
  endfacet
  facet normal 3.420201e-01 -9.396926e-01 0.000000e+00
    outer loop
      vertex   2.657465e+00 -7.279284e+00 2.000000e-01
      vertex   2.657465e+00 -7.279284e+00 2.000000e+00
      vertex   2.643298e+00 -7.284441e+00 2.000000e-01
    endloop
  endfacet
  facet normal 3.420201e-01 -9.396926e-01 0.000000e+00
    outer loop
      vertex   2.643298e+00 -7.284441e+00 2.000000e-01
      vertex   2.657465e+00 -7.279284e+00 2.000000e+00
      vertex   2.643298e+00 -7.284441e+00 2.000000e+00
    endloop
  endfacet
  facet normal 3.401913e-01 -9.403562e-01 0.000000e+00
    outer loop
      vertex   2.643298e+00 -7.284441e+00 2.000000e-01
      vertex   2.643298e+00 -7.284441e+00 2.000000e+00
      vertex   2.629121e+00 -7.289570e+00 2.000000e-01
    endloop
  endfacet
  facet normal 3.401913e-01 -9.403562e-01 0.000000e+00
    outer loop
      vertex   2.629121e+00 -7.289570e+00 2.000000e-01
      vertex   2.643298e+00 -7.284441e+00 2.000000e+00
      vertex   2.629121e+00 -7.289570e+00 2.000000e+00
    endloop
  endfacet
  facet normal 6.442767e-01 -7.647924e-01 -3.773734e-16
    outer loop
      vertex   4.998392e+00 -5.921670e+00 2.000000e-01
      vertex   4.998392e+00 -5.921670e+00 2.000000e+00
      vertex   4.986862e+00 -5.931383e+00 2.000000e-01
    endloop
  endfacet
  facet normal 6.442767e-01 -7.647924e-01 0.000000e+00
    outer loop
      vertex   4.986862e+00 -5.931383e+00 2.000000e-01
      vertex   4.998392e+00 -5.921670e+00 2.000000e+00
      vertex   4.986862e+00 -5.931383e+00 2.000000e+00
    endloop
  endfacet
  facet normal 6.427876e-01 -7.660444e-01 0.000000e+00
    outer loop
      vertex   4.986862e+00 -5.931383e+00 2.000000e-01
      vertex   4.986862e+00 -5.931383e+00 2.000000e+00
      vertex   4.975313e+00 -5.941074e+00 2.000000e-01
    endloop
  endfacet
  facet normal 6.427876e-01 -7.660444e-01 0.000000e+00
    outer loop
      vertex   4.975313e+00 -5.941074e+00 2.000000e-01
      vertex   4.986862e+00 -5.931383e+00 2.000000e+00
      vertex   4.975313e+00 -5.941074e+00 2.000000e+00
    endloop
  endfacet
  facet normal 6.412960e-01 -7.672935e-01 0.000000e+00
    outer loop
      vertex   4.975313e+00 -5.941074e+00 2.000000e-01
      vertex   4.975313e+00 -5.941074e+00 2.000000e+00
      vertex   4.963745e+00 -5.950742e+00 2.000000e-01
    endloop
  endfacet
  facet normal 6.412960e-01 -7.672935e-01 0.000000e+00
    outer loop
      vertex   4.963745e+00 -5.950742e+00 2.000000e-01
      vertex   4.975313e+00 -5.941074e+00 2.000000e+00
      vertex   4.963745e+00 -5.950742e+00 2.000000e+00
    endloop
  endfacet
  facet normal 8.669965e-01 -4.983142e-01 -4.278042e-16
    outer loop
      vertex   6.722283e+00 -3.854999e+00 2.000000e-01
      vertex   6.722283e+00 -3.854999e+00 2.000000e+00
      vertex   6.714770e+00 -3.868070e+00 2.000000e-01
    endloop
  endfacet
  facet normal 8.669965e-01 -4.983142e-01 3.688266e-16
    outer loop
      vertex   6.714770e+00 -3.868070e+00 2.000000e-01
      vertex   6.722283e+00 -3.854999e+00 2.000000e+00
      vertex   6.714770e+00 -3.868070e+00 2.000000e+00
    endloop
  endfacet
  facet normal 8.660254e-01 -5.000000e-01 3.700743e-16
    outer loop
      vertex   6.714770e+00 -3.868070e+00 2.000000e-01
      vertex   6.714770e+00 -3.868070e+00 2.000000e+00
      vertex   6.707232e+00 -3.881126e+00 2.000000e-01
    endloop
  endfacet
  facet normal 8.660254e-01 -5.000000e-01 0.000000e+00
    outer loop
      vertex   6.707232e+00 -3.881126e+00 2.000000e-01
      vertex   6.714770e+00 -3.868070e+00 2.000000e+00
      vertex   6.707232e+00 -3.881126e+00 2.000000e+00
    endloop
  endfacet
  facet normal 8.650510e-01 -5.016839e-01 0.000000e+00
    outer loop
      vertex   6.707232e+00 -3.881126e+00 2.000000e-01
      vertex   6.707232e+00 -3.881126e+00 2.000000e+00
      vertex   6.699668e+00 -3.894168e+00 2.000000e-01
    endloop
  endfacet
  facet normal 8.650510e-01 -5.016839e-01 -5.506178e-16
    outer loop
      vertex   6.699668e+00 -3.894168e+00 2.000000e-01
      vertex   6.707232e+00 -3.881126e+00 2.000000e+00
      vertex   6.699668e+00 -3.894168e+00 2.000000e+00
    endloop
  endfacet
  facet normal 9.614262e-01 2.750631e-01 -5.083301e-16
    outer loop
      vertex   7.635367e+00 1.323358e+00 2.000000e-01
      vertex   7.635367e+00 1.323358e+00 2.000000e+00
      vertex   7.670043e+00 1.202154e+00 2.000000e-01
    endloop
  endfacet
  facet normal 9.614262e-01 2.750631e-01 -0.000000e+00
    outer loop
      vertex   7.670043e+00 1.202154e+00 2.000000e-01
      vertex   7.635367e+00 1.323358e+00 2.000000e+00
      vertex   7.670043e+00 1.202154e+00 2.000000e+00
    endloop
  endfacet
  facet normal 8.810416e-01 4.730388e-01 -0.000000e+00
    outer loop
      vertex   7.670043e+00 1.202154e+00 2.000000e-01
      vertex   7.670043e+00 1.202154e+00 2.000000e+00
      vertex   7.729678e+00 1.091084e+00 2.000000e+00
    endloop
  endfacet
  facet normal 8.810416e-01 4.730388e-01 -4.930788e-16
    outer loop
      vertex   7.670043e+00 1.202154e+00 2.000000e-01
      vertex   7.729678e+00 1.091084e+00 2.000000e+00
      vertex   7.729678e+00 1.091084e+00 2.000000e-01
    endloop
  endfacet
  facet normal 7.604322e-01 6.494174e-01 -4.553328e-16
    outer loop
      vertex   7.729678e+00 1.091084e+00 2.000000e-01
      vertex   7.729678e+00 1.091084e+00 2.000000e+00
      vertex   7.811548e+00 9.952186e-01 2.000000e+00
    endloop
  endfacet
  facet normal 7.604322e-01 6.494174e-01 -4.586779e-17
    outer loop
      vertex   7.729678e+00 1.091084e+00 2.000000e-01
      vertex   7.811548e+00 9.952186e-01 2.000000e+00
      vertex   7.811548e+00 9.952186e-01 2.000000e-01
    endloop
  endfacet
  facet normal 6.051044e-01 7.961461e-01 -4.910554e-17
    outer loop
      vertex   7.811548e+00 9.952186e-01 2.000000e-01
      vertex   7.811548e+00 9.952186e-01 2.000000e+00
      vertex   7.911915e+00 9.189349e-01 2.000000e+00
    endloop
  endfacet
  facet normal 6.051044e-01 7.961461e-01 0.000000e+00
    outer loop
      vertex   7.811548e+00 9.952186e-01 2.000000e-01
      vertex   7.911915e+00 9.189349e-01 2.000000e+00
      vertex   7.911915e+00 9.189349e-01 2.000000e-01
    endloop
  endfacet
  facet normal 4.221500e-01 9.065260e-01 -0.000000e+00
    outer loop
      vertex   7.911915e+00 9.189349e-01 2.000000e-01
      vertex   7.911915e+00 9.189349e-01 2.000000e+00
      vertex   8.026198e+00 8.657158e-01 2.000000e+00
    endloop
  endfacet
  facet normal 4.221500e-01 9.065260e-01 0.000000e+00
    outer loop
      vertex   7.911915e+00 9.189349e-01 2.000000e-01
      vertex   8.026198e+00 8.657158e-01 2.000000e+00
      vertex   8.026198e+00 8.657158e-01 2.000000e-01
    endloop
  endfacet
  facet normal 2.199218e-01 9.755175e-01 -0.000000e+00
    outer loop
      vertex   8.026198e+00 8.657158e-01 2.000000e-01
      vertex   8.026198e+00 8.657158e-01 2.000000e+00
      vertex   8.149179e+00 8.379909e-01 2.000000e+00
    endloop
  endfacet
  facet normal 2.199218e-01 9.755175e-01 -5.924590e-17
    outer loop
      vertex   8.026198e+00 8.657158e-01 2.000000e-01
      vertex   8.149179e+00 8.379909e-01 2.000000e+00
      vertex   8.149179e+00 8.379909e-01 2.000000e-01
    endloop
  endfacet
  facet normal 7.652927e-03 9.999707e-01 -6.167725e-17
    outer loop
      vertex   8.149179e+00 8.379909e-01 2.000000e-01
      vertex   8.149179e+00 8.379909e-01 2.000000e+00
      vertex   8.275242e+00 8.370261e-01 2.000000e-01
    endloop
  endfacet
  facet normal 7.652927e-03 9.999707e-01 -0.000000e+00
    outer loop
      vertex   8.275242e+00 8.370261e-01 2.000000e-01
      vertex   8.149179e+00 8.379909e-01 2.000000e+00
      vertex   8.275242e+00 8.370261e-01 2.000000e+00
    endloop
  endfacet
  facet normal -9.922412e-02 9.950651e-01 0.000000e+00
    outer loop
      vertex   8.275242e+00 8.370261e-01 2.000000e+00
      vertex   8.414320e+00 8.508944e-01 2.000000e+00
      vertex   8.275242e+00 8.370261e-01 2.000000e-01
    endloop
  endfacet
  facet normal -9.922412e-02 9.950651e-01 0.000000e+00
    outer loop
      vertex   8.275242e+00 8.370261e-01 2.000000e-01
      vertex   8.414320e+00 8.508944e-01 2.000000e+00
      vertex   8.414320e+00 8.508944e-01 2.000000e-01
    endloop
  endfacet
  facet normal 9.614262e-01 -2.750631e-01 -5.422614e-16
    outer loop
      vertex   7.635367e+00 -1.323358e+00 2.000000e+00
      vertex   7.635367e+00 -1.323358e+00 2.000000e-01
      vertex   7.670043e+00 -1.202154e+00 2.000000e+00
    endloop
  endfacet
  facet normal 9.614262e-01 -2.750631e-01 0.000000e+00
    outer loop
      vertex   7.670043e+00 -1.202154e+00 2.000000e+00
      vertex   7.635367e+00 -1.323358e+00 2.000000e-01
      vertex   7.670043e+00 -1.202154e+00 2.000000e-01
    endloop
  endfacet
  facet normal 8.810416e-01 -4.730388e-01 0.000000e+00
    outer loop
      vertex   7.670043e+00 -1.202154e+00 2.000000e+00
      vertex   7.670043e+00 -1.202154e+00 2.000000e-01
      vertex   7.729678e+00 -1.091084e+00 2.000000e-01
    endloop
  endfacet
  facet normal 8.810416e-01 -4.730388e-01 0.000000e+00
    outer loop
      vertex   7.670043e+00 -1.202154e+00 2.000000e+00
      vertex   7.729678e+00 -1.091084e+00 2.000000e-01
      vertex   7.729678e+00 -1.091084e+00 2.000000e+00
    endloop
  endfacet
  facet normal 7.604322e-01 -6.494174e-01 0.000000e+00
    outer loop
      vertex   7.729678e+00 -1.091084e+00 2.000000e+00
      vertex   7.729678e+00 -1.091084e+00 2.000000e-01
      vertex   7.811548e+00 -9.952186e-01 2.000000e-01
    endloop
  endfacet
  facet normal 7.604322e-01 -6.494174e-01 0.000000e+00
    outer loop
      vertex   7.729678e+00 -1.091084e+00 2.000000e+00
      vertex   7.811548e+00 -9.952186e-01 2.000000e-01
      vertex   7.811548e+00 -9.952186e-01 2.000000e+00
    endloop
  endfacet
  facet normal 6.051044e-01 -7.961461e-01 0.000000e+00
    outer loop
      vertex   7.811548e+00 -9.952186e-01 2.000000e+00
      vertex   7.811548e+00 -9.952186e-01 2.000000e-01
      vertex   7.911915e+00 -9.189349e-01 2.000000e-01
    endloop
  endfacet
  facet normal 6.051044e-01 -7.961461e-01 0.000000e+00
    outer loop
      vertex   7.811548e+00 -9.952186e-01 2.000000e+00
      vertex   7.911915e+00 -9.189349e-01 2.000000e-01
      vertex   7.911915e+00 -9.189349e-01 2.000000e+00
    endloop
  endfacet
  facet normal 4.221500e-01 -9.065260e-01 0.000000e+00
    outer loop
      vertex   7.911915e+00 -9.189349e-01 2.000000e+00
      vertex   7.911915e+00 -9.189349e-01 2.000000e-01
      vertex   8.026198e+00 -8.657158e-01 2.000000e-01
    endloop
  endfacet
  facet normal 4.221500e-01 -9.065260e-01 1.108472e-16
    outer loop
      vertex   7.911915e+00 -9.189349e-01 2.000000e+00
      vertex   8.026198e+00 -8.657158e-01 2.000000e-01
      vertex   8.026198e+00 -8.657158e-01 2.000000e+00
    endloop
  endfacet
  facet normal 2.199218e-01 -9.755175e-01 1.203380e-16
    outer loop
      vertex   8.026198e+00 -8.657158e-01 2.000000e+00
      vertex   8.026198e+00 -8.657158e-01 2.000000e-01
      vertex   8.149179e+00 -8.379909e-01 2.000000e-01
    endloop
  endfacet
  facet normal 2.199218e-01 -9.755175e-01 0.000000e+00
    outer loop
      vertex   8.026198e+00 -8.657158e-01 2.000000e+00
      vertex   8.149179e+00 -8.379909e-01 2.000000e-01
      vertex   8.149179e+00 -8.379909e-01 2.000000e+00
    endloop
  endfacet
  facet normal 7.652927e-03 -9.999707e-01 0.000000e+00
    outer loop
      vertex   8.149179e+00 -8.379909e-01 2.000000e+00
      vertex   8.149179e+00 -8.379909e-01 2.000000e-01
      vertex   8.275242e+00 -8.370261e-01 2.000000e+00
    endloop
  endfacet
  facet normal 7.652927e-03 -9.999707e-01 0.000000e+00
    outer loop
      vertex   8.275242e+00 -8.370261e-01 2.000000e+00
      vertex   8.149179e+00 -8.379909e-01 2.000000e-01
      vertex   8.275242e+00 -8.370261e-01 2.000000e-01
    endloop
  endfacet
  facet normal -9.922412e-02 -9.950651e-01 0.000000e+00
    outer loop
      vertex   8.275242e+00 -8.370261e-01 2.000000e-01
      vertex   8.414320e+00 -8.508944e-01 2.000000e-01
      vertex   8.275242e+00 -8.370261e-01 2.000000e+00
    endloop
  endfacet
  facet normal -9.922412e-02 -9.950651e-01 0.000000e+00
    outer loop
      vertex   8.275242e+00 -8.370261e-01 2.000000e+00
      vertex   8.414320e+00 -8.508944e-01 2.000000e-01
      vertex   8.414320e+00 -8.508944e-01 2.000000e+00
    endloop
  endfacet
  facet normal 4.871879e-01 8.732972e-01 0.000000e+00
    outer loop
      vertex   9.994656e+00 3.268848e-01 2.000000e+00
      vertex   9.994656e+00 3.268848e-01 2.000000e-01
      vertex   9.800503e+00 4.351973e-01 2.000000e+00
    endloop
  endfacet
  facet normal 4.866798e-01 8.735804e-01 -7.184744e-05
    outer loop
      vertex   9.800503e+00 4.351973e-01 2.000000e+00
      vertex   9.994656e+00 3.268848e-01 2.000000e-01
      vertex   9.795375e+00 4.379062e-01 2.000000e-01
    endloop
  endfacet
  facet normal 4.479138e-01 8.940767e-01 6.944204e-05
    outer loop
      vertex   9.800503e+00 4.351973e-01 2.000000e+00
      vertex   9.795375e+00 4.379062e-01 2.000000e-01
      vertex   9.604699e+00 5.332907e-01 2.000000e+00
    endloop
  endfacet
  facet normal 4.458886e-01 8.950884e-01 -1.986945e-04
    outer loop
      vertex   9.604699e+00 5.332907e-01 2.000000e+00
      vertex   9.795375e+00 4.379062e-01 2.000000e-01
      vertex   9.590379e+00 5.400250e-01 2.000000e-01
    endloop
  endfacet
  facet normal 4.049688e-01 9.143305e-01 1.988491e-04
    outer loop
      vertex   9.604699e+00 5.332907e-01 2.000000e+00
      vertex   9.590379e+00 5.400250e-01 2.000000e-01
      vertex   9.407535e+00 6.206176e-01 2.000000e+00
    endloop
  endfacet
  facet normal 4.002638e-01 9.163999e-01 -3.717377e-04
    outer loop
      vertex   9.407535e+00 6.206176e-01 2.000000e+00
      vertex   9.590379e+00 5.400250e-01 2.000000e-01
      vertex   9.380929e+00 6.315080e-01 2.000000e-01
    endloop
  endfacet
  facet normal 3.573955e-01 9.339531e-01 3.680831e-04
    outer loop
      vertex   9.407535e+00 6.206176e-01 2.000000e+00
      vertex   9.380929e+00 6.315080e-01 2.000000e-01
      vertex   9.209318e+00 6.964690e-01 2.000000e+00
    endloop
  endfacet
  facet normal 3.493158e-01 9.370049e-01 -5.123677e-04
    outer loop
      vertex   9.209318e+00 6.964690e-01 2.000000e+00
      vertex   9.380929e+00 6.315080e-01 2.000000e-01
      vertex   9.173171e+00 7.089604e-01 2.000000e-01
    endloop
  endfacet
  facet normal 3.036300e-01 9.527899e-01 5.146244e-04
    outer loop
      vertex   9.209318e+00 6.964690e-01 2.000000e+00
      vertex   9.173171e+00 7.089604e-01 2.000000e-01
      vertex   9.010392e+00 7.598618e-01 2.000000e+00
    endloop
  endfacet
  facet normal 2.955067e-01 9.553406e-01 -2.921130e-04
    outer loop
      vertex   9.010392e+00 7.598618e-01 2.000000e+00
      vertex   9.173171e+00 7.089604e-01 2.000000e-01
      vertex   8.990332e+00 7.655164e-01 2.000000e-01
    endloop
  endfacet
  facet normal 2.422041e-01 9.702252e-01 3.486733e-04
    outer loop
      vertex   9.010392e+00 7.598618e-01 2.000000e+00
      vertex   8.990332e+00 7.655164e-01 2.000000e-01
      vertex   8.836880e+00 8.038235e-01 2.000000e-01
    endloop
  endfacet
  facet normal 2.407982e-01 9.705751e-01 4.927388e-04
    outer loop
      vertex   9.010392e+00 7.598618e-01 2.000000e+00
      vertex   8.836880e+00 8.038235e-01 2.000000e-01
      vertex   8.811153e+00 8.092925e-01 2.000000e+00
    endloop
  endfacet
  facet normal 1.908196e-01 9.816251e-01 -2.551647e-04
    outer loop
      vertex   8.811153e+00 8.092925e-01 2.000000e+00
      vertex   8.836880e+00 8.038235e-01 2.000000e-01
      vertex   8.714712e+00 8.275720e-01 2.000000e-01
    endloop
  endfacet
  facet normal 1.626518e-01 9.866827e-01 1.305386e-03
    outer loop
      vertex   8.811153e+00 8.092925e-01 2.000000e+00
      vertex   8.714712e+00 8.275720e-01 2.000000e-01
      vertex   8.612122e+00 8.421022e-01 2.000000e+00
    endloop
  endfacet
  facet normal 1.432423e-01 9.896876e-01 1.748984e-04
    outer loop
      vertex   8.612122e+00 8.421022e-01 2.000000e+00
      vertex   8.714712e+00 8.275720e-01 2.000000e-01
      vertex   8.625722e+00 8.404519e-01 2.000000e-01
    endloop
  endfacet
  facet normal 1.050299e-01 9.944691e-01 -1.182061e-04
    outer loop
      vertex   8.612122e+00 8.421022e-01 2.000000e+00
      vertex   8.625722e+00 8.404519e-01 2.000000e-01
      vertex   8.571400e+00 8.461891e-01 2.000000e-01
    endloop
  endfacet
  facet normal 8.904894e-02 9.960272e-01 2.468788e-04
    outer loop
      vertex   8.612122e+00 8.421022e-01 2.000000e+00
      vertex   8.571400e+00 8.461891e-01 2.000000e-01
      vertex   8.512933e+00 8.509701e-01 2.000000e+00
    endloop
  endfacet
  facet normal 8.418771e-02 9.964499e-01 8.785604e-05
    outer loop
      vertex   8.512933e+00 8.509701e-01 2.000000e+00
      vertex   8.571400e+00 8.461891e-01 2.000000e-01
      vertex   8.534109e+00 8.493397e-01 2.000000e-01
    endloop
  endfacet
  facet normal 5.565269e-02 9.984502e-01 -2.496542e-04
    outer loop
      vertex   8.512933e+00 8.509701e-01 2.000000e+00
      vertex   8.534109e+00 8.493397e-01 2.000000e-01
      vertex   8.477487e+00 8.524958e-01 2.000000e-01
    endloop
  endfacet
  facet normal 1.947589e-03 9.999978e-01 8.092218e-04
    outer loop
      vertex   8.477487e+00 8.524958e-01 2.000000e-01
      vertex   8.439630e+00 8.525695e-01 2.000000e-01
      vertex   8.512933e+00 8.509701e-01 2.000000e+00
    endloop
  endfacet
  facet normal -7.678433e-04 9.999993e-01 9.198059e-04
    outer loop
      vertex   8.512933e+00 8.509701e-01 2.000000e+00
      vertex   8.439630e+00 8.525695e-01 2.000000e-01
      vertex   8.414320e+00 8.508944e-01 2.000000e+00
    endloop
  endfacet
  facet normal -6.603703e-02 9.978172e-01 0.000000e+00
    outer loop
      vertex   8.414320e+00 8.508944e-01 2.000000e+00
      vertex   8.439630e+00 8.525695e-01 2.000000e-01
      vertex   8.414320e+00 8.508944e-01 2.000000e-01
    endloop
  endfacet
  facet normal 9.997625e-01 -2.179447e-02 0.000000e+00
    outer loop
      vertex   9.994656e+00 -3.268848e-01 2.000000e+00
      vertex   9.994656e+00 -3.268848e-01 2.000000e-01
      vertex   9.999406e+00 -1.089788e-01 2.000000e+00
    endloop
  endfacet
  facet normal 9.997625e-01 -2.179447e-02 0.000000e+00
    outer loop
      vertex   9.999406e+00 -1.089788e-01 2.000000e+00
      vertex   9.994656e+00 -3.268848e-01 2.000000e-01
      vertex   9.999406e+00 -1.089788e-01 2.000000e-01
    endloop
  endfacet
  facet normal 1.000000e+00 -0.000000e+00 0.000000e+00
    outer loop
      vertex   9.999406e+00 -1.089788e-01 2.000000e+00
      vertex   9.999406e+00 -1.089788e-01 2.000000e-01
      vertex   9.999406e+00 1.089788e-01 2.000000e+00
    endloop
  endfacet
  facet normal 1.000000e+00 0.000000e+00 0.000000e+00
    outer loop
      vertex   9.999406e+00 1.089788e-01 2.000000e+00
      vertex   9.999406e+00 -1.089788e-01 2.000000e-01
      vertex   9.999406e+00 1.089788e-01 2.000000e-01
    endloop
  endfacet
  facet normal 9.997625e-01 2.179447e-02 0.000000e+00
    outer loop
      vertex   9.999406e+00 1.089788e-01 2.000000e+00
      vertex   9.999406e+00 1.089788e-01 2.000000e-01
      vertex   9.994656e+00 3.268848e-01 2.000000e+00
    endloop
  endfacet
  facet normal 9.997625e-01 2.179447e-02 0.000000e+00
    outer loop
      vertex   9.994656e+00 3.268848e-01 2.000000e+00
      vertex   9.999406e+00 1.089788e-01 2.000000e-01
      vertex   9.994656e+00 3.268848e-01 2.000000e-01
    endloop
  endfacet
  facet normal -3.193600e-02 -9.994899e-01 0.000000e+00
    outer loop
      vertex   8.414320e+00 -8.508944e-01 2.000000e-01
      vertex   8.486906e+00 -8.532137e-01 2.000000e-01
      vertex   8.414320e+00 -8.508944e-01 2.000000e+00
    endloop
  endfacet
  facet normal -7.678430e-04 -9.999989e-01 1.257534e-03
    outer loop
      vertex   8.414320e+00 -8.508944e-01 2.000000e+00
      vertex   8.486906e+00 -8.532137e-01 2.000000e-01
      vertex   8.512933e+00 -8.509701e-01 2.000000e+00
    endloop
  endfacet
  facet normal 6.195770e-02 -9.980787e-01 3.481643e-04
    outer loop
      vertex   8.512933e+00 -8.509701e-01 2.000000e+00
      vertex   8.486906e+00 -8.532137e-01 2.000000e-01
      vertex   8.568173e+00 -8.481689e-01 2.000000e-01
    endloop
  endfacet
  facet normal 8.904888e-02 -9.960266e-01 1.182760e-03
    outer loop
      vertex   8.512933e+00 -8.509701e-01 2.000000e+00
      vertex   8.568173e+00 -8.481689e-01 2.000000e-01
      vertex   8.612122e+00 -8.421022e-01 2.000000e+00
    endloop
  endfacet
  facet normal 1.427233e-01 -9.897626e-01 -1.488687e-04
    outer loop
      vertex   8.612122e+00 -8.421022e-01 2.000000e+00
      vertex   8.568173e+00 -8.481689e-01 2.000000e-01
      vertex   8.737658e+00 -8.237293e-01 2.000000e-01
    endloop
  endfacet
  facet normal 1.626518e-01 -9.866827e-01 1.272423e-03
    outer loop
      vertex   8.612122e+00 -8.421022e-01 2.000000e+00
      vertex   8.737658e+00 -8.237293e-01 2.000000e-01
      vertex   8.811153e+00 -8.092925e-01 2.000000e+00
    endloop
  endfacet
  facet normal 2.076956e-01 -9.781933e-01 -6.348412e-04
    outer loop
      vertex   8.811153e+00 -8.092925e-01 2.000000e+00
      vertex   8.737658e+00 -8.237293e-01 2.000000e-01
      vertex   8.896898e+00 -7.899184e-01 2.000000e-01
    endloop
  endfacet
  facet normal 2.407982e-01 -9.705747e-01 1.024038e-03
    outer loop
      vertex   8.811153e+00 -8.092925e-01 2.000000e+00
      vertex   8.896898e+00 -7.899184e-01 2.000000e-01
      vertex   9.010392e+00 -7.598618e-01 2.000000e+00
    endloop
  endfacet
  facet normal 2.514718e-01 -9.678646e-01 3.057885e-04
    outer loop
      vertex   9.010392e+00 -7.598618e-01 2.000000e+00
      vertex   8.896898e+00 -7.899184e-01 2.000000e-01
      vertex   8.987391e+00 -7.664066e-01 2.000000e-01
    endloop
  endfacet
  facet normal 2.826336e-01 -9.592279e-01 -1.238060e-04
    outer loop
      vertex   9.010392e+00 -7.598618e-01 2.000000e+00
      vertex   8.987391e+00 -7.664066e-01 2.000000e-01
      vertex   9.088166e+00 -7.367136e-01 2.000000e-01
    endloop
  endfacet
  facet normal 3.036299e-01 -9.527897e-01 8.661942e-04
    outer loop
      vertex   9.010392e+00 -7.598618e-01 2.000000e+00
      vertex   9.088166e+00 -7.367136e-01 2.000000e-01
      vertex   9.209318e+00 -6.964690e-01 2.000000e+00
    endloop
  endfacet
  facet normal 3.297547e-01 -9.440660e-01 -1.087223e-03
    outer loop
      vertex   9.209318e+00 -6.964690e-01 2.000000e+00
      vertex   9.088166e+00 -7.367136e-01 2.000000e-01
      vertex   9.316852e+00 -6.568354e-01 2.000000e-01
    endloop
  endfacet
  facet normal 3.573954e-01 -9.339529e-01 7.867384e-04
    outer loop
      vertex   9.209318e+00 -6.964690e-01 2.000000e+00
      vertex   9.316852e+00 -6.568354e-01 2.000000e-01
      vertex   9.407535e+00 -6.206176e-01 2.000000e+00
    endloop
  endfacet
  facet normal 3.878512e-01 -9.217215e-01 -9.937124e-04
    outer loop
      vertex   9.407535e+00 -6.206176e-01 2.000000e+00
      vertex   9.316852e+00 -6.568354e-01 2.000000e-01
      vertex   9.548643e+00 -5.593001e-01 2.000000e-01
    endloop
  endfacet
  facet normal 4.049687e-01 -9.143303e-01 5.999728e-04
    outer loop
      vertex   9.407535e+00 -6.206176e-01 2.000000e+00
      vertex   9.548643e+00 -5.593001e-01 2.000000e-01
      vertex   9.604699e+00 -5.332907e-01 2.000000e+00
    endloop
  endfacet
  facet normal 4.393251e-01 -8.983279e-01 -7.012003e-04
    outer loop
      vertex   9.604699e+00 -5.332907e-01 2.000000e+00
      vertex   9.548643e+00 -5.593001e-01 2.000000e-01
      vertex   9.775137e+00 -4.485337e-01 2.000000e-01
    endloop
  endfacet
  facet normal 4.479138e-01 -8.940767e-01 3.122190e-04
    outer loop
      vertex   9.604699e+00 -5.332907e-01 2.000000e+00
      vertex   9.775137e+00 -4.485337e-01 2.000000e-01
      vertex   9.800503e+00 -4.351973e-01 2.000000e+00
    endloop
  endfacet
  facet normal 4.847106e-01 -8.746745e-01 -3.500834e-04
    outer loop
      vertex   9.800503e+00 -4.351973e-01 2.000000e+00
      vertex   9.775137e+00 -4.485337e-01 2.000000e-01
      vertex   9.994656e+00 -3.268848e-01 2.000000e-01
    endloop
  endfacet
  facet normal 4.871879e-01 -8.732972e-01 0.000000e+00
    outer loop
      vertex   9.800503e+00 -4.351973e-01 2.000000e+00
      vertex   9.994656e+00 -3.268848e-01 2.000000e-01
      vertex   9.994656e+00 -3.268848e-01 2.000000e+00
    endloop
  endfacet
  facet normal 0.000000e+00 0.000000e+00 1.000000e+00
    outer loop
      vertex   -3.175426e+00 -7.783170e-15 2.000000e+00
      vertex   -6.722283e+00 -3.854999e+00 2.000000e+00
      vertex   -1.587713e+00 -2.750000e+00 2.000000e+00
    endloop
  endfacet
  facet normal 0.000000e+00 0.000000e+00 1.000000e+00
    outer loop
      vertex   -1.587713e+00 -2.750000e+00 2.000000e+00
      vertex   -6.722283e+00 -3.854999e+00 2.000000e+00
      vertex   -6.714770e+00 -3.868070e+00 2.000000e+00
    endloop
  endfacet
  facet normal 0.000000e+00 0.000000e+00 1.000000e+00
    outer loop
      vertex   -1.587713e+00 -2.750000e+00 2.000000e+00
      vertex   -6.714770e+00 -3.868070e+00 2.000000e+00
      vertex   -6.707232e+00 -3.881126e+00 2.000000e+00
    endloop
  endfacet
  facet normal 0.000000e+00 0.000000e+00 1.000000e+00
    outer loop
      vertex   -1.587713e+00 2.750000e+00 2.000000e+00
      vertex   -6.722283e+00 3.854999e+00 2.000000e+00
      vertex   -3.175426e+00 -7.783170e-15 2.000000e+00
    endloop
  endfacet
  facet normal 0.000000e+00 0.000000e+00 1.000000e+00
    outer loop
      vertex   -3.175426e+00 -7.783170e-15 2.000000e+00
      vertex   -6.722283e+00 3.854999e+00 2.000000e+00
      vertex   -6.796322e+00 3.752965e+00 2.000000e+00
    endloop
  endfacet
  facet normal 0.000000e+00 0.000000e+00 1.000000e+00
    outer loop
      vertex   -3.175426e+00 -7.783170e-15 2.000000e+00
      vertex   -6.796322e+00 3.752965e+00 2.000000e+00
      vertex   -7.618644e+00 1.493654e+00 2.000000e+00
    endloop
  endfacet
  facet normal 0.000000e+00 -0.000000e+00 1.000000e+00
    outer loop
      vertex   -7.618644e+00 1.493654e+00 2.000000e+00
      vertex   -6.796322e+00 3.752965e+00 2.000000e+00
      vertex   -7.636694e+00 1.618422e+00 2.000000e+00
    endloop
  endfacet
  facet normal 0.000000e+00 0.000000e+00 1.000000e+00
    outer loop
      vertex   -7.636694e+00 1.618422e+00 2.000000e+00
      vertex   -6.796322e+00 3.752965e+00 2.000000e+00
      vertex   -6.890348e+00 3.668989e+00 2.000000e+00
    endloop
  endfacet
  facet normal 0.000000e+00 -0.000000e+00 1.000000e+00
    outer loop
      vertex   -7.636694e+00 1.618422e+00 2.000000e+00
      vertex   -6.890348e+00 3.668989e+00 2.000000e+00
      vertex   -7.680838e+00 1.736507e+00 2.000000e+00
    endloop
  endfacet
  facet normal 0.000000e+00 0.000000e+00 1.000000e+00
    outer loop
      vertex   -7.680838e+00 1.736507e+00 2.000000e+00
      vertex   -6.890348e+00 3.668989e+00 2.000000e+00
      vertex   -7.000069e+00 3.606906e+00 2.000000e+00
    endloop
  endfacet
  facet normal 0.000000e+00 -0.000000e+00 1.000000e+00
    outer loop
      vertex   -7.680838e+00 1.736507e+00 2.000000e+00
      vertex   -7.000069e+00 3.606906e+00 2.000000e+00
      vertex   -7.749063e+00 1.842518e+00 2.000000e+00
    endloop
  endfacet
  facet normal 0.000000e+00 0.000000e+00 1.000000e+00
    outer loop
      vertex   -7.749063e+00 1.842518e+00 2.000000e+00
      vertex   -7.000069e+00 3.606906e+00 2.000000e+00
      vertex   -7.120474e+00 3.569551e+00 2.000000e+00
    endloop
  endfacet
  facet normal 0.000000e+00 -0.000000e+00 1.000000e+00
    outer loop
      vertex   -7.749063e+00 1.842518e+00 2.000000e+00
      vertex   -7.120474e+00 3.569551e+00 2.000000e+00
      vertex   -7.838251e+00 1.931615e+00 2.000000e+00
    endloop
  endfacet
  facet normal 0.000000e+00 0.000000e+00 1.000000e+00
    outer loop
      vertex   -7.838251e+00 1.931615e+00 2.000000e+00
      vertex   -7.120474e+00 3.569551e+00 2.000000e+00
      vertex   -7.246067e+00 3.558628e+00 2.000000e+00
    endloop
  endfacet
  facet normal 0.000000e+00 -0.000000e+00 1.000000e+00
    outer loop
      vertex   -7.838251e+00 1.931615e+00 2.000000e+00
      vertex   -7.246067e+00 3.558628e+00 2.000000e+00
      vertex   -7.944333e+00 1.999729e+00 2.000000e+00
    endloop
  endfacet
  facet normal 0.000000e+00 0.000000e+00 1.000000e+00
    outer loop
      vertex   -7.944333e+00 1.999729e+00 2.000000e+00
      vertex   -7.246067e+00 3.558628e+00 2.000000e+00
      vertex   -7.371113e+00 3.574637e+00 2.000000e+00
    endloop
  endfacet
  facet normal 0.000000e+00 -0.000000e+00 1.000000e+00
    outer loop
      vertex   -7.944333e+00 1.999729e+00 2.000000e+00
      vertex   -7.371113e+00 3.574637e+00 2.000000e+00
      vertex   -8.062464e+00 2.043752e+00 2.000000e+00
    endloop
  endfacet
  facet normal 0.000000e+00 0.000000e+00 1.000000e+00
    outer loop
      vertex   -8.062464e+00 2.043752e+00 2.000000e+00
      vertex   -7.371113e+00 3.574637e+00 2.000000e+00
      vertex   -7.489904e+00 3.616847e+00 2.000000e+00
    endloop
  endfacet
  facet normal 0.000000e+00 -0.000000e+00 1.000000e+00
    outer loop
      vertex   -8.062464e+00 2.043752e+00 2.000000e+00
      vertex   -7.489904e+00 3.616847e+00 2.000000e+00
      vertex   -8.197897e+00 2.078288e+00 2.000000e+00
    endloop
  endfacet
  facet normal 0.000000e+00 0.000000e+00 1.000000e+00
    outer loop
      vertex   -8.197897e+00 2.078288e+00 2.000000e+00
      vertex   -7.489904e+00 3.616847e+00 2.000000e+00
      vertex   -7.615851e+00 3.677446e+00 2.000000e+00
    endloop
  endfacet
  facet normal 0.000000e+00 -0.000000e+00 1.000000e+00
    outer loop
      vertex   -8.197897e+00 2.078288e+00 2.000000e+00
      vertex   -7.615851e+00 3.677446e+00 2.000000e+00
      vertex   -8.290589e+00 2.111944e+00 2.000000e+00
    endloop
  endfacet
  facet normal 0.000000e+00 0.000000e+00 1.000000e+00
    outer loop
      vertex   -8.290589e+00 2.111944e+00 2.000000e+00
      vertex   -7.615851e+00 3.677446e+00 2.000000e+00
      vertex   -7.708492e+00 3.711245e+00 2.000000e+00
    endloop
  endfacet
  facet normal 0.000000e+00 -0.000000e+00 1.000000e+00
    outer loop
      vertex   -8.290589e+00 2.111944e+00 2.000000e+00
      vertex   -7.708492e+00 3.711245e+00 2.000000e+00
      vertex   -8.380764e+00 2.154202e+00 2.000000e+00
    endloop
  endfacet
  facet normal 0.000000e+00 0.000000e+00 1.000000e+00
    outer loop
      vertex   -8.380764e+00 2.154202e+00 2.000000e+00
      vertex   -7.708492e+00 3.711245e+00 2.000000e+00
      vertex   -7.804732e+00 3.736837e+00 2.000000e+00
    endloop
  endfacet
  facet normal 0.000000e+00 -0.000000e+00 1.000000e+00
    outer loop
      vertex   -8.380764e+00 2.154202e+00 2.000000e+00
      vertex   -7.804732e+00 3.736837e+00 2.000000e+00
      vertex   -8.556570e+00 2.253106e+00 2.000000e+00
    endloop
  endfacet
  facet normal 0.000000e+00 0.000000e+00 1.000000e+00
    outer loop
      vertex   -8.556570e+00 2.253106e+00 2.000000e+00
      vertex   -7.804732e+00 3.736837e+00 2.000000e+00
      vertex   -8.002982e+00 3.774078e+00 2.000000e+00
    endloop
  endfacet
  facet normal 0.000000e+00 -0.000000e+00 1.000000e+00
    outer loop
      vertex   -8.556570e+00 2.253106e+00 2.000000e+00
      vertex   -8.002982e+00 3.774078e+00 2.000000e+00
      vertex   -8.726887e+00 2.367699e+00 2.000000e+00
    endloop
  endfacet
  facet normal 0.000000e+00 0.000000e+00 1.000000e+00
    outer loop
      vertex   -8.726887e+00 2.367699e+00 2.000000e+00
      vertex   -8.002982e+00 3.774078e+00 2.000000e+00
      vertex   -8.207111e+00 3.795772e+00 2.000000e+00
    endloop
  endfacet
  facet normal 0.000000e+00 -0.000000e+00 1.000000e+00
    outer loop
      vertex   -8.726887e+00 2.367699e+00 2.000000e+00
      vertex   -8.207111e+00 3.795772e+00 2.000000e+00
      vertex   -8.892135e+00 2.495305e+00 2.000000e+00
    endloop
  endfacet
  facet normal 0.000000e+00 0.000000e+00 1.000000e+00
    outer loop
      vertex   -8.892135e+00 2.495305e+00 2.000000e+00
      vertex   -8.207111e+00 3.795772e+00 2.000000e+00
      vertex   -8.415722e+00 3.804239e+00 2.000000e+00
    endloop
  endfacet
  facet normal 0.000000e+00 -0.000000e+00 1.000000e+00
    outer loop
      vertex   -8.892135e+00 2.495305e+00 2.000000e+00
      vertex   -8.415722e+00 3.804239e+00 2.000000e+00
      vertex   -9.052454e+00 2.634377e+00 2.000000e+00
    endloop
  endfacet
  facet normal 0.000000e+00 0.000000e+00 1.000000e+00
    outer loop
      vertex   -9.052454e+00 2.634377e+00 2.000000e+00
      vertex   -8.415722e+00 3.804239e+00 2.000000e+00
      vertex   -8.627927e+00 3.800756e+00 2.000000e+00
    endloop
  endfacet
  facet normal 0.000000e+00 -0.000000e+00 1.000000e+00
    outer loop
      vertex   -9.052454e+00 2.634377e+00 2.000000e+00
      vertex   -8.627927e+00 3.800756e+00 2.000000e+00
      vertex   -9.207861e+00 2.783871e+00 2.000000e+00
    endloop
  endfacet
  facet normal 0.000000e+00 0.000000e+00 1.000000e+00
    outer loop
      vertex   -9.207861e+00 2.783871e+00 2.000000e+00
      vertex   -8.627927e+00 3.800756e+00 2.000000e+00
      vertex   -8.843069e+00 3.786130e+00 2.000000e+00
    endloop
  endfacet
  facet normal 0.000000e+00 0.000000e+00 1.000000e+00
    outer loop
      vertex   -9.207861e+00 2.783871e+00 2.000000e+00
      vertex   -8.843069e+00 3.786130e+00 2.000000e+00
      vertex   -9.060614e+00 3.760921e+00 2.000000e+00
    endloop
  endfacet
  facet normal 0.000000e+00 0.000000e+00 1.000000e+00
    outer loop
      vertex   1.587713e+00 2.750000e+00 2.000000e+00
      vertex   -7.538057e-03 7.749196e+00 2.000000e+00
      vertex   -1.587713e+00 2.750000e+00 2.000000e+00
    endloop
  endfacet
  facet normal 0.000000e+00 0.000000e+00 1.000000e+00
    outer loop
      vertex   -1.587713e+00 2.750000e+00 2.000000e+00
      vertex   -7.538057e-03 7.749196e+00 2.000000e+00
      vertex   -2.261414e-02 7.749167e+00 2.000000e+00
    endloop
  endfacet
  facet normal 0.000000e+00 0.000000e+00 1.000000e+00
    outer loop
      vertex   -1.587713e+00 2.750000e+00 2.000000e+00
      vertex   -2.261414e-02 7.749167e+00 2.000000e+00
      vertex   -1.479983e-01 7.762270e+00 2.000000e+00
    endloop
  endfacet
  facet normal 0.000000e+00 -0.000000e+00 1.000000e+00
    outer loop
      vertex   3.175426e+00 -8.880277e-15 2.000000e+00
      vertex   6.722283e+00 3.854999e+00 2.000000e+00
      vertex   1.587713e+00 2.750000e+00 2.000000e+00
    endloop
  endfacet
  facet normal 0.000000e+00 0.000000e+00 1.000000e+00
    outer loop
      vertex   1.587713e+00 2.750000e+00 2.000000e+00
      vertex   6.722283e+00 3.854999e+00 2.000000e+00
      vertex   6.714770e+00 3.868070e+00 2.000000e+00
    endloop
  endfacet
  facet normal 0.000000e+00 0.000000e+00 1.000000e+00
    outer loop
      vertex   1.587713e+00 2.750000e+00 2.000000e+00
      vertex   6.714770e+00 3.868070e+00 2.000000e+00
      vertex   6.707232e+00 3.881126e+00 2.000000e+00
    endloop
  endfacet
  facet normal -0.000000e+00 0.000000e+00 1.000000e+00
    outer loop
      vertex   1.587713e+00 -2.750000e+00 2.000000e+00
      vertex   6.722283e+00 -3.854999e+00 2.000000e+00
      vertex   3.175426e+00 -8.880277e-15 2.000000e+00
    endloop
  endfacet
  facet normal 0.000000e+00 0.000000e+00 1.000000e+00
    outer loop
      vertex   3.175426e+00 -8.880277e-15 2.000000e+00
      vertex   6.722283e+00 -3.854999e+00 2.000000e+00
      vertex   6.796322e+00 -3.752965e+00 2.000000e+00
    endloop
  endfacet
  facet normal 0.000000e+00 0.000000e+00 1.000000e+00
    outer loop
      vertex   3.175426e+00 -8.880277e-15 2.000000e+00
      vertex   6.796322e+00 -3.752965e+00 2.000000e+00
      vertex   7.618644e+00 -1.493654e+00 2.000000e+00
    endloop
  endfacet
  facet normal 0.000000e+00 0.000000e+00 1.000000e+00
    outer loop
      vertex   7.618644e+00 -1.493654e+00 2.000000e+00
      vertex   6.796322e+00 -3.752965e+00 2.000000e+00
      vertex   7.636694e+00 -1.618422e+00 2.000000e+00
    endloop
  endfacet
  facet normal 0.000000e+00 0.000000e+00 1.000000e+00
    outer loop
      vertex   7.636694e+00 -1.618422e+00 2.000000e+00
      vertex   6.796322e+00 -3.752965e+00 2.000000e+00
      vertex   6.890348e+00 -3.668989e+00 2.000000e+00
    endloop
  endfacet
  facet normal 0.000000e+00 0.000000e+00 1.000000e+00
    outer loop
      vertex   7.636694e+00 -1.618422e+00 2.000000e+00
      vertex   6.890348e+00 -3.668989e+00 2.000000e+00
      vertex   7.680838e+00 -1.736507e+00 2.000000e+00
    endloop
  endfacet
  facet normal 0.000000e+00 0.000000e+00 1.000000e+00
    outer loop
      vertex   7.680838e+00 -1.736507e+00 2.000000e+00
      vertex   6.890348e+00 -3.668989e+00 2.000000e+00
      vertex   7.000069e+00 -3.606906e+00 2.000000e+00
    endloop
  endfacet
  facet normal 0.000000e+00 0.000000e+00 1.000000e+00
    outer loop
      vertex   7.680838e+00 -1.736507e+00 2.000000e+00
      vertex   7.000069e+00 -3.606906e+00 2.000000e+00
      vertex   7.749063e+00 -1.842518e+00 2.000000e+00
    endloop
  endfacet
  facet normal 0.000000e+00 0.000000e+00 1.000000e+00
    outer loop
      vertex   7.749063e+00 -1.842518e+00 2.000000e+00
      vertex   7.000069e+00 -3.606906e+00 2.000000e+00
      vertex   7.120474e+00 -3.569551e+00 2.000000e+00
    endloop
  endfacet
  facet normal 0.000000e+00 0.000000e+00 1.000000e+00
    outer loop
      vertex   7.749063e+00 -1.842518e+00 2.000000e+00
      vertex   7.120474e+00 -3.569551e+00 2.000000e+00
      vertex   7.838251e+00 -1.931615e+00 2.000000e+00
    endloop
  endfacet
  facet normal 0.000000e+00 0.000000e+00 1.000000e+00
    outer loop
      vertex   7.838251e+00 -1.931615e+00 2.000000e+00
      vertex   7.120474e+00 -3.569551e+00 2.000000e+00
      vertex   7.246067e+00 -3.558628e+00 2.000000e+00
    endloop
  endfacet
  facet normal 0.000000e+00 0.000000e+00 1.000000e+00
    outer loop
      vertex   7.838251e+00 -1.931615e+00 2.000000e+00
      vertex   7.246067e+00 -3.558628e+00 2.000000e+00
      vertex   7.944333e+00 -1.999729e+00 2.000000e+00
    endloop
  endfacet
  facet normal 0.000000e+00 0.000000e+00 1.000000e+00
    outer loop
      vertex   7.944333e+00 -1.999729e+00 2.000000e+00
      vertex   7.246067e+00 -3.558628e+00 2.000000e+00
      vertex   7.371113e+00 -3.574637e+00 2.000000e+00
    endloop
  endfacet
  facet normal 0.000000e+00 0.000000e+00 1.000000e+00
    outer loop
      vertex   7.944333e+00 -1.999729e+00 2.000000e+00
      vertex   7.371113e+00 -3.574637e+00 2.000000e+00
      vertex   8.062464e+00 -2.043752e+00 2.000000e+00
    endloop
  endfacet
  facet normal 0.000000e+00 0.000000e+00 1.000000e+00
    outer loop
      vertex   8.062464e+00 -2.043752e+00 2.000000e+00
      vertex   7.371113e+00 -3.574637e+00 2.000000e+00
      vertex   7.489904e+00 -3.616847e+00 2.000000e+00
    endloop
  endfacet
  facet normal 0.000000e+00 0.000000e+00 1.000000e+00
    outer loop
      vertex   8.062464e+00 -2.043752e+00 2.000000e+00
      vertex   7.489904e+00 -3.616847e+00 2.000000e+00
      vertex   8.197897e+00 -2.078288e+00 2.000000e+00
    endloop
  endfacet
  facet normal 0.000000e+00 0.000000e+00 1.000000e+00
    outer loop
      vertex   8.197897e+00 -2.078288e+00 2.000000e+00
      vertex   7.489904e+00 -3.616847e+00 2.000000e+00
      vertex   7.615851e+00 -3.677446e+00 2.000000e+00
    endloop
  endfacet
  facet normal 0.000000e+00 0.000000e+00 1.000000e+00
    outer loop
      vertex   8.197897e+00 -2.078288e+00 2.000000e+00
      vertex   7.615851e+00 -3.677446e+00 2.000000e+00
      vertex   8.290589e+00 -2.111944e+00 2.000000e+00
    endloop
  endfacet
  facet normal 0.000000e+00 0.000000e+00 1.000000e+00
    outer loop
      vertex   8.290589e+00 -2.111944e+00 2.000000e+00
      vertex   7.615851e+00 -3.677446e+00 2.000000e+00
      vertex   7.708492e+00 -3.711245e+00 2.000000e+00
    endloop
  endfacet
  facet normal 0.000000e+00 0.000000e+00 1.000000e+00
    outer loop
      vertex   8.290589e+00 -2.111944e+00 2.000000e+00
      vertex   7.708492e+00 -3.711245e+00 2.000000e+00
      vertex   8.380764e+00 -2.154202e+00 2.000000e+00
    endloop
  endfacet
  facet normal 0.000000e+00 0.000000e+00 1.000000e+00
    outer loop
      vertex   8.380764e+00 -2.154202e+00 2.000000e+00
      vertex   7.708492e+00 -3.711245e+00 2.000000e+00
      vertex   7.804732e+00 -3.736837e+00 2.000000e+00
    endloop
  endfacet
  facet normal 0.000000e+00 0.000000e+00 1.000000e+00
    outer loop
      vertex   8.380764e+00 -2.154202e+00 2.000000e+00
      vertex   7.804732e+00 -3.736837e+00 2.000000e+00
      vertex   8.556570e+00 -2.253106e+00 2.000000e+00
    endloop
  endfacet
  facet normal 0.000000e+00 0.000000e+00 1.000000e+00
    outer loop
      vertex   8.556570e+00 -2.253106e+00 2.000000e+00
      vertex   7.804732e+00 -3.736837e+00 2.000000e+00
      vertex   8.002982e+00 -3.774078e+00 2.000000e+00
    endloop
  endfacet
  facet normal 0.000000e+00 0.000000e+00 1.000000e+00
    outer loop
      vertex   8.556570e+00 -2.253106e+00 2.000000e+00
      vertex   8.002982e+00 -3.774078e+00 2.000000e+00
      vertex   8.726887e+00 -2.367699e+00 2.000000e+00
    endloop
  endfacet
  facet normal 0.000000e+00 0.000000e+00 1.000000e+00
    outer loop
      vertex   8.726887e+00 -2.367699e+00 2.000000e+00
      vertex   8.002982e+00 -3.774078e+00 2.000000e+00
      vertex   8.207111e+00 -3.795772e+00 2.000000e+00
    endloop
  endfacet
  facet normal 0.000000e+00 0.000000e+00 1.000000e+00
    outer loop
      vertex   8.726887e+00 -2.367699e+00 2.000000e+00
      vertex   8.207111e+00 -3.795772e+00 2.000000e+00
      vertex   8.892135e+00 -2.495305e+00 2.000000e+00
    endloop
  endfacet
  facet normal 0.000000e+00 0.000000e+00 1.000000e+00
    outer loop
      vertex   8.892135e+00 -2.495305e+00 2.000000e+00
      vertex   8.207111e+00 -3.795772e+00 2.000000e+00
      vertex   8.415722e+00 -3.804239e+00 2.000000e+00
    endloop
  endfacet
  facet normal 0.000000e+00 0.000000e+00 1.000000e+00
    outer loop
      vertex   8.892135e+00 -2.495305e+00 2.000000e+00
      vertex   8.415722e+00 -3.804239e+00 2.000000e+00
      vertex   9.052454e+00 -2.634377e+00 2.000000e+00
    endloop
  endfacet
  facet normal 0.000000e+00 0.000000e+00 1.000000e+00
    outer loop
      vertex   9.052454e+00 -2.634377e+00 2.000000e+00
      vertex   8.415722e+00 -3.804239e+00 2.000000e+00
      vertex   8.627927e+00 -3.800756e+00 2.000000e+00
    endloop
  endfacet
  facet normal 0.000000e+00 0.000000e+00 1.000000e+00
    outer loop
      vertex   9.052454e+00 -2.634377e+00 2.000000e+00
      vertex   8.627927e+00 -3.800756e+00 2.000000e+00
      vertex   9.207861e+00 -2.783871e+00 2.000000e+00
    endloop
  endfacet
  facet normal 0.000000e+00 0.000000e+00 1.000000e+00
    outer loop
      vertex   9.207861e+00 -2.783871e+00 2.000000e+00
      vertex   8.627927e+00 -3.800756e+00 2.000000e+00
      vertex   8.843069e+00 -3.786130e+00 2.000000e+00
    endloop
  endfacet
  facet normal 0.000000e+00 0.000000e+00 1.000000e+00
    outer loop
      vertex   9.207861e+00 -2.783871e+00 2.000000e+00
      vertex   8.843069e+00 -3.786130e+00 2.000000e+00
      vertex   9.060614e+00 -3.760921e+00 2.000000e+00
    endloop
  endfacet
  facet normal -0.000000e+00 0.000000e+00 1.000000e+00
    outer loop
      vertex   -1.587713e+00 -2.750000e+00 2.000000e+00
      vertex   7.538057e-03 -7.749196e+00 2.000000e+00
      vertex   1.587713e+00 -2.750000e+00 2.000000e+00
    endloop
  endfacet
  facet normal 0.000000e+00 0.000000e+00 1.000000e+00
    outer loop
      vertex   1.587713e+00 -2.750000e+00 2.000000e+00
      vertex   7.538057e-03 -7.749196e+00 2.000000e+00
      vertex   2.261414e-02 -7.749167e+00 2.000000e+00
    endloop
  endfacet
  facet normal 0.000000e+00 0.000000e+00 1.000000e+00
    outer loop
      vertex   1.587713e+00 -2.750000e+00 2.000000e+00
      vertex   2.261414e-02 -7.749167e+00 2.000000e+00
      vertex   1.479983e-01 -7.762270e+00 2.000000e+00
    endloop
  endfacet
  facet normal 0.000000e+00 -0.000000e+00 1.000000e+00
    outer loop
      vertex   7.618644e+00 -1.493654e+00 2.000000e+00
      vertex   7.627513e+00 -1.367899e+00 2.000000e+00
      vertex   3.175426e+00 -8.880277e-15 2.000000e+00
    endloop
  endfacet
  facet normal 0.000000e+00 0.000000e+00 1.000000e+00
    outer loop
      vertex   3.175426e+00 -8.880277e-15 2.000000e+00
      vertex   7.627513e+00 -1.367899e+00 2.000000e+00
      vertex   7.630160e+00 -1.353057e+00 2.000000e+00
    endloop
  endfacet
  facet normal 0.000000e+00 0.000000e+00 1.000000e+00
    outer loop
      vertex   3.175426e+00 -8.880277e-15 2.000000e+00
      vertex   7.630160e+00 -1.353057e+00 2.000000e+00
      vertex   7.632778e+00 -1.338210e+00 2.000000e+00
    endloop
  endfacet
  facet normal 0.000000e+00 -0.000000e+00 1.000000e+00
    outer loop
      vertex   7.632778e+00 -1.338210e+00 2.000000e+00
      vertex   7.635367e+00 -1.323358e+00 2.000000e+00
      vertex   3.175426e+00 -8.880277e-15 2.000000e+00
    endloop
  endfacet
  facet normal 0.000000e+00 0.000000e+00 1.000000e+00
    outer loop
      vertex   3.175426e+00 -8.880277e-15 2.000000e+00
      vertex   7.635367e+00 -1.323358e+00 2.000000e+00
      vertex   7.670043e+00 -1.202154e+00 2.000000e+00
    endloop
  endfacet
  facet normal 0.000000e+00 0.000000e+00 1.000000e+00
    outer loop
      vertex   3.175426e+00 -8.880277e-15 2.000000e+00
      vertex   7.670043e+00 -1.202154e+00 2.000000e+00
      vertex   7.729678e+00 -1.091084e+00 2.000000e+00
    endloop
  endfacet
  facet normal -0.000000e+00 0.000000e+00 1.000000e+00
    outer loop
      vertex   3.175426e+00 -8.880277e-15 2.000000e+00
      vertex   7.729678e+00 -1.091084e+00 2.000000e+00
      vertex   7.729678e+00 1.091084e+00 2.000000e+00
    endloop
  endfacet
  facet normal 0.000000e+00 0.000000e+00 1.000000e+00
    outer loop
      vertex   7.729678e+00 1.091084e+00 2.000000e+00
      vertex   7.729678e+00 -1.091084e+00 2.000000e+00
      vertex   7.811548e+00 -9.952186e-01 2.000000e+00
    endloop
  endfacet
  facet normal 0.000000e+00 0.000000e+00 1.000000e+00
    outer loop
      vertex   7.729678e+00 1.091084e+00 2.000000e+00
      vertex   7.811548e+00 -9.952186e-01 2.000000e+00
      vertex   7.811548e+00 9.952186e-01 2.000000e+00
    endloop
  endfacet
  facet normal 0.000000e+00 0.000000e+00 1.000000e+00
    outer loop
      vertex   7.811548e+00 9.952186e-01 2.000000e+00
      vertex   7.811548e+00 -9.952186e-01 2.000000e+00
      vertex   7.911915e+00 -9.189349e-01 2.000000e+00
    endloop
  endfacet
  facet normal 0.000000e+00 0.000000e+00 1.000000e+00
    outer loop
      vertex   7.811548e+00 9.952186e-01 2.000000e+00
      vertex   7.911915e+00 -9.189349e-01 2.000000e+00
      vertex   7.911915e+00 9.189349e-01 2.000000e+00
    endloop
  endfacet
  facet normal 0.000000e+00 0.000000e+00 1.000000e+00
    outer loop
      vertex   7.911915e+00 9.189349e-01 2.000000e+00
      vertex   7.911915e+00 -9.189349e-01 2.000000e+00
      vertex   8.026198e+00 -8.657158e-01 2.000000e+00
    endloop
  endfacet
  facet normal 0.000000e+00 0.000000e+00 1.000000e+00
    outer loop
      vertex   7.911915e+00 9.189349e-01 2.000000e+00
      vertex   8.026198e+00 -8.657158e-01 2.000000e+00
      vertex   8.026198e+00 8.657158e-01 2.000000e+00
    endloop
  endfacet
  facet normal 0.000000e+00 0.000000e+00 1.000000e+00
    outer loop
      vertex   8.026198e+00 8.657158e-01 2.000000e+00
      vertex   8.026198e+00 -8.657158e-01 2.000000e+00
      vertex   8.149179e+00 8.379909e-01 2.000000e+00
    endloop
  endfacet
  facet normal 0.000000e+00 0.000000e+00 1.000000e+00
    outer loop
      vertex   8.149179e+00 8.379909e-01 2.000000e+00
      vertex   8.026198e+00 -8.657158e-01 2.000000e+00
      vertex   8.149179e+00 -8.379909e-01 2.000000e+00
    endloop
  endfacet
  facet normal 0.000000e+00 0.000000e+00 1.000000e+00
    outer loop
      vertex   8.149179e+00 8.379909e-01 2.000000e+00
      vertex   8.149179e+00 -8.379909e-01 2.000000e+00
      vertex   8.275242e+00 8.370261e-01 2.000000e+00
    endloop
  endfacet
  facet normal 0.000000e+00 0.000000e+00 1.000000e+00
    outer loop
      vertex   8.275242e+00 8.370261e-01 2.000000e+00
      vertex   8.149179e+00 -8.379909e-01 2.000000e+00
      vertex   8.275242e+00 -8.370261e-01 2.000000e+00
    endloop
  endfacet
  facet normal 0.000000e+00 0.000000e+00 1.000000e+00
    outer loop
      vertex   8.275242e+00 8.370261e-01 2.000000e+00
      vertex   8.275242e+00 -8.370261e-01 2.000000e+00
      vertex   8.414320e+00 -8.508944e-01 2.000000e+00
    endloop
  endfacet
  facet normal -0.000000e+00 0.000000e+00 1.000000e+00
    outer loop
      vertex   8.275242e+00 8.370261e-01 2.000000e+00
      vertex   8.414320e+00 -8.508944e-01 2.000000e+00
      vertex   8.414320e+00 8.508944e-01 2.000000e+00
    endloop
  endfacet
  facet normal 0.000000e+00 0.000000e+00 1.000000e+00
    outer loop
      vertex   8.414320e+00 8.508944e-01 2.000000e+00
      vertex   8.414320e+00 -8.508944e-01 2.000000e+00
      vertex   8.512933e+00 -8.509701e-01 2.000000e+00
    endloop
  endfacet
  facet normal -0.000000e+00 0.000000e+00 1.000000e+00
    outer loop
      vertex   8.414320e+00 8.508944e-01 2.000000e+00
      vertex   8.512933e+00 -8.509701e-01 2.000000e+00
      vertex   8.512933e+00 8.509701e-01 2.000000e+00
    endloop
  endfacet
  facet normal 0.000000e+00 0.000000e+00 1.000000e+00
    outer loop
      vertex   8.512933e+00 8.509701e-01 2.000000e+00
      vertex   8.512933e+00 -8.509701e-01 2.000000e+00
      vertex   8.612122e+00 -8.421022e-01 2.000000e+00
    endloop
  endfacet
  facet normal 0.000000e+00 0.000000e+00 1.000000e+00
    outer loop
      vertex   8.512933e+00 8.509701e-01 2.000000e+00
      vertex   8.612122e+00 -8.421022e-01 2.000000e+00
      vertex   8.612122e+00 8.421022e-01 2.000000e+00
    endloop
  endfacet
  facet normal 0.000000e+00 0.000000e+00 1.000000e+00
    outer loop
      vertex   8.612122e+00 8.421022e-01 2.000000e+00
      vertex   8.612122e+00 -8.421022e-01 2.000000e+00
      vertex   8.811153e+00 8.092925e-01 2.000000e+00
    endloop
  endfacet
  facet normal 0.000000e+00 0.000000e+00 1.000000e+00
    outer loop
      vertex   8.811153e+00 8.092925e-01 2.000000e+00
      vertex   8.612122e+00 -8.421022e-01 2.000000e+00
      vertex   8.811153e+00 -8.092925e-01 2.000000e+00
    endloop
  endfacet
  facet normal 0.000000e+00 0.000000e+00 1.000000e+00
    outer loop
      vertex   8.811153e+00 8.092925e-01 2.000000e+00
      vertex   8.811153e+00 -8.092925e-01 2.000000e+00
      vertex   9.010392e+00 -7.598618e-01 2.000000e+00
    endloop
  endfacet
  facet normal 0.000000e+00 0.000000e+00 1.000000e+00
    outer loop
      vertex   8.811153e+00 8.092925e-01 2.000000e+00
      vertex   9.010392e+00 -7.598618e-01 2.000000e+00
      vertex   9.010392e+00 7.598618e-01 2.000000e+00
    endloop
  endfacet
  facet normal 0.000000e+00 0.000000e+00 1.000000e+00
    outer loop
      vertex   9.010392e+00 7.598618e-01 2.000000e+00
      vertex   9.010392e+00 -7.598618e-01 2.000000e+00
      vertex   9.209318e+00 -6.964690e-01 2.000000e+00
    endloop
  endfacet
  facet normal 0.000000e+00 0.000000e+00 1.000000e+00
    outer loop
      vertex   9.010392e+00 7.598618e-01 2.000000e+00
      vertex   9.209318e+00 -6.964690e-01 2.000000e+00
      vertex   9.209318e+00 6.964690e-01 2.000000e+00
    endloop
  endfacet
  facet normal 0.000000e+00 0.000000e+00 1.000000e+00
    outer loop
      vertex   9.209318e+00 6.964690e-01 2.000000e+00
      vertex   9.209318e+00 -6.964690e-01 2.000000e+00
      vertex   9.407535e+00 -6.206176e-01 2.000000e+00
    endloop
  endfacet
  facet normal 0.000000e+00 0.000000e+00 1.000000e+00
    outer loop
      vertex   9.209318e+00 6.964690e-01 2.000000e+00
      vertex   9.407535e+00 -6.206176e-01 2.000000e+00
      vertex   9.407535e+00 6.206176e-01 2.000000e+00
    endloop
  endfacet
  facet normal 0.000000e+00 0.000000e+00 1.000000e+00
    outer loop
      vertex   9.407535e+00 6.206176e-01 2.000000e+00
      vertex   9.407535e+00 -6.206176e-01 2.000000e+00
      vertex   9.604699e+00 -5.332907e-01 2.000000e+00
    endloop
  endfacet
  facet normal 0.000000e+00 0.000000e+00 1.000000e+00
    outer loop
      vertex   9.407535e+00 6.206176e-01 2.000000e+00
      vertex   9.604699e+00 -5.332907e-01 2.000000e+00
      vertex   9.604699e+00 5.332907e-01 2.000000e+00
    endloop
  endfacet
  facet normal 0.000000e+00 0.000000e+00 1.000000e+00
    outer loop
      vertex   9.604699e+00 5.332907e-01 2.000000e+00
      vertex   9.604699e+00 -5.332907e-01 2.000000e+00
      vertex   9.800503e+00 -4.351973e-01 2.000000e+00
    endloop
  endfacet
  facet normal 0.000000e+00 0.000000e+00 1.000000e+00
    outer loop
      vertex   9.604699e+00 5.332907e-01 2.000000e+00
      vertex   9.800503e+00 -4.351973e-01 2.000000e+00
      vertex   9.999406e+00 -1.089788e-01 2.000000e+00
    endloop
  endfacet
  facet normal 0.000000e+00 0.000000e+00 1.000000e+00
    outer loop
      vertex   9.999406e+00 -1.089788e-01 2.000000e+00
      vertex   9.800503e+00 -4.351973e-01 2.000000e+00
      vertex   9.994656e+00 -3.268848e-01 2.000000e+00
    endloop
  endfacet
  facet normal 0.000000e+00 -0.000000e+00 1.000000e+00
    outer loop
      vertex   9.999406e+00 -1.089788e-01 2.000000e+00
      vertex   9.999406e+00 1.089788e-01 2.000000e+00
      vertex   9.604699e+00 5.332907e-01 2.000000e+00
    endloop
  endfacet
  facet normal 0.000000e+00 0.000000e+00 1.000000e+00
    outer loop
      vertex   9.604699e+00 5.332907e-01 2.000000e+00
      vertex   9.999406e+00 1.089788e-01 2.000000e+00
      vertex   9.800503e+00 4.351973e-01 2.000000e+00
    endloop
  endfacet
  facet normal 0.000000e+00 0.000000e+00 1.000000e+00
    outer loop
      vertex   9.800503e+00 4.351973e-01 2.000000e+00
      vertex   9.999406e+00 1.089788e-01 2.000000e+00
      vertex   9.994656e+00 3.268848e-01 2.000000e+00
    endloop
  endfacet
  facet normal 0.000000e+00 0.000000e+00 1.000000e+00
    outer loop
      vertex   7.729678e+00 1.091084e+00 2.000000e+00
      vertex   7.670043e+00 1.202154e+00 2.000000e+00
      vertex   3.175426e+00 -8.880277e-15 2.000000e+00
    endloop
  endfacet
  facet normal 0.000000e+00 0.000000e+00 1.000000e+00
    outer loop
      vertex   3.175426e+00 -8.880277e-15 2.000000e+00
      vertex   7.670043e+00 1.202154e+00 2.000000e+00
      vertex   7.635367e+00 1.323358e+00 2.000000e+00
    endloop
  endfacet
  facet normal 0.000000e+00 0.000000e+00 1.000000e+00
    outer loop
      vertex   3.175426e+00 -8.880277e-15 2.000000e+00
      vertex   7.635367e+00 1.323358e+00 2.000000e+00
      vertex   7.632778e+00 1.338210e+00 2.000000e+00
    endloop
  endfacet
  facet normal 0.000000e+00 0.000000e+00 1.000000e+00
    outer loop
      vertex   7.632778e+00 1.338210e+00 2.000000e+00
      vertex   7.630160e+00 1.353057e+00 2.000000e+00
      vertex   3.175426e+00 -8.880277e-15 2.000000e+00
    endloop
  endfacet
  facet normal 0.000000e+00 0.000000e+00 1.000000e+00
    outer loop
      vertex   3.175426e+00 -8.880277e-15 2.000000e+00
      vertex   7.630160e+00 1.353057e+00 2.000000e+00
      vertex   7.627513e+00 1.367899e+00 2.000000e+00
    endloop
  endfacet
  facet normal 0.000000e+00 0.000000e+00 1.000000e+00
    outer loop
      vertex   3.175426e+00 -8.880277e-15 2.000000e+00
      vertex   7.627513e+00 1.367899e+00 2.000000e+00
      vertex   7.618644e+00 1.493654e+00 2.000000e+00
    endloop
  endfacet
  facet normal 0.000000e+00 0.000000e+00 1.000000e+00
    outer loop
      vertex   3.175426e+00 -8.880277e-15 2.000000e+00
      vertex   7.618644e+00 1.493654e+00 2.000000e+00
      vertex   6.796322e+00 3.752965e+00 2.000000e+00
    endloop
  endfacet
  facet normal 0.000000e+00 0.000000e+00 1.000000e+00
    outer loop
      vertex   6.796322e+00 3.752965e+00 2.000000e+00
      vertex   7.618644e+00 1.493654e+00 2.000000e+00
      vertex   7.636694e+00 1.618422e+00 2.000000e+00
    endloop
  endfacet
  facet normal 0.000000e+00 0.000000e+00 1.000000e+00
    outer loop
      vertex   6.796322e+00 3.752965e+00 2.000000e+00
      vertex   7.636694e+00 1.618422e+00 2.000000e+00
      vertex   6.890348e+00 3.668989e+00 2.000000e+00
    endloop
  endfacet
  facet normal 0.000000e+00 0.000000e+00 1.000000e+00
    outer loop
      vertex   6.890348e+00 3.668989e+00 2.000000e+00
      vertex   7.636694e+00 1.618422e+00 2.000000e+00
      vertex   7.680838e+00 1.736507e+00 2.000000e+00
    endloop
  endfacet
  facet normal 0.000000e+00 0.000000e+00 1.000000e+00
    outer loop
      vertex   6.890348e+00 3.668989e+00 2.000000e+00
      vertex   7.680838e+00 1.736507e+00 2.000000e+00
      vertex   7.000069e+00 3.606906e+00 2.000000e+00
    endloop
  endfacet
  facet normal 0.000000e+00 0.000000e+00 1.000000e+00
    outer loop
      vertex   7.000069e+00 3.606906e+00 2.000000e+00
      vertex   7.680838e+00 1.736507e+00 2.000000e+00
      vertex   7.749063e+00 1.842518e+00 2.000000e+00
    endloop
  endfacet
  facet normal 0.000000e+00 0.000000e+00 1.000000e+00
    outer loop
      vertex   7.000069e+00 3.606906e+00 2.000000e+00
      vertex   7.749063e+00 1.842518e+00 2.000000e+00
      vertex   7.120474e+00 3.569551e+00 2.000000e+00
    endloop
  endfacet
  facet normal 0.000000e+00 0.000000e+00 1.000000e+00
    outer loop
      vertex   7.120474e+00 3.569551e+00 2.000000e+00
      vertex   7.749063e+00 1.842518e+00 2.000000e+00
      vertex   7.838251e+00 1.931615e+00 2.000000e+00
    endloop
  endfacet
  facet normal 0.000000e+00 0.000000e+00 1.000000e+00
    outer loop
      vertex   7.120474e+00 3.569551e+00 2.000000e+00
      vertex   7.838251e+00 1.931615e+00 2.000000e+00
      vertex   7.246067e+00 3.558628e+00 2.000000e+00
    endloop
  endfacet
  facet normal 0.000000e+00 0.000000e+00 1.000000e+00
    outer loop
      vertex   7.246067e+00 3.558628e+00 2.000000e+00
      vertex   7.838251e+00 1.931615e+00 2.000000e+00
      vertex   7.944333e+00 1.999729e+00 2.000000e+00
    endloop
  endfacet
  facet normal -0.000000e+00 0.000000e+00 1.000000e+00
    outer loop
      vertex   7.246067e+00 3.558628e+00 2.000000e+00
      vertex   7.944333e+00 1.999729e+00 2.000000e+00
      vertex   7.371113e+00 3.574637e+00 2.000000e+00
    endloop
  endfacet
  facet normal 0.000000e+00 0.000000e+00 1.000000e+00
    outer loop
      vertex   7.371113e+00 3.574637e+00 2.000000e+00
      vertex   7.944333e+00 1.999729e+00 2.000000e+00
      vertex   8.062464e+00 2.043752e+00 2.000000e+00
    endloop
  endfacet
  facet normal -0.000000e+00 0.000000e+00 1.000000e+00
    outer loop
      vertex   7.371113e+00 3.574637e+00 2.000000e+00
      vertex   8.062464e+00 2.043752e+00 2.000000e+00
      vertex   7.489904e+00 3.616847e+00 2.000000e+00
    endloop
  endfacet
  facet normal 0.000000e+00 0.000000e+00 1.000000e+00
    outer loop
      vertex   7.489904e+00 3.616847e+00 2.000000e+00
      vertex   8.062464e+00 2.043752e+00 2.000000e+00
      vertex   8.197897e+00 2.078288e+00 2.000000e+00
    endloop
  endfacet
  facet normal -0.000000e+00 0.000000e+00 1.000000e+00
    outer loop
      vertex   7.489904e+00 3.616847e+00 2.000000e+00
      vertex   8.197897e+00 2.078288e+00 2.000000e+00
      vertex   7.615851e+00 3.677446e+00 2.000000e+00
    endloop
  endfacet
  facet normal 0.000000e+00 0.000000e+00 1.000000e+00
    outer loop
      vertex   7.615851e+00 3.677446e+00 2.000000e+00
      vertex   8.197897e+00 2.078288e+00 2.000000e+00
      vertex   8.290589e+00 2.111944e+00 2.000000e+00
    endloop
  endfacet
  facet normal -0.000000e+00 0.000000e+00 1.000000e+00
    outer loop
      vertex   7.615851e+00 3.677446e+00 2.000000e+00
      vertex   8.290589e+00 2.111944e+00 2.000000e+00
      vertex   7.708492e+00 3.711245e+00 2.000000e+00
    endloop
  endfacet
  facet normal 0.000000e+00 0.000000e+00 1.000000e+00
    outer loop
      vertex   7.708492e+00 3.711245e+00 2.000000e+00
      vertex   8.290589e+00 2.111944e+00 2.000000e+00
      vertex   8.380764e+00 2.154202e+00 2.000000e+00
    endloop
  endfacet
  facet normal -0.000000e+00 0.000000e+00 1.000000e+00
    outer loop
      vertex   7.708492e+00 3.711245e+00 2.000000e+00
      vertex   8.380764e+00 2.154202e+00 2.000000e+00
      vertex   7.804732e+00 3.736837e+00 2.000000e+00
    endloop
  endfacet
  facet normal 0.000000e+00 0.000000e+00 1.000000e+00
    outer loop
      vertex   7.804732e+00 3.736837e+00 2.000000e+00
      vertex   8.380764e+00 2.154202e+00 2.000000e+00
      vertex   8.556570e+00 2.253106e+00 2.000000e+00
    endloop
  endfacet
  facet normal -0.000000e+00 0.000000e+00 1.000000e+00
    outer loop
      vertex   7.804732e+00 3.736837e+00 2.000000e+00
      vertex   8.556570e+00 2.253106e+00 2.000000e+00
      vertex   8.002982e+00 3.774078e+00 2.000000e+00
    endloop
  endfacet
  facet normal 0.000000e+00 0.000000e+00 1.000000e+00
    outer loop
      vertex   8.002982e+00 3.774078e+00 2.000000e+00
      vertex   8.556570e+00 2.253106e+00 2.000000e+00
      vertex   8.726887e+00 2.367699e+00 2.000000e+00
    endloop
  endfacet
  facet normal -0.000000e+00 0.000000e+00 1.000000e+00
    outer loop
      vertex   8.002982e+00 3.774078e+00 2.000000e+00
      vertex   8.726887e+00 2.367699e+00 2.000000e+00
      vertex   8.207111e+00 3.795772e+00 2.000000e+00
    endloop
  endfacet
  facet normal 0.000000e+00 0.000000e+00 1.000000e+00
    outer loop
      vertex   8.207111e+00 3.795772e+00 2.000000e+00
      vertex   8.726887e+00 2.367699e+00 2.000000e+00
      vertex   8.892135e+00 2.495305e+00 2.000000e+00
    endloop
  endfacet
  facet normal -0.000000e+00 0.000000e+00 1.000000e+00
    outer loop
      vertex   8.207111e+00 3.795772e+00 2.000000e+00
      vertex   8.892135e+00 2.495305e+00 2.000000e+00
      vertex   8.415722e+00 3.804239e+00 2.000000e+00
    endloop
  endfacet
  facet normal 0.000000e+00 0.000000e+00 1.000000e+00
    outer loop
      vertex   8.415722e+00 3.804239e+00 2.000000e+00
      vertex   8.892135e+00 2.495305e+00 2.000000e+00
      vertex   9.052454e+00 2.634377e+00 2.000000e+00
    endloop
  endfacet
  facet normal 0.000000e+00 0.000000e+00 1.000000e+00
    outer loop
      vertex   8.415722e+00 3.804239e+00 2.000000e+00
      vertex   9.052454e+00 2.634377e+00 2.000000e+00
      vertex   8.627927e+00 3.800756e+00 2.000000e+00
    endloop
  endfacet
  facet normal 0.000000e+00 0.000000e+00 1.000000e+00
    outer loop
      vertex   8.627927e+00 3.800756e+00 2.000000e+00
      vertex   9.052454e+00 2.634377e+00 2.000000e+00
      vertex   9.207861e+00 2.783871e+00 2.000000e+00
    endloop
  endfacet
  facet normal 0.000000e+00 0.000000e+00 1.000000e+00
    outer loop
      vertex   8.627927e+00 3.800756e+00 2.000000e+00
      vertex   9.207861e+00 2.783871e+00 2.000000e+00
      vertex   8.843069e+00 3.786130e+00 2.000000e+00
    endloop
  endfacet
  facet normal 0.000000e+00 0.000000e+00 1.000000e+00
    outer loop
      vertex   8.843069e+00 3.786130e+00 2.000000e+00
      vertex   9.207861e+00 2.783871e+00 2.000000e+00
      vertex   9.358306e+00 2.943018e+00 2.000000e+00
    endloop
  endfacet
  facet normal 0.000000e+00 0.000000e+00 1.000000e+00
    outer loop
      vertex   8.843069e+00 3.786130e+00 2.000000e+00
      vertex   9.358306e+00 2.943018e+00 2.000000e+00
      vertex   9.433641e+00 3.317592e+00 2.000000e+00
    endloop
  endfacet
  facet normal 0.000000e+00 0.000000e+00 1.000000e+00
    outer loop
      vertex   9.433641e+00 3.317592e+00 2.000000e+00
      vertex   9.358306e+00 2.943018e+00 2.000000e+00
      vertex   9.503706e+00 3.111202e+00 2.000000e+00
    endloop
  endfacet
  facet normal 0.000000e+00 0.000000e+00 1.000000e+00
    outer loop
      vertex   9.433641e+00 3.317592e+00 2.000000e+00
      vertex   9.359095e+00 3.522405e+00 2.000000e+00
      vertex   8.843069e+00 3.786130e+00 2.000000e+00
    endloop
  endfacet
  facet normal 0.000000e+00 0.000000e+00 1.000000e+00
    outer loop
      vertex   8.843069e+00 3.786130e+00 2.000000e+00
      vertex   9.359095e+00 3.522405e+00 2.000000e+00
      vertex   9.060614e+00 3.760921e+00 2.000000e+00
    endloop
  endfacet
  facet normal 0.000000e+00 0.000000e+00 1.000000e+00
    outer loop
      vertex   9.060614e+00 3.760921e+00 2.000000e+00
      vertex   9.359095e+00 3.522405e+00 2.000000e+00
      vertex   9.280103e+00 3.725545e+00 2.000000e+00
    endloop
  endfacet
  facet normal 0.000000e+00 0.000000e+00 1.000000e+00
    outer loop
      vertex   6.796322e+00 3.752965e+00 2.000000e+00
      vertex   6.722283e+00 3.854999e+00 2.000000e+00
      vertex   3.175426e+00 -8.880277e-15 2.000000e+00
    endloop
  endfacet
  facet normal 0.000000e+00 0.000000e+00 1.000000e+00
    outer loop
      vertex   6.707232e+00 3.881126e+00 2.000000e+00
      vertex   6.699668e+00 3.894168e+00 2.000000e+00
      vertex   1.587713e+00 2.750000e+00 2.000000e+00
    endloop
  endfacet
  facet normal 0.000000e+00 0.000000e+00 1.000000e+00
    outer loop
      vertex   1.587713e+00 2.750000e+00 2.000000e+00
      vertex   6.699668e+00 3.894168e+00 2.000000e+00
      vertex   6.648324e+00 4.009305e+00 2.000000e+00
    endloop
  endfacet
  facet normal 0.000000e+00 0.000000e+00 1.000000e+00
    outer loop
      vertex   1.587713e+00 2.750000e+00 2.000000e+00
      vertex   6.648324e+00 4.009305e+00 2.000000e+00
      vertex   5.102864e+00 5.851112e+00 2.000000e+00
    endloop
  endfacet
  facet normal 0.000000e+00 0.000000e+00 1.000000e+00
    outer loop
      vertex   5.102864e+00 5.851112e+00 2.000000e+00
      vertex   6.648324e+00 4.009305e+00 2.000000e+00
      vertex   6.622612e+00 4.132722e+00 2.000000e+00
    endloop
  endfacet
  facet normal 0.000000e+00 0.000000e+00 1.000000e+00
    outer loop
      vertex   5.102864e+00 5.851112e+00 2.000000e+00
      vertex   6.622612e+00 4.132722e+00 2.000000e+00
      vertex   5.219941e+00 5.804360e+00 2.000000e+00
    endloop
  endfacet
  facet normal 0.000000e+00 0.000000e+00 1.000000e+00
    outer loop
      vertex   5.219941e+00 5.804360e+00 2.000000e+00
      vertex   6.622612e+00 4.132722e+00 2.000000e+00
      vertex   6.623707e+00 4.258784e+00 2.000000e+00
    endloop
  endfacet
  facet normal 0.000000e+00 0.000000e+00 1.000000e+00
    outer loop
      vertex   5.219941e+00 5.804360e+00 2.000000e+00
      vertex   6.623707e+00 4.258784e+00 2.000000e+00
      vertex   5.344278e+00 5.783548e+00 2.000000e+00
    endloop
  endfacet
  facet normal 0.000000e+00 0.000000e+00 1.000000e+00
    outer loop
      vertex   5.344278e+00 5.783548e+00 2.000000e+00
      vertex   6.623707e+00 4.258784e+00 2.000000e+00
      vertex   6.651559e+00 4.381736e+00 2.000000e+00
    endloop
  endfacet
  facet normal -0.000000e+00 0.000000e+00 1.000000e+00
    outer loop
      vertex   5.344278e+00 5.783548e+00 2.000000e+00
      vertex   6.651559e+00 4.381736e+00 2.000000e+00
      vertex   5.470199e+00 5.789626e+00 2.000000e+00
    endloop
  endfacet
  facet normal 0.000000e+00 0.000000e+00 1.000000e+00
    outer loop
      vertex   5.470199e+00 5.789626e+00 2.000000e+00
      vertex   6.651559e+00 4.381736e+00 2.000000e+00
      vertex   6.704896e+00 4.495964e+00 2.000000e+00
    endloop
  endfacet
  facet normal -0.000000e+00 0.000000e+00 1.000000e+00
    outer loop
      vertex   5.470199e+00 5.789626e+00 2.000000e+00
      vertex   6.704896e+00 4.495964e+00 2.000000e+00
      vertex   5.591953e+00 5.822318e+00 2.000000e+00
    endloop
  endfacet
  facet normal 0.000000e+00 0.000000e+00 1.000000e+00
    outer loop
      vertex   5.591953e+00 5.822318e+00 2.000000e+00
      vertex   6.704896e+00 4.495964e+00 2.000000e+00
      vertex   6.781283e+00 4.596253e+00 2.000000e+00
    endloop
  endfacet
  facet normal -0.000000e+00 0.000000e+00 1.000000e+00
    outer loop
      vertex   5.591953e+00 5.822318e+00 2.000000e+00
      vertex   6.781283e+00 4.596253e+00 2.000000e+00
      vertex   5.703983e+00 5.880129e+00 2.000000e+00
    endloop
  endfacet
  facet normal 0.000000e+00 0.000000e+00 1.000000e+00
    outer loop
      vertex   5.703983e+00 5.880129e+00 2.000000e+00
      vertex   6.781283e+00 4.596253e+00 2.000000e+00
      vertex   6.877233e+00 4.678024e+00 2.000000e+00
    endloop
  endfacet
  facet normal -0.000000e+00 0.000000e+00 1.000000e+00
    outer loop
      vertex   5.703983e+00 5.880129e+00 2.000000e+00
      vertex   6.877233e+00 4.678024e+00 2.000000e+00
      vertex   5.801173e+00 5.960422e+00 2.000000e+00
    endloop
  endfacet
  facet normal 0.000000e+00 0.000000e+00 1.000000e+00
    outer loop
      vertex   5.801173e+00 5.960422e+00 2.000000e+00
      vertex   6.877233e+00 4.678024e+00 2.000000e+00
      vertex   6.992687e+00 4.756798e+00 2.000000e+00
    endloop
  endfacet
  facet normal -0.000000e+00 0.000000e+00 1.000000e+00
    outer loop
      vertex   5.801173e+00 5.960422e+00 2.000000e+00
      vertex   6.992687e+00 4.756798e+00 2.000000e+00
      vertex   5.898799e+00 6.060443e+00 2.000000e+00
    endloop
  endfacet
  facet normal 0.000000e+00 0.000000e+00 1.000000e+00
    outer loop
      vertex   5.898799e+00 6.060443e+00 2.000000e+00
      vertex   6.992687e+00 4.756798e+00 2.000000e+00
      vertex   7.068278e+00 4.820127e+00 2.000000e+00
    endloop
  endfacet
  facet normal -0.000000e+00 0.000000e+00 1.000000e+00
    outer loop
      vertex   5.898799e+00 6.060443e+00 2.000000e+00
      vertex   7.068278e+00 4.820127e+00 2.000000e+00
      vertex   5.974292e+00 6.123889e+00 2.000000e+00
    endloop
  endfacet
  facet normal 0.000000e+00 0.000000e+00 1.000000e+00
    outer loop
      vertex   5.974292e+00 6.123889e+00 2.000000e+00
      vertex   7.068278e+00 4.820127e+00 2.000000e+00
      vertex   7.138561e+00 4.890678e+00 2.000000e+00
    endloop
  endfacet
  facet normal -0.000000e+00 0.000000e+00 1.000000e+00
    outer loop
      vertex   5.974292e+00 6.123889e+00 2.000000e+00
      vertex   7.138561e+00 4.890678e+00 2.000000e+00
      vertex   6.055976e+00 6.180853e+00 2.000000e+00
    endloop
  endfacet
  facet normal 0.000000e+00 0.000000e+00 1.000000e+00
    outer loop
      vertex   6.055976e+00 6.180853e+00 2.000000e+00
      vertex   7.138561e+00 4.890678e+00 2.000000e+00
      vertex   7.269938e+00 5.043746e+00 2.000000e+00
    endloop
  endfacet
  facet normal -0.000000e+00 0.000000e+00 1.000000e+00
    outer loop
      vertex   6.055976e+00 6.180853e+00 2.000000e+00
      vertex   7.269938e+00 5.043746e+00 2.000000e+00
      vertex   6.229532e+00 6.283654e+00 2.000000e+00
    endloop
  endfacet
  facet normal 0.000000e+00 0.000000e+00 1.000000e+00
    outer loop
      vertex   6.229532e+00 6.283654e+00 2.000000e+00
      vertex   7.269938e+00 5.043746e+00 2.000000e+00
      vertex   7.390790e+00 5.209680e+00 2.000000e+00
    endloop
  endfacet
  facet normal -0.000000e+00 0.000000e+00 1.000000e+00
    outer loop
      vertex   6.229532e+00 6.283654e+00 2.000000e+00
      vertex   7.390790e+00 5.209680e+00 2.000000e+00
      vertex   6.413931e+00 6.373856e+00 2.000000e+00
    endloop
  endfacet
  facet normal 0.000000e+00 0.000000e+00 1.000000e+00
    outer loop
      vertex   6.413931e+00 6.373856e+00 2.000000e+00
      vertex   7.390790e+00 5.209680e+00 2.000000e+00
      vertex   7.502429e+00 5.386109e+00 2.000000e+00
    endloop
  endfacet
  facet normal -0.000000e+00 0.000000e+00 1.000000e+00
    outer loop
      vertex   6.413931e+00 6.373856e+00 2.000000e+00
      vertex   7.502429e+00 5.386109e+00 2.000000e+00
      vertex   6.607065e+00 6.453162e+00 2.000000e+00
    endloop
  endfacet
  facet normal 0.000000e+00 0.000000e+00 1.000000e+00
    outer loop
      vertex   6.607065e+00 6.453162e+00 2.000000e+00
      vertex   7.502429e+00 5.386109e+00 2.000000e+00
      vertex   7.605515e+00 5.571626e+00 2.000000e+00
    endloop
  endfacet
  facet normal -0.000000e+00 0.000000e+00 1.000000e+00
    outer loop
      vertex   6.607065e+00 6.453162e+00 2.000000e+00
      vertex   7.605515e+00 5.571626e+00 2.000000e+00
      vertex   6.807664e+00 6.522467e+00 2.000000e+00
    endloop
  endfacet
  facet normal 0.000000e+00 0.000000e+00 1.000000e+00
    outer loop
      vertex   6.807664e+00 6.522467e+00 2.000000e+00
      vertex   7.605515e+00 5.571626e+00 2.000000e+00
      vertex   7.700419e+00 5.765257e+00 2.000000e+00
    endloop
  endfacet
  facet normal -0.000000e+00 0.000000e+00 1.000000e+00
    outer loop
      vertex   6.807664e+00 6.522467e+00 2.000000e+00
      vertex   7.700419e+00 5.765257e+00 2.000000e+00
      vertex   7.014834e+00 6.582306e+00 2.000000e+00
    endloop
  endfacet
  facet normal 0.000000e+00 0.000000e+00 1.000000e+00
    outer loop
      vertex   7.014834e+00 6.582306e+00 2.000000e+00
      vertex   7.700419e+00 5.765257e+00 2.000000e+00
      vertex   7.787360e+00 5.966261e+00 2.000000e+00
    endloop
  endfacet
  facet normal 0.000000e+00 0.000000e+00 1.000000e+00
    outer loop
      vertex   7.014834e+00 6.582306e+00 2.000000e+00
      vertex   7.787360e+00 5.966261e+00 2.000000e+00
      vertex   7.730040e+00 6.344012e+00 2.000000e+00
    endloop
  endfacet
  facet normal 0.000000e+00 0.000000e+00 1.000000e+00
    outer loop
      vertex   7.730040e+00 6.344012e+00 2.000000e+00
      vertex   7.787360e+00 5.966261e+00 2.000000e+00
      vertex   7.866468e+00 6.174033e+00 2.000000e+00
    endloop
  endfacet
  facet normal 0.000000e+00 0.000000e+00 1.000000e+00
    outer loop
      vertex   7.730040e+00 6.344012e+00 2.000000e+00
      vertex   7.589939e+00 6.510977e+00 2.000000e+00
      vertex   7.014834e+00 6.582306e+00 2.000000e+00
    endloop
  endfacet
  facet normal -0.000000e+00 0.000000e+00 1.000000e+00
    outer loop
      vertex   7.014834e+00 6.582306e+00 2.000000e+00
      vertex   7.589939e+00 6.510977e+00 2.000000e+00
      vertex   7.227881e+00 6.633022e+00 2.000000e+00
    endloop
  endfacet
  facet normal -0.000000e+00 0.000000e+00 1.000000e+00
    outer loop
      vertex   7.227881e+00 6.633022e+00 2.000000e+00
      vertex   7.589939e+00 6.510977e+00 2.000000e+00
      vertex   7.446233e+00 6.674849e+00 2.000000e+00
    endloop
  endfacet
  facet normal 0.000000e+00 0.000000e+00 1.000000e+00
    outer loop
      vertex   5.102864e+00 5.851112e+00 2.000000e+00
      vertex   4.998392e+00 5.921670e+00 2.000000e+00
      vertex   1.587713e+00 2.750000e+00 2.000000e+00
    endloop
  endfacet
  facet normal 0.000000e+00 0.000000e+00 1.000000e+00
    outer loop
      vertex   1.587713e+00 2.750000e+00 2.000000e+00
      vertex   4.998392e+00 5.921670e+00 2.000000e+00
      vertex   4.986862e+00 5.931383e+00 2.000000e+00
    endloop
  endfacet
  facet normal 0.000000e+00 0.000000e+00 1.000000e+00
    outer loop
      vertex   1.587713e+00 2.750000e+00 2.000000e+00
      vertex   4.986862e+00 5.931383e+00 2.000000e+00
      vertex   4.975313e+00 5.941074e+00 2.000000e+00
    endloop
  endfacet
  facet normal 0.000000e+00 0.000000e+00 1.000000e+00
    outer loop
      vertex   4.975313e+00 5.941074e+00 2.000000e+00
      vertex   4.963745e+00 5.950742e+00 2.000000e+00
      vertex   1.587713e+00 2.750000e+00 2.000000e+00
    endloop
  endfacet
  facet normal 0.000000e+00 0.000000e+00 1.000000e+00
    outer loop
      vertex   1.587713e+00 2.750000e+00 2.000000e+00
      vertex   4.963745e+00 5.950742e+00 2.000000e+00
      vertex   4.876117e+00 6.041375e+00 2.000000e+00
    endloop
  endfacet
  facet normal 0.000000e+00 0.000000e+00 1.000000e+00
    outer loop
      vertex   1.587713e+00 2.750000e+00 2.000000e+00
      vertex   4.876117e+00 6.041375e+00 2.000000e+00
      vertex   4.809745e+00 6.148555e+00 2.000000e+00
    endloop
  endfacet
  facet normal 0.000000e+00 0.000000e+00 1.000000e+00
    outer loop
      vertex   4.767658e+00 6.267389e+00 2.000000e+00
      vertex   2.919932e+00 7.239639e+00 2.000000e+00
      vertex   4.809745e+00 6.148555e+00 2.000000e+00
    endloop
  endfacet
  facet normal 0.000000e+00 0.000000e+00 1.000000e+00
    outer loop
      vertex   4.809745e+00 6.148555e+00 2.000000e+00
      vertex   2.919932e+00 7.239639e+00 2.000000e+00
      vertex   2.793926e+00 7.243529e+00 2.000000e+00
    endloop
  endfacet
  facet normal 0.000000e+00 0.000000e+00 1.000000e+00
    outer loop
      vertex   4.809745e+00 6.148555e+00 2.000000e+00
      vertex   2.793926e+00 7.243529e+00 2.000000e+00
      vertex   1.587713e+00 2.750000e+00 2.000000e+00
    endloop
  endfacet
  facet normal 0.000000e+00 0.000000e+00 1.000000e+00
    outer loop
      vertex   1.587713e+00 2.750000e+00 2.000000e+00
      vertex   2.793926e+00 7.243529e+00 2.000000e+00
      vertex   2.671622e+00 7.274101e+00 2.000000e+00
    endloop
  endfacet
  facet normal 0.000000e+00 0.000000e+00 1.000000e+00
    outer loop
      vertex   1.587713e+00 2.750000e+00 2.000000e+00
      vertex   2.671622e+00 7.274101e+00 2.000000e+00
      vertex   2.657465e+00 7.279284e+00 2.000000e+00
    endloop
  endfacet
  facet normal -0.000000e+00 0.000000e+00 1.000000e+00
    outer loop
      vertex   2.919932e+00 7.239639e+00 2.000000e+00
      vertex   4.767658e+00 6.267389e+00 2.000000e+00
      vertex   3.043889e+00 7.262608e+00 2.000000e+00
    endloop
  endfacet
  facet normal 0.000000e+00 0.000000e+00 1.000000e+00
    outer loop
      vertex   3.043889e+00 7.262608e+00 2.000000e+00
      vertex   4.767658e+00 6.267389e+00 2.000000e+00
      vertex   4.751779e+00 6.392452e+00 2.000000e+00
    endloop
  endfacet
  facet normal -0.000000e+00 0.000000e+00 1.000000e+00
    outer loop
      vertex   3.043889e+00 7.262608e+00 2.000000e+00
      vertex   4.751779e+00 6.392452e+00 2.000000e+00
      vertex   3.160137e+00 7.311387e+00 2.000000e+00
    endloop
  endfacet
  facet normal 0.000000e+00 0.000000e+00 1.000000e+00
    outer loop
      vertex   3.160137e+00 7.311387e+00 2.000000e+00
      vertex   4.751779e+00 6.392452e+00 2.000000e+00
      vertex   4.762831e+00 6.518034e+00 2.000000e+00
    endloop
  endfacet
  facet normal -0.000000e+00 0.000000e+00 1.000000e+00
    outer loop
      vertex   3.160137e+00 7.311387e+00 2.000000e+00
      vertex   4.762831e+00 6.518034e+00 2.000000e+00
      vertex   3.263367e+00 7.383749e+00 2.000000e+00
    endloop
  endfacet
  facet normal 0.000000e+00 0.000000e+00 1.000000e+00
    outer loop
      vertex   3.263367e+00 7.383749e+00 2.000000e+00
      vertex   4.762831e+00 6.518034e+00 2.000000e+00
      vertex   4.800311e+00 6.638400e+00 2.000000e+00
    endloop
  endfacet
  facet normal -0.000000e+00 0.000000e+00 1.000000e+00
    outer loop
      vertex   3.263367e+00 7.383749e+00 2.000000e+00
      vertex   4.800311e+00 6.638400e+00 2.000000e+00
      vertex   3.348868e+00 7.476391e+00 2.000000e+00
    endloop
  endfacet
  facet normal 0.000000e+00 0.000000e+00 1.000000e+00
    outer loop
      vertex   3.348868e+00 7.476391e+00 2.000000e+00
      vertex   4.800311e+00 6.638400e+00 2.000000e+00
      vertex   4.862507e+00 6.748057e+00 2.000000e+00
    endloop
  endfacet
  facet normal -0.000000e+00 0.000000e+00 1.000000e+00
    outer loop
      vertex   3.348868e+00 7.476391e+00 2.000000e+00
      vertex   4.862507e+00 6.748057e+00 2.000000e+00
      vertex   3.412735e+00 7.585083e+00 2.000000e+00
    endloop
  endfacet
  facet normal 0.000000e+00 0.000000e+00 1.000000e+00
    outer loop
      vertex   3.412735e+00 7.585083e+00 2.000000e+00
      vertex   4.862507e+00 6.748057e+00 2.000000e+00
      vertex   4.944056e+00 6.861568e+00 2.000000e+00
    endloop
  endfacet
  facet normal -0.000000e+00 0.000000e+00 1.000000e+00
    outer loop
      vertex   3.412735e+00 7.585083e+00 2.000000e+00
      vertex   4.944056e+00 6.861568e+00 2.000000e+00
      vertex   3.470264e+00 7.712462e+00 2.000000e+00
    endloop
  endfacet
  facet normal 0.000000e+00 0.000000e+00 1.000000e+00
    outer loop
      vertex   3.470264e+00 7.712462e+00 2.000000e+00
      vertex   4.944056e+00 6.861568e+00 2.000000e+00
      vertex   4.993428e+00 6.946931e+00 2.000000e+00
    endloop
  endfacet
  facet normal -0.000000e+00 0.000000e+00 1.000000e+00
    outer loop
      vertex   3.470264e+00 7.712462e+00 2.000000e+00
      vertex   4.993428e+00 6.946931e+00 2.000000e+00
      vertex   3.519505e+00 7.797901e+00 2.000000e+00
    endloop
  endfacet
  facet normal 0.000000e+00 0.000000e+00 1.000000e+00
    outer loop
      vertex   3.519505e+00 7.797901e+00 2.000000e+00
      vertex   4.993428e+00 6.946931e+00 2.000000e+00
      vertex   5.035343e+00 7.037266e+00 2.000000e+00
    endloop
  endfacet
  facet normal -0.000000e+00 0.000000e+00 1.000000e+00
    outer loop
      vertex   3.519505e+00 7.797901e+00 2.000000e+00
      vertex   5.035343e+00 7.037266e+00 2.000000e+00
      vertex   3.576779e+00 7.879368e+00 2.000000e+00
    endloop
  endfacet
  facet normal 0.000000e+00 0.000000e+00 1.000000e+00
    outer loop
      vertex   3.576779e+00 7.879368e+00 2.000000e+00
      vertex   5.035343e+00 7.037266e+00 2.000000e+00
      vertex   5.106445e+00 7.226036e+00 2.000000e+00
    endloop
  endfacet
  facet normal -0.000000e+00 0.000000e+00 1.000000e+00
    outer loop
      vertex   3.576779e+00 7.879368e+00 2.000000e+00
      vertex   5.106445e+00 7.226036e+00 2.000000e+00
      vertex   3.704709e+00 8.035329e+00 2.000000e+00
    endloop
  endfacet
  facet normal 0.000000e+00 0.000000e+00 1.000000e+00
    outer loop
      vertex   3.704709e+00 8.035329e+00 2.000000e+00
      vertex   5.106445e+00 7.226036e+00 2.000000e+00
      vertex   5.163255e+00 7.423297e+00 2.000000e+00
    endloop
  endfacet
  facet normal -0.000000e+00 0.000000e+00 1.000000e+00
    outer loop
      vertex   3.704709e+00 8.035329e+00 2.000000e+00
      vertex   5.163255e+00 7.423297e+00 2.000000e+00
      vertex   3.847136e+00 8.183159e+00 2.000000e+00
    endloop
  endfacet
  facet normal 0.000000e+00 0.000000e+00 1.000000e+00
    outer loop
      vertex   3.847136e+00 8.183159e+00 2.000000e+00
      vertex   5.163255e+00 7.423297e+00 2.000000e+00
      vertex   5.207819e+00 7.627269e+00 2.000000e+00
    endloop
  endfacet
  facet normal -0.000000e+00 0.000000e+00 1.000000e+00
    outer loop
      vertex   3.847136e+00 8.183159e+00 2.000000e+00
      vertex   5.207819e+00 7.627269e+00 2.000000e+00
      vertex   4.001499e+00 8.323738e+00 2.000000e+00
    endloop
  endfacet
  facet normal 0.000000e+00 0.000000e+00 1.000000e+00
    outer loop
      vertex   4.001499e+00 8.323738e+00 2.000000e+00
      vertex   5.207819e+00 7.627269e+00 2.000000e+00
      vertex   5.241238e+00 7.836855e+00 2.000000e+00
    endloop
  endfacet
  facet normal -0.000000e+00 0.000000e+00 1.000000e+00
    outer loop
      vertex   4.001499e+00 8.323738e+00 2.000000e+00
      vertex   5.241238e+00 7.836855e+00 2.000000e+00
      vertex   4.166297e+00 8.457473e+00 2.000000e+00
    endloop
  endfacet
  facet normal 0.000000e+00 0.000000e+00 1.000000e+00
    outer loop
      vertex   4.166297e+00 8.457473e+00 2.000000e+00
      vertex   5.241238e+00 7.836855e+00 2.000000e+00
      vertex   5.264193e+00 8.051268e+00 2.000000e+00
    endloop
  endfacet
  facet normal -0.000000e+00 0.000000e+00 1.000000e+00
    outer loop
      vertex   4.166297e+00 8.457473e+00 2.000000e+00
      vertex   5.264193e+00 8.051268e+00 2.000000e+00
      vertex   4.340506e+00 8.584559e+00 2.000000e+00
    endloop
  endfacet
  facet normal 0.000000e+00 0.000000e+00 1.000000e+00
    outer loop
      vertex   4.340506e+00 8.584559e+00 2.000000e+00
      vertex   5.264193e+00 8.051268e+00 2.000000e+00
      vertex   5.277143e+00 8.269886e+00 2.000000e+00
    endloop
  endfacet
  facet normal -0.000000e+00 0.000000e+00 1.000000e+00
    outer loop
      vertex   4.340506e+00 8.584559e+00 2.000000e+00
      vertex   5.277143e+00 8.269886e+00 2.000000e+00
      vertex   5.094082e+00 8.605250e+00 2.000000e+00
    endloop
  endfacet
  facet normal 0.000000e+00 0.000000e+00 1.000000e+00
    outer loop
      vertex   5.094082e+00 8.605250e+00 2.000000e+00
      vertex   5.277143e+00 8.269886e+00 2.000000e+00
      vertex   5.280418e+00 8.492184e+00 2.000000e+00
    endloop
  endfacet
  facet normal 0.000000e+00 0.000000e+00 1.000000e+00
    outer loop
      vertex   5.094082e+00 8.605250e+00 2.000000e+00
      vertex   4.905325e+00 8.714229e+00 2.000000e+00
      vertex   4.340506e+00 8.584559e+00 2.000000e+00
    endloop
  endfacet
  facet normal 0.000000e+00 0.000000e+00 1.000000e+00
    outer loop
      vertex   4.340506e+00 8.584559e+00 2.000000e+00
      vertex   4.905325e+00 8.714229e+00 2.000000e+00
      vertex   4.523360e+00 8.705083e+00 2.000000e+00
    endloop
  endfacet
  facet normal 0.000000e+00 0.000000e+00 1.000000e+00
    outer loop
      vertex   4.523360e+00 8.705083e+00 2.000000e+00
      vertex   4.905325e+00 8.714229e+00 2.000000e+00
      vertex   4.714237e+00 8.819068e+00 2.000000e+00
    endloop
  endfacet
  facet normal 0.000000e+00 0.000000e+00 1.000000e+00
    outer loop
      vertex   2.657465e+00 7.279284e+00 2.000000e+00
      vertex   2.643298e+00 7.284441e+00 2.000000e+00
      vertex   1.587713e+00 2.750000e+00 2.000000e+00
    endloop
  endfacet
  facet normal 0.000000e+00 0.000000e+00 1.000000e+00
    outer loop
      vertex   1.587713e+00 2.750000e+00 2.000000e+00
      vertex   2.643298e+00 7.284441e+00 2.000000e+00
      vertex   2.629121e+00 7.289570e+00 2.000000e+00
    endloop
  endfacet
  facet normal 0.000000e+00 0.000000e+00 1.000000e+00
    outer loop
      vertex   1.587713e+00 2.750000e+00 2.000000e+00
      vertex   2.629121e+00 7.289570e+00 2.000000e+00
      vertex   2.515780e+00 7.344766e+00 2.000000e+00
    endloop
  endfacet
  facet normal 0.000000e+00 -0.000000e+00 1.000000e+00
    outer loop
      vertex   1.587713e+00 2.750000e+00 2.000000e+00
      vertex   2.515780e+00 7.344766e+00 2.000000e+00
      vertex   1.479983e-01 7.762270e+00 2.000000e+00
    endloop
  endfacet
  facet normal 0.000000e+00 0.000000e+00 1.000000e+00
    outer loop
      vertex   1.479983e-01 7.762270e+00 2.000000e+00
      vertex   2.515780e+00 7.344766e+00 2.000000e+00
      vertex   2.416752e+00 7.422782e+00 2.000000e+00
    endloop
  endfacet
  facet normal -0.000000e+00 0.000000e+00 1.000000e+00
    outer loop
      vertex   1.479983e-01 7.762270e+00 2.000000e+00
      vertex   2.416752e+00 7.422782e+00 2.000000e+00
      vertex   2.677365e-01 7.801711e+00 2.000000e+00
    endloop
  endfacet
  facet normal 0.000000e+00 0.000000e+00 1.000000e+00
    outer loop
      vertex   2.677365e-01 7.801711e+00 2.000000e+00
      vertex   2.416752e+00 7.422782e+00 2.000000e+00
      vertex   2.336560e+00 7.520055e+00 2.000000e+00
    endloop
  endfacet
  facet normal -0.000000e+00 0.000000e+00 1.000000e+00
    outer loop
      vertex   2.677365e-01 7.801711e+00 2.000000e+00
      vertex   2.336560e+00 7.520055e+00 2.000000e+00
      vertex   3.763621e-01 7.865691e+00 2.000000e+00
    endloop
  endfacet
  facet normal 0.000000e+00 0.000000e+00 1.000000e+00
    outer loop
      vertex   3.763621e-01 7.865691e+00 2.000000e+00
      vertex   2.336560e+00 7.520055e+00 2.000000e+00
      vertex   2.278864e+00 7.632144e+00 2.000000e+00
    endloop
  endfacet
  facet normal -0.000000e+00 0.000000e+00 1.000000e+00
    outer loop
      vertex   3.763621e-01 7.865691e+00 2.000000e+00
      vertex   2.278864e+00 7.632144e+00 2.000000e+00
      vertex   4.689155e-01 7.951287e+00 2.000000e+00
    endloop
  endfacet
  facet normal 0.000000e+00 0.000000e+00 1.000000e+00
    outer loop
      vertex   4.689155e-01 7.951287e+00 2.000000e+00
      vertex   2.278864e+00 7.632144e+00 2.000000e+00
      vertex   2.246298e+00 7.753932e+00 2.000000e+00
    endloop
  endfacet
  facet normal -0.000000e+00 0.000000e+00 1.000000e+00
    outer loop
      vertex   4.689155e-01 7.951287e+00 2.000000e+00
      vertex   2.246298e+00 7.753932e+00 2.000000e+00
      vertex   5.411711e-01 8.054592e+00 2.000000e+00
    endloop
  endfacet
  facet normal 0.000000e+00 0.000000e+00 1.000000e+00
    outer loop
      vertex   5.411711e-01 8.054592e+00 2.000000e+00
      vertex   2.246298e+00 7.753932e+00 2.000000e+00
      vertex   2.240350e+00 7.879859e+00 2.000000e+00
    endloop
  endfacet
  facet normal -0.000000e+00 0.000000e+00 1.000000e+00
    outer loop
      vertex   5.411711e-01 8.054592e+00 2.000000e+00
      vertex   2.240350e+00 7.879859e+00 2.000000e+00
      vertex   5.898301e-01 8.170890e+00 2.000000e+00
    endloop
  endfacet
  facet normal 0.000000e+00 0.000000e+00 1.000000e+00
    outer loop
      vertex   5.898301e-01 8.170890e+00 2.000000e+00
      vertex   2.240350e+00 7.879859e+00 2.000000e+00
      vertex   2.261290e+00 8.004174e+00 2.000000e+00
    endloop
  endfacet
  facet normal -0.000000e+00 0.000000e+00 1.000000e+00
    outer loop
      vertex   5.898301e-01 8.170890e+00 2.000000e+00
      vertex   2.261290e+00 8.004174e+00 2.000000e+00
      vertex   6.126709e-01 8.294871e+00 2.000000e+00
    endloop
  endfacet
  facet normal 0.000000e+00 0.000000e+00 1.000000e+00
    outer loop
      vertex   6.126709e-01 8.294871e+00 2.000000e+00
      vertex   2.261290e+00 8.004174e+00 2.000000e+00
      vertex   2.299099e+00 8.138731e+00 2.000000e+00
    endloop
  endfacet
  facet normal -0.000000e+00 0.000000e+00 1.000000e+00
    outer loop
      vertex   6.126709e-01 8.294871e+00 2.000000e+00
      vertex   2.299099e+00 8.138731e+00 2.000000e+00
      vertex   6.231639e-01 8.434244e+00 2.000000e+00
    endloop
  endfacet
  facet normal 0.000000e+00 0.000000e+00 1.000000e+00
    outer loop
      vertex   6.231639e-01 8.434244e+00 2.000000e+00
      vertex   2.299099e+00 8.138731e+00 2.000000e+00
      vertex   2.316297e+00 8.235833e+00 2.000000e+00
    endloop
  endfacet
  facet normal -0.000000e+00 0.000000e+00 1.000000e+00
    outer loop
      vertex   6.231639e-01 8.434244e+00 2.000000e+00
      vertex   2.316297e+00 8.235833e+00 2.000000e+00
      vertex   6.402133e-01 8.531372e+00 2.000000e+00
    endloop
  endfacet
  facet normal 0.000000e+00 0.000000e+00 1.000000e+00
    outer loop
      vertex   6.402133e-01 8.531372e+00 2.000000e+00
      vertex   2.316297e+00 8.235833e+00 2.000000e+00
      vertex   2.324788e+00 8.335055e+00 2.000000e+00
    endloop
  endfacet
  facet normal -0.000000e+00 0.000000e+00 1.000000e+00
    outer loop
      vertex   6.402133e-01 8.531372e+00 2.000000e+00
      vertex   2.324788e+00 8.335055e+00 2.000000e+00
      vertex   6.661705e-01 8.627514e+00 2.000000e+00
    endloop
  endfacet
  facet normal 0.000000e+00 0.000000e+00 1.000000e+00
    outer loop
      vertex   6.661705e-01 8.627514e+00 2.000000e+00
      vertex   2.324788e+00 8.335055e+00 2.000000e+00
      vertex   2.327038e+00 8.536760e+00 2.000000e+00
    endloop
  endfacet
  facet normal -0.000000e+00 0.000000e+00 1.000000e+00
    outer loop
      vertex   6.661705e-01 8.627514e+00 2.000000e+00
      vertex   2.327038e+00 8.536760e+00 2.000000e+00
      vertex   7.330432e-01 8.817824e+00 2.000000e+00
    endloop
  endfacet
  facet normal 0.000000e+00 0.000000e+00 1.000000e+00
    outer loop
      vertex   7.330432e-01 8.817824e+00 2.000000e+00
      vertex   2.327038e+00 8.536760e+00 2.000000e+00
      vertex   2.312956e+00 8.741555e+00 2.000000e+00
    endloop
  endfacet
  facet normal -0.000000e+00 0.000000e+00 1.000000e+00
    outer loop
      vertex   7.330432e-01 8.817824e+00 2.000000e+00
      vertex   2.312956e+00 8.741555e+00 2.000000e+00
      vertex   8.163203e-01 9.005452e+00 2.000000e+00
    endloop
  endfacet
  facet normal 0.000000e+00 0.000000e+00 1.000000e+00
    outer loop
      vertex   8.163203e-01 9.005452e+00 2.000000e+00
      vertex   2.312956e+00 8.741555e+00 2.000000e+00
      vertex   2.285069e+00 8.948467e+00 2.000000e+00
    endloop
  endfacet
  facet normal -0.000000e+00 0.000000e+00 1.000000e+00
    outer loop
      vertex   8.163203e-01 9.005452e+00 2.000000e+00
      vertex   2.285069e+00 8.948467e+00 2.000000e+00
      vertex   9.132932e-01 9.190348e+00 2.000000e+00
    endloop
  endfacet
  facet normal 0.000000e+00 0.000000e+00 1.000000e+00
    outer loop
      vertex   9.132932e-01 9.190348e+00 2.000000e+00
      vertex   2.285069e+00 8.948467e+00 2.000000e+00
      vertex   2.244790e+00 9.156844e+00 2.000000e+00
    endloop
  endfacet
  facet normal -0.000000e+00 0.000000e+00 1.000000e+00
    outer loop
      vertex   9.132932e-01 9.190348e+00 2.000000e+00
      vertex   2.244790e+00 9.156844e+00 2.000000e+00
      vertex   1.022412e+00 9.372382e+00 2.000000e+00
    endloop
  endfacet
  facet normal 0.000000e+00 0.000000e+00 1.000000e+00
    outer loop
      vertex   1.022412e+00 9.372382e+00 2.000000e+00
      vertex   2.244790e+00 9.156844e+00 2.000000e+00
      vertex   2.193027e+00 9.366177e+00 2.000000e+00
    endloop
  endfacet
  facet normal -0.000000e+00 0.000000e+00 1.000000e+00
    outer loop
      vertex   1.022412e+00 9.372382e+00 2.000000e+00
      vertex   2.193027e+00 9.366177e+00 2.000000e+00
      vertex   1.142650e+00 9.551387e+00 2.000000e+00
    endloop
  endfacet
  facet normal -0.000000e+00 0.000000e+00 1.000000e+00
    outer loop
      vertex   1.142650e+00 9.551387e+00 2.000000e+00
      vertex   2.193027e+00 9.366177e+00 2.000000e+00
      vertex   2.130425e+00 9.576040e+00 2.000000e+00
    endloop
  endfacet
  facet normal 0.000000e+00 0.000000e+00 1.000000e+00
    outer loop
      vertex   1.142650e+00 9.551387e+00 2.000000e+00
      vertex   2.130425e+00 9.576040e+00 2.000000e+00
      vertex   1.273254e+00 9.727182e+00 2.000000e+00
    endloop
  endfacet
  facet normal -0.000000e+00 0.000000e+00 1.000000e+00
    outer loop
      vertex   1.273254e+00 9.727182e+00 2.000000e+00
      vertex   2.130425e+00 9.576040e+00 2.000000e+00
      vertex   1.843702e+00 9.828569e+00 2.000000e+00
    endloop
  endfacet
  facet normal 0.000000e+00 0.000000e+00 1.000000e+00
    outer loop
      vertex   1.273254e+00 9.727182e+00 2.000000e+00
      vertex   1.843702e+00 9.828569e+00 2.000000e+00
      vertex   1.629055e+00 9.866417e+00 2.000000e+00
    endloop
  endfacet
  facet normal 0.000000e+00 0.000000e+00 1.000000e+00
    outer loop
      vertex   2.130425e+00 9.576040e+00 2.000000e+00
      vertex   2.057472e+00 9.786052e+00 2.000000e+00
      vertex   1.843702e+00 9.828569e+00 2.000000e+00
    endloop
  endfacet
  facet normal 0.000000e+00 0.000000e+00 1.000000e+00
    outer loop
      vertex   1.629055e+00 9.866417e+00 2.000000e+00
      vertex   1.413635e+00 9.899578e+00 2.000000e+00
      vertex   1.273254e+00 9.727182e+00 2.000000e+00
    endloop
  endfacet
  facet normal 0.000000e+00 0.000000e+00 1.000000e+00
    outer loop
      vertex   1.479983e-01 7.762270e+00 2.000000e+00
      vertex   2.261414e-02 7.749167e+00 2.000000e+00
      vertex   1.587713e+00 2.750000e+00 2.000000e+00
    endloop
  endfacet
  facet normal 0.000000e+00 0.000000e+00 1.000000e+00
    outer loop
      vertex   1.587713e+00 2.750000e+00 2.000000e+00
      vertex   2.261414e-02 7.749167e+00 2.000000e+00
      vertex   7.538057e-03 7.749196e+00 2.000000e+00
    endloop
  endfacet
  facet normal 0.000000e+00 0.000000e+00 1.000000e+00
    outer loop
      vertex   1.587713e+00 2.750000e+00 2.000000e+00
      vertex   7.538057e-03 7.749196e+00 2.000000e+00
      vertex   -7.538057e-03 7.749196e+00 2.000000e+00
    endloop
  endfacet
  facet normal 0.000000e+00 0.000000e+00 1.000000e+00
    outer loop
      vertex   -2.677365e-01 7.801711e+00 2.000000e+00
      vertex   -2.416752e+00 7.422782e+00 2.000000e+00
      vertex   -1.479983e-01 7.762270e+00 2.000000e+00
    endloop
  endfacet
  facet normal 0.000000e+00 0.000000e+00 1.000000e+00
    outer loop
      vertex   -1.479983e-01 7.762270e+00 2.000000e+00
      vertex   -2.416752e+00 7.422782e+00 2.000000e+00
      vertex   -2.515780e+00 7.344766e+00 2.000000e+00
    endloop
  endfacet
  facet normal 0.000000e+00 0.000000e+00 1.000000e+00
    outer loop
      vertex   -1.479983e-01 7.762270e+00 2.000000e+00
      vertex   -2.515780e+00 7.344766e+00 2.000000e+00
      vertex   -1.587713e+00 2.750000e+00 2.000000e+00
    endloop
  endfacet
  facet normal 0.000000e+00 0.000000e+00 1.000000e+00
    outer loop
      vertex   -1.587713e+00 2.750000e+00 2.000000e+00
      vertex   -2.515780e+00 7.344766e+00 2.000000e+00
      vertex   -2.629121e+00 7.289570e+00 2.000000e+00
    endloop
  endfacet
  facet normal 0.000000e+00 0.000000e+00 1.000000e+00
    outer loop
      vertex   -1.587713e+00 2.750000e+00 2.000000e+00
      vertex   -2.629121e+00 7.289570e+00 2.000000e+00
      vertex   -2.643298e+00 7.284441e+00 2.000000e+00
    endloop
  endfacet
  facet normal 0.000000e+00 0.000000e+00 1.000000e+00
    outer loop
      vertex   -2.416752e+00 7.422782e+00 2.000000e+00
      vertex   -2.677365e-01 7.801711e+00 2.000000e+00
      vertex   -2.336560e+00 7.520055e+00 2.000000e+00
    endloop
  endfacet
  facet normal 0.000000e+00 0.000000e+00 1.000000e+00
    outer loop
      vertex   -2.336560e+00 7.520055e+00 2.000000e+00
      vertex   -2.677365e-01 7.801711e+00 2.000000e+00
      vertex   -3.763621e-01 7.865691e+00 2.000000e+00
    endloop
  endfacet
  facet normal 0.000000e+00 0.000000e+00 1.000000e+00
    outer loop
      vertex   -2.336560e+00 7.520055e+00 2.000000e+00
      vertex   -3.763621e-01 7.865691e+00 2.000000e+00
      vertex   -2.278864e+00 7.632144e+00 2.000000e+00
    endloop
  endfacet
  facet normal 0.000000e+00 0.000000e+00 1.000000e+00
    outer loop
      vertex   -2.278864e+00 7.632144e+00 2.000000e+00
      vertex   -3.763621e-01 7.865691e+00 2.000000e+00
      vertex   -4.689155e-01 7.951287e+00 2.000000e+00
    endloop
  endfacet
  facet normal 0.000000e+00 0.000000e+00 1.000000e+00
    outer loop
      vertex   -2.278864e+00 7.632144e+00 2.000000e+00
      vertex   -4.689155e-01 7.951287e+00 2.000000e+00
      vertex   -2.246298e+00 7.753932e+00 2.000000e+00
    endloop
  endfacet
  facet normal 0.000000e+00 0.000000e+00 1.000000e+00
    outer loop
      vertex   -2.246298e+00 7.753932e+00 2.000000e+00
      vertex   -4.689155e-01 7.951287e+00 2.000000e+00
      vertex   -5.411711e-01 8.054592e+00 2.000000e+00
    endloop
  endfacet
  facet normal 0.000000e+00 0.000000e+00 1.000000e+00
    outer loop
      vertex   -2.246298e+00 7.753932e+00 2.000000e+00
      vertex   -5.411711e-01 8.054592e+00 2.000000e+00
      vertex   -2.240350e+00 7.879859e+00 2.000000e+00
    endloop
  endfacet
  facet normal 0.000000e+00 0.000000e+00 1.000000e+00
    outer loop
      vertex   -2.240350e+00 7.879859e+00 2.000000e+00
      vertex   -5.411711e-01 8.054592e+00 2.000000e+00
      vertex   -5.898301e-01 8.170890e+00 2.000000e+00
    endloop
  endfacet
  facet normal 0.000000e+00 -0.000000e+00 1.000000e+00
    outer loop
      vertex   -2.240350e+00 7.879859e+00 2.000000e+00
      vertex   -5.898301e-01 8.170890e+00 2.000000e+00
      vertex   -2.261290e+00 8.004174e+00 2.000000e+00
    endloop
  endfacet
  facet normal 0.000000e+00 0.000000e+00 1.000000e+00
    outer loop
      vertex   -2.261290e+00 8.004174e+00 2.000000e+00
      vertex   -5.898301e-01 8.170890e+00 2.000000e+00
      vertex   -6.126709e-01 8.294871e+00 2.000000e+00
    endloop
  endfacet
  facet normal 0.000000e+00 -0.000000e+00 1.000000e+00
    outer loop
      vertex   -2.261290e+00 8.004174e+00 2.000000e+00
      vertex   -6.126709e-01 8.294871e+00 2.000000e+00
      vertex   -2.299099e+00 8.138731e+00 2.000000e+00
    endloop
  endfacet
  facet normal 0.000000e+00 0.000000e+00 1.000000e+00
    outer loop
      vertex   -2.299099e+00 8.138731e+00 2.000000e+00
      vertex   -6.126709e-01 8.294871e+00 2.000000e+00
      vertex   -6.231639e-01 8.434244e+00 2.000000e+00
    endloop
  endfacet
  facet normal 0.000000e+00 -0.000000e+00 1.000000e+00
    outer loop
      vertex   -2.299099e+00 8.138731e+00 2.000000e+00
      vertex   -6.231639e-01 8.434244e+00 2.000000e+00
      vertex   -2.316297e+00 8.235833e+00 2.000000e+00
    endloop
  endfacet
  facet normal 0.000000e+00 0.000000e+00 1.000000e+00
    outer loop
      vertex   -2.316297e+00 8.235833e+00 2.000000e+00
      vertex   -6.231639e-01 8.434244e+00 2.000000e+00
      vertex   -6.402133e-01 8.531372e+00 2.000000e+00
    endloop
  endfacet
  facet normal 0.000000e+00 -0.000000e+00 1.000000e+00
    outer loop
      vertex   -2.316297e+00 8.235833e+00 2.000000e+00
      vertex   -6.402133e-01 8.531372e+00 2.000000e+00
      vertex   -2.324788e+00 8.335055e+00 2.000000e+00
    endloop
  endfacet
  facet normal 0.000000e+00 0.000000e+00 1.000000e+00
    outer loop
      vertex   -2.324788e+00 8.335055e+00 2.000000e+00
      vertex   -6.402133e-01 8.531372e+00 2.000000e+00
      vertex   -6.661705e-01 8.627514e+00 2.000000e+00
    endloop
  endfacet
  facet normal 0.000000e+00 -0.000000e+00 1.000000e+00
    outer loop
      vertex   -2.324788e+00 8.335055e+00 2.000000e+00
      vertex   -6.661705e-01 8.627514e+00 2.000000e+00
      vertex   -2.327038e+00 8.536760e+00 2.000000e+00
    endloop
  endfacet
  facet normal 0.000000e+00 0.000000e+00 1.000000e+00
    outer loop
      vertex   -2.327038e+00 8.536760e+00 2.000000e+00
      vertex   -6.661705e-01 8.627514e+00 2.000000e+00
      vertex   -7.330432e-01 8.817824e+00 2.000000e+00
    endloop
  endfacet
  facet normal 0.000000e+00 0.000000e+00 1.000000e+00
    outer loop
      vertex   -2.327038e+00 8.536760e+00 2.000000e+00
      vertex   -7.330432e-01 8.817824e+00 2.000000e+00
      vertex   -2.312956e+00 8.741555e+00 2.000000e+00
    endloop
  endfacet
  facet normal 0.000000e+00 0.000000e+00 1.000000e+00
    outer loop
      vertex   -2.312956e+00 8.741555e+00 2.000000e+00
      vertex   -7.330432e-01 8.817824e+00 2.000000e+00
      vertex   -8.163203e-01 9.005452e+00 2.000000e+00
    endloop
  endfacet
  facet normal 0.000000e+00 0.000000e+00 1.000000e+00
    outer loop
      vertex   -2.312956e+00 8.741555e+00 2.000000e+00
      vertex   -8.163203e-01 9.005452e+00 2.000000e+00
      vertex   -2.285069e+00 8.948467e+00 2.000000e+00
    endloop
  endfacet
  facet normal 0.000000e+00 0.000000e+00 1.000000e+00
    outer loop
      vertex   -2.285069e+00 8.948467e+00 2.000000e+00
      vertex   -8.163203e-01 9.005452e+00 2.000000e+00
      vertex   -9.132932e-01 9.190348e+00 2.000000e+00
    endloop
  endfacet
  facet normal 0.000000e+00 0.000000e+00 1.000000e+00
    outer loop
      vertex   -2.285069e+00 8.948467e+00 2.000000e+00
      vertex   -9.132932e-01 9.190348e+00 2.000000e+00
      vertex   -2.244790e+00 9.156844e+00 2.000000e+00
    endloop
  endfacet
  facet normal 0.000000e+00 0.000000e+00 1.000000e+00
    outer loop
      vertex   -2.244790e+00 9.156844e+00 2.000000e+00
      vertex   -9.132932e-01 9.190348e+00 2.000000e+00
      vertex   -1.022412e+00 9.372382e+00 2.000000e+00
    endloop
  endfacet
  facet normal 0.000000e+00 0.000000e+00 1.000000e+00
    outer loop
      vertex   -2.244790e+00 9.156844e+00 2.000000e+00
      vertex   -1.022412e+00 9.372382e+00 2.000000e+00
      vertex   -2.193027e+00 9.366177e+00 2.000000e+00
    endloop
  endfacet
  facet normal 0.000000e+00 0.000000e+00 1.000000e+00
    outer loop
      vertex   -2.193027e+00 9.366177e+00 2.000000e+00
      vertex   -1.022412e+00 9.372382e+00 2.000000e+00
      vertex   -1.142650e+00 9.551387e+00 2.000000e+00
    endloop
  endfacet
  facet normal 0.000000e+00 0.000000e+00 1.000000e+00
    outer loop
      vertex   -2.193027e+00 9.366177e+00 2.000000e+00
      vertex   -1.142650e+00 9.551387e+00 2.000000e+00
      vertex   -2.130425e+00 9.576040e+00 2.000000e+00
    endloop
  endfacet
  facet normal -0.000000e+00 0.000000e+00 1.000000e+00
    outer loop
      vertex   -2.130425e+00 9.576040e+00 2.000000e+00
      vertex   -1.142650e+00 9.551387e+00 2.000000e+00
      vertex   -1.273254e+00 9.727182e+00 2.000000e+00
    endloop
  endfacet
  facet normal 0.000000e+00 0.000000e+00 1.000000e+00
    outer loop
      vertex   -2.130425e+00 9.576040e+00 2.000000e+00
      vertex   -1.273254e+00 9.727182e+00 2.000000e+00
      vertex   -1.843702e+00 9.828569e+00 2.000000e+00
    endloop
  endfacet
  facet normal -0.000000e+00 0.000000e+00 1.000000e+00
    outer loop
      vertex   -1.843702e+00 9.828569e+00 2.000000e+00
      vertex   -1.273254e+00 9.727182e+00 2.000000e+00
      vertex   -1.629055e+00 9.866417e+00 2.000000e+00
    endloop
  endfacet
  facet normal -0.000000e+00 0.000000e+00 1.000000e+00
    outer loop
      vertex   -1.629055e+00 9.866417e+00 2.000000e+00
      vertex   -1.273254e+00 9.727182e+00 2.000000e+00
      vertex   -1.413635e+00 9.899578e+00 2.000000e+00
    endloop
  endfacet
  facet normal 0.000000e+00 0.000000e+00 1.000000e+00
    outer loop
      vertex   -1.843702e+00 9.828569e+00 2.000000e+00
      vertex   -2.057472e+00 9.786052e+00 2.000000e+00
      vertex   -2.130425e+00 9.576040e+00 2.000000e+00
    endloop
  endfacet
  facet normal 0.000000e+00 0.000000e+00 1.000000e+00
    outer loop
      vertex   -2.643298e+00 7.284441e+00 2.000000e+00
      vertex   -2.657465e+00 7.279284e+00 2.000000e+00
      vertex   -1.587713e+00 2.750000e+00 2.000000e+00
    endloop
  endfacet
  facet normal 0.000000e+00 0.000000e+00 1.000000e+00
    outer loop
      vertex   -1.587713e+00 2.750000e+00 2.000000e+00
      vertex   -2.657465e+00 7.279284e+00 2.000000e+00
      vertex   -2.671622e+00 7.274101e+00 2.000000e+00
    endloop
  endfacet
  facet normal 0.000000e+00 0.000000e+00 1.000000e+00
    outer loop
      vertex   -1.587713e+00 2.750000e+00 2.000000e+00
      vertex   -2.671622e+00 7.274101e+00 2.000000e+00
      vertex   -2.793926e+00 7.243529e+00 2.000000e+00
    endloop
  endfacet
  facet normal 0.000000e+00 0.000000e+00 1.000000e+00
    outer loop
      vertex   -1.587713e+00 2.750000e+00 2.000000e+00
      vertex   -2.793926e+00 7.243529e+00 2.000000e+00
      vertex   -4.809745e+00 6.148555e+00 2.000000e+00
    endloop
  endfacet
  facet normal 0.000000e+00 0.000000e+00 1.000000e+00
    outer loop
      vertex   -4.809745e+00 6.148555e+00 2.000000e+00
      vertex   -2.793926e+00 7.243529e+00 2.000000e+00
      vertex   -2.919932e+00 7.239639e+00 2.000000e+00
    endloop
  endfacet
  facet normal 0.000000e+00 0.000000e+00 1.000000e+00
    outer loop
      vertex   -4.809745e+00 6.148555e+00 2.000000e+00
      vertex   -2.919932e+00 7.239639e+00 2.000000e+00
      vertex   -4.767658e+00 6.267389e+00 2.000000e+00
    endloop
  endfacet
  facet normal 0.000000e+00 0.000000e+00 1.000000e+00
    outer loop
      vertex   -4.767658e+00 6.267389e+00 2.000000e+00
      vertex   -2.919932e+00 7.239639e+00 2.000000e+00
      vertex   -3.043889e+00 7.262608e+00 2.000000e+00
    endloop
  endfacet
  facet normal 0.000000e+00 0.000000e+00 1.000000e+00
    outer loop
      vertex   -4.767658e+00 6.267389e+00 2.000000e+00
      vertex   -3.043889e+00 7.262608e+00 2.000000e+00
      vertex   -4.751779e+00 6.392452e+00 2.000000e+00
    endloop
  endfacet
  facet normal 0.000000e+00 0.000000e+00 1.000000e+00
    outer loop
      vertex   -4.751779e+00 6.392452e+00 2.000000e+00
      vertex   -3.043889e+00 7.262608e+00 2.000000e+00
      vertex   -3.160137e+00 7.311387e+00 2.000000e+00
    endloop
  endfacet
  facet normal 0.000000e+00 -0.000000e+00 1.000000e+00
    outer loop
      vertex   -4.751779e+00 6.392452e+00 2.000000e+00
      vertex   -3.160137e+00 7.311387e+00 2.000000e+00
      vertex   -4.762831e+00 6.518034e+00 2.000000e+00
    endloop
  endfacet
  facet normal 0.000000e+00 0.000000e+00 1.000000e+00
    outer loop
      vertex   -4.762831e+00 6.518034e+00 2.000000e+00
      vertex   -3.160137e+00 7.311387e+00 2.000000e+00
      vertex   -3.263367e+00 7.383749e+00 2.000000e+00
    endloop
  endfacet
  facet normal 0.000000e+00 -0.000000e+00 1.000000e+00
    outer loop
      vertex   -4.762831e+00 6.518034e+00 2.000000e+00
      vertex   -3.263367e+00 7.383749e+00 2.000000e+00
      vertex   -4.800311e+00 6.638400e+00 2.000000e+00
    endloop
  endfacet
  facet normal 0.000000e+00 0.000000e+00 1.000000e+00
    outer loop
      vertex   -4.800311e+00 6.638400e+00 2.000000e+00
      vertex   -3.263367e+00 7.383749e+00 2.000000e+00
      vertex   -3.348868e+00 7.476391e+00 2.000000e+00
    endloop
  endfacet
  facet normal 0.000000e+00 -0.000000e+00 1.000000e+00
    outer loop
      vertex   -4.800311e+00 6.638400e+00 2.000000e+00
      vertex   -3.348868e+00 7.476391e+00 2.000000e+00
      vertex   -4.862507e+00 6.748057e+00 2.000000e+00
    endloop
  endfacet
  facet normal 0.000000e+00 0.000000e+00 1.000000e+00
    outer loop
      vertex   -4.862507e+00 6.748057e+00 2.000000e+00
      vertex   -3.348868e+00 7.476391e+00 2.000000e+00
      vertex   -3.412735e+00 7.585083e+00 2.000000e+00
    endloop
  endfacet
  facet normal 0.000000e+00 -0.000000e+00 1.000000e+00
    outer loop
      vertex   -4.862507e+00 6.748057e+00 2.000000e+00
      vertex   -3.412735e+00 7.585083e+00 2.000000e+00
      vertex   -4.944056e+00 6.861568e+00 2.000000e+00
    endloop
  endfacet
  facet normal 0.000000e+00 0.000000e+00 1.000000e+00
    outer loop
      vertex   -4.944056e+00 6.861568e+00 2.000000e+00
      vertex   -3.412735e+00 7.585083e+00 2.000000e+00
      vertex   -3.470264e+00 7.712462e+00 2.000000e+00
    endloop
  endfacet
  facet normal 0.000000e+00 -0.000000e+00 1.000000e+00
    outer loop
      vertex   -4.944056e+00 6.861568e+00 2.000000e+00
      vertex   -3.470264e+00 7.712462e+00 2.000000e+00
      vertex   -4.993428e+00 6.946931e+00 2.000000e+00
    endloop
  endfacet
  facet normal 0.000000e+00 0.000000e+00 1.000000e+00
    outer loop
      vertex   -4.993428e+00 6.946931e+00 2.000000e+00
      vertex   -3.470264e+00 7.712462e+00 2.000000e+00
      vertex   -3.519505e+00 7.797901e+00 2.000000e+00
    endloop
  endfacet
  facet normal 0.000000e+00 -0.000000e+00 1.000000e+00
    outer loop
      vertex   -4.993428e+00 6.946931e+00 2.000000e+00
      vertex   -3.519505e+00 7.797901e+00 2.000000e+00
      vertex   -5.035343e+00 7.037266e+00 2.000000e+00
    endloop
  endfacet
  facet normal 0.000000e+00 0.000000e+00 1.000000e+00
    outer loop
      vertex   -5.035343e+00 7.037266e+00 2.000000e+00
      vertex   -3.519505e+00 7.797901e+00 2.000000e+00
      vertex   -3.576779e+00 7.879368e+00 2.000000e+00
    endloop
  endfacet
  facet normal 0.000000e+00 -0.000000e+00 1.000000e+00
    outer loop
      vertex   -5.035343e+00 7.037266e+00 2.000000e+00
      vertex   -3.576779e+00 7.879368e+00 2.000000e+00
      vertex   -5.106445e+00 7.226036e+00 2.000000e+00
    endloop
  endfacet
  facet normal 0.000000e+00 0.000000e+00 1.000000e+00
    outer loop
      vertex   -5.106445e+00 7.226036e+00 2.000000e+00
      vertex   -3.576779e+00 7.879368e+00 2.000000e+00
      vertex   -3.704709e+00 8.035329e+00 2.000000e+00
    endloop
  endfacet
  facet normal 0.000000e+00 -0.000000e+00 1.000000e+00
    outer loop
      vertex   -5.106445e+00 7.226036e+00 2.000000e+00
      vertex   -3.704709e+00 8.035329e+00 2.000000e+00
      vertex   -5.163255e+00 7.423297e+00 2.000000e+00
    endloop
  endfacet
  facet normal 0.000000e+00 0.000000e+00 1.000000e+00
    outer loop
      vertex   -5.163255e+00 7.423297e+00 2.000000e+00
      vertex   -3.704709e+00 8.035329e+00 2.000000e+00
      vertex   -3.847136e+00 8.183159e+00 2.000000e+00
    endloop
  endfacet
  facet normal 0.000000e+00 -0.000000e+00 1.000000e+00
    outer loop
      vertex   -5.163255e+00 7.423297e+00 2.000000e+00
      vertex   -3.847136e+00 8.183159e+00 2.000000e+00
      vertex   -5.207819e+00 7.627269e+00 2.000000e+00
    endloop
  endfacet
  facet normal 0.000000e+00 0.000000e+00 1.000000e+00
    outer loop
      vertex   -5.207819e+00 7.627269e+00 2.000000e+00
      vertex   -3.847136e+00 8.183159e+00 2.000000e+00
      vertex   -4.001499e+00 8.323738e+00 2.000000e+00
    endloop
  endfacet
  facet normal 0.000000e+00 -0.000000e+00 1.000000e+00
    outer loop
      vertex   -5.207819e+00 7.627269e+00 2.000000e+00
      vertex   -4.001499e+00 8.323738e+00 2.000000e+00
      vertex   -5.241238e+00 7.836855e+00 2.000000e+00
    endloop
  endfacet
  facet normal 0.000000e+00 0.000000e+00 1.000000e+00
    outer loop
      vertex   -5.241238e+00 7.836855e+00 2.000000e+00
      vertex   -4.001499e+00 8.323738e+00 2.000000e+00
      vertex   -4.166297e+00 8.457473e+00 2.000000e+00
    endloop
  endfacet
  facet normal 0.000000e+00 -0.000000e+00 1.000000e+00
    outer loop
      vertex   -5.241238e+00 7.836855e+00 2.000000e+00
      vertex   -4.166297e+00 8.457473e+00 2.000000e+00
      vertex   -5.264193e+00 8.051268e+00 2.000000e+00
    endloop
  endfacet
  facet normal 0.000000e+00 0.000000e+00 1.000000e+00
    outer loop
      vertex   -5.264193e+00 8.051268e+00 2.000000e+00
      vertex   -4.166297e+00 8.457473e+00 2.000000e+00
      vertex   -4.340506e+00 8.584559e+00 2.000000e+00
    endloop
  endfacet
  facet normal 0.000000e+00 -0.000000e+00 1.000000e+00
    outer loop
      vertex   -5.264193e+00 8.051268e+00 2.000000e+00
      vertex   -4.340506e+00 8.584559e+00 2.000000e+00
      vertex   -5.277143e+00 8.269886e+00 2.000000e+00
    endloop
  endfacet
  facet normal 0.000000e+00 0.000000e+00 1.000000e+00
    outer loop
      vertex   -5.277143e+00 8.269886e+00 2.000000e+00
      vertex   -4.340506e+00 8.584559e+00 2.000000e+00
      vertex   -5.094082e+00 8.605250e+00 2.000000e+00
    endloop
  endfacet
  facet normal 0.000000e+00 -0.000000e+00 1.000000e+00
    outer loop
      vertex   -5.277143e+00 8.269886e+00 2.000000e+00
      vertex   -5.094082e+00 8.605250e+00 2.000000e+00
      vertex   -5.280418e+00 8.492184e+00 2.000000e+00
    endloop
  endfacet
  facet normal -0.000000e+00 0.000000e+00 1.000000e+00
    outer loop
      vertex   -5.094082e+00 8.605250e+00 2.000000e+00
      vertex   -4.340506e+00 8.584559e+00 2.000000e+00
      vertex   -4.905325e+00 8.714229e+00 2.000000e+00
    endloop
  endfacet
  facet normal 0.000000e+00 0.000000e+00 1.000000e+00
    outer loop
      vertex   -4.905325e+00 8.714229e+00 2.000000e+00
      vertex   -4.340506e+00 8.584559e+00 2.000000e+00
      vertex   -4.523360e+00 8.705083e+00 2.000000e+00
    endloop
  endfacet
  facet normal -0.000000e+00 0.000000e+00 1.000000e+00
    outer loop
      vertex   -4.905325e+00 8.714229e+00 2.000000e+00
      vertex   -4.523360e+00 8.705083e+00 2.000000e+00
      vertex   -4.714237e+00 8.819068e+00 2.000000e+00
    endloop
  endfacet
  facet normal 0.000000e+00 0.000000e+00 1.000000e+00
    outer loop
      vertex   -4.809745e+00 6.148555e+00 2.000000e+00
      vertex   -4.876117e+00 6.041375e+00 2.000000e+00
      vertex   -1.587713e+00 2.750000e+00 2.000000e+00
    endloop
  endfacet
  facet normal 0.000000e+00 0.000000e+00 1.000000e+00
    outer loop
      vertex   -1.587713e+00 2.750000e+00 2.000000e+00
      vertex   -4.876117e+00 6.041375e+00 2.000000e+00
      vertex   -4.963745e+00 5.950742e+00 2.000000e+00
    endloop
  endfacet
  facet normal 0.000000e+00 0.000000e+00 1.000000e+00
    outer loop
      vertex   -1.587713e+00 2.750000e+00 2.000000e+00
      vertex   -4.963745e+00 5.950742e+00 2.000000e+00
      vertex   -4.975313e+00 5.941074e+00 2.000000e+00
    endloop
  endfacet
  facet normal 0.000000e+00 0.000000e+00 1.000000e+00
    outer loop
      vertex   -4.975313e+00 5.941074e+00 2.000000e+00
      vertex   -4.986862e+00 5.931383e+00 2.000000e+00
      vertex   -1.587713e+00 2.750000e+00 2.000000e+00
    endloop
  endfacet
  facet normal 0.000000e+00 0.000000e+00 1.000000e+00
    outer loop
      vertex   -1.587713e+00 2.750000e+00 2.000000e+00
      vertex   -4.986862e+00 5.931383e+00 2.000000e+00
      vertex   -4.998392e+00 5.921670e+00 2.000000e+00
    endloop
  endfacet
  facet normal 0.000000e+00 0.000000e+00 1.000000e+00
    outer loop
      vertex   -1.587713e+00 2.750000e+00 2.000000e+00
      vertex   -4.998392e+00 5.921670e+00 2.000000e+00
      vertex   -5.102864e+00 5.851112e+00 2.000000e+00
    endloop
  endfacet
  facet normal -0.000000e+00 0.000000e+00 1.000000e+00
    outer loop
      vertex   -5.219941e+00 5.804360e+00 2.000000e+00
      vertex   -6.622612e+00 4.132722e+00 2.000000e+00
      vertex   -5.102864e+00 5.851112e+00 2.000000e+00
    endloop
  endfacet
  facet normal 0.000000e+00 0.000000e+00 1.000000e+00
    outer loop
      vertex   -5.102864e+00 5.851112e+00 2.000000e+00
      vertex   -6.622612e+00 4.132722e+00 2.000000e+00
      vertex   -6.648324e+00 4.009305e+00 2.000000e+00
    endloop
  endfacet
  facet normal 0.000000e+00 0.000000e+00 1.000000e+00
    outer loop
      vertex   -5.102864e+00 5.851112e+00 2.000000e+00
      vertex   -6.648324e+00 4.009305e+00 2.000000e+00
      vertex   -1.587713e+00 2.750000e+00 2.000000e+00
    endloop
  endfacet
  facet normal 0.000000e+00 0.000000e+00 1.000000e+00
    outer loop
      vertex   -1.587713e+00 2.750000e+00 2.000000e+00
      vertex   -6.648324e+00 4.009305e+00 2.000000e+00
      vertex   -6.699668e+00 3.894168e+00 2.000000e+00
    endloop
  endfacet
  facet normal 0.000000e+00 0.000000e+00 1.000000e+00
    outer loop
      vertex   -1.587713e+00 2.750000e+00 2.000000e+00
      vertex   -6.699668e+00 3.894168e+00 2.000000e+00
      vertex   -6.707232e+00 3.881126e+00 2.000000e+00
    endloop
  endfacet
  facet normal 0.000000e+00 -0.000000e+00 1.000000e+00
    outer loop
      vertex   -6.622612e+00 4.132722e+00 2.000000e+00
      vertex   -5.219941e+00 5.804360e+00 2.000000e+00
      vertex   -6.623707e+00 4.258784e+00 2.000000e+00
    endloop
  endfacet
  facet normal 0.000000e+00 0.000000e+00 1.000000e+00
    outer loop
      vertex   -6.623707e+00 4.258784e+00 2.000000e+00
      vertex   -5.219941e+00 5.804360e+00 2.000000e+00
      vertex   -5.344278e+00 5.783548e+00 2.000000e+00
    endloop
  endfacet
  facet normal 0.000000e+00 -0.000000e+00 1.000000e+00
    outer loop
      vertex   -6.623707e+00 4.258784e+00 2.000000e+00
      vertex   -5.344278e+00 5.783548e+00 2.000000e+00
      vertex   -6.651559e+00 4.381736e+00 2.000000e+00
    endloop
  endfacet
  facet normal 0.000000e+00 0.000000e+00 1.000000e+00
    outer loop
      vertex   -6.651559e+00 4.381736e+00 2.000000e+00
      vertex   -5.344278e+00 5.783548e+00 2.000000e+00
      vertex   -5.470199e+00 5.789626e+00 2.000000e+00
    endloop
  endfacet
  facet normal 0.000000e+00 -0.000000e+00 1.000000e+00
    outer loop
      vertex   -6.651559e+00 4.381736e+00 2.000000e+00
      vertex   -5.470199e+00 5.789626e+00 2.000000e+00
      vertex   -6.704896e+00 4.495964e+00 2.000000e+00
    endloop
  endfacet
  facet normal 0.000000e+00 0.000000e+00 1.000000e+00
    outer loop
      vertex   -6.704896e+00 4.495964e+00 2.000000e+00
      vertex   -5.470199e+00 5.789626e+00 2.000000e+00
      vertex   -5.591953e+00 5.822318e+00 2.000000e+00
    endloop
  endfacet
  facet normal 0.000000e+00 -0.000000e+00 1.000000e+00
    outer loop
      vertex   -6.704896e+00 4.495964e+00 2.000000e+00
      vertex   -5.591953e+00 5.822318e+00 2.000000e+00
      vertex   -6.781283e+00 4.596253e+00 2.000000e+00
    endloop
  endfacet
  facet normal 0.000000e+00 0.000000e+00 1.000000e+00
    outer loop
      vertex   -6.781283e+00 4.596253e+00 2.000000e+00
      vertex   -5.591953e+00 5.822318e+00 2.000000e+00
      vertex   -5.703983e+00 5.880129e+00 2.000000e+00
    endloop
  endfacet
  facet normal 0.000000e+00 -0.000000e+00 1.000000e+00
    outer loop
      vertex   -6.781283e+00 4.596253e+00 2.000000e+00
      vertex   -5.703983e+00 5.880129e+00 2.000000e+00
      vertex   -6.877233e+00 4.678024e+00 2.000000e+00
    endloop
  endfacet
  facet normal 0.000000e+00 0.000000e+00 1.000000e+00
    outer loop
      vertex   -6.877233e+00 4.678024e+00 2.000000e+00
      vertex   -5.703983e+00 5.880129e+00 2.000000e+00
      vertex   -5.801173e+00 5.960422e+00 2.000000e+00
    endloop
  endfacet
  facet normal 0.000000e+00 -0.000000e+00 1.000000e+00
    outer loop
      vertex   -6.877233e+00 4.678024e+00 2.000000e+00
      vertex   -5.801173e+00 5.960422e+00 2.000000e+00
      vertex   -6.992687e+00 4.756798e+00 2.000000e+00
    endloop
  endfacet
  facet normal 0.000000e+00 0.000000e+00 1.000000e+00
    outer loop
      vertex   -6.992687e+00 4.756798e+00 2.000000e+00
      vertex   -5.801173e+00 5.960422e+00 2.000000e+00
      vertex   -5.898799e+00 6.060443e+00 2.000000e+00
    endloop
  endfacet
  facet normal 0.000000e+00 -0.000000e+00 1.000000e+00
    outer loop
      vertex   -6.992687e+00 4.756798e+00 2.000000e+00
      vertex   -5.898799e+00 6.060443e+00 2.000000e+00
      vertex   -7.068278e+00 4.820127e+00 2.000000e+00
    endloop
  endfacet
  facet normal 0.000000e+00 0.000000e+00 1.000000e+00
    outer loop
      vertex   -7.068278e+00 4.820127e+00 2.000000e+00
      vertex   -5.898799e+00 6.060443e+00 2.000000e+00
      vertex   -5.974292e+00 6.123889e+00 2.000000e+00
    endloop
  endfacet
  facet normal 0.000000e+00 -0.000000e+00 1.000000e+00
    outer loop
      vertex   -7.068278e+00 4.820127e+00 2.000000e+00
      vertex   -5.974292e+00 6.123889e+00 2.000000e+00
      vertex   -7.138561e+00 4.890678e+00 2.000000e+00
    endloop
  endfacet
  facet normal 0.000000e+00 0.000000e+00 1.000000e+00
    outer loop
      vertex   -7.138561e+00 4.890678e+00 2.000000e+00
      vertex   -5.974292e+00 6.123889e+00 2.000000e+00
      vertex   -6.055976e+00 6.180853e+00 2.000000e+00
    endloop
  endfacet
  facet normal 0.000000e+00 -0.000000e+00 1.000000e+00
    outer loop
      vertex   -7.138561e+00 4.890678e+00 2.000000e+00
      vertex   -6.055976e+00 6.180853e+00 2.000000e+00
      vertex   -7.269938e+00 5.043746e+00 2.000000e+00
    endloop
  endfacet
  facet normal 0.000000e+00 0.000000e+00 1.000000e+00
    outer loop
      vertex   -7.269938e+00 5.043746e+00 2.000000e+00
      vertex   -6.055976e+00 6.180853e+00 2.000000e+00
      vertex   -6.229532e+00 6.283654e+00 2.000000e+00
    endloop
  endfacet
  facet normal 0.000000e+00 -0.000000e+00 1.000000e+00
    outer loop
      vertex   -7.269938e+00 5.043746e+00 2.000000e+00
      vertex   -6.229532e+00 6.283654e+00 2.000000e+00
      vertex   -7.390790e+00 5.209680e+00 2.000000e+00
    endloop
  endfacet
  facet normal 0.000000e+00 0.000000e+00 1.000000e+00
    outer loop
      vertex   -7.390790e+00 5.209680e+00 2.000000e+00
      vertex   -6.229532e+00 6.283654e+00 2.000000e+00
      vertex   -6.413931e+00 6.373856e+00 2.000000e+00
    endloop
  endfacet
  facet normal 0.000000e+00 -0.000000e+00 1.000000e+00
    outer loop
      vertex   -7.390790e+00 5.209680e+00 2.000000e+00
      vertex   -6.413931e+00 6.373856e+00 2.000000e+00
      vertex   -7.502429e+00 5.386109e+00 2.000000e+00
    endloop
  endfacet
  facet normal 0.000000e+00 0.000000e+00 1.000000e+00
    outer loop
      vertex   -7.502429e+00 5.386109e+00 2.000000e+00
      vertex   -6.413931e+00 6.373856e+00 2.000000e+00
      vertex   -6.607065e+00 6.453162e+00 2.000000e+00
    endloop
  endfacet
  facet normal 0.000000e+00 -0.000000e+00 1.000000e+00
    outer loop
      vertex   -7.502429e+00 5.386109e+00 2.000000e+00
      vertex   -6.607065e+00 6.453162e+00 2.000000e+00
      vertex   -7.605515e+00 5.571626e+00 2.000000e+00
    endloop
  endfacet
  facet normal 0.000000e+00 0.000000e+00 1.000000e+00
    outer loop
      vertex   -7.605515e+00 5.571626e+00 2.000000e+00
      vertex   -6.607065e+00 6.453162e+00 2.000000e+00
      vertex   -6.807664e+00 6.522467e+00 2.000000e+00
    endloop
  endfacet
  facet normal 0.000000e+00 -0.000000e+00 1.000000e+00
    outer loop
      vertex   -7.605515e+00 5.571626e+00 2.000000e+00
      vertex   -6.807664e+00 6.522467e+00 2.000000e+00
      vertex   -7.700419e+00 5.765257e+00 2.000000e+00
    endloop
  endfacet
  facet normal 0.000000e+00 0.000000e+00 1.000000e+00
    outer loop
      vertex   -7.700419e+00 5.765257e+00 2.000000e+00
      vertex   -6.807664e+00 6.522467e+00 2.000000e+00
      vertex   -7.014834e+00 6.582306e+00 2.000000e+00
    endloop
  endfacet
  facet normal 0.000000e+00 -0.000000e+00 1.000000e+00
    outer loop
      vertex   -7.700419e+00 5.765257e+00 2.000000e+00
      vertex   -7.014834e+00 6.582306e+00 2.000000e+00
      vertex   -7.787360e+00 5.966261e+00 2.000000e+00
    endloop
  endfacet
  facet normal 0.000000e+00 0.000000e+00 1.000000e+00
    outer loop
      vertex   -7.787360e+00 5.966261e+00 2.000000e+00
      vertex   -7.014834e+00 6.582306e+00 2.000000e+00
      vertex   -7.730040e+00 6.344012e+00 2.000000e+00
    endloop
  endfacet
  facet normal 0.000000e+00 -0.000000e+00 1.000000e+00
    outer loop
      vertex   -7.787360e+00 5.966261e+00 2.000000e+00
      vertex   -7.730040e+00 6.344012e+00 2.000000e+00
      vertex   -7.866468e+00 6.174033e+00 2.000000e+00
    endloop
  endfacet
  facet normal 0.000000e+00 0.000000e+00 1.000000e+00
    outer loop
      vertex   -7.730040e+00 6.344012e+00 2.000000e+00
      vertex   -7.014834e+00 6.582306e+00 2.000000e+00
      vertex   -7.589939e+00 6.510977e+00 2.000000e+00
    endloop
  endfacet
  facet normal 0.000000e+00 0.000000e+00 1.000000e+00
    outer loop
      vertex   -7.589939e+00 6.510977e+00 2.000000e+00
      vertex   -7.014834e+00 6.582306e+00 2.000000e+00
      vertex   -7.227881e+00 6.633022e+00 2.000000e+00
    endloop
  endfacet
  facet normal 0.000000e+00 0.000000e+00 1.000000e+00
    outer loop
      vertex   -7.589939e+00 6.510977e+00 2.000000e+00
      vertex   -7.227881e+00 6.633022e+00 2.000000e+00
      vertex   -7.446233e+00 6.674849e+00 2.000000e+00
    endloop
  endfacet
  facet normal 0.000000e+00 0.000000e+00 1.000000e+00
    outer loop
      vertex   -6.707232e+00 3.881126e+00 2.000000e+00
      vertex   -6.714770e+00 3.868070e+00 2.000000e+00
      vertex   -1.587713e+00 2.750000e+00 2.000000e+00
    endloop
  endfacet
  facet normal 0.000000e+00 0.000000e+00 1.000000e+00
    outer loop
      vertex   -1.587713e+00 2.750000e+00 2.000000e+00
      vertex   -6.714770e+00 3.868070e+00 2.000000e+00
      vertex   -6.722283e+00 3.854999e+00 2.000000e+00
    endloop
  endfacet
  facet normal -0.000000e+00 0.000000e+00 1.000000e+00
    outer loop
      vertex   -9.280103e+00 3.725545e+00 2.000000e+00
      vertex   -9.359095e+00 3.522405e+00 2.000000e+00
      vertex   -9.060614e+00 3.760921e+00 2.000000e+00
    endloop
  endfacet
  facet normal 0.000000e+00 0.000000e+00 1.000000e+00
    outer loop
      vertex   -9.060614e+00 3.760921e+00 2.000000e+00
      vertex   -9.359095e+00 3.522405e+00 2.000000e+00
      vertex   -9.207861e+00 2.783871e+00 2.000000e+00
    endloop
  endfacet
  facet normal 0.000000e+00 0.000000e+00 1.000000e+00
    outer loop
      vertex   -9.359095e+00 3.522405e+00 2.000000e+00
      vertex   -9.433641e+00 3.317592e+00 2.000000e+00
      vertex   -9.207861e+00 2.783871e+00 2.000000e+00
    endloop
  endfacet
  facet normal 0.000000e+00 0.000000e+00 1.000000e+00
    outer loop
      vertex   -9.207861e+00 2.783871e+00 2.000000e+00
      vertex   -9.433641e+00 3.317592e+00 2.000000e+00
      vertex   -9.358306e+00 2.943018e+00 2.000000e+00
    endloop
  endfacet
  facet normal 0.000000e+00 0.000000e+00 1.000000e+00
    outer loop
      vertex   -9.358306e+00 2.943018e+00 2.000000e+00
      vertex   -9.433641e+00 3.317592e+00 2.000000e+00
      vertex   -9.503706e+00 3.111202e+00 2.000000e+00
    endloop
  endfacet
  facet normal 0.000000e+00 0.000000e+00 1.000000e+00
    outer loop
      vertex   -7.618644e+00 1.493654e+00 2.000000e+00
      vertex   -7.627513e+00 1.367899e+00 2.000000e+00
      vertex   -3.175426e+00 -7.783170e-15 2.000000e+00
    endloop
  endfacet
  facet normal 0.000000e+00 0.000000e+00 1.000000e+00
    outer loop
      vertex   -3.175426e+00 -7.783170e-15 2.000000e+00
      vertex   -7.627513e+00 1.367899e+00 2.000000e+00
      vertex   -7.630160e+00 1.353057e+00 2.000000e+00
    endloop
  endfacet
  facet normal 0.000000e+00 0.000000e+00 1.000000e+00
    outer loop
      vertex   -3.175426e+00 -7.783170e-15 2.000000e+00
      vertex   -7.630160e+00 1.353057e+00 2.000000e+00
      vertex   -7.632778e+00 1.338210e+00 2.000000e+00
    endloop
  endfacet
  facet normal 0.000000e+00 0.000000e+00 1.000000e+00
    outer loop
      vertex   -7.632778e+00 1.338210e+00 2.000000e+00
      vertex   -7.635367e+00 1.323358e+00 2.000000e+00
      vertex   -3.175426e+00 -7.783170e-15 2.000000e+00
    endloop
  endfacet
  facet normal 0.000000e+00 0.000000e+00 1.000000e+00
    outer loop
      vertex   -3.175426e+00 -7.783170e-15 2.000000e+00
      vertex   -7.635367e+00 1.323358e+00 2.000000e+00
      vertex   -7.670043e+00 1.202154e+00 2.000000e+00
    endloop
  endfacet
  facet normal 0.000000e+00 0.000000e+00 1.000000e+00
    outer loop
      vertex   -3.175426e+00 -7.783170e-15 2.000000e+00
      vertex   -7.670043e+00 1.202154e+00 2.000000e+00
      vertex   -7.729678e+00 1.091084e+00 2.000000e+00
    endloop
  endfacet
  facet normal -0.000000e+00 0.000000e+00 1.000000e+00
    outer loop
      vertex   -7.811548e+00 9.952186e-01 2.000000e+00
      vertex   -7.811548e+00 -9.952186e-01 2.000000e+00
      vertex   -7.729678e+00 1.091084e+00 2.000000e+00
    endloop
  endfacet
  facet normal 0.000000e+00 0.000000e+00 1.000000e+00
    outer loop
      vertex   -7.729678e+00 1.091084e+00 2.000000e+00
      vertex   -7.811548e+00 -9.952186e-01 2.000000e+00
      vertex   -7.729678e+00 -1.091084e+00 2.000000e+00
    endloop
  endfacet
  facet normal 0.000000e+00 0.000000e+00 1.000000e+00
    outer loop
      vertex   -7.729678e+00 1.091084e+00 2.000000e+00
      vertex   -7.729678e+00 -1.091084e+00 2.000000e+00
      vertex   -3.175426e+00 -7.783170e-15 2.000000e+00
    endloop
  endfacet
  facet normal 0.000000e+00 0.000000e+00 1.000000e+00
    outer loop
      vertex   -3.175426e+00 -7.783170e-15 2.000000e+00
      vertex   -7.729678e+00 -1.091084e+00 2.000000e+00
      vertex   -7.670043e+00 -1.202154e+00 2.000000e+00
    endloop
  endfacet
  facet normal 0.000000e+00 0.000000e+00 1.000000e+00
    outer loop
      vertex   -3.175426e+00 -7.783170e-15 2.000000e+00
      vertex   -7.670043e+00 -1.202154e+00 2.000000e+00
      vertex   -7.635367e+00 -1.323358e+00 2.000000e+00
    endloop
  endfacet
  facet normal 0.000000e+00 -0.000000e+00 1.000000e+00
    outer loop
      vertex   -7.811548e+00 -9.952186e-01 2.000000e+00
      vertex   -7.811548e+00 9.952186e-01 2.000000e+00
      vertex   -7.911915e+00 -9.189349e-01 2.000000e+00
    endloop
  endfacet
  facet normal 0.000000e+00 0.000000e+00 1.000000e+00
    outer loop
      vertex   -7.911915e+00 -9.189349e-01 2.000000e+00
      vertex   -7.811548e+00 9.952186e-01 2.000000e+00
      vertex   -7.911915e+00 9.189349e-01 2.000000e+00
    endloop
  endfacet
  facet normal 0.000000e+00 -0.000000e+00 1.000000e+00
    outer loop
      vertex   -7.911915e+00 -9.189349e-01 2.000000e+00
      vertex   -7.911915e+00 9.189349e-01 2.000000e+00
      vertex   -8.026198e+00 -8.657158e-01 2.000000e+00
    endloop
  endfacet
  facet normal 0.000000e+00 0.000000e+00 1.000000e+00
    outer loop
      vertex   -8.026198e+00 -8.657158e-01 2.000000e+00
      vertex   -7.911915e+00 9.189349e-01 2.000000e+00
      vertex   -8.026198e+00 8.657158e-01 2.000000e+00
    endloop
  endfacet
  facet normal 0.000000e+00 -0.000000e+00 1.000000e+00
    outer loop
      vertex   -8.026198e+00 -8.657158e-01 2.000000e+00
      vertex   -8.026198e+00 8.657158e-01 2.000000e+00
      vertex   -8.149179e+00 8.379909e-01 2.000000e+00
    endloop
  endfacet
  facet normal 0.000000e+00 0.000000e+00 1.000000e+00
    outer loop
      vertex   -8.026198e+00 -8.657158e-01 2.000000e+00
      vertex   -8.149179e+00 8.379909e-01 2.000000e+00
      vertex   -8.149179e+00 -8.379909e-01 2.000000e+00
    endloop
  endfacet
  facet normal 0.000000e+00 -0.000000e+00 1.000000e+00
    outer loop
      vertex   -8.149179e+00 -8.379909e-01 2.000000e+00
      vertex   -8.149179e+00 8.379909e-01 2.000000e+00
      vertex   -8.275242e+00 8.370261e-01 2.000000e+00
    endloop
  endfacet
  facet normal 0.000000e+00 0.000000e+00 1.000000e+00
    outer loop
      vertex   -8.149179e+00 -8.379909e-01 2.000000e+00
      vertex   -8.275242e+00 8.370261e-01 2.000000e+00
      vertex   -8.275242e+00 -8.370261e-01 2.000000e+00
    endloop
  endfacet
  facet normal 0.000000e+00 -0.000000e+00 1.000000e+00
    outer loop
      vertex   -8.275242e+00 -8.370261e-01 2.000000e+00
      vertex   -8.275242e+00 8.370261e-01 2.000000e+00
      vertex   -8.414320e+00 -8.508944e-01 2.000000e+00
    endloop
  endfacet
  facet normal 0.000000e+00 0.000000e+00 1.000000e+00
    outer loop
      vertex   -8.414320e+00 -8.508944e-01 2.000000e+00
      vertex   -8.275242e+00 8.370261e-01 2.000000e+00
      vertex   -8.414320e+00 8.508944e-01 2.000000e+00
    endloop
  endfacet
  facet normal 0.000000e+00 -0.000000e+00 1.000000e+00
    outer loop
      vertex   -8.414320e+00 -8.508944e-01 2.000000e+00
      vertex   -8.414320e+00 8.508944e-01 2.000000e+00
      vertex   -8.512933e+00 8.509701e-01 2.000000e+00
    endloop
  endfacet
  facet normal 0.000000e+00 0.000000e+00 1.000000e+00
    outer loop
      vertex   -8.414320e+00 -8.508944e-01 2.000000e+00
      vertex   -8.512933e+00 8.509701e-01 2.000000e+00
      vertex   -8.512933e+00 -8.509701e-01 2.000000e+00
    endloop
  endfacet
  facet normal 0.000000e+00 -0.000000e+00 1.000000e+00
    outer loop
      vertex   -8.512933e+00 -8.509701e-01 2.000000e+00
      vertex   -8.512933e+00 8.509701e-01 2.000000e+00
      vertex   -8.612122e+00 8.421022e-01 2.000000e+00
    endloop
  endfacet
  facet normal 0.000000e+00 0.000000e+00 1.000000e+00
    outer loop
      vertex   -8.512933e+00 -8.509701e-01 2.000000e+00
      vertex   -8.612122e+00 8.421022e-01 2.000000e+00
      vertex   -8.612122e+00 -8.421022e-01 2.000000e+00
    endloop
  endfacet
  facet normal 0.000000e+00 0.000000e+00 1.000000e+00
    outer loop
      vertex   -8.612122e+00 -8.421022e-01 2.000000e+00
      vertex   -8.612122e+00 8.421022e-01 2.000000e+00
      vertex   -8.811153e+00 8.092925e-01 2.000000e+00
    endloop
  endfacet
  facet normal 0.000000e+00 0.000000e+00 1.000000e+00
    outer loop
      vertex   -8.612122e+00 -8.421022e-01 2.000000e+00
      vertex   -8.811153e+00 8.092925e-01 2.000000e+00
      vertex   -8.811153e+00 -8.092925e-01 2.000000e+00
    endloop
  endfacet
  facet normal 0.000000e+00 -0.000000e+00 1.000000e+00
    outer loop
      vertex   -8.811153e+00 -8.092925e-01 2.000000e+00
      vertex   -8.811153e+00 8.092925e-01 2.000000e+00
      vertex   -9.010392e+00 -7.598618e-01 2.000000e+00
    endloop
  endfacet
  facet normal 0.000000e+00 0.000000e+00 1.000000e+00
    outer loop
      vertex   -9.010392e+00 -7.598618e-01 2.000000e+00
      vertex   -8.811153e+00 8.092925e-01 2.000000e+00
      vertex   -9.010392e+00 7.598618e-01 2.000000e+00
    endloop
  endfacet
  facet normal 0.000000e+00 -0.000000e+00 1.000000e+00
    outer loop
      vertex   -9.010392e+00 -7.598618e-01 2.000000e+00
      vertex   -9.010392e+00 7.598618e-01 2.000000e+00
      vertex   -9.209318e+00 -6.964690e-01 2.000000e+00
    endloop
  endfacet
  facet normal 0.000000e+00 0.000000e+00 1.000000e+00
    outer loop
      vertex   -9.209318e+00 -6.964690e-01 2.000000e+00
      vertex   -9.010392e+00 7.598618e-01 2.000000e+00
      vertex   -9.209318e+00 6.964690e-01 2.000000e+00
    endloop
  endfacet
  facet normal 0.000000e+00 -0.000000e+00 1.000000e+00
    outer loop
      vertex   -9.209318e+00 -6.964690e-01 2.000000e+00
      vertex   -9.209318e+00 6.964690e-01 2.000000e+00
      vertex   -9.407535e+00 -6.206176e-01 2.000000e+00
    endloop
  endfacet
  facet normal 0.000000e+00 0.000000e+00 1.000000e+00
    outer loop
      vertex   -9.407535e+00 -6.206176e-01 2.000000e+00
      vertex   -9.209318e+00 6.964690e-01 2.000000e+00
      vertex   -9.407535e+00 6.206176e-01 2.000000e+00
    endloop
  endfacet
  facet normal 0.000000e+00 -0.000000e+00 1.000000e+00
    outer loop
      vertex   -9.407535e+00 -6.206176e-01 2.000000e+00
      vertex   -9.407535e+00 6.206176e-01 2.000000e+00
      vertex   -9.604699e+00 -5.332907e-01 2.000000e+00
    endloop
  endfacet
  facet normal 0.000000e+00 0.000000e+00 1.000000e+00
    outer loop
      vertex   -9.604699e+00 -5.332907e-01 2.000000e+00
      vertex   -9.407535e+00 6.206176e-01 2.000000e+00
      vertex   -9.604699e+00 5.332907e-01 2.000000e+00
    endloop
  endfacet
  facet normal 0.000000e+00 -0.000000e+00 1.000000e+00
    outer loop
      vertex   -9.604699e+00 -5.332907e-01 2.000000e+00
      vertex   -9.604699e+00 5.332907e-01 2.000000e+00
      vertex   -9.800503e+00 -4.351973e-01 2.000000e+00
    endloop
  endfacet
  facet normal 0.000000e+00 -0.000000e+00 1.000000e+00
    outer loop
      vertex   -9.800503e+00 -4.351973e-01 2.000000e+00
      vertex   -9.604699e+00 5.332907e-01 2.000000e+00
      vertex   -9.999406e+00 -1.089788e-01 2.000000e+00
    endloop
  endfacet
  facet normal 0.000000e+00 0.000000e+00 1.000000e+00
    outer loop
      vertex   -9.800503e+00 -4.351973e-01 2.000000e+00
      vertex   -9.999406e+00 -1.089788e-01 2.000000e+00
      vertex   -9.994656e+00 -3.268848e-01 2.000000e+00
    endloop
  endfacet
  facet normal 0.000000e+00 0.000000e+00 1.000000e+00
    outer loop
      vertex   -9.999406e+00 -1.089788e-01 2.000000e+00
      vertex   -9.604699e+00 5.332907e-01 2.000000e+00
      vertex   -9.999406e+00 1.089788e-01 2.000000e+00
    endloop
  endfacet
  facet normal 0.000000e+00 0.000000e+00 1.000000e+00
    outer loop
      vertex   -9.999406e+00 1.089788e-01 2.000000e+00
      vertex   -9.604699e+00 5.332907e-01 2.000000e+00
      vertex   -9.800503e+00 4.351973e-01 2.000000e+00
    endloop
  endfacet
  facet normal 0.000000e+00 0.000000e+00 1.000000e+00
    outer loop
      vertex   -9.999406e+00 1.089788e-01 2.000000e+00
      vertex   -9.800503e+00 4.351973e-01 2.000000e+00
      vertex   -9.994656e+00 3.268848e-01 2.000000e+00
    endloop
  endfacet
  facet normal -0.000000e+00 0.000000e+00 1.000000e+00
    outer loop
      vertex   -7.635367e+00 -1.323358e+00 2.000000e+00
      vertex   -7.632778e+00 -1.338210e+00 2.000000e+00
      vertex   -3.175426e+00 -7.783170e-15 2.000000e+00
    endloop
  endfacet
  facet normal 0.000000e+00 0.000000e+00 1.000000e+00
    outer loop
      vertex   -3.175426e+00 -7.783170e-15 2.000000e+00
      vertex   -7.632778e+00 -1.338210e+00 2.000000e+00
      vertex   -7.630160e+00 -1.353057e+00 2.000000e+00
    endloop
  endfacet
  facet normal 0.000000e+00 0.000000e+00 1.000000e+00
    outer loop
      vertex   -3.175426e+00 -7.783170e-15 2.000000e+00
      vertex   -7.630160e+00 -1.353057e+00 2.000000e+00
      vertex   -7.627513e+00 -1.367899e+00 2.000000e+00
    endloop
  endfacet
  facet normal -0.000000e+00 0.000000e+00 1.000000e+00
    outer loop
      vertex   -7.627513e+00 -1.367899e+00 2.000000e+00
      vertex   -7.618644e+00 -1.493654e+00 2.000000e+00
      vertex   -3.175426e+00 -7.783170e-15 2.000000e+00
    endloop
  endfacet
  facet normal 0.000000e+00 0.000000e+00 1.000000e+00
    outer loop
      vertex   -3.175426e+00 -7.783170e-15 2.000000e+00
      vertex   -7.618644e+00 -1.493654e+00 2.000000e+00
      vertex   -6.796322e+00 -3.752965e+00 2.000000e+00
    endloop
  endfacet
  facet normal 0.000000e+00 0.000000e+00 1.000000e+00
    outer loop
      vertex   -3.175426e+00 -7.783170e-15 2.000000e+00
      vertex   -6.796322e+00 -3.752965e+00 2.000000e+00
      vertex   -6.722283e+00 -3.854999e+00 2.000000e+00
    endloop
  endfacet
  facet normal 0.000000e+00 0.000000e+00 1.000000e+00
    outer loop
      vertex   -7.618644e+00 -1.493654e+00 2.000000e+00
      vertex   -7.636694e+00 -1.618422e+00 2.000000e+00
      vertex   -6.796322e+00 -3.752965e+00 2.000000e+00
    endloop
  endfacet
  facet normal 0.000000e+00 0.000000e+00 1.000000e+00
    outer loop
      vertex   -6.796322e+00 -3.752965e+00 2.000000e+00
      vertex   -7.636694e+00 -1.618422e+00 2.000000e+00
      vertex   -6.890348e+00 -3.668989e+00 2.000000e+00
    endloop
  endfacet
  facet normal 0.000000e+00 0.000000e+00 1.000000e+00
    outer loop
      vertex   -6.890348e+00 -3.668989e+00 2.000000e+00
      vertex   -7.636694e+00 -1.618422e+00 2.000000e+00
      vertex   -7.680838e+00 -1.736507e+00 2.000000e+00
    endloop
  endfacet
  facet normal 0.000000e+00 0.000000e+00 1.000000e+00
    outer loop
      vertex   -6.890348e+00 -3.668989e+00 2.000000e+00
      vertex   -7.680838e+00 -1.736507e+00 2.000000e+00
      vertex   -7.000069e+00 -3.606906e+00 2.000000e+00
    endloop
  endfacet
  facet normal 0.000000e+00 0.000000e+00 1.000000e+00
    outer loop
      vertex   -7.000069e+00 -3.606906e+00 2.000000e+00
      vertex   -7.680838e+00 -1.736507e+00 2.000000e+00
      vertex   -7.749063e+00 -1.842518e+00 2.000000e+00
    endloop
  endfacet
  facet normal 0.000000e+00 0.000000e+00 1.000000e+00
    outer loop
      vertex   -7.000069e+00 -3.606906e+00 2.000000e+00
      vertex   -7.749063e+00 -1.842518e+00 2.000000e+00
      vertex   -7.120474e+00 -3.569551e+00 2.000000e+00
    endloop
  endfacet
  facet normal 0.000000e+00 0.000000e+00 1.000000e+00
    outer loop
      vertex   -7.120474e+00 -3.569551e+00 2.000000e+00
      vertex   -7.749063e+00 -1.842518e+00 2.000000e+00
      vertex   -7.838251e+00 -1.931615e+00 2.000000e+00
    endloop
  endfacet
  facet normal 0.000000e+00 0.000000e+00 1.000000e+00
    outer loop
      vertex   -7.120474e+00 -3.569551e+00 2.000000e+00
      vertex   -7.838251e+00 -1.931615e+00 2.000000e+00
      vertex   -7.246067e+00 -3.558628e+00 2.000000e+00
    endloop
  endfacet
  facet normal 0.000000e+00 0.000000e+00 1.000000e+00
    outer loop
      vertex   -7.246067e+00 -3.558628e+00 2.000000e+00
      vertex   -7.838251e+00 -1.931615e+00 2.000000e+00
      vertex   -7.944333e+00 -1.999729e+00 2.000000e+00
    endloop
  endfacet
  facet normal 0.000000e+00 0.000000e+00 1.000000e+00
    outer loop
      vertex   -7.246067e+00 -3.558628e+00 2.000000e+00
      vertex   -7.944333e+00 -1.999729e+00 2.000000e+00
      vertex   -7.371113e+00 -3.574637e+00 2.000000e+00
    endloop
  endfacet
  facet normal 0.000000e+00 0.000000e+00 1.000000e+00
    outer loop
      vertex   -7.371113e+00 -3.574637e+00 2.000000e+00
      vertex   -7.944333e+00 -1.999729e+00 2.000000e+00
      vertex   -8.062464e+00 -2.043752e+00 2.000000e+00
    endloop
  endfacet
  facet normal 0.000000e+00 0.000000e+00 1.000000e+00
    outer loop
      vertex   -7.371113e+00 -3.574637e+00 2.000000e+00
      vertex   -8.062464e+00 -2.043752e+00 2.000000e+00
      vertex   -7.489904e+00 -3.616847e+00 2.000000e+00
    endloop
  endfacet
  facet normal 0.000000e+00 0.000000e+00 1.000000e+00
    outer loop
      vertex   -7.489904e+00 -3.616847e+00 2.000000e+00
      vertex   -8.062464e+00 -2.043752e+00 2.000000e+00
      vertex   -8.197897e+00 -2.078288e+00 2.000000e+00
    endloop
  endfacet
  facet normal 0.000000e+00 0.000000e+00 1.000000e+00
    outer loop
      vertex   -7.489904e+00 -3.616847e+00 2.000000e+00
      vertex   -8.197897e+00 -2.078288e+00 2.000000e+00
      vertex   -7.615851e+00 -3.677446e+00 2.000000e+00
    endloop
  endfacet
  facet normal 0.000000e+00 0.000000e+00 1.000000e+00
    outer loop
      vertex   -7.615851e+00 -3.677446e+00 2.000000e+00
      vertex   -8.197897e+00 -2.078288e+00 2.000000e+00
      vertex   -8.290589e+00 -2.111944e+00 2.000000e+00
    endloop
  endfacet
  facet normal 0.000000e+00 0.000000e+00 1.000000e+00
    outer loop
      vertex   -7.615851e+00 -3.677446e+00 2.000000e+00
      vertex   -8.290589e+00 -2.111944e+00 2.000000e+00
      vertex   -7.708492e+00 -3.711245e+00 2.000000e+00
    endloop
  endfacet
  facet normal 0.000000e+00 0.000000e+00 1.000000e+00
    outer loop
      vertex   -7.708492e+00 -3.711245e+00 2.000000e+00
      vertex   -8.290589e+00 -2.111944e+00 2.000000e+00
      vertex   -8.380764e+00 -2.154202e+00 2.000000e+00
    endloop
  endfacet
  facet normal 0.000000e+00 0.000000e+00 1.000000e+00
    outer loop
      vertex   -7.708492e+00 -3.711245e+00 2.000000e+00
      vertex   -8.380764e+00 -2.154202e+00 2.000000e+00
      vertex   -7.804732e+00 -3.736837e+00 2.000000e+00
    endloop
  endfacet
  facet normal 0.000000e+00 0.000000e+00 1.000000e+00
    outer loop
      vertex   -7.804732e+00 -3.736837e+00 2.000000e+00
      vertex   -8.380764e+00 -2.154202e+00 2.000000e+00
      vertex   -8.556570e+00 -2.253106e+00 2.000000e+00
    endloop
  endfacet
  facet normal 0.000000e+00 0.000000e+00 1.000000e+00
    outer loop
      vertex   -7.804732e+00 -3.736837e+00 2.000000e+00
      vertex   -8.556570e+00 -2.253106e+00 2.000000e+00
      vertex   -8.002982e+00 -3.774078e+00 2.000000e+00
    endloop
  endfacet
  facet normal 0.000000e+00 0.000000e+00 1.000000e+00
    outer loop
      vertex   -8.002982e+00 -3.774078e+00 2.000000e+00
      vertex   -8.556570e+00 -2.253106e+00 2.000000e+00
      vertex   -8.726887e+00 -2.367699e+00 2.000000e+00
    endloop
  endfacet
  facet normal 0.000000e+00 0.000000e+00 1.000000e+00
    outer loop
      vertex   -8.002982e+00 -3.774078e+00 2.000000e+00
      vertex   -8.726887e+00 -2.367699e+00 2.000000e+00
      vertex   -8.207111e+00 -3.795772e+00 2.000000e+00
    endloop
  endfacet
  facet normal 0.000000e+00 0.000000e+00 1.000000e+00
    outer loop
      vertex   -8.207111e+00 -3.795772e+00 2.000000e+00
      vertex   -8.726887e+00 -2.367699e+00 2.000000e+00
      vertex   -8.892135e+00 -2.495305e+00 2.000000e+00
    endloop
  endfacet
  facet normal 0.000000e+00 0.000000e+00 1.000000e+00
    outer loop
      vertex   -8.207111e+00 -3.795772e+00 2.000000e+00
      vertex   -8.892135e+00 -2.495305e+00 2.000000e+00
      vertex   -8.415722e+00 -3.804239e+00 2.000000e+00
    endloop
  endfacet
  facet normal 0.000000e+00 0.000000e+00 1.000000e+00
    outer loop
      vertex   -8.415722e+00 -3.804239e+00 2.000000e+00
      vertex   -8.892135e+00 -2.495305e+00 2.000000e+00
      vertex   -9.052454e+00 -2.634377e+00 2.000000e+00
    endloop
  endfacet
  facet normal 0.000000e+00 0.000000e+00 1.000000e+00
    outer loop
      vertex   -8.415722e+00 -3.804239e+00 2.000000e+00
      vertex   -9.052454e+00 -2.634377e+00 2.000000e+00
      vertex   -8.627927e+00 -3.800756e+00 2.000000e+00
    endloop
  endfacet
  facet normal 0.000000e+00 0.000000e+00 1.000000e+00
    outer loop
      vertex   -8.627927e+00 -3.800756e+00 2.000000e+00
      vertex   -9.052454e+00 -2.634377e+00 2.000000e+00
      vertex   -9.207861e+00 -2.783871e+00 2.000000e+00
    endloop
  endfacet
  facet normal 0.000000e+00 0.000000e+00 1.000000e+00
    outer loop
      vertex   -8.627927e+00 -3.800756e+00 2.000000e+00
      vertex   -9.207861e+00 -2.783871e+00 2.000000e+00
      vertex   -8.843069e+00 -3.786130e+00 2.000000e+00
    endloop
  endfacet
  facet normal 0.000000e+00 0.000000e+00 1.000000e+00
    outer loop
      vertex   -8.843069e+00 -3.786130e+00 2.000000e+00
      vertex   -9.207861e+00 -2.783871e+00 2.000000e+00
      vertex   -9.060614e+00 -3.760921e+00 2.000000e+00
    endloop
  endfacet
  facet normal 0.000000e+00 0.000000e+00 1.000000e+00
    outer loop
      vertex   -9.060614e+00 -3.760921e+00 2.000000e+00
      vertex   -9.207861e+00 -2.783871e+00 2.000000e+00
      vertex   -9.359095e+00 -3.522405e+00 2.000000e+00
    endloop
  endfacet
  facet normal 0.000000e+00 0.000000e+00 1.000000e+00
    outer loop
      vertex   -9.060614e+00 -3.760921e+00 2.000000e+00
      vertex   -9.359095e+00 -3.522405e+00 2.000000e+00
      vertex   -9.280103e+00 -3.725545e+00 2.000000e+00
    endloop
  endfacet
  facet normal 0.000000e+00 -0.000000e+00 1.000000e+00
    outer loop
      vertex   -9.359095e+00 -3.522405e+00 2.000000e+00
      vertex   -9.207861e+00 -2.783871e+00 2.000000e+00
      vertex   -9.433641e+00 -3.317592e+00 2.000000e+00
    endloop
  endfacet
  facet normal 0.000000e+00 0.000000e+00 1.000000e+00
    outer loop
      vertex   -9.433641e+00 -3.317592e+00 2.000000e+00
      vertex   -9.207861e+00 -2.783871e+00 2.000000e+00
      vertex   -9.358306e+00 -2.943018e+00 2.000000e+00
    endloop
  endfacet
  facet normal 0.000000e+00 -0.000000e+00 1.000000e+00
    outer loop
      vertex   -9.433641e+00 -3.317592e+00 2.000000e+00
      vertex   -9.358306e+00 -2.943018e+00 2.000000e+00
      vertex   -9.503706e+00 -3.111202e+00 2.000000e+00
    endloop
  endfacet
  facet normal -0.000000e+00 0.000000e+00 1.000000e+00
    outer loop
      vertex   -6.707232e+00 -3.881126e+00 2.000000e+00
      vertex   -6.699668e+00 -3.894168e+00 2.000000e+00
      vertex   -1.587713e+00 -2.750000e+00 2.000000e+00
    endloop
  endfacet
  facet normal 0.000000e+00 0.000000e+00 1.000000e+00
    outer loop
      vertex   -1.587713e+00 -2.750000e+00 2.000000e+00
      vertex   -6.699668e+00 -3.894168e+00 2.000000e+00
      vertex   -6.648324e+00 -4.009305e+00 2.000000e+00
    endloop
  endfacet
  facet normal 0.000000e+00 0.000000e+00 1.000000e+00
    outer loop
      vertex   -1.587713e+00 -2.750000e+00 2.000000e+00
      vertex   -6.648324e+00 -4.009305e+00 2.000000e+00
      vertex   -5.102864e+00 -5.851112e+00 2.000000e+00
    endloop
  endfacet
  facet normal 0.000000e+00 0.000000e+00 1.000000e+00
    outer loop
      vertex   -5.102864e+00 -5.851112e+00 2.000000e+00
      vertex   -6.648324e+00 -4.009305e+00 2.000000e+00
      vertex   -6.622612e+00 -4.132722e+00 2.000000e+00
    endloop
  endfacet
  facet normal 0.000000e+00 0.000000e+00 1.000000e+00
    outer loop
      vertex   -5.102864e+00 -5.851112e+00 2.000000e+00
      vertex   -6.622612e+00 -4.132722e+00 2.000000e+00
      vertex   -5.219941e+00 -5.804360e+00 2.000000e+00
    endloop
  endfacet
  facet normal 0.000000e+00 0.000000e+00 1.000000e+00
    outer loop
      vertex   -5.219941e+00 -5.804360e+00 2.000000e+00
      vertex   -6.622612e+00 -4.132722e+00 2.000000e+00
      vertex   -6.623707e+00 -4.258784e+00 2.000000e+00
    endloop
  endfacet
  facet normal 0.000000e+00 0.000000e+00 1.000000e+00
    outer loop
      vertex   -5.219941e+00 -5.804360e+00 2.000000e+00
      vertex   -6.623707e+00 -4.258784e+00 2.000000e+00
      vertex   -5.344278e+00 -5.783548e+00 2.000000e+00
    endloop
  endfacet
  facet normal 0.000000e+00 0.000000e+00 1.000000e+00
    outer loop
      vertex   -5.344278e+00 -5.783548e+00 2.000000e+00
      vertex   -6.623707e+00 -4.258784e+00 2.000000e+00
      vertex   -6.651559e+00 -4.381736e+00 2.000000e+00
    endloop
  endfacet
  facet normal 0.000000e+00 0.000000e+00 1.000000e+00
    outer loop
      vertex   -5.344278e+00 -5.783548e+00 2.000000e+00
      vertex   -6.651559e+00 -4.381736e+00 2.000000e+00
      vertex   -5.470199e+00 -5.789626e+00 2.000000e+00
    endloop
  endfacet
  facet normal 0.000000e+00 0.000000e+00 1.000000e+00
    outer loop
      vertex   -5.470199e+00 -5.789626e+00 2.000000e+00
      vertex   -6.651559e+00 -4.381736e+00 2.000000e+00
      vertex   -6.704896e+00 -4.495964e+00 2.000000e+00
    endloop
  endfacet
  facet normal 0.000000e+00 0.000000e+00 1.000000e+00
    outer loop
      vertex   -5.470199e+00 -5.789626e+00 2.000000e+00
      vertex   -6.704896e+00 -4.495964e+00 2.000000e+00
      vertex   -5.591953e+00 -5.822318e+00 2.000000e+00
    endloop
  endfacet
  facet normal 0.000000e+00 0.000000e+00 1.000000e+00
    outer loop
      vertex   -5.591953e+00 -5.822318e+00 2.000000e+00
      vertex   -6.704896e+00 -4.495964e+00 2.000000e+00
      vertex   -6.781283e+00 -4.596253e+00 2.000000e+00
    endloop
  endfacet
  facet normal 0.000000e+00 0.000000e+00 1.000000e+00
    outer loop
      vertex   -5.591953e+00 -5.822318e+00 2.000000e+00
      vertex   -6.781283e+00 -4.596253e+00 2.000000e+00
      vertex   -5.703983e+00 -5.880129e+00 2.000000e+00
    endloop
  endfacet
  facet normal 0.000000e+00 0.000000e+00 1.000000e+00
    outer loop
      vertex   -5.703983e+00 -5.880129e+00 2.000000e+00
      vertex   -6.781283e+00 -4.596253e+00 2.000000e+00
      vertex   -6.877233e+00 -4.678024e+00 2.000000e+00
    endloop
  endfacet
  facet normal 0.000000e+00 0.000000e+00 1.000000e+00
    outer loop
      vertex   -5.703983e+00 -5.880129e+00 2.000000e+00
      vertex   -6.877233e+00 -4.678024e+00 2.000000e+00
      vertex   -5.801173e+00 -5.960422e+00 2.000000e+00
    endloop
  endfacet
  facet normal 0.000000e+00 0.000000e+00 1.000000e+00
    outer loop
      vertex   -5.801173e+00 -5.960422e+00 2.000000e+00
      vertex   -6.877233e+00 -4.678024e+00 2.000000e+00
      vertex   -6.992687e+00 -4.756798e+00 2.000000e+00
    endloop
  endfacet
  facet normal 0.000000e+00 0.000000e+00 1.000000e+00
    outer loop
      vertex   -5.801173e+00 -5.960422e+00 2.000000e+00
      vertex   -6.992687e+00 -4.756798e+00 2.000000e+00
      vertex   -5.898799e+00 -6.060443e+00 2.000000e+00
    endloop
  endfacet
  facet normal 0.000000e+00 0.000000e+00 1.000000e+00
    outer loop
      vertex   -5.898799e+00 -6.060443e+00 2.000000e+00
      vertex   -6.992687e+00 -4.756798e+00 2.000000e+00
      vertex   -7.068278e+00 -4.820127e+00 2.000000e+00
    endloop
  endfacet
  facet normal 0.000000e+00 0.000000e+00 1.000000e+00
    outer loop
      vertex   -5.898799e+00 -6.060443e+00 2.000000e+00
      vertex   -7.068278e+00 -4.820127e+00 2.000000e+00
      vertex   -5.974292e+00 -6.123889e+00 2.000000e+00
    endloop
  endfacet
  facet normal 0.000000e+00 0.000000e+00 1.000000e+00
    outer loop
      vertex   -5.974292e+00 -6.123889e+00 2.000000e+00
      vertex   -7.068278e+00 -4.820127e+00 2.000000e+00
      vertex   -7.138561e+00 -4.890678e+00 2.000000e+00
    endloop
  endfacet
  facet normal 0.000000e+00 0.000000e+00 1.000000e+00
    outer loop
      vertex   -5.974292e+00 -6.123889e+00 2.000000e+00
      vertex   -7.138561e+00 -4.890678e+00 2.000000e+00
      vertex   -6.055976e+00 -6.180853e+00 2.000000e+00
    endloop
  endfacet
  facet normal 0.000000e+00 0.000000e+00 1.000000e+00
    outer loop
      vertex   -6.055976e+00 -6.180853e+00 2.000000e+00
      vertex   -7.138561e+00 -4.890678e+00 2.000000e+00
      vertex   -7.269938e+00 -5.043746e+00 2.000000e+00
    endloop
  endfacet
  facet normal 0.000000e+00 0.000000e+00 1.000000e+00
    outer loop
      vertex   -6.055976e+00 -6.180853e+00 2.000000e+00
      vertex   -7.269938e+00 -5.043746e+00 2.000000e+00
      vertex   -6.229532e+00 -6.283654e+00 2.000000e+00
    endloop
  endfacet
  facet normal 0.000000e+00 0.000000e+00 1.000000e+00
    outer loop
      vertex   -6.229532e+00 -6.283654e+00 2.000000e+00
      vertex   -7.269938e+00 -5.043746e+00 2.000000e+00
      vertex   -7.390790e+00 -5.209680e+00 2.000000e+00
    endloop
  endfacet
  facet normal 0.000000e+00 0.000000e+00 1.000000e+00
    outer loop
      vertex   -6.229532e+00 -6.283654e+00 2.000000e+00
      vertex   -7.390790e+00 -5.209680e+00 2.000000e+00
      vertex   -6.413931e+00 -6.373856e+00 2.000000e+00
    endloop
  endfacet
  facet normal 0.000000e+00 0.000000e+00 1.000000e+00
    outer loop
      vertex   -6.413931e+00 -6.373856e+00 2.000000e+00
      vertex   -7.390790e+00 -5.209680e+00 2.000000e+00
      vertex   -7.502429e+00 -5.386109e+00 2.000000e+00
    endloop
  endfacet
  facet normal 0.000000e+00 0.000000e+00 1.000000e+00
    outer loop
      vertex   -6.413931e+00 -6.373856e+00 2.000000e+00
      vertex   -7.502429e+00 -5.386109e+00 2.000000e+00
      vertex   -6.607065e+00 -6.453162e+00 2.000000e+00
    endloop
  endfacet
  facet normal 0.000000e+00 0.000000e+00 1.000000e+00
    outer loop
      vertex   -6.607065e+00 -6.453162e+00 2.000000e+00
      vertex   -7.502429e+00 -5.386109e+00 2.000000e+00
      vertex   -7.605515e+00 -5.571626e+00 2.000000e+00
    endloop
  endfacet
  facet normal 0.000000e+00 0.000000e+00 1.000000e+00
    outer loop
      vertex   -6.607065e+00 -6.453162e+00 2.000000e+00
      vertex   -7.605515e+00 -5.571626e+00 2.000000e+00
      vertex   -6.807664e+00 -6.522467e+00 2.000000e+00
    endloop
  endfacet
  facet normal 0.000000e+00 0.000000e+00 1.000000e+00
    outer loop
      vertex   -6.807664e+00 -6.522467e+00 2.000000e+00
      vertex   -7.605515e+00 -5.571626e+00 2.000000e+00
      vertex   -7.700419e+00 -5.765257e+00 2.000000e+00
    endloop
  endfacet
  facet normal 0.000000e+00 0.000000e+00 1.000000e+00
    outer loop
      vertex   -6.807664e+00 -6.522467e+00 2.000000e+00
      vertex   -7.700419e+00 -5.765257e+00 2.000000e+00
      vertex   -7.014834e+00 -6.582306e+00 2.000000e+00
    endloop
  endfacet
  facet normal 0.000000e+00 0.000000e+00 1.000000e+00
    outer loop
      vertex   -7.014834e+00 -6.582306e+00 2.000000e+00
      vertex   -7.700419e+00 -5.765257e+00 2.000000e+00
      vertex   -7.787360e+00 -5.966261e+00 2.000000e+00
    endloop
  endfacet
  facet normal 0.000000e+00 0.000000e+00 1.000000e+00
    outer loop
      vertex   -7.014834e+00 -6.582306e+00 2.000000e+00
      vertex   -7.787360e+00 -5.966261e+00 2.000000e+00
      vertex   -7.730040e+00 -6.344012e+00 2.000000e+00
    endloop
  endfacet
  facet normal 0.000000e+00 0.000000e+00 1.000000e+00
    outer loop
      vertex   -7.730040e+00 -6.344012e+00 2.000000e+00
      vertex   -7.787360e+00 -5.966261e+00 2.000000e+00
      vertex   -7.866468e+00 -6.174033e+00 2.000000e+00
    endloop
  endfacet
  facet normal 0.000000e+00 0.000000e+00 1.000000e+00
    outer loop
      vertex   -7.730040e+00 -6.344012e+00 2.000000e+00
      vertex   -7.589939e+00 -6.510977e+00 2.000000e+00
      vertex   -7.014834e+00 -6.582306e+00 2.000000e+00
    endloop
  endfacet
  facet normal 0.000000e+00 0.000000e+00 1.000000e+00
    outer loop
      vertex   -7.014834e+00 -6.582306e+00 2.000000e+00
      vertex   -7.589939e+00 -6.510977e+00 2.000000e+00
      vertex   -7.227881e+00 -6.633022e+00 2.000000e+00
    endloop
  endfacet
  facet normal 0.000000e+00 0.000000e+00 1.000000e+00
    outer loop
      vertex   -7.227881e+00 -6.633022e+00 2.000000e+00
      vertex   -7.589939e+00 -6.510977e+00 2.000000e+00
      vertex   -7.446233e+00 -6.674849e+00 2.000000e+00
    endloop
  endfacet
  facet normal -0.000000e+00 0.000000e+00 1.000000e+00
    outer loop
      vertex   -5.102864e+00 -5.851112e+00 2.000000e+00
      vertex   -4.998392e+00 -5.921670e+00 2.000000e+00
      vertex   -1.587713e+00 -2.750000e+00 2.000000e+00
    endloop
  endfacet
  facet normal 0.000000e+00 0.000000e+00 1.000000e+00
    outer loop
      vertex   -1.587713e+00 -2.750000e+00 2.000000e+00
      vertex   -4.998392e+00 -5.921670e+00 2.000000e+00
      vertex   -4.986862e+00 -5.931383e+00 2.000000e+00
    endloop
  endfacet
  facet normal 0.000000e+00 0.000000e+00 1.000000e+00
    outer loop
      vertex   -1.587713e+00 -2.750000e+00 2.000000e+00
      vertex   -4.986862e+00 -5.931383e+00 2.000000e+00
      vertex   -4.975313e+00 -5.941074e+00 2.000000e+00
    endloop
  endfacet
  facet normal -0.000000e+00 0.000000e+00 1.000000e+00
    outer loop
      vertex   -4.975313e+00 -5.941074e+00 2.000000e+00
      vertex   -4.963745e+00 -5.950742e+00 2.000000e+00
      vertex   -1.587713e+00 -2.750000e+00 2.000000e+00
    endloop
  endfacet
  facet normal 0.000000e+00 0.000000e+00 1.000000e+00
    outer loop
      vertex   -1.587713e+00 -2.750000e+00 2.000000e+00
      vertex   -4.963745e+00 -5.950742e+00 2.000000e+00
      vertex   -4.876117e+00 -6.041375e+00 2.000000e+00
    endloop
  endfacet
  facet normal 0.000000e+00 0.000000e+00 1.000000e+00
    outer loop
      vertex   -1.587713e+00 -2.750000e+00 2.000000e+00
      vertex   -4.876117e+00 -6.041375e+00 2.000000e+00
      vertex   -4.809745e+00 -6.148555e+00 2.000000e+00
    endloop
  endfacet
  facet normal -0.000000e+00 -0.000000e+00 1.000000e+00
    outer loop
      vertex   -4.767658e+00 -6.267389e+00 2.000000e+00
      vertex   -2.919932e+00 -7.239639e+00 2.000000e+00
      vertex   -4.809745e+00 -6.148555e+00 2.000000e+00
    endloop
  endfacet
  facet normal 0.000000e+00 0.000000e+00 1.000000e+00
    outer loop
      vertex   -4.809745e+00 -6.148555e+00 2.000000e+00
      vertex   -2.919932e+00 -7.239639e+00 2.000000e+00
      vertex   -2.793926e+00 -7.243529e+00 2.000000e+00
    endloop
  endfacet
  facet normal -0.000000e+00 0.000000e+00 1.000000e+00
    outer loop
      vertex   -4.809745e+00 -6.148555e+00 2.000000e+00
      vertex   -2.793926e+00 -7.243529e+00 2.000000e+00
      vertex   -1.587713e+00 -2.750000e+00 2.000000e+00
    endloop
  endfacet
  facet normal 0.000000e+00 0.000000e+00 1.000000e+00
    outer loop
      vertex   -1.587713e+00 -2.750000e+00 2.000000e+00
      vertex   -2.793926e+00 -7.243529e+00 2.000000e+00
      vertex   -2.671622e+00 -7.274101e+00 2.000000e+00
    endloop
  endfacet
  facet normal 0.000000e+00 0.000000e+00 1.000000e+00
    outer loop
      vertex   -1.587713e+00 -2.750000e+00 2.000000e+00
      vertex   -2.671622e+00 -7.274101e+00 2.000000e+00
      vertex   -2.657465e+00 -7.279284e+00 2.000000e+00
    endloop
  endfacet
  facet normal 0.000000e+00 0.000000e+00 1.000000e+00
    outer loop
      vertex   -2.919932e+00 -7.239639e+00 2.000000e+00
      vertex   -4.767658e+00 -6.267389e+00 2.000000e+00
      vertex   -3.043889e+00 -7.262608e+00 2.000000e+00
    endloop
  endfacet
  facet normal 0.000000e+00 0.000000e+00 1.000000e+00
    outer loop
      vertex   -3.043889e+00 -7.262608e+00 2.000000e+00
      vertex   -4.767658e+00 -6.267389e+00 2.000000e+00
      vertex   -4.751779e+00 -6.392452e+00 2.000000e+00
    endloop
  endfacet
  facet normal 0.000000e+00 0.000000e+00 1.000000e+00
    outer loop
      vertex   -3.043889e+00 -7.262608e+00 2.000000e+00
      vertex   -4.751779e+00 -6.392452e+00 2.000000e+00
      vertex   -3.160137e+00 -7.311387e+00 2.000000e+00
    endloop
  endfacet
  facet normal 0.000000e+00 0.000000e+00 1.000000e+00
    outer loop
      vertex   -3.160137e+00 -7.311387e+00 2.000000e+00
      vertex   -4.751779e+00 -6.392452e+00 2.000000e+00
      vertex   -4.762831e+00 -6.518034e+00 2.000000e+00
    endloop
  endfacet
  facet normal 0.000000e+00 0.000000e+00 1.000000e+00
    outer loop
      vertex   -3.160137e+00 -7.311387e+00 2.000000e+00
      vertex   -4.762831e+00 -6.518034e+00 2.000000e+00
      vertex   -3.263367e+00 -7.383749e+00 2.000000e+00
    endloop
  endfacet
  facet normal 0.000000e+00 0.000000e+00 1.000000e+00
    outer loop
      vertex   -3.263367e+00 -7.383749e+00 2.000000e+00
      vertex   -4.762831e+00 -6.518034e+00 2.000000e+00
      vertex   -4.800311e+00 -6.638400e+00 2.000000e+00
    endloop
  endfacet
  facet normal 0.000000e+00 0.000000e+00 1.000000e+00
    outer loop
      vertex   -3.263367e+00 -7.383749e+00 2.000000e+00
      vertex   -4.800311e+00 -6.638400e+00 2.000000e+00
      vertex   -3.348868e+00 -7.476391e+00 2.000000e+00
    endloop
  endfacet
  facet normal 0.000000e+00 0.000000e+00 1.000000e+00
    outer loop
      vertex   -3.348868e+00 -7.476391e+00 2.000000e+00
      vertex   -4.800311e+00 -6.638400e+00 2.000000e+00
      vertex   -4.862507e+00 -6.748057e+00 2.000000e+00
    endloop
  endfacet
  facet normal 0.000000e+00 0.000000e+00 1.000000e+00
    outer loop
      vertex   -3.348868e+00 -7.476391e+00 2.000000e+00
      vertex   -4.862507e+00 -6.748057e+00 2.000000e+00
      vertex   -3.412735e+00 -7.585083e+00 2.000000e+00
    endloop
  endfacet
  facet normal 0.000000e+00 0.000000e+00 1.000000e+00
    outer loop
      vertex   -3.412735e+00 -7.585083e+00 2.000000e+00
      vertex   -4.862507e+00 -6.748057e+00 2.000000e+00
      vertex   -4.944056e+00 -6.861568e+00 2.000000e+00
    endloop
  endfacet
  facet normal 0.000000e+00 0.000000e+00 1.000000e+00
    outer loop
      vertex   -3.412735e+00 -7.585083e+00 2.000000e+00
      vertex   -4.944056e+00 -6.861568e+00 2.000000e+00
      vertex   -3.470264e+00 -7.712462e+00 2.000000e+00
    endloop
  endfacet
  facet normal 0.000000e+00 0.000000e+00 1.000000e+00
    outer loop
      vertex   -3.470264e+00 -7.712462e+00 2.000000e+00
      vertex   -4.944056e+00 -6.861568e+00 2.000000e+00
      vertex   -4.993428e+00 -6.946931e+00 2.000000e+00
    endloop
  endfacet
  facet normal 0.000000e+00 0.000000e+00 1.000000e+00
    outer loop
      vertex   -3.470264e+00 -7.712462e+00 2.000000e+00
      vertex   -4.993428e+00 -6.946931e+00 2.000000e+00
      vertex   -3.519505e+00 -7.797901e+00 2.000000e+00
    endloop
  endfacet
  facet normal 0.000000e+00 0.000000e+00 1.000000e+00
    outer loop
      vertex   -3.519505e+00 -7.797901e+00 2.000000e+00
      vertex   -4.993428e+00 -6.946931e+00 2.000000e+00
      vertex   -5.035343e+00 -7.037266e+00 2.000000e+00
    endloop
  endfacet
  facet normal 0.000000e+00 0.000000e+00 1.000000e+00
    outer loop
      vertex   -3.519505e+00 -7.797901e+00 2.000000e+00
      vertex   -5.035343e+00 -7.037266e+00 2.000000e+00
      vertex   -3.576779e+00 -7.879368e+00 2.000000e+00
    endloop
  endfacet
  facet normal 0.000000e+00 0.000000e+00 1.000000e+00
    outer loop
      vertex   -3.576779e+00 -7.879368e+00 2.000000e+00
      vertex   -5.035343e+00 -7.037266e+00 2.000000e+00
      vertex   -5.106445e+00 -7.226036e+00 2.000000e+00
    endloop
  endfacet
  facet normal 0.000000e+00 0.000000e+00 1.000000e+00
    outer loop
      vertex   -3.576779e+00 -7.879368e+00 2.000000e+00
      vertex   -5.106445e+00 -7.226036e+00 2.000000e+00
      vertex   -3.704709e+00 -8.035329e+00 2.000000e+00
    endloop
  endfacet
  facet normal 0.000000e+00 0.000000e+00 1.000000e+00
    outer loop
      vertex   -3.704709e+00 -8.035329e+00 2.000000e+00
      vertex   -5.106445e+00 -7.226036e+00 2.000000e+00
      vertex   -5.163255e+00 -7.423297e+00 2.000000e+00
    endloop
  endfacet
  facet normal 0.000000e+00 0.000000e+00 1.000000e+00
    outer loop
      vertex   -3.704709e+00 -8.035329e+00 2.000000e+00
      vertex   -5.163255e+00 -7.423297e+00 2.000000e+00
      vertex   -3.847136e+00 -8.183159e+00 2.000000e+00
    endloop
  endfacet
  facet normal 0.000000e+00 0.000000e+00 1.000000e+00
    outer loop
      vertex   -3.847136e+00 -8.183159e+00 2.000000e+00
      vertex   -5.163255e+00 -7.423297e+00 2.000000e+00
      vertex   -5.207819e+00 -7.627269e+00 2.000000e+00
    endloop
  endfacet
  facet normal 0.000000e+00 0.000000e+00 1.000000e+00
    outer loop
      vertex   -3.847136e+00 -8.183159e+00 2.000000e+00
      vertex   -5.207819e+00 -7.627269e+00 2.000000e+00
      vertex   -4.001499e+00 -8.323738e+00 2.000000e+00
    endloop
  endfacet
  facet normal 0.000000e+00 0.000000e+00 1.000000e+00
    outer loop
      vertex   -4.001499e+00 -8.323738e+00 2.000000e+00
      vertex   -5.207819e+00 -7.627269e+00 2.000000e+00
      vertex   -5.241238e+00 -7.836855e+00 2.000000e+00
    endloop
  endfacet
  facet normal 0.000000e+00 0.000000e+00 1.000000e+00
    outer loop
      vertex   -4.001499e+00 -8.323738e+00 2.000000e+00
      vertex   -5.241238e+00 -7.836855e+00 2.000000e+00
      vertex   -4.166297e+00 -8.457473e+00 2.000000e+00
    endloop
  endfacet
  facet normal 0.000000e+00 0.000000e+00 1.000000e+00
    outer loop
      vertex   -4.166297e+00 -8.457473e+00 2.000000e+00
      vertex   -5.241238e+00 -7.836855e+00 2.000000e+00
      vertex   -5.264193e+00 -8.051268e+00 2.000000e+00
    endloop
  endfacet
  facet normal 0.000000e+00 0.000000e+00 1.000000e+00
    outer loop
      vertex   -4.166297e+00 -8.457473e+00 2.000000e+00
      vertex   -5.264193e+00 -8.051268e+00 2.000000e+00
      vertex   -4.340506e+00 -8.584559e+00 2.000000e+00
    endloop
  endfacet
  facet normal 0.000000e+00 0.000000e+00 1.000000e+00
    outer loop
      vertex   -4.340506e+00 -8.584559e+00 2.000000e+00
      vertex   -5.264193e+00 -8.051268e+00 2.000000e+00
      vertex   -5.277143e+00 -8.269886e+00 2.000000e+00
    endloop
  endfacet
  facet normal 0.000000e+00 0.000000e+00 1.000000e+00
    outer loop
      vertex   -4.340506e+00 -8.584559e+00 2.000000e+00
      vertex   -5.277143e+00 -8.269886e+00 2.000000e+00
      vertex   -4.523360e+00 -8.705083e+00 2.000000e+00
    endloop
  endfacet
  facet normal 0.000000e+00 0.000000e+00 1.000000e+00
    outer loop
      vertex   -4.523360e+00 -8.705083e+00 2.000000e+00
      vertex   -5.277143e+00 -8.269886e+00 2.000000e+00
      vertex   -5.094082e+00 -8.605250e+00 2.000000e+00
    endloop
  endfacet
  facet normal 0.000000e+00 0.000000e+00 1.000000e+00
    outer loop
      vertex   -4.523360e+00 -8.705083e+00 2.000000e+00
      vertex   -5.094082e+00 -8.605250e+00 2.000000e+00
      vertex   -4.905325e+00 -8.714229e+00 2.000000e+00
    endloop
  endfacet
  facet normal 0.000000e+00 0.000000e+00 1.000000e+00
    outer loop
      vertex   -5.277143e+00 -8.269886e+00 2.000000e+00
      vertex   -5.280418e+00 -8.492184e+00 2.000000e+00
      vertex   -5.094082e+00 -8.605250e+00 2.000000e+00
    endloop
  endfacet
  facet normal -0.000000e+00 0.000000e+00 1.000000e+00
    outer loop
      vertex   -4.905325e+00 -8.714229e+00 2.000000e+00
      vertex   -4.714237e+00 -8.819068e+00 2.000000e+00
      vertex   -4.523360e+00 -8.705083e+00 2.000000e+00
    endloop
  endfacet
  facet normal -0.000000e+00 0.000000e+00 1.000000e+00
    outer loop
      vertex   -2.657465e+00 -7.279284e+00 2.000000e+00
      vertex   -2.643298e+00 -7.284441e+00 2.000000e+00
      vertex   -1.587713e+00 -2.750000e+00 2.000000e+00
    endloop
  endfacet
  facet normal 0.000000e+00 0.000000e+00 1.000000e+00
    outer loop
      vertex   -1.587713e+00 -2.750000e+00 2.000000e+00
      vertex   -2.643298e+00 -7.284441e+00 2.000000e+00
      vertex   -2.629121e+00 -7.289570e+00 2.000000e+00
    endloop
  endfacet
  facet normal 0.000000e+00 0.000000e+00 1.000000e+00
    outer loop
      vertex   -1.587713e+00 -2.750000e+00 2.000000e+00
      vertex   -2.629121e+00 -7.289570e+00 2.000000e+00
      vertex   -2.515780e+00 -7.344766e+00 2.000000e+00
    endloop
  endfacet
  facet normal 0.000000e+00 0.000000e+00 1.000000e+00
    outer loop
      vertex   -1.587713e+00 -2.750000e+00 2.000000e+00
      vertex   -2.515780e+00 -7.344766e+00 2.000000e+00
      vertex   -1.479983e-01 -7.762270e+00 2.000000e+00
    endloop
  endfacet
  facet normal 0.000000e+00 0.000000e+00 1.000000e+00
    outer loop
      vertex   -1.479983e-01 -7.762270e+00 2.000000e+00
      vertex   -2.515780e+00 -7.344766e+00 2.000000e+00
      vertex   -2.416752e+00 -7.422782e+00 2.000000e+00
    endloop
  endfacet
  facet normal 0.000000e+00 0.000000e+00 1.000000e+00
    outer loop
      vertex   -1.479983e-01 -7.762270e+00 2.000000e+00
      vertex   -2.416752e+00 -7.422782e+00 2.000000e+00
      vertex   -2.677365e-01 -7.801711e+00 2.000000e+00
    endloop
  endfacet
  facet normal 0.000000e+00 0.000000e+00 1.000000e+00
    outer loop
      vertex   -2.677365e-01 -7.801711e+00 2.000000e+00
      vertex   -2.416752e+00 -7.422782e+00 2.000000e+00
      vertex   -2.336560e+00 -7.520055e+00 2.000000e+00
    endloop
  endfacet
  facet normal 0.000000e+00 0.000000e+00 1.000000e+00
    outer loop
      vertex   -2.677365e-01 -7.801711e+00 2.000000e+00
      vertex   -2.336560e+00 -7.520055e+00 2.000000e+00
      vertex   -3.763621e-01 -7.865691e+00 2.000000e+00
    endloop
  endfacet
  facet normal 0.000000e+00 0.000000e+00 1.000000e+00
    outer loop
      vertex   -3.763621e-01 -7.865691e+00 2.000000e+00
      vertex   -2.336560e+00 -7.520055e+00 2.000000e+00
      vertex   -2.278864e+00 -7.632144e+00 2.000000e+00
    endloop
  endfacet
  facet normal 0.000000e+00 0.000000e+00 1.000000e+00
    outer loop
      vertex   -3.763621e-01 -7.865691e+00 2.000000e+00
      vertex   -2.278864e+00 -7.632144e+00 2.000000e+00
      vertex   -4.689155e-01 -7.951287e+00 2.000000e+00
    endloop
  endfacet
  facet normal 0.000000e+00 0.000000e+00 1.000000e+00
    outer loop
      vertex   -4.689155e-01 -7.951287e+00 2.000000e+00
      vertex   -2.278864e+00 -7.632144e+00 2.000000e+00
      vertex   -2.246298e+00 -7.753932e+00 2.000000e+00
    endloop
  endfacet
  facet normal 0.000000e+00 0.000000e+00 1.000000e+00
    outer loop
      vertex   -4.689155e-01 -7.951287e+00 2.000000e+00
      vertex   -2.246298e+00 -7.753932e+00 2.000000e+00
      vertex   -5.411711e-01 -8.054592e+00 2.000000e+00
    endloop
  endfacet
  facet normal 0.000000e+00 0.000000e+00 1.000000e+00
    outer loop
      vertex   -5.411711e-01 -8.054592e+00 2.000000e+00
      vertex   -2.246298e+00 -7.753932e+00 2.000000e+00
      vertex   -2.240350e+00 -7.879859e+00 2.000000e+00
    endloop
  endfacet
  facet normal 0.000000e+00 0.000000e+00 1.000000e+00
    outer loop
      vertex   -5.411711e-01 -8.054592e+00 2.000000e+00
      vertex   -2.240350e+00 -7.879859e+00 2.000000e+00
      vertex   -5.898301e-01 -8.170890e+00 2.000000e+00
    endloop
  endfacet
  facet normal 0.000000e+00 0.000000e+00 1.000000e+00
    outer loop
      vertex   -5.898301e-01 -8.170890e+00 2.000000e+00
      vertex   -2.240350e+00 -7.879859e+00 2.000000e+00
      vertex   -2.261290e+00 -8.004174e+00 2.000000e+00
    endloop
  endfacet
  facet normal 0.000000e+00 0.000000e+00 1.000000e+00
    outer loop
      vertex   -5.898301e-01 -8.170890e+00 2.000000e+00
      vertex   -2.261290e+00 -8.004174e+00 2.000000e+00
      vertex   -6.126709e-01 -8.294871e+00 2.000000e+00
    endloop
  endfacet
  facet normal 0.000000e+00 0.000000e+00 1.000000e+00
    outer loop
      vertex   -6.126709e-01 -8.294871e+00 2.000000e+00
      vertex   -2.261290e+00 -8.004174e+00 2.000000e+00
      vertex   -2.299099e+00 -8.138731e+00 2.000000e+00
    endloop
  endfacet
  facet normal 0.000000e+00 0.000000e+00 1.000000e+00
    outer loop
      vertex   -6.126709e-01 -8.294871e+00 2.000000e+00
      vertex   -2.299099e+00 -8.138731e+00 2.000000e+00
      vertex   -6.231639e-01 -8.434244e+00 2.000000e+00
    endloop
  endfacet
  facet normal 0.000000e+00 0.000000e+00 1.000000e+00
    outer loop
      vertex   -6.231639e-01 -8.434244e+00 2.000000e+00
      vertex   -2.299099e+00 -8.138731e+00 2.000000e+00
      vertex   -2.316297e+00 -8.235833e+00 2.000000e+00
    endloop
  endfacet
  facet normal 0.000000e+00 0.000000e+00 1.000000e+00
    outer loop
      vertex   -6.231639e-01 -8.434244e+00 2.000000e+00
      vertex   -2.316297e+00 -8.235833e+00 2.000000e+00
      vertex   -6.402133e-01 -8.531372e+00 2.000000e+00
    endloop
  endfacet
  facet normal 0.000000e+00 0.000000e+00 1.000000e+00
    outer loop
      vertex   -6.402133e-01 -8.531372e+00 2.000000e+00
      vertex   -2.316297e+00 -8.235833e+00 2.000000e+00
      vertex   -2.324788e+00 -8.335055e+00 2.000000e+00
    endloop
  endfacet
  facet normal 0.000000e+00 0.000000e+00 1.000000e+00
    outer loop
      vertex   -6.402133e-01 -8.531372e+00 2.000000e+00
      vertex   -2.324788e+00 -8.335055e+00 2.000000e+00
      vertex   -6.661705e-01 -8.627514e+00 2.000000e+00
    endloop
  endfacet
  facet normal 0.000000e+00 0.000000e+00 1.000000e+00
    outer loop
      vertex   -6.661705e-01 -8.627514e+00 2.000000e+00
      vertex   -2.324788e+00 -8.335055e+00 2.000000e+00
      vertex   -2.327038e+00 -8.536760e+00 2.000000e+00
    endloop
  endfacet
  facet normal 0.000000e+00 0.000000e+00 1.000000e+00
    outer loop
      vertex   -6.661705e-01 -8.627514e+00 2.000000e+00
      vertex   -2.327038e+00 -8.536760e+00 2.000000e+00
      vertex   -7.330432e-01 -8.817824e+00 2.000000e+00
    endloop
  endfacet
  facet normal 0.000000e+00 0.000000e+00 1.000000e+00
    outer loop
      vertex   -7.330432e-01 -8.817824e+00 2.000000e+00
      vertex   -2.327038e+00 -8.536760e+00 2.000000e+00
      vertex   -2.312956e+00 -8.741555e+00 2.000000e+00
    endloop
  endfacet
  facet normal 0.000000e+00 0.000000e+00 1.000000e+00
    outer loop
      vertex   -7.330432e-01 -8.817824e+00 2.000000e+00
      vertex   -2.312956e+00 -8.741555e+00 2.000000e+00
      vertex   -8.163203e-01 -9.005452e+00 2.000000e+00
    endloop
  endfacet
  facet normal 0.000000e+00 0.000000e+00 1.000000e+00
    outer loop
      vertex   -8.163203e-01 -9.005452e+00 2.000000e+00
      vertex   -2.312956e+00 -8.741555e+00 2.000000e+00
      vertex   -2.285069e+00 -8.948467e+00 2.000000e+00
    endloop
  endfacet
  facet normal 0.000000e+00 0.000000e+00 1.000000e+00
    outer loop
      vertex   -8.163203e-01 -9.005452e+00 2.000000e+00
      vertex   -2.285069e+00 -8.948467e+00 2.000000e+00
      vertex   -9.132932e-01 -9.190348e+00 2.000000e+00
    endloop
  endfacet
  facet normal 0.000000e+00 0.000000e+00 1.000000e+00
    outer loop
      vertex   -9.132932e-01 -9.190348e+00 2.000000e+00
      vertex   -2.285069e+00 -8.948467e+00 2.000000e+00
      vertex   -2.244790e+00 -9.156844e+00 2.000000e+00
    endloop
  endfacet
  facet normal 0.000000e+00 0.000000e+00 1.000000e+00
    outer loop
      vertex   -9.132932e-01 -9.190348e+00 2.000000e+00
      vertex   -2.244790e+00 -9.156844e+00 2.000000e+00
      vertex   -1.022412e+00 -9.372382e+00 2.000000e+00
    endloop
  endfacet
  facet normal 0.000000e+00 0.000000e+00 1.000000e+00
    outer loop
      vertex   -1.022412e+00 -9.372382e+00 2.000000e+00
      vertex   -2.244790e+00 -9.156844e+00 2.000000e+00
      vertex   -2.193027e+00 -9.366177e+00 2.000000e+00
    endloop
  endfacet
  facet normal 0.000000e+00 0.000000e+00 1.000000e+00
    outer loop
      vertex   -1.022412e+00 -9.372382e+00 2.000000e+00
      vertex   -2.193027e+00 -9.366177e+00 2.000000e+00
      vertex   -1.142650e+00 -9.551387e+00 2.000000e+00
    endloop
  endfacet
  facet normal 0.000000e+00 0.000000e+00 1.000000e+00
    outer loop
      vertex   -1.142650e+00 -9.551387e+00 2.000000e+00
      vertex   -2.193027e+00 -9.366177e+00 2.000000e+00
      vertex   -2.130425e+00 -9.576040e+00 2.000000e+00
    endloop
  endfacet
  facet normal 0.000000e+00 0.000000e+00 1.000000e+00
    outer loop
      vertex   -1.142650e+00 -9.551387e+00 2.000000e+00
      vertex   -2.130425e+00 -9.576040e+00 2.000000e+00
      vertex   -1.273254e+00 -9.727182e+00 2.000000e+00
    endloop
  endfacet
  facet normal 0.000000e+00 0.000000e+00 1.000000e+00
    outer loop
      vertex   -1.273254e+00 -9.727182e+00 2.000000e+00
      vertex   -2.130425e+00 -9.576040e+00 2.000000e+00
      vertex   -1.843702e+00 -9.828569e+00 2.000000e+00
    endloop
  endfacet
  facet normal 0.000000e+00 0.000000e+00 1.000000e+00
    outer loop
      vertex   -1.273254e+00 -9.727182e+00 2.000000e+00
      vertex   -1.843702e+00 -9.828569e+00 2.000000e+00
      vertex   -1.629055e+00 -9.866417e+00 2.000000e+00
    endloop
  endfacet
  facet normal 0.000000e+00 0.000000e+00 1.000000e+00
    outer loop
      vertex   -2.130425e+00 -9.576040e+00 2.000000e+00
      vertex   -2.057472e+00 -9.786052e+00 2.000000e+00
      vertex   -1.843702e+00 -9.828569e+00 2.000000e+00
    endloop
  endfacet
  facet normal -0.000000e+00 0.000000e+00 1.000000e+00
    outer loop
      vertex   -1.629055e+00 -9.866417e+00 2.000000e+00
      vertex   -1.413635e+00 -9.899578e+00 2.000000e+00
      vertex   -1.273254e+00 -9.727182e+00 2.000000e+00
    endloop
  endfacet
  facet normal 0.000000e+00 -0.000000e+00 1.000000e+00
    outer loop
      vertex   -1.479983e-01 -7.762270e+00 2.000000e+00
      vertex   -2.261414e-02 -7.749167e+00 2.000000e+00
      vertex   -1.587713e+00 -2.750000e+00 2.000000e+00
    endloop
  endfacet
  facet normal 0.000000e+00 0.000000e+00 1.000000e+00
    outer loop
      vertex   -1.587713e+00 -2.750000e+00 2.000000e+00
      vertex   -2.261414e-02 -7.749167e+00 2.000000e+00
      vertex   -7.538057e-03 -7.749196e+00 2.000000e+00
    endloop
  endfacet
  facet normal 0.000000e+00 0.000000e+00 1.000000e+00
    outer loop
      vertex   -1.587713e+00 -2.750000e+00 2.000000e+00
      vertex   -7.538057e-03 -7.749196e+00 2.000000e+00
      vertex   7.538057e-03 -7.749196e+00 2.000000e+00
    endloop
  endfacet
  facet normal 0.000000e+00 -0.000000e+00 1.000000e+00
    outer loop
      vertex   2.677365e-01 -7.801711e+00 2.000000e+00
      vertex   2.416752e+00 -7.422782e+00 2.000000e+00
      vertex   1.479983e-01 -7.762270e+00 2.000000e+00
    endloop
  endfacet
  facet normal 0.000000e+00 0.000000e+00 1.000000e+00
    outer loop
      vertex   1.479983e-01 -7.762270e+00 2.000000e+00
      vertex   2.416752e+00 -7.422782e+00 2.000000e+00
      vertex   2.515780e+00 -7.344766e+00 2.000000e+00
    endloop
  endfacet
  facet normal 0.000000e+00 0.000000e+00 1.000000e+00
    outer loop
      vertex   1.479983e-01 -7.762270e+00 2.000000e+00
      vertex   2.515780e+00 -7.344766e+00 2.000000e+00
      vertex   1.587713e+00 -2.750000e+00 2.000000e+00
    endloop
  endfacet
  facet normal 0.000000e+00 0.000000e+00 1.000000e+00
    outer loop
      vertex   1.587713e+00 -2.750000e+00 2.000000e+00
      vertex   2.515780e+00 -7.344766e+00 2.000000e+00
      vertex   2.629121e+00 -7.289570e+00 2.000000e+00
    endloop
  endfacet
  facet normal 0.000000e+00 0.000000e+00 1.000000e+00
    outer loop
      vertex   1.587713e+00 -2.750000e+00 2.000000e+00
      vertex   2.629121e+00 -7.289570e+00 2.000000e+00
      vertex   2.643298e+00 -7.284441e+00 2.000000e+00
    endloop
  endfacet
  facet normal 0.000000e+00 0.000000e+00 1.000000e+00
    outer loop
      vertex   2.416752e+00 -7.422782e+00 2.000000e+00
      vertex   2.677365e-01 -7.801711e+00 2.000000e+00
      vertex   2.336560e+00 -7.520055e+00 2.000000e+00
    endloop
  endfacet
  facet normal 0.000000e+00 0.000000e+00 1.000000e+00
    outer loop
      vertex   2.336560e+00 -7.520055e+00 2.000000e+00
      vertex   2.677365e-01 -7.801711e+00 2.000000e+00
      vertex   3.763621e-01 -7.865691e+00 2.000000e+00
    endloop
  endfacet
  facet normal 0.000000e+00 0.000000e+00 1.000000e+00
    outer loop
      vertex   2.336560e+00 -7.520055e+00 2.000000e+00
      vertex   3.763621e-01 -7.865691e+00 2.000000e+00
      vertex   2.278864e+00 -7.632144e+00 2.000000e+00
    endloop
  endfacet
  facet normal 0.000000e+00 0.000000e+00 1.000000e+00
    outer loop
      vertex   2.278864e+00 -7.632144e+00 2.000000e+00
      vertex   3.763621e-01 -7.865691e+00 2.000000e+00
      vertex   4.689155e-01 -7.951287e+00 2.000000e+00
    endloop
  endfacet
  facet normal 0.000000e+00 0.000000e+00 1.000000e+00
    outer loop
      vertex   2.278864e+00 -7.632144e+00 2.000000e+00
      vertex   4.689155e-01 -7.951287e+00 2.000000e+00
      vertex   2.246298e+00 -7.753932e+00 2.000000e+00
    endloop
  endfacet
  facet normal 0.000000e+00 0.000000e+00 1.000000e+00
    outer loop
      vertex   2.246298e+00 -7.753932e+00 2.000000e+00
      vertex   4.689155e-01 -7.951287e+00 2.000000e+00
      vertex   5.411711e-01 -8.054592e+00 2.000000e+00
    endloop
  endfacet
  facet normal 0.000000e+00 0.000000e+00 1.000000e+00
    outer loop
      vertex   2.246298e+00 -7.753932e+00 2.000000e+00
      vertex   5.411711e-01 -8.054592e+00 2.000000e+00
      vertex   2.240350e+00 -7.879859e+00 2.000000e+00
    endloop
  endfacet
  facet normal 0.000000e+00 0.000000e+00 1.000000e+00
    outer loop
      vertex   2.240350e+00 -7.879859e+00 2.000000e+00
      vertex   5.411711e-01 -8.054592e+00 2.000000e+00
      vertex   5.898301e-01 -8.170890e+00 2.000000e+00
    endloop
  endfacet
  facet normal 0.000000e+00 0.000000e+00 1.000000e+00
    outer loop
      vertex   2.240350e+00 -7.879859e+00 2.000000e+00
      vertex   5.898301e-01 -8.170890e+00 2.000000e+00
      vertex   2.261290e+00 -8.004174e+00 2.000000e+00
    endloop
  endfacet
  facet normal 0.000000e+00 0.000000e+00 1.000000e+00
    outer loop
      vertex   2.261290e+00 -8.004174e+00 2.000000e+00
      vertex   5.898301e-01 -8.170890e+00 2.000000e+00
      vertex   6.126709e-01 -8.294871e+00 2.000000e+00
    endloop
  endfacet
  facet normal 0.000000e+00 0.000000e+00 1.000000e+00
    outer loop
      vertex   2.261290e+00 -8.004174e+00 2.000000e+00
      vertex   6.126709e-01 -8.294871e+00 2.000000e+00
      vertex   2.299099e+00 -8.138731e+00 2.000000e+00
    endloop
  endfacet
  facet normal 0.000000e+00 0.000000e+00 1.000000e+00
    outer loop
      vertex   2.299099e+00 -8.138731e+00 2.000000e+00
      vertex   6.126709e-01 -8.294871e+00 2.000000e+00
      vertex   6.231639e-01 -8.434244e+00 2.000000e+00
    endloop
  endfacet
  facet normal 0.000000e+00 0.000000e+00 1.000000e+00
    outer loop
      vertex   2.299099e+00 -8.138731e+00 2.000000e+00
      vertex   6.231639e-01 -8.434244e+00 2.000000e+00
      vertex   2.316297e+00 -8.235833e+00 2.000000e+00
    endloop
  endfacet
  facet normal 0.000000e+00 0.000000e+00 1.000000e+00
    outer loop
      vertex   2.316297e+00 -8.235833e+00 2.000000e+00
      vertex   6.231639e-01 -8.434244e+00 2.000000e+00
      vertex   6.402133e-01 -8.531372e+00 2.000000e+00
    endloop
  endfacet
  facet normal 0.000000e+00 0.000000e+00 1.000000e+00
    outer loop
      vertex   2.316297e+00 -8.235833e+00 2.000000e+00
      vertex   6.402133e-01 -8.531372e+00 2.000000e+00
      vertex   2.324788e+00 -8.335055e+00 2.000000e+00
    endloop
  endfacet
  facet normal 0.000000e+00 0.000000e+00 1.000000e+00
    outer loop
      vertex   2.324788e+00 -8.335055e+00 2.000000e+00
      vertex   6.402133e-01 -8.531372e+00 2.000000e+00
      vertex   6.661705e-01 -8.627514e+00 2.000000e+00
    endloop
  endfacet
  facet normal 0.000000e+00 0.000000e+00 1.000000e+00
    outer loop
      vertex   2.324788e+00 -8.335055e+00 2.000000e+00
      vertex   6.661705e-01 -8.627514e+00 2.000000e+00
      vertex   2.327038e+00 -8.536760e+00 2.000000e+00
    endloop
  endfacet
  facet normal 0.000000e+00 0.000000e+00 1.000000e+00
    outer loop
      vertex   2.327038e+00 -8.536760e+00 2.000000e+00
      vertex   6.661705e-01 -8.627514e+00 2.000000e+00
      vertex   7.330432e-01 -8.817824e+00 2.000000e+00
    endloop
  endfacet
  facet normal 0.000000e+00 0.000000e+00 1.000000e+00
    outer loop
      vertex   2.327038e+00 -8.536760e+00 2.000000e+00
      vertex   7.330432e-01 -8.817824e+00 2.000000e+00
      vertex   2.312956e+00 -8.741555e+00 2.000000e+00
    endloop
  endfacet
  facet normal 0.000000e+00 0.000000e+00 1.000000e+00
    outer loop
      vertex   2.312956e+00 -8.741555e+00 2.000000e+00
      vertex   7.330432e-01 -8.817824e+00 2.000000e+00
      vertex   8.163203e-01 -9.005452e+00 2.000000e+00
    endloop
  endfacet
  facet normal 0.000000e+00 0.000000e+00 1.000000e+00
    outer loop
      vertex   2.312956e+00 -8.741555e+00 2.000000e+00
      vertex   8.163203e-01 -9.005452e+00 2.000000e+00
      vertex   2.285069e+00 -8.948467e+00 2.000000e+00
    endloop
  endfacet
  facet normal 0.000000e+00 0.000000e+00 1.000000e+00
    outer loop
      vertex   2.285069e+00 -8.948467e+00 2.000000e+00
      vertex   8.163203e-01 -9.005452e+00 2.000000e+00
      vertex   9.132932e-01 -9.190348e+00 2.000000e+00
    endloop
  endfacet
  facet normal 0.000000e+00 0.000000e+00 1.000000e+00
    outer loop
      vertex   2.285069e+00 -8.948467e+00 2.000000e+00
      vertex   9.132932e-01 -9.190348e+00 2.000000e+00
      vertex   2.244790e+00 -9.156844e+00 2.000000e+00
    endloop
  endfacet
  facet normal 0.000000e+00 0.000000e+00 1.000000e+00
    outer loop
      vertex   2.244790e+00 -9.156844e+00 2.000000e+00
      vertex   9.132932e-01 -9.190348e+00 2.000000e+00
      vertex   1.022412e+00 -9.372382e+00 2.000000e+00
    endloop
  endfacet
  facet normal 0.000000e+00 0.000000e+00 1.000000e+00
    outer loop
      vertex   2.244790e+00 -9.156844e+00 2.000000e+00
      vertex   1.022412e+00 -9.372382e+00 2.000000e+00
      vertex   2.193027e+00 -9.366177e+00 2.000000e+00
    endloop
  endfacet
  facet normal 0.000000e+00 0.000000e+00 1.000000e+00
    outer loop
      vertex   2.193027e+00 -9.366177e+00 2.000000e+00
      vertex   1.022412e+00 -9.372382e+00 2.000000e+00
      vertex   1.142650e+00 -9.551387e+00 2.000000e+00
    endloop
  endfacet
  facet normal 0.000000e+00 0.000000e+00 1.000000e+00
    outer loop
      vertex   2.193027e+00 -9.366177e+00 2.000000e+00
      vertex   1.142650e+00 -9.551387e+00 2.000000e+00
      vertex   2.130425e+00 -9.576040e+00 2.000000e+00
    endloop
  endfacet
  facet normal 0.000000e+00 0.000000e+00 1.000000e+00
    outer loop
      vertex   2.130425e+00 -9.576040e+00 2.000000e+00
      vertex   1.142650e+00 -9.551387e+00 2.000000e+00
      vertex   1.273254e+00 -9.727182e+00 2.000000e+00
    endloop
  endfacet
  facet normal 0.000000e+00 0.000000e+00 1.000000e+00
    outer loop
      vertex   2.130425e+00 -9.576040e+00 2.000000e+00
      vertex   1.273254e+00 -9.727182e+00 2.000000e+00
      vertex   1.843702e+00 -9.828569e+00 2.000000e+00
    endloop
  endfacet
  facet normal 0.000000e+00 0.000000e+00 1.000000e+00
    outer loop
      vertex   1.843702e+00 -9.828569e+00 2.000000e+00
      vertex   1.273254e+00 -9.727182e+00 2.000000e+00
      vertex   1.629055e+00 -9.866417e+00 2.000000e+00
    endloop
  endfacet
  facet normal 0.000000e+00 0.000000e+00 1.000000e+00
    outer loop
      vertex   1.629055e+00 -9.866417e+00 2.000000e+00
      vertex   1.273254e+00 -9.727182e+00 2.000000e+00
      vertex   1.413635e+00 -9.899578e+00 2.000000e+00
    endloop
  endfacet
  facet normal 0.000000e+00 0.000000e+00 1.000000e+00
    outer loop
      vertex   1.843702e+00 -9.828569e+00 2.000000e+00
      vertex   2.057472e+00 -9.786052e+00 2.000000e+00
      vertex   2.130425e+00 -9.576040e+00 2.000000e+00
    endloop
  endfacet
  facet normal 0.000000e+00 -0.000000e+00 1.000000e+00
    outer loop
      vertex   2.643298e+00 -7.284441e+00 2.000000e+00
      vertex   2.657465e+00 -7.279284e+00 2.000000e+00
      vertex   1.587713e+00 -2.750000e+00 2.000000e+00
    endloop
  endfacet
  facet normal 0.000000e+00 0.000000e+00 1.000000e+00
    outer loop
      vertex   1.587713e+00 -2.750000e+00 2.000000e+00
      vertex   2.657465e+00 -7.279284e+00 2.000000e+00
      vertex   2.671622e+00 -7.274101e+00 2.000000e+00
    endloop
  endfacet
  facet normal 0.000000e+00 0.000000e+00 1.000000e+00
    outer loop
      vertex   1.587713e+00 -2.750000e+00 2.000000e+00
      vertex   2.671622e+00 -7.274101e+00 2.000000e+00
      vertex   2.793926e+00 -7.243529e+00 2.000000e+00
    endloop
  endfacet
  facet normal 0.000000e+00 0.000000e+00 1.000000e+00
    outer loop
      vertex   1.587713e+00 -2.750000e+00 2.000000e+00
      vertex   2.793926e+00 -7.243529e+00 2.000000e+00
      vertex   4.809745e+00 -6.148555e+00 2.000000e+00
    endloop
  endfacet
  facet normal 0.000000e+00 0.000000e+00 1.000000e+00
    outer loop
      vertex   4.809745e+00 -6.148555e+00 2.000000e+00
      vertex   2.793926e+00 -7.243529e+00 2.000000e+00
      vertex   2.919932e+00 -7.239639e+00 2.000000e+00
    endloop
  endfacet
  facet normal 0.000000e+00 0.000000e+00 1.000000e+00
    outer loop
      vertex   4.809745e+00 -6.148555e+00 2.000000e+00
      vertex   2.919932e+00 -7.239639e+00 2.000000e+00
      vertex   4.767658e+00 -6.267389e+00 2.000000e+00
    endloop
  endfacet
  facet normal 0.000000e+00 0.000000e+00 1.000000e+00
    outer loop
      vertex   4.767658e+00 -6.267389e+00 2.000000e+00
      vertex   2.919932e+00 -7.239639e+00 2.000000e+00
      vertex   3.043889e+00 -7.262608e+00 2.000000e+00
    endloop
  endfacet
  facet normal 0.000000e+00 0.000000e+00 1.000000e+00
    outer loop
      vertex   4.767658e+00 -6.267389e+00 2.000000e+00
      vertex   3.043889e+00 -7.262608e+00 2.000000e+00
      vertex   4.751779e+00 -6.392452e+00 2.000000e+00
    endloop
  endfacet
  facet normal 0.000000e+00 0.000000e+00 1.000000e+00
    outer loop
      vertex   4.751779e+00 -6.392452e+00 2.000000e+00
      vertex   3.043889e+00 -7.262608e+00 2.000000e+00
      vertex   3.160137e+00 -7.311387e+00 2.000000e+00
    endloop
  endfacet
  facet normal 0.000000e+00 0.000000e+00 1.000000e+00
    outer loop
      vertex   4.751779e+00 -6.392452e+00 2.000000e+00
      vertex   3.160137e+00 -7.311387e+00 2.000000e+00
      vertex   4.762831e+00 -6.518034e+00 2.000000e+00
    endloop
  endfacet
  facet normal 0.000000e+00 0.000000e+00 1.000000e+00
    outer loop
      vertex   4.762831e+00 -6.518034e+00 2.000000e+00
      vertex   3.160137e+00 -7.311387e+00 2.000000e+00
      vertex   3.263367e+00 -7.383749e+00 2.000000e+00
    endloop
  endfacet
  facet normal 0.000000e+00 0.000000e+00 1.000000e+00
    outer loop
      vertex   4.762831e+00 -6.518034e+00 2.000000e+00
      vertex   3.263367e+00 -7.383749e+00 2.000000e+00
      vertex   4.800311e+00 -6.638400e+00 2.000000e+00
    endloop
  endfacet
  facet normal 0.000000e+00 0.000000e+00 1.000000e+00
    outer loop
      vertex   4.800311e+00 -6.638400e+00 2.000000e+00
      vertex   3.263367e+00 -7.383749e+00 2.000000e+00
      vertex   3.348868e+00 -7.476391e+00 2.000000e+00
    endloop
  endfacet
  facet normal 0.000000e+00 0.000000e+00 1.000000e+00
    outer loop
      vertex   4.800311e+00 -6.638400e+00 2.000000e+00
      vertex   3.348868e+00 -7.476391e+00 2.000000e+00
      vertex   4.862507e+00 -6.748057e+00 2.000000e+00
    endloop
  endfacet
  facet normal 0.000000e+00 0.000000e+00 1.000000e+00
    outer loop
      vertex   4.862507e+00 -6.748057e+00 2.000000e+00
      vertex   3.348868e+00 -7.476391e+00 2.000000e+00
      vertex   3.412735e+00 -7.585083e+00 2.000000e+00
    endloop
  endfacet
  facet normal 0.000000e+00 0.000000e+00 1.000000e+00
    outer loop
      vertex   4.862507e+00 -6.748057e+00 2.000000e+00
      vertex   3.412735e+00 -7.585083e+00 2.000000e+00
      vertex   4.944056e+00 -6.861568e+00 2.000000e+00
    endloop
  endfacet
  facet normal 0.000000e+00 0.000000e+00 1.000000e+00
    outer loop
      vertex   4.944056e+00 -6.861568e+00 2.000000e+00
      vertex   3.412735e+00 -7.585083e+00 2.000000e+00
      vertex   3.470264e+00 -7.712462e+00 2.000000e+00
    endloop
  endfacet
  facet normal 0.000000e+00 0.000000e+00 1.000000e+00
    outer loop
      vertex   4.944056e+00 -6.861568e+00 2.000000e+00
      vertex   3.470264e+00 -7.712462e+00 2.000000e+00
      vertex   4.993428e+00 -6.946931e+00 2.000000e+00
    endloop
  endfacet
  facet normal 0.000000e+00 0.000000e+00 1.000000e+00
    outer loop
      vertex   4.993428e+00 -6.946931e+00 2.000000e+00
      vertex   3.470264e+00 -7.712462e+00 2.000000e+00
      vertex   3.519505e+00 -7.797901e+00 2.000000e+00
    endloop
  endfacet
  facet normal 0.000000e+00 0.000000e+00 1.000000e+00
    outer loop
      vertex   4.993428e+00 -6.946931e+00 2.000000e+00
      vertex   3.519505e+00 -7.797901e+00 2.000000e+00
      vertex   5.035343e+00 -7.037266e+00 2.000000e+00
    endloop
  endfacet
  facet normal 0.000000e+00 0.000000e+00 1.000000e+00
    outer loop
      vertex   5.035343e+00 -7.037266e+00 2.000000e+00
      vertex   3.519505e+00 -7.797901e+00 2.000000e+00
      vertex   3.576779e+00 -7.879368e+00 2.000000e+00
    endloop
  endfacet
  facet normal 0.000000e+00 0.000000e+00 1.000000e+00
    outer loop
      vertex   5.035343e+00 -7.037266e+00 2.000000e+00
      vertex   3.576779e+00 -7.879368e+00 2.000000e+00
      vertex   5.106445e+00 -7.226036e+00 2.000000e+00
    endloop
  endfacet
  facet normal 0.000000e+00 0.000000e+00 1.000000e+00
    outer loop
      vertex   5.106445e+00 -7.226036e+00 2.000000e+00
      vertex   3.576779e+00 -7.879368e+00 2.000000e+00
      vertex   3.704709e+00 -8.035329e+00 2.000000e+00
    endloop
  endfacet
  facet normal 0.000000e+00 0.000000e+00 1.000000e+00
    outer loop
      vertex   5.106445e+00 -7.226036e+00 2.000000e+00
      vertex   3.704709e+00 -8.035329e+00 2.000000e+00
      vertex   5.163255e+00 -7.423297e+00 2.000000e+00
    endloop
  endfacet
  facet normal 0.000000e+00 0.000000e+00 1.000000e+00
    outer loop
      vertex   5.163255e+00 -7.423297e+00 2.000000e+00
      vertex   3.704709e+00 -8.035329e+00 2.000000e+00
      vertex   3.847136e+00 -8.183159e+00 2.000000e+00
    endloop
  endfacet
  facet normal 0.000000e+00 0.000000e+00 1.000000e+00
    outer loop
      vertex   5.163255e+00 -7.423297e+00 2.000000e+00
      vertex   3.847136e+00 -8.183159e+00 2.000000e+00
      vertex   5.207819e+00 -7.627269e+00 2.000000e+00
    endloop
  endfacet
  facet normal 0.000000e+00 0.000000e+00 1.000000e+00
    outer loop
      vertex   5.207819e+00 -7.627269e+00 2.000000e+00
      vertex   3.847136e+00 -8.183159e+00 2.000000e+00
      vertex   4.001499e+00 -8.323738e+00 2.000000e+00
    endloop
  endfacet
  facet normal 0.000000e+00 0.000000e+00 1.000000e+00
    outer loop
      vertex   5.207819e+00 -7.627269e+00 2.000000e+00
      vertex   4.001499e+00 -8.323738e+00 2.000000e+00
      vertex   5.241238e+00 -7.836855e+00 2.000000e+00
    endloop
  endfacet
  facet normal 0.000000e+00 0.000000e+00 1.000000e+00
    outer loop
      vertex   5.241238e+00 -7.836855e+00 2.000000e+00
      vertex   4.001499e+00 -8.323738e+00 2.000000e+00
      vertex   4.166297e+00 -8.457473e+00 2.000000e+00
    endloop
  endfacet
  facet normal 0.000000e+00 0.000000e+00 1.000000e+00
    outer loop
      vertex   5.241238e+00 -7.836855e+00 2.000000e+00
      vertex   4.166297e+00 -8.457473e+00 2.000000e+00
      vertex   5.264193e+00 -8.051268e+00 2.000000e+00
    endloop
  endfacet
  facet normal 0.000000e+00 0.000000e+00 1.000000e+00
    outer loop
      vertex   5.264193e+00 -8.051268e+00 2.000000e+00
      vertex   4.166297e+00 -8.457473e+00 2.000000e+00
      vertex   4.340506e+00 -8.584559e+00 2.000000e+00
    endloop
  endfacet
  facet normal 0.000000e+00 0.000000e+00 1.000000e+00
    outer loop
      vertex   5.264193e+00 -8.051268e+00 2.000000e+00
      vertex   4.340506e+00 -8.584559e+00 2.000000e+00
      vertex   5.277143e+00 -8.269886e+00 2.000000e+00
    endloop
  endfacet
  facet normal 0.000000e+00 0.000000e+00 1.000000e+00
    outer loop
      vertex   5.277143e+00 -8.269886e+00 2.000000e+00
      vertex   4.340506e+00 -8.584559e+00 2.000000e+00
      vertex   4.523360e+00 -8.705083e+00 2.000000e+00
    endloop
  endfacet
  facet normal 0.000000e+00 0.000000e+00 1.000000e+00
    outer loop
      vertex   5.277143e+00 -8.269886e+00 2.000000e+00
      vertex   4.523360e+00 -8.705083e+00 2.000000e+00
      vertex   5.094082e+00 -8.605250e+00 2.000000e+00
    endloop
  endfacet
  facet normal 0.000000e+00 0.000000e+00 1.000000e+00
    outer loop
      vertex   5.094082e+00 -8.605250e+00 2.000000e+00
      vertex   4.523360e+00 -8.705083e+00 2.000000e+00
      vertex   4.905325e+00 -8.714229e+00 2.000000e+00
    endloop
  endfacet
  facet normal 0.000000e+00 0.000000e+00 1.000000e+00
    outer loop
      vertex   4.905325e+00 -8.714229e+00 2.000000e+00
      vertex   4.523360e+00 -8.705083e+00 2.000000e+00
      vertex   4.714237e+00 -8.819068e+00 2.000000e+00
    endloop
  endfacet
  facet normal 0.000000e+00 0.000000e+00 1.000000e+00
    outer loop
      vertex   5.094082e+00 -8.605250e+00 2.000000e+00
      vertex   5.280418e+00 -8.492184e+00 2.000000e+00
      vertex   5.277143e+00 -8.269886e+00 2.000000e+00
    endloop
  endfacet
  facet normal 0.000000e+00 -0.000000e+00 1.000000e+00
    outer loop
      vertex   4.809745e+00 -6.148555e+00 2.000000e+00
      vertex   4.876117e+00 -6.041375e+00 2.000000e+00
      vertex   1.587713e+00 -2.750000e+00 2.000000e+00
    endloop
  endfacet
  facet normal 0.000000e+00 0.000000e+00 1.000000e+00
    outer loop
      vertex   1.587713e+00 -2.750000e+00 2.000000e+00
      vertex   4.876117e+00 -6.041375e+00 2.000000e+00
      vertex   4.963745e+00 -5.950742e+00 2.000000e+00
    endloop
  endfacet
  facet normal 0.000000e+00 0.000000e+00 1.000000e+00
    outer loop
      vertex   1.587713e+00 -2.750000e+00 2.000000e+00
      vertex   4.963745e+00 -5.950742e+00 2.000000e+00
      vertex   4.975313e+00 -5.941074e+00 2.000000e+00
    endloop
  endfacet
  facet normal 0.000000e+00 -0.000000e+00 1.000000e+00
    outer loop
      vertex   4.975313e+00 -5.941074e+00 2.000000e+00
      vertex   4.986862e+00 -5.931383e+00 2.000000e+00
      vertex   1.587713e+00 -2.750000e+00 2.000000e+00
    endloop
  endfacet
  facet normal 0.000000e+00 0.000000e+00 1.000000e+00
    outer loop
      vertex   1.587713e+00 -2.750000e+00 2.000000e+00
      vertex   4.986862e+00 -5.931383e+00 2.000000e+00
      vertex   4.998392e+00 -5.921670e+00 2.000000e+00
    endloop
  endfacet
  facet normal 0.000000e+00 0.000000e+00 1.000000e+00
    outer loop
      vertex   1.587713e+00 -2.750000e+00 2.000000e+00
      vertex   4.998392e+00 -5.921670e+00 2.000000e+00
      vertex   5.102864e+00 -5.851112e+00 2.000000e+00
    endloop
  endfacet
  facet normal 0.000000e+00 -0.000000e+00 1.000000e+00
    outer loop
      vertex   5.219941e+00 -5.804360e+00 2.000000e+00
      vertex   6.622612e+00 -4.132722e+00 2.000000e+00
      vertex   5.102864e+00 -5.851112e+00 2.000000e+00
    endloop
  endfacet
  facet normal 0.000000e+00 0.000000e+00 1.000000e+00
    outer loop
      vertex   5.102864e+00 -5.851112e+00 2.000000e+00
      vertex   6.622612e+00 -4.132722e+00 2.000000e+00
      vertex   6.648324e+00 -4.009305e+00 2.000000e+00
    endloop
  endfacet
  facet normal 0.000000e+00 -0.000000e+00 1.000000e+00
    outer loop
      vertex   5.102864e+00 -5.851112e+00 2.000000e+00
      vertex   6.648324e+00 -4.009305e+00 2.000000e+00
      vertex   1.587713e+00 -2.750000e+00 2.000000e+00
    endloop
  endfacet
  facet normal 0.000000e+00 0.000000e+00 1.000000e+00
    outer loop
      vertex   1.587713e+00 -2.750000e+00 2.000000e+00
      vertex   6.648324e+00 -4.009305e+00 2.000000e+00
      vertex   6.699668e+00 -3.894168e+00 2.000000e+00
    endloop
  endfacet
  facet normal 0.000000e+00 0.000000e+00 1.000000e+00
    outer loop
      vertex   1.587713e+00 -2.750000e+00 2.000000e+00
      vertex   6.699668e+00 -3.894168e+00 2.000000e+00
      vertex   6.707232e+00 -3.881126e+00 2.000000e+00
    endloop
  endfacet
  facet normal 0.000000e+00 0.000000e+00 1.000000e+00
    outer loop
      vertex   6.622612e+00 -4.132722e+00 2.000000e+00
      vertex   5.219941e+00 -5.804360e+00 2.000000e+00
      vertex   6.623707e+00 -4.258784e+00 2.000000e+00
    endloop
  endfacet
  facet normal 0.000000e+00 0.000000e+00 1.000000e+00
    outer loop
      vertex   6.623707e+00 -4.258784e+00 2.000000e+00
      vertex   5.219941e+00 -5.804360e+00 2.000000e+00
      vertex   5.344278e+00 -5.783548e+00 2.000000e+00
    endloop
  endfacet
  facet normal 0.000000e+00 0.000000e+00 1.000000e+00
    outer loop
      vertex   6.623707e+00 -4.258784e+00 2.000000e+00
      vertex   5.344278e+00 -5.783548e+00 2.000000e+00
      vertex   6.651559e+00 -4.381736e+00 2.000000e+00
    endloop
  endfacet
  facet normal 0.000000e+00 0.000000e+00 1.000000e+00
    outer loop
      vertex   6.651559e+00 -4.381736e+00 2.000000e+00
      vertex   5.344278e+00 -5.783548e+00 2.000000e+00
      vertex   5.470199e+00 -5.789626e+00 2.000000e+00
    endloop
  endfacet
  facet normal 0.000000e+00 0.000000e+00 1.000000e+00
    outer loop
      vertex   6.651559e+00 -4.381736e+00 2.000000e+00
      vertex   5.470199e+00 -5.789626e+00 2.000000e+00
      vertex   6.704896e+00 -4.495964e+00 2.000000e+00
    endloop
  endfacet
  facet normal 0.000000e+00 0.000000e+00 1.000000e+00
    outer loop
      vertex   6.704896e+00 -4.495964e+00 2.000000e+00
      vertex   5.470199e+00 -5.789626e+00 2.000000e+00
      vertex   5.591953e+00 -5.822318e+00 2.000000e+00
    endloop
  endfacet
  facet normal 0.000000e+00 0.000000e+00 1.000000e+00
    outer loop
      vertex   6.704896e+00 -4.495964e+00 2.000000e+00
      vertex   5.591953e+00 -5.822318e+00 2.000000e+00
      vertex   6.781283e+00 -4.596253e+00 2.000000e+00
    endloop
  endfacet
  facet normal 0.000000e+00 0.000000e+00 1.000000e+00
    outer loop
      vertex   6.781283e+00 -4.596253e+00 2.000000e+00
      vertex   5.591953e+00 -5.822318e+00 2.000000e+00
      vertex   5.703983e+00 -5.880129e+00 2.000000e+00
    endloop
  endfacet
  facet normal 0.000000e+00 0.000000e+00 1.000000e+00
    outer loop
      vertex   6.781283e+00 -4.596253e+00 2.000000e+00
      vertex   5.703983e+00 -5.880129e+00 2.000000e+00
      vertex   6.877233e+00 -4.678024e+00 2.000000e+00
    endloop
  endfacet
  facet normal 0.000000e+00 0.000000e+00 1.000000e+00
    outer loop
      vertex   6.877233e+00 -4.678024e+00 2.000000e+00
      vertex   5.703983e+00 -5.880129e+00 2.000000e+00
      vertex   5.801173e+00 -5.960422e+00 2.000000e+00
    endloop
  endfacet
  facet normal 0.000000e+00 0.000000e+00 1.000000e+00
    outer loop
      vertex   6.877233e+00 -4.678024e+00 2.000000e+00
      vertex   5.801173e+00 -5.960422e+00 2.000000e+00
      vertex   6.992687e+00 -4.756798e+00 2.000000e+00
    endloop
  endfacet
  facet normal 0.000000e+00 0.000000e+00 1.000000e+00
    outer loop
      vertex   6.992687e+00 -4.756798e+00 2.000000e+00
      vertex   5.801173e+00 -5.960422e+00 2.000000e+00
      vertex   5.898799e+00 -6.060443e+00 2.000000e+00
    endloop
  endfacet
  facet normal 0.000000e+00 0.000000e+00 1.000000e+00
    outer loop
      vertex   6.992687e+00 -4.756798e+00 2.000000e+00
      vertex   5.898799e+00 -6.060443e+00 2.000000e+00
      vertex   7.068278e+00 -4.820127e+00 2.000000e+00
    endloop
  endfacet
  facet normal 0.000000e+00 0.000000e+00 1.000000e+00
    outer loop
      vertex   7.068278e+00 -4.820127e+00 2.000000e+00
      vertex   5.898799e+00 -6.060443e+00 2.000000e+00
      vertex   5.974292e+00 -6.123889e+00 2.000000e+00
    endloop
  endfacet
  facet normal 0.000000e+00 0.000000e+00 1.000000e+00
    outer loop
      vertex   7.068278e+00 -4.820127e+00 2.000000e+00
      vertex   5.974292e+00 -6.123889e+00 2.000000e+00
      vertex   7.138561e+00 -4.890678e+00 2.000000e+00
    endloop
  endfacet
  facet normal 0.000000e+00 0.000000e+00 1.000000e+00
    outer loop
      vertex   7.138561e+00 -4.890678e+00 2.000000e+00
      vertex   5.974292e+00 -6.123889e+00 2.000000e+00
      vertex   6.055976e+00 -6.180853e+00 2.000000e+00
    endloop
  endfacet
  facet normal 0.000000e+00 0.000000e+00 1.000000e+00
    outer loop
      vertex   7.138561e+00 -4.890678e+00 2.000000e+00
      vertex   6.055976e+00 -6.180853e+00 2.000000e+00
      vertex   7.269938e+00 -5.043746e+00 2.000000e+00
    endloop
  endfacet
  facet normal 0.000000e+00 0.000000e+00 1.000000e+00
    outer loop
      vertex   7.269938e+00 -5.043746e+00 2.000000e+00
      vertex   6.055976e+00 -6.180853e+00 2.000000e+00
      vertex   6.229532e+00 -6.283654e+00 2.000000e+00
    endloop
  endfacet
  facet normal 0.000000e+00 0.000000e+00 1.000000e+00
    outer loop
      vertex   7.269938e+00 -5.043746e+00 2.000000e+00
      vertex   6.229532e+00 -6.283654e+00 2.000000e+00
      vertex   7.390790e+00 -5.209680e+00 2.000000e+00
    endloop
  endfacet
  facet normal 0.000000e+00 0.000000e+00 1.000000e+00
    outer loop
      vertex   7.390790e+00 -5.209680e+00 2.000000e+00
      vertex   6.229532e+00 -6.283654e+00 2.000000e+00
      vertex   6.413931e+00 -6.373856e+00 2.000000e+00
    endloop
  endfacet
  facet normal 0.000000e+00 0.000000e+00 1.000000e+00
    outer loop
      vertex   7.390790e+00 -5.209680e+00 2.000000e+00
      vertex   6.413931e+00 -6.373856e+00 2.000000e+00
      vertex   7.502429e+00 -5.386109e+00 2.000000e+00
    endloop
  endfacet
  facet normal 0.000000e+00 0.000000e+00 1.000000e+00
    outer loop
      vertex   7.502429e+00 -5.386109e+00 2.000000e+00
      vertex   6.413931e+00 -6.373856e+00 2.000000e+00
      vertex   6.607065e+00 -6.453162e+00 2.000000e+00
    endloop
  endfacet
  facet normal 0.000000e+00 0.000000e+00 1.000000e+00
    outer loop
      vertex   7.502429e+00 -5.386109e+00 2.000000e+00
      vertex   6.607065e+00 -6.453162e+00 2.000000e+00
      vertex   7.605515e+00 -5.571626e+00 2.000000e+00
    endloop
  endfacet
  facet normal 0.000000e+00 0.000000e+00 1.000000e+00
    outer loop
      vertex   7.605515e+00 -5.571626e+00 2.000000e+00
      vertex   6.607065e+00 -6.453162e+00 2.000000e+00
      vertex   6.807664e+00 -6.522467e+00 2.000000e+00
    endloop
  endfacet
  facet normal 0.000000e+00 0.000000e+00 1.000000e+00
    outer loop
      vertex   7.605515e+00 -5.571626e+00 2.000000e+00
      vertex   6.807664e+00 -6.522467e+00 2.000000e+00
      vertex   7.700419e+00 -5.765257e+00 2.000000e+00
    endloop
  endfacet
  facet normal 0.000000e+00 0.000000e+00 1.000000e+00
    outer loop
      vertex   7.700419e+00 -5.765257e+00 2.000000e+00
      vertex   6.807664e+00 -6.522467e+00 2.000000e+00
      vertex   7.014834e+00 -6.582306e+00 2.000000e+00
    endloop
  endfacet
  facet normal 0.000000e+00 0.000000e+00 1.000000e+00
    outer loop
      vertex   7.700419e+00 -5.765257e+00 2.000000e+00
      vertex   7.014834e+00 -6.582306e+00 2.000000e+00
      vertex   7.787360e+00 -5.966261e+00 2.000000e+00
    endloop
  endfacet
  facet normal 0.000000e+00 0.000000e+00 1.000000e+00
    outer loop
      vertex   7.787360e+00 -5.966261e+00 2.000000e+00
      vertex   7.014834e+00 -6.582306e+00 2.000000e+00
      vertex   7.730040e+00 -6.344012e+00 2.000000e+00
    endloop
  endfacet
  facet normal 0.000000e+00 0.000000e+00 1.000000e+00
    outer loop
      vertex   7.787360e+00 -5.966261e+00 2.000000e+00
      vertex   7.730040e+00 -6.344012e+00 2.000000e+00
      vertex   7.866468e+00 -6.174033e+00 2.000000e+00
    endloop
  endfacet
  facet normal 0.000000e+00 0.000000e+00 1.000000e+00
    outer loop
      vertex   7.730040e+00 -6.344012e+00 2.000000e+00
      vertex   7.014834e+00 -6.582306e+00 2.000000e+00
      vertex   7.589939e+00 -6.510977e+00 2.000000e+00
    endloop
  endfacet
  facet normal 0.000000e+00 0.000000e+00 1.000000e+00
    outer loop
      vertex   7.589939e+00 -6.510977e+00 2.000000e+00
      vertex   7.014834e+00 -6.582306e+00 2.000000e+00
      vertex   7.227881e+00 -6.633022e+00 2.000000e+00
    endloop
  endfacet
  facet normal 0.000000e+00 0.000000e+00 1.000000e+00
    outer loop
      vertex   7.589939e+00 -6.510977e+00 2.000000e+00
      vertex   7.227881e+00 -6.633022e+00 2.000000e+00
      vertex   7.446233e+00 -6.674849e+00 2.000000e+00
    endloop
  endfacet
  facet normal 0.000000e+00 -0.000000e+00 1.000000e+00
    outer loop
      vertex   6.707232e+00 -3.881126e+00 2.000000e+00
      vertex   6.714770e+00 -3.868070e+00 2.000000e+00
      vertex   1.587713e+00 -2.750000e+00 2.000000e+00
    endloop
  endfacet
  facet normal 0.000000e+00 0.000000e+00 1.000000e+00
    outer loop
      vertex   1.587713e+00 -2.750000e+00 2.000000e+00
      vertex   6.714770e+00 -3.868070e+00 2.000000e+00
      vertex   6.722283e+00 -3.854999e+00 2.000000e+00
    endloop
  endfacet
  facet normal 0.000000e+00 -0.000000e+00 1.000000e+00
    outer loop
      vertex   9.280103e+00 -3.725545e+00 2.000000e+00
      vertex   9.359095e+00 -3.522405e+00 2.000000e+00
      vertex   9.060614e+00 -3.760921e+00 2.000000e+00
    endloop
  endfacet
  facet normal 0.000000e+00 0.000000e+00 1.000000e+00
    outer loop
      vertex   9.060614e+00 -3.760921e+00 2.000000e+00
      vertex   9.359095e+00 -3.522405e+00 2.000000e+00
      vertex   9.207861e+00 -2.783871e+00 2.000000e+00
    endloop
  endfacet
  facet normal 0.000000e+00 -0.000000e+00 1.000000e+00
    outer loop
      vertex   9.359095e+00 -3.522405e+00 2.000000e+00
      vertex   9.433641e+00 -3.317592e+00 2.000000e+00
      vertex   9.207861e+00 -2.783871e+00 2.000000e+00
    endloop
  endfacet
  facet normal 0.000000e+00 0.000000e+00 1.000000e+00
    outer loop
      vertex   9.207861e+00 -2.783871e+00 2.000000e+00
      vertex   9.433641e+00 -3.317592e+00 2.000000e+00
      vertex   9.358306e+00 -2.943018e+00 2.000000e+00
    endloop
  endfacet
  facet normal 0.000000e+00 0.000000e+00 1.000000e+00
    outer loop
      vertex   9.358306e+00 -2.943018e+00 2.000000e+00
      vertex   9.433641e+00 -3.317592e+00 2.000000e+00
      vertex   9.503706e+00 -3.111202e+00 2.000000e+00
    endloop
  endfacet
  facet normal 9.844681e-01 -1.755638e-01 0.000000e+00
    outer loop
      vertex   7.627513e+00 -1.367899e+00 2.000000e+00
      vertex   7.627513e+00 -1.367899e+00 2.000000e-01
      vertex   7.630160e+00 -1.353057e+00 2.000000e+00
    endloop
  endfacet
  facet normal 9.844681e-01 -1.755638e-01 0.000000e+00
    outer loop
      vertex   7.630160e+00 -1.353057e+00 2.000000e+00
      vertex   7.627513e+00 -1.367899e+00 2.000000e-01
      vertex   7.630160e+00 -1.353057e+00 2.000000e-01
    endloop
  endfacet
  facet normal 9.848078e-01 -1.736482e-01 0.000000e+00
    outer loop
      vertex   7.630160e+00 -1.353057e+00 2.000000e+00
      vertex   7.630160e+00 -1.353057e+00 2.000000e-01
      vertex   7.632778e+00 -1.338210e+00 2.000000e+00
    endloop
  endfacet
  facet normal 9.848078e-01 -1.736482e-01 0.000000e+00
    outer loop
      vertex   7.632778e+00 -1.338210e+00 2.000000e+00
      vertex   7.630160e+00 -1.353057e+00 2.000000e-01
      vertex   7.632778e+00 -1.338210e+00 2.000000e-01
    endloop
  endfacet
  facet normal 9.851437e-01 -1.717319e-01 0.000000e+00
    outer loop
      vertex   7.632778e+00 -1.338210e+00 2.000000e+00
      vertex   7.632778e+00 -1.338210e+00 2.000000e-01
      vertex   7.635367e+00 -1.323358e+00 2.000000e+00
    endloop
  endfacet
  facet normal 9.851437e-01 -1.717319e-01 -5.284709e-16
    outer loop
      vertex   7.635367e+00 -1.323358e+00 2.000000e+00
      vertex   7.632778e+00 -1.338210e+00 2.000000e-01
      vertex   7.635367e+00 -1.323358e+00 2.000000e-01
    endloop
  endfacet
endsolid
