solid ASCII
  facet normal 7.019830e-01 7.378139e-02 -7.083616e-01
    outer loop
      vertex   8.853278e+01 4.968813e+01 -4.200000e+01
      vertex   8.728386e+01 4.956981e+01 -4.325000e+01
      vertex   8.850000e+01 5.000000e+01 -4.200000e+01
    endloop
  endfacet
  facet normal 7.060144e-01 5.556454e-02 -7.060144e-01
    outer loop
      vertex   8.850000e+01 5.000000e+01 -4.200000e+01
      vertex   8.728386e+01 4.956981e+01 -4.325000e+01
      vertex   8.725000e+01 5.000000e+01 -4.325000e+01
    endloop
  endfacet
  facet normal 7.060144e-01 -5.556454e-02 -7.060144e-01
    outer loop
      vertex   8.850000e+01 5.000000e+01 -4.200000e+01
      vertex   8.725000e+01 5.000000e+01 -4.325000e+01
      vertex   8.728386e+01 5.043019e+01 -4.325000e+01
    endloop
  endfacet
  facet normal 6.897630e-01 1.655974e-01 -7.048436e-01
    outer loop
      vertex   8.728386e+01 4.956981e+01 -4.325000e+01
      vertex   8.853278e+01 4.968813e+01 -4.200000e+01
      vertex   8.738459e+01 4.915020e+01 -4.325000e+01
    endloop
  endfacet
  facet normal 6.702917e-01 2.177910e-01 -7.094195e-01
    outer loop
      vertex   8.738459e+01 4.915020e+01 -4.325000e+01
      vertex   8.853278e+01 4.968813e+01 -4.200000e+01
      vertex   8.862968e+01 4.938990e+01 -4.200000e+01
    endloop
  endfacet
  facet normal 6.553657e-01 2.714614e-01 -7.048436e-01
    outer loop
      vertex   8.738459e+01 4.915020e+01 -4.325000e+01
      vertex   8.862968e+01 4.938990e+01 -4.200000e+01
      vertex   8.754973e+01 4.875153e+01 -4.325000e+01
    endloop
  endfacet
  facet normal 6.112838e-01 3.529249e-01 -7.083616e-01
    outer loop
      vertex   8.754973e+01 4.875153e+01 -4.325000e+01
      vertex   8.862968e+01 4.938990e+01 -4.200000e+01
      vertex   8.878647e+01 4.911832e+01 -4.200000e+01
    endloop
  endfacet
  facet normal 6.038376e-01 3.700322e-01 -7.060144e-01
    outer loop
      vertex   8.754973e+01 4.875153e+01 -4.325000e+01
      vertex   8.878647e+01 4.911832e+01 -4.200000e+01
      vertex   8.777520e+01 4.838359e+01 -4.325000e+01
    endloop
  endfacet
  facet normal 5.385176e-01 4.599375e-01 -7.060144e-01
    outer loop
      vertex   8.777520e+01 4.838359e+01 -4.325000e+01
      vertex   8.878647e+01 4.911832e+01 -4.200000e+01
      vertex   8.805546e+01 4.805546e+01 -4.325000e+01
    endloop
  endfacet
  facet normal 5.245486e-01 4.723056e-01 -7.083616e-01
    outer loop
      vertex   8.805546e+01 4.805546e+01 -4.325000e+01
      vertex   8.878647e+01 4.911832e+01 -4.200000e+01
      vertex   8.899630e+01 4.888528e+01 -4.200000e+01
    endloop
  endfacet
  facet normal 4.606942e-01 5.394036e-01 -7.048436e-01
    outer loop
      vertex   8.805546e+01 4.805546e+01 -4.325000e+01
      vertex   8.899630e+01 4.888528e+01 -4.200000e+01
      vertex   8.838359e+01 4.777520e+01 -4.325000e+01
    endloop
  endfacet
  facet normal 4.142631e-01 5.701842e-01 -7.094195e-01
    outer loop
      vertex   8.838359e+01 4.777520e+01 -4.325000e+01
      vertex   8.899630e+01 4.888528e+01 -4.200000e+01
      vertex   8.925000e+01 4.870096e+01 -4.200000e+01
    endloop
  endfacet
  facet normal 3.706410e-01 6.048311e-01 -7.048436e-01
    outer loop
      vertex   8.838359e+01 4.777520e+01 -4.325000e+01
      vertex   8.925000e+01 4.870096e+01 -4.200000e+01
      vertex   8.875153e+01 4.754973e+01 -4.325000e+01
    endloop
  endfacet
  facet normal 2.870949e-01 6.448258e-01 -7.083616e-01
    outer loop
      vertex   8.875153e+01 4.754973e+01 -4.325000e+01
      vertex   8.925000e+01 4.870096e+01 -4.200000e+01
      vertex   8.953647e+01 4.857342e+01 -4.200000e+01
    endloop
  endfacet
  facet normal 2.710155e-01 6.542892e-01 -7.060144e-01
    outer loop
      vertex   8.875153e+01 4.754973e+01 -4.325000e+01
      vertex   8.953647e+01 4.857342e+01 -4.200000e+01
      vertex   8.915020e+01 4.738459e+01 -4.325000e+01
    endloop
  endfacet
  facet normal 1.653254e-01 6.886300e-01 -7.060144e-01
    outer loop
      vertex   8.915020e+01 4.738459e+01 -4.325000e+01
      vertex   8.953647e+01 4.857342e+01 -4.200000e+01
      vertex   8.956981e+01 4.728386e+01 -4.325000e+01
    endloop
  endfacet
  facet normal 1.467544e-01 6.904252e-01 -7.083616e-01
    outer loop
      vertex   8.956981e+01 4.728386e+01 -4.325000e+01
      vertex   8.953647e+01 4.857342e+01 -4.200000e+01
      vertex   8.984321e+01 4.850822e+01 -4.200000e+01
    endloop
  endfacet
  facet normal 5.565596e-02 7.071760e-01 -7.048436e-01
    outer loop
      vertex   8.956981e+01 4.728386e+01 -4.325000e+01
      vertex   8.984321e+01 4.850822e+01 -4.200000e+01
      vertex   9.000000e+01 4.725000e+01 -4.325000e+01
    endloop
  endfacet
  facet normal 0.000000e+00 7.047865e-01 -7.094195e-01
    outer loop
      vertex   9.000000e+01 4.725000e+01 -4.325000e+01
      vertex   8.984321e+01 4.850822e+01 -4.200000e+01
      vertex   9.015679e+01 4.850822e+01 -4.200000e+01
    endloop
  endfacet
  facet normal -5.565596e-02 7.071760e-01 -7.048436e-01
    outer loop
      vertex   9.000000e+01 4.725000e+01 -4.325000e+01
      vertex   9.015679e+01 4.850822e+01 -4.200000e+01
      vertex   9.043019e+01 4.728386e+01 -4.325000e+01
    endloop
  endfacet
  facet normal -1.467544e-01 6.904252e-01 -7.083616e-01
    outer loop
      vertex   9.043019e+01 4.728386e+01 -4.325000e+01
      vertex   9.015679e+01 4.850822e+01 -4.200000e+01
      vertex   9.046353e+01 4.857342e+01 -4.200000e+01
    endloop
  endfacet
  facet normal -1.653254e-01 6.886300e-01 -7.060144e-01
    outer loop
      vertex   9.043019e+01 4.728386e+01 -4.325000e+01
      vertex   9.046353e+01 4.857342e+01 -4.200000e+01
      vertex   9.084980e+01 4.738459e+01 -4.325000e+01
    endloop
  endfacet
  facet normal -2.710155e-01 6.542892e-01 -7.060144e-01
    outer loop
      vertex   9.084980e+01 4.738459e+01 -4.325000e+01
      vertex   9.046353e+01 4.857342e+01 -4.200000e+01
      vertex   9.124847e+01 4.754973e+01 -4.325000e+01
    endloop
  endfacet
  facet normal -2.870949e-01 6.448258e-01 -7.083616e-01
    outer loop
      vertex   9.124847e+01 4.754973e+01 -4.325000e+01
      vertex   9.046353e+01 4.857342e+01 -4.200000e+01
      vertex   9.075000e+01 4.870096e+01 -4.200000e+01
    endloop
  endfacet
  facet normal -3.706410e-01 6.048311e-01 -7.048436e-01
    outer loop
      vertex   9.124847e+01 4.754973e+01 -4.325000e+01
      vertex   9.075000e+01 4.870096e+01 -4.200000e+01
      vertex   9.161641e+01 4.777520e+01 -4.325000e+01
    endloop
  endfacet
  facet normal -4.142631e-01 5.701842e-01 -7.094195e-01
    outer loop
      vertex   9.161641e+01 4.777520e+01 -4.325000e+01
      vertex   9.075000e+01 4.870096e+01 -4.200000e+01
      vertex   9.100370e+01 4.888528e+01 -4.200000e+01
    endloop
  endfacet
  facet normal -4.606942e-01 5.394036e-01 -7.048436e-01
    outer loop
      vertex   9.161641e+01 4.777520e+01 -4.325000e+01
      vertex   9.100370e+01 4.888528e+01 -4.200000e+01
      vertex   9.194454e+01 4.805546e+01 -4.325000e+01
    endloop
  endfacet
  facet normal -5.245486e-01 4.723056e-01 -7.083616e-01
    outer loop
      vertex   9.194454e+01 4.805546e+01 -4.325000e+01
      vertex   9.100370e+01 4.888528e+01 -4.200000e+01
      vertex   9.121353e+01 4.911832e+01 -4.200000e+01
    endloop
  endfacet
  facet normal -5.385176e-01 4.599375e-01 -7.060144e-01
    outer loop
      vertex   9.194454e+01 4.805546e+01 -4.325000e+01
      vertex   9.121353e+01 4.911832e+01 -4.200000e+01
      vertex   9.222480e+01 4.838359e+01 -4.325000e+01
    endloop
  endfacet
  facet normal -6.038376e-01 3.700322e-01 -7.060144e-01
    outer loop
      vertex   9.222480e+01 4.838359e+01 -4.325000e+01
      vertex   9.121353e+01 4.911832e+01 -4.200000e+01
      vertex   9.245027e+01 4.875153e+01 -4.325000e+01
    endloop
  endfacet
  facet normal -6.112838e-01 3.529249e-01 -7.083616e-01
    outer loop
      vertex   9.245027e+01 4.875153e+01 -4.325000e+01
      vertex   9.121353e+01 4.911832e+01 -4.200000e+01
      vertex   9.137032e+01 4.938990e+01 -4.200000e+01
    endloop
  endfacet
  facet normal -6.553657e-01 2.714614e-01 -7.048436e-01
    outer loop
      vertex   9.245027e+01 4.875153e+01 -4.325000e+01
      vertex   9.137032e+01 4.938990e+01 -4.200000e+01
      vertex   9.261541e+01 4.915020e+01 -4.325000e+01
    endloop
  endfacet
  facet normal -6.702917e-01 2.177910e-01 -7.094195e-01
    outer loop
      vertex   9.261541e+01 4.915020e+01 -4.325000e+01
      vertex   9.137032e+01 4.938990e+01 -4.200000e+01
      vertex   9.146722e+01 4.968813e+01 -4.200000e+01
    endloop
  endfacet
  facet normal -6.897630e-01 1.655974e-01 -7.048436e-01
    outer loop
      vertex   9.261541e+01 4.915020e+01 -4.325000e+01
      vertex   9.146722e+01 4.968813e+01 -4.200000e+01
      vertex   9.271614e+01 4.956981e+01 -4.325000e+01
    endloop
  endfacet
  facet normal -7.019830e-01 7.378139e-02 -7.083616e-01
    outer loop
      vertex   9.271614e+01 4.956981e+01 -4.325000e+01
      vertex   9.146722e+01 4.968813e+01 -4.200000e+01
      vertex   9.150000e+01 5.000000e+01 -4.200000e+01
    endloop
  endfacet
  facet normal -7.060144e-01 5.556454e-02 -7.060144e-01
    outer loop
      vertex   9.271614e+01 4.956981e+01 -4.325000e+01
      vertex   9.150000e+01 5.000000e+01 -4.200000e+01
      vertex   9.275000e+01 5.000000e+01 -4.325000e+01
    endloop
  endfacet
  facet normal -7.060144e-01 -5.556454e-02 -7.060144e-01
    outer loop
      vertex   9.275000e+01 5.000000e+01 -4.325000e+01
      vertex   9.150000e+01 5.000000e+01 -4.200000e+01
      vertex   9.271614e+01 5.043019e+01 -4.325000e+01
    endloop
  endfacet
  facet normal -7.019830e-01 -7.378139e-02 -7.083616e-01
    outer loop
      vertex   9.271614e+01 5.043019e+01 -4.325000e+01
      vertex   9.150000e+01 5.000000e+01 -4.200000e+01
      vertex   9.146722e+01 5.031187e+01 -4.200000e+01
    endloop
  endfacet
  facet normal -6.897630e-01 -1.655974e-01 -7.048436e-01
    outer loop
      vertex   9.271614e+01 5.043019e+01 -4.325000e+01
      vertex   9.146722e+01 5.031187e+01 -4.200000e+01
      vertex   9.261541e+01 5.084980e+01 -4.325000e+01
    endloop
  endfacet
  facet normal -6.702917e-01 -2.177910e-01 -7.094195e-01
    outer loop
      vertex   9.261541e+01 5.084980e+01 -4.325000e+01
      vertex   9.146722e+01 5.031187e+01 -4.200000e+01
      vertex   9.137032e+01 5.061010e+01 -4.200000e+01
    endloop
  endfacet
  facet normal -6.553657e-01 -2.714614e-01 -7.048436e-01
    outer loop
      vertex   9.261541e+01 5.084980e+01 -4.325000e+01
      vertex   9.137032e+01 5.061010e+01 -4.200000e+01
      vertex   9.245027e+01 5.124847e+01 -4.325000e+01
    endloop
  endfacet
  facet normal -6.112838e-01 -3.529249e-01 -7.083616e-01
    outer loop
      vertex   9.245027e+01 5.124847e+01 -4.325000e+01
      vertex   9.137032e+01 5.061010e+01 -4.200000e+01
      vertex   9.121353e+01 5.088168e+01 -4.200000e+01
    endloop
  endfacet
  facet normal -6.038376e-01 -3.700322e-01 -7.060144e-01
    outer loop
      vertex   9.245027e+01 5.124847e+01 -4.325000e+01
      vertex   9.121353e+01 5.088168e+01 -4.200000e+01
      vertex   9.222480e+01 5.161641e+01 -4.325000e+01
    endloop
  endfacet
  facet normal -5.385176e-01 -4.599375e-01 -7.060144e-01
    outer loop
      vertex   9.222480e+01 5.161641e+01 -4.325000e+01
      vertex   9.121353e+01 5.088168e+01 -4.200000e+01
      vertex   9.194454e+01 5.194454e+01 -4.325000e+01
    endloop
  endfacet
  facet normal -5.245486e-01 -4.723056e-01 -7.083616e-01
    outer loop
      vertex   9.194454e+01 5.194454e+01 -4.325000e+01
      vertex   9.121353e+01 5.088168e+01 -4.200000e+01
      vertex   9.100370e+01 5.111472e+01 -4.200000e+01
    endloop
  endfacet
  facet normal -4.606942e-01 -5.394036e-01 -7.048436e-01
    outer loop
      vertex   9.194454e+01 5.194454e+01 -4.325000e+01
      vertex   9.100370e+01 5.111472e+01 -4.200000e+01
      vertex   9.161641e+01 5.222480e+01 -4.325000e+01
    endloop
  endfacet
  facet normal -4.142631e-01 -5.701842e-01 -7.094195e-01
    outer loop
      vertex   9.161641e+01 5.222480e+01 -4.325000e+01
      vertex   9.100370e+01 5.111472e+01 -4.200000e+01
      vertex   9.075000e+01 5.129904e+01 -4.200000e+01
    endloop
  endfacet
  facet normal -3.706410e-01 -6.048311e-01 -7.048436e-01
    outer loop
      vertex   9.161641e+01 5.222480e+01 -4.325000e+01
      vertex   9.075000e+01 5.129904e+01 -4.200000e+01
      vertex   9.124847e+01 5.245027e+01 -4.325000e+01
    endloop
  endfacet
  facet normal -2.870949e-01 -6.448258e-01 -7.083616e-01
    outer loop
      vertex   9.124847e+01 5.245027e+01 -4.325000e+01
      vertex   9.075000e+01 5.129904e+01 -4.200000e+01
      vertex   9.046353e+01 5.142658e+01 -4.200000e+01
    endloop
  endfacet
  facet normal -2.710155e-01 -6.542892e-01 -7.060144e-01
    outer loop
      vertex   9.124847e+01 5.245027e+01 -4.325000e+01
      vertex   9.046353e+01 5.142658e+01 -4.200000e+01
      vertex   9.084980e+01 5.261541e+01 -4.325000e+01
    endloop
  endfacet
  facet normal -1.653254e-01 -6.886300e-01 -7.060144e-01
    outer loop
      vertex   9.084980e+01 5.261541e+01 -4.325000e+01
      vertex   9.046353e+01 5.142658e+01 -4.200000e+01
      vertex   9.043019e+01 5.271614e+01 -4.325000e+01
    endloop
  endfacet
  facet normal -1.467544e-01 -6.904252e-01 -7.083616e-01
    outer loop
      vertex   9.043019e+01 5.271614e+01 -4.325000e+01
      vertex   9.046353e+01 5.142658e+01 -4.200000e+01
      vertex   9.015679e+01 5.149178e+01 -4.200000e+01
    endloop
  endfacet
  facet normal -5.565596e-02 -7.071760e-01 -7.048436e-01
    outer loop
      vertex   9.043019e+01 5.271614e+01 -4.325000e+01
      vertex   9.015679e+01 5.149178e+01 -4.200000e+01
      vertex   9.000000e+01 5.275000e+01 -4.325000e+01
    endloop
  endfacet
  facet normal 0.000000e+00 -7.047865e-01 -7.094195e-01
    outer loop
      vertex   9.000000e+01 5.275000e+01 -4.325000e+01
      vertex   9.015679e+01 5.149178e+01 -4.200000e+01
      vertex   8.984321e+01 5.149178e+01 -4.200000e+01
    endloop
  endfacet
  facet normal 5.565596e-02 -7.071760e-01 -7.048436e-01
    outer loop
      vertex   9.000000e+01 5.275000e+01 -4.325000e+01
      vertex   8.984321e+01 5.149178e+01 -4.200000e+01
      vertex   8.956981e+01 5.271614e+01 -4.325000e+01
    endloop
  endfacet
  facet normal 1.467544e-01 -6.904252e-01 -7.083616e-01
    outer loop
      vertex   8.956981e+01 5.271614e+01 -4.325000e+01
      vertex   8.984321e+01 5.149178e+01 -4.200000e+01
      vertex   8.953647e+01 5.142658e+01 -4.200000e+01
    endloop
  endfacet
  facet normal 1.653254e-01 -6.886300e-01 -7.060144e-01
    outer loop
      vertex   8.956981e+01 5.271614e+01 -4.325000e+01
      vertex   8.953647e+01 5.142658e+01 -4.200000e+01
      vertex   8.915020e+01 5.261541e+01 -4.325000e+01
    endloop
  endfacet
  facet normal 2.710155e-01 -6.542892e-01 -7.060144e-01
    outer loop
      vertex   8.915020e+01 5.261541e+01 -4.325000e+01
      vertex   8.953647e+01 5.142658e+01 -4.200000e+01
      vertex   8.875153e+01 5.245027e+01 -4.325000e+01
    endloop
  endfacet
  facet normal 2.870949e-01 -6.448258e-01 -7.083616e-01
    outer loop
      vertex   8.875153e+01 5.245027e+01 -4.325000e+01
      vertex   8.953647e+01 5.142658e+01 -4.200000e+01
      vertex   8.925000e+01 5.129904e+01 -4.200000e+01
    endloop
  endfacet
  facet normal 3.706410e-01 -6.048311e-01 -7.048436e-01
    outer loop
      vertex   8.875153e+01 5.245027e+01 -4.325000e+01
      vertex   8.925000e+01 5.129904e+01 -4.200000e+01
      vertex   8.838359e+01 5.222480e+01 -4.325000e+01
    endloop
  endfacet
  facet normal 4.142631e-01 -5.701842e-01 -7.094195e-01
    outer loop
      vertex   8.838359e+01 5.222480e+01 -4.325000e+01
      vertex   8.925000e+01 5.129904e+01 -4.200000e+01
      vertex   8.899630e+01 5.111472e+01 -4.200000e+01
    endloop
  endfacet
  facet normal 4.606942e-01 -5.394036e-01 -7.048436e-01
    outer loop
      vertex   8.838359e+01 5.222480e+01 -4.325000e+01
      vertex   8.899630e+01 5.111472e+01 -4.200000e+01
      vertex   8.805546e+01 5.194454e+01 -4.325000e+01
    endloop
  endfacet
  facet normal 5.245486e-01 -4.723056e-01 -7.083616e-01
    outer loop
      vertex   8.805546e+01 5.194454e+01 -4.325000e+01
      vertex   8.899630e+01 5.111472e+01 -4.200000e+01
      vertex   8.878647e+01 5.088168e+01 -4.200000e+01
    endloop
  endfacet
  facet normal 5.385176e-01 -4.599375e-01 -7.060144e-01
    outer loop
      vertex   8.805546e+01 5.194454e+01 -4.325000e+01
      vertex   8.878647e+01 5.088168e+01 -4.200000e+01
      vertex   8.777520e+01 5.161641e+01 -4.325000e+01
    endloop
  endfacet
  facet normal 6.038376e-01 -3.700322e-01 -7.060144e-01
    outer loop
      vertex   8.777520e+01 5.161641e+01 -4.325000e+01
      vertex   8.878647e+01 5.088168e+01 -4.200000e+01
      vertex   8.754973e+01 5.124847e+01 -4.325000e+01
    endloop
  endfacet
  facet normal 6.112838e-01 -3.529249e-01 -7.083616e-01
    outer loop
      vertex   8.754973e+01 5.124847e+01 -4.325000e+01
      vertex   8.878647e+01 5.088168e+01 -4.200000e+01
      vertex   8.862968e+01 5.061010e+01 -4.200000e+01
    endloop
  endfacet
  facet normal 6.553657e-01 -2.714614e-01 -7.048436e-01
    outer loop
      vertex   8.754973e+01 5.124847e+01 -4.325000e+01
      vertex   8.862968e+01 5.061010e+01 -4.200000e+01
      vertex   8.738459e+01 5.084980e+01 -4.325000e+01
    endloop
  endfacet
  facet normal 6.702917e-01 -2.177910e-01 -7.094195e-01
    outer loop
      vertex   8.738459e+01 5.084980e+01 -4.325000e+01
      vertex   8.862968e+01 5.061010e+01 -4.200000e+01
      vertex   8.853278e+01 5.031187e+01 -4.200000e+01
    endloop
  endfacet
  facet normal 6.897630e-01 -1.655974e-01 -7.048436e-01
    outer loop
      vertex   8.738459e+01 5.084980e+01 -4.325000e+01
      vertex   8.853278e+01 5.031187e+01 -4.200000e+01
      vertex   8.728386e+01 5.043019e+01 -4.325000e+01
    endloop
  endfacet
  facet normal 7.019830e-01 -7.378139e-02 -7.083616e-01
    outer loop
      vertex   8.728386e+01 5.043019e+01 -4.325000e+01
      vertex   8.853278e+01 5.031187e+01 -4.200000e+01
      vertex   8.850000e+01 5.000000e+01 -4.200000e+01
    endloop
  endfacet
  facet normal 9.969173e-01 -7.845910e-02 0.000000e+00
    outer loop
      vertex   8.728386e+01 5.043019e+01 -4.700000e+01
      vertex   8.728386e+01 5.043019e+01 -4.325000e+01
      vertex   8.725000e+01 5.000000e+01 -4.700000e+01
    endloop
  endfacet
  facet normal 9.969173e-01 -7.845910e-02 0.000000e+00
    outer loop
      vertex   8.725000e+01 5.000000e+01 -4.700000e+01
      vertex   8.728386e+01 5.043019e+01 -4.325000e+01
      vertex   8.725000e+01 5.000000e+01 -4.325000e+01
    endloop
  endfacet
  facet normal 9.969173e-01 7.845910e-02 -0.000000e+00
    outer loop
      vertex   8.725000e+01 5.000000e+01 -4.700000e+01
      vertex   8.725000e+01 5.000000e+01 -4.325000e+01
      vertex   8.728386e+01 4.956981e+01 -4.700000e+01
    endloop
  endfacet
  facet normal 9.969173e-01 7.845910e-02 -0.000000e+00
    outer loop
      vertex   8.728386e+01 4.956981e+01 -4.700000e+01
      vertex   8.725000e+01 5.000000e+01 -4.325000e+01
      vertex   8.728386e+01 4.956981e+01 -4.325000e+01
    endloop
  endfacet
  facet normal 9.723699e-01 2.334454e-01 -0.000000e+00
    outer loop
      vertex   8.728386e+01 4.956981e+01 -4.700000e+01
      vertex   8.728386e+01 4.956981e+01 -4.325000e+01
      vertex   8.738459e+01 4.915020e+01 -4.700000e+01
    endloop
  endfacet
  facet normal 9.723699e-01 2.334454e-01 -0.000000e+00
    outer loop
      vertex   8.738459e+01 4.915020e+01 -4.700000e+01
      vertex   8.728386e+01 4.956981e+01 -4.325000e+01
      vertex   8.738459e+01 4.915020e+01 -4.325000e+01
    endloop
  endfacet
  facet normal 9.238795e-01 3.826834e-01 -0.000000e+00
    outer loop
      vertex   8.738459e+01 4.915020e+01 -4.700000e+01
      vertex   8.738459e+01 4.915020e+01 -4.325000e+01
      vertex   8.754973e+01 4.875153e+01 -4.700000e+01
    endloop
  endfacet
  facet normal 9.238795e-01 3.826834e-01 -0.000000e+00
    outer loop
      vertex   8.754973e+01 4.875153e+01 -4.700000e+01
      vertex   8.738459e+01 4.915020e+01 -4.325000e+01
      vertex   8.754973e+01 4.875153e+01 -4.325000e+01
    endloop
  endfacet
  facet normal 8.526402e-01 5.224986e-01 -0.000000e+00
    outer loop
      vertex   8.754973e+01 4.875153e+01 -4.700000e+01
      vertex   8.754973e+01 4.875153e+01 -4.325000e+01
      vertex   8.777520e+01 4.838359e+01 -4.700000e+01
    endloop
  endfacet
  facet normal 8.526402e-01 5.224986e-01 -0.000000e+00
    outer loop
      vertex   8.777520e+01 4.838359e+01 -4.700000e+01
      vertex   8.754973e+01 4.875153e+01 -4.325000e+01
      vertex   8.777520e+01 4.838359e+01 -4.325000e+01
    endloop
  endfacet
  facet normal 7.604060e-01 6.494480e-01 -0.000000e+00
    outer loop
      vertex   8.777520e+01 4.838359e+01 -4.700000e+01
      vertex   8.777520e+01 4.838359e+01 -4.325000e+01
      vertex   8.805546e+01 4.805546e+01 -4.700000e+01
    endloop
  endfacet
  facet normal 7.604060e-01 6.494480e-01 -0.000000e+00
    outer loop
      vertex   8.805546e+01 4.805546e+01 -4.700000e+01
      vertex   8.777520e+01 4.838359e+01 -4.325000e+01
      vertex   8.805546e+01 4.805546e+01 -4.325000e+01
    endloop
  endfacet
  facet normal 6.494480e-01 7.604060e-01 -0.000000e+00
    outer loop
      vertex   8.805546e+01 4.805546e+01 -4.700000e+01
      vertex   8.805546e+01 4.805546e+01 -4.325000e+01
      vertex   8.838359e+01 4.777520e+01 -4.700000e+01
    endloop
  endfacet
  facet normal 6.494480e-01 7.604060e-01 -0.000000e+00
    outer loop
      vertex   8.838359e+01 4.777520e+01 -4.700000e+01
      vertex   8.805546e+01 4.805546e+01 -4.325000e+01
      vertex   8.838359e+01 4.777520e+01 -4.325000e+01
    endloop
  endfacet
  facet normal 5.224986e-01 8.526402e-01 -0.000000e+00
    outer loop
      vertex   8.838359e+01 4.777520e+01 -4.700000e+01
      vertex   8.838359e+01 4.777520e+01 -4.325000e+01
      vertex   8.875153e+01 4.754973e+01 -4.700000e+01
    endloop
  endfacet
  facet normal 5.224986e-01 8.526402e-01 -0.000000e+00
    outer loop
      vertex   8.875153e+01 4.754973e+01 -4.700000e+01
      vertex   8.838359e+01 4.777520e+01 -4.325000e+01
      vertex   8.875153e+01 4.754973e+01 -4.325000e+01
    endloop
  endfacet
  facet normal 3.826834e-01 9.238795e-01 -0.000000e+00
    outer loop
      vertex   8.875153e+01 4.754973e+01 -4.700000e+01
      vertex   8.875153e+01 4.754973e+01 -4.325000e+01
      vertex   8.915020e+01 4.738459e+01 -4.700000e+01
    endloop
  endfacet
  facet normal 3.826834e-01 9.238795e-01 -0.000000e+00
    outer loop
      vertex   8.915020e+01 4.738459e+01 -4.700000e+01
      vertex   8.875153e+01 4.754973e+01 -4.325000e+01
      vertex   8.915020e+01 4.738459e+01 -4.325000e+01
    endloop
  endfacet
  facet normal 2.334454e-01 9.723699e-01 -0.000000e+00
    outer loop
      vertex   8.915020e+01 4.738459e+01 -4.700000e+01
      vertex   8.915020e+01 4.738459e+01 -4.325000e+01
      vertex   8.956981e+01 4.728386e+01 -4.700000e+01
    endloop
  endfacet
  facet normal 2.334454e-01 9.723699e-01 -0.000000e+00
    outer loop
      vertex   8.956981e+01 4.728386e+01 -4.700000e+01
      vertex   8.915020e+01 4.738459e+01 -4.325000e+01
      vertex   8.956981e+01 4.728386e+01 -4.325000e+01
    endloop
  endfacet
  facet normal 7.845910e-02 9.969173e-01 -0.000000e+00
    outer loop
      vertex   8.956981e+01 4.728386e+01 -4.700000e+01
      vertex   8.956981e+01 4.728386e+01 -4.325000e+01
      vertex   9.000000e+01 4.725000e+01 -4.700000e+01
    endloop
  endfacet
  facet normal 7.845910e-02 9.969173e-01 -0.000000e+00
    outer loop
      vertex   9.000000e+01 4.725000e+01 -4.700000e+01
      vertex   8.956981e+01 4.728386e+01 -4.325000e+01
      vertex   9.000000e+01 4.725000e+01 -4.325000e+01
    endloop
  endfacet
  facet normal -7.845910e-02 9.969173e-01 0.000000e+00
    outer loop
      vertex   9.000000e+01 4.725000e+01 -4.700000e+01
      vertex   9.000000e+01 4.725000e+01 -4.325000e+01
      vertex   9.043019e+01 4.728386e+01 -4.700000e+01
    endloop
  endfacet
  facet normal -7.845910e-02 9.969173e-01 0.000000e+00
    outer loop
      vertex   9.043019e+01 4.728386e+01 -4.700000e+01
      vertex   9.000000e+01 4.725000e+01 -4.325000e+01
      vertex   9.043019e+01 4.728386e+01 -4.325000e+01
    endloop
  endfacet
  facet normal -2.334454e-01 9.723699e-01 0.000000e+00
    outer loop
      vertex   9.043019e+01 4.728386e+01 -4.700000e+01
      vertex   9.043019e+01 4.728386e+01 -4.325000e+01
      vertex   9.084980e+01 4.738459e+01 -4.700000e+01
    endloop
  endfacet
  facet normal -2.334454e-01 9.723699e-01 0.000000e+00
    outer loop
      vertex   9.084980e+01 4.738459e+01 -4.700000e+01
      vertex   9.043019e+01 4.728386e+01 -4.325000e+01
      vertex   9.084980e+01 4.738459e+01 -4.325000e+01
    endloop
  endfacet
  facet normal -3.826834e-01 9.238795e-01 0.000000e+00
    outer loop
      vertex   9.084980e+01 4.738459e+01 -4.700000e+01
      vertex   9.084980e+01 4.738459e+01 -4.325000e+01
      vertex   9.124847e+01 4.754973e+01 -4.700000e+01
    endloop
  endfacet
  facet normal -3.826834e-01 9.238795e-01 0.000000e+00
    outer loop
      vertex   9.124847e+01 4.754973e+01 -4.700000e+01
      vertex   9.084980e+01 4.738459e+01 -4.325000e+01
      vertex   9.124847e+01 4.754973e+01 -4.325000e+01
    endloop
  endfacet
  facet normal -5.224986e-01 8.526402e-01 0.000000e+00
    outer loop
      vertex   9.124847e+01 4.754973e+01 -4.700000e+01
      vertex   9.124847e+01 4.754973e+01 -4.325000e+01
      vertex   9.161641e+01 4.777520e+01 -4.700000e+01
    endloop
  endfacet
  facet normal -5.224986e-01 8.526402e-01 0.000000e+00
    outer loop
      vertex   9.161641e+01 4.777520e+01 -4.700000e+01
      vertex   9.124847e+01 4.754973e+01 -4.325000e+01
      vertex   9.161641e+01 4.777520e+01 -4.325000e+01
    endloop
  endfacet
  facet normal -6.494480e-01 7.604060e-01 0.000000e+00
    outer loop
      vertex   9.161641e+01 4.777520e+01 -4.700000e+01
      vertex   9.161641e+01 4.777520e+01 -4.325000e+01
      vertex   9.194454e+01 4.805546e+01 -4.700000e+01
    endloop
  endfacet
  facet normal -6.494480e-01 7.604060e-01 0.000000e+00
    outer loop
      vertex   9.194454e+01 4.805546e+01 -4.700000e+01
      vertex   9.161641e+01 4.777520e+01 -4.325000e+01
      vertex   9.194454e+01 4.805546e+01 -4.325000e+01
    endloop
  endfacet
  facet normal -7.604060e-01 6.494480e-01 0.000000e+00
    outer loop
      vertex   9.194454e+01 4.805546e+01 -4.700000e+01
      vertex   9.194454e+01 4.805546e+01 -4.325000e+01
      vertex   9.222480e+01 4.838359e+01 -4.700000e+01
    endloop
  endfacet
  facet normal -7.604060e-01 6.494480e-01 0.000000e+00
    outer loop
      vertex   9.222480e+01 4.838359e+01 -4.700000e+01
      vertex   9.194454e+01 4.805546e+01 -4.325000e+01
      vertex   9.222480e+01 4.838359e+01 -4.325000e+01
    endloop
  endfacet
  facet normal -8.526402e-01 5.224986e-01 0.000000e+00
    outer loop
      vertex   9.222480e+01 4.838359e+01 -4.700000e+01
      vertex   9.222480e+01 4.838359e+01 -4.325000e+01
      vertex   9.245027e+01 4.875153e+01 -4.700000e+01
    endloop
  endfacet
  facet normal -8.526402e-01 5.224986e-01 0.000000e+00
    outer loop
      vertex   9.245027e+01 4.875153e+01 -4.700000e+01
      vertex   9.222480e+01 4.838359e+01 -4.325000e+01
      vertex   9.245027e+01 4.875153e+01 -4.325000e+01
    endloop
  endfacet
  facet normal -9.238795e-01 3.826834e-01 0.000000e+00
    outer loop
      vertex   9.245027e+01 4.875153e+01 -4.700000e+01
      vertex   9.245027e+01 4.875153e+01 -4.325000e+01
      vertex   9.261541e+01 4.915020e+01 -4.700000e+01
    endloop
  endfacet
  facet normal -9.238795e-01 3.826834e-01 0.000000e+00
    outer loop
      vertex   9.261541e+01 4.915020e+01 -4.700000e+01
      vertex   9.245027e+01 4.875153e+01 -4.325000e+01
      vertex   9.261541e+01 4.915020e+01 -4.325000e+01
    endloop
  endfacet
  facet normal -9.723699e-01 2.334454e-01 0.000000e+00
    outer loop
      vertex   9.261541e+01 4.915020e+01 -4.700000e+01
      vertex   9.261541e+01 4.915020e+01 -4.325000e+01
      vertex   9.271614e+01 4.956981e+01 -4.700000e+01
    endloop
  endfacet
  facet normal -9.723699e-01 2.334454e-01 0.000000e+00
    outer loop
      vertex   9.271614e+01 4.956981e+01 -4.700000e+01
      vertex   9.261541e+01 4.915020e+01 -4.325000e+01
      vertex   9.271614e+01 4.956981e+01 -4.325000e+01
    endloop
  endfacet
  facet normal -9.969173e-01 7.845910e-02 0.000000e+00
    outer loop
      vertex   9.271614e+01 4.956981e+01 -4.700000e+01
      vertex   9.271614e+01 4.956981e+01 -4.325000e+01
      vertex   9.275000e+01 5.000000e+01 -4.700000e+01
    endloop
  endfacet
  facet normal -9.969173e-01 7.845910e-02 0.000000e+00
    outer loop
      vertex   9.275000e+01 5.000000e+01 -4.700000e+01
      vertex   9.271614e+01 4.956981e+01 -4.325000e+01
      vertex   9.275000e+01 5.000000e+01 -4.325000e+01
    endloop
  endfacet
  facet normal -9.969173e-01 -7.845910e-02 0.000000e+00
    outer loop
      vertex   9.275000e+01 5.000000e+01 -4.700000e+01
      vertex   9.275000e+01 5.000000e+01 -4.325000e+01
      vertex   9.271614e+01 5.043019e+01 -4.700000e+01
    endloop
  endfacet
  facet normal -9.969173e-01 -7.845910e-02 0.000000e+00
    outer loop
      vertex   9.271614e+01 5.043019e+01 -4.700000e+01
      vertex   9.275000e+01 5.000000e+01 -4.325000e+01
      vertex   9.271614e+01 5.043019e+01 -4.325000e+01
    endloop
  endfacet
  facet normal -9.723699e-01 -2.334454e-01 0.000000e+00
    outer loop
      vertex   9.271614e+01 5.043019e+01 -4.700000e+01
      vertex   9.271614e+01 5.043019e+01 -4.325000e+01
      vertex   9.261541e+01 5.084980e+01 -4.700000e+01
    endloop
  endfacet
  facet normal -9.723699e-01 -2.334454e-01 0.000000e+00
    outer loop
      vertex   9.261541e+01 5.084980e+01 -4.700000e+01
      vertex   9.271614e+01 5.043019e+01 -4.325000e+01
      vertex   9.261541e+01 5.084980e+01 -4.325000e+01
    endloop
  endfacet
  facet normal -9.238795e-01 -3.826834e-01 0.000000e+00
    outer loop
      vertex   9.261541e+01 5.084980e+01 -4.700000e+01
      vertex   9.261541e+01 5.084980e+01 -4.325000e+01
      vertex   9.245027e+01 5.124847e+01 -4.700000e+01
    endloop
  endfacet
  facet normal -9.238795e-01 -3.826834e-01 0.000000e+00
    outer loop
      vertex   9.245027e+01 5.124847e+01 -4.700000e+01
      vertex   9.261541e+01 5.084980e+01 -4.325000e+01
      vertex   9.245027e+01 5.124847e+01 -4.325000e+01
    endloop
  endfacet
  facet normal -8.526402e-01 -5.224986e-01 0.000000e+00
    outer loop
      vertex   9.245027e+01 5.124847e+01 -4.700000e+01
      vertex   9.245027e+01 5.124847e+01 -4.325000e+01
      vertex   9.222480e+01 5.161641e+01 -4.700000e+01
    endloop
  endfacet
  facet normal -8.526402e-01 -5.224986e-01 0.000000e+00
    outer loop
      vertex   9.222480e+01 5.161641e+01 -4.700000e+01
      vertex   9.245027e+01 5.124847e+01 -4.325000e+01
      vertex   9.222480e+01 5.161641e+01 -4.325000e+01
    endloop
  endfacet
  facet normal -7.604060e-01 -6.494480e-01 0.000000e+00
    outer loop
      vertex   9.222480e+01 5.161641e+01 -4.700000e+01
      vertex   9.222480e+01 5.161641e+01 -4.325000e+01
      vertex   9.194454e+01 5.194454e+01 -4.700000e+01
    endloop
  endfacet
  facet normal -7.604060e-01 -6.494480e-01 0.000000e+00
    outer loop
      vertex   9.194454e+01 5.194454e+01 -4.700000e+01
      vertex   9.222480e+01 5.161641e+01 -4.325000e+01
      vertex   9.194454e+01 5.194454e+01 -4.325000e+01
    endloop
  endfacet
  facet normal -6.494480e-01 -7.604060e-01 0.000000e+00
    outer loop
      vertex   9.194454e+01 5.194454e+01 -4.700000e+01
      vertex   9.194454e+01 5.194454e+01 -4.325000e+01
      vertex   9.161641e+01 5.222480e+01 -4.700000e+01
    endloop
  endfacet
  facet normal -6.494480e-01 -7.604060e-01 0.000000e+00
    outer loop
      vertex   9.161641e+01 5.222480e+01 -4.700000e+01
      vertex   9.194454e+01 5.194454e+01 -4.325000e+01
      vertex   9.161641e+01 5.222480e+01 -4.325000e+01
    endloop
  endfacet
  facet normal -5.224986e-01 -8.526402e-01 0.000000e+00
    outer loop
      vertex   9.161641e+01 5.222480e+01 -4.700000e+01
      vertex   9.161641e+01 5.222480e+01 -4.325000e+01
      vertex   9.124847e+01 5.245027e+01 -4.700000e+01
    endloop
  endfacet
  facet normal -5.224986e-01 -8.526402e-01 0.000000e+00
    outer loop
      vertex   9.124847e+01 5.245027e+01 -4.700000e+01
      vertex   9.161641e+01 5.222480e+01 -4.325000e+01
      vertex   9.124847e+01 5.245027e+01 -4.325000e+01
    endloop
  endfacet
  facet normal -3.826834e-01 -9.238795e-01 0.000000e+00
    outer loop
      vertex   9.124847e+01 5.245027e+01 -4.700000e+01
      vertex   9.124847e+01 5.245027e+01 -4.325000e+01
      vertex   9.084980e+01 5.261541e+01 -4.700000e+01
    endloop
  endfacet
  facet normal -3.826834e-01 -9.238795e-01 0.000000e+00
    outer loop
      vertex   9.084980e+01 5.261541e+01 -4.700000e+01
      vertex   9.124847e+01 5.245027e+01 -4.325000e+01
      vertex   9.084980e+01 5.261541e+01 -4.325000e+01
    endloop
  endfacet
  facet normal -2.334454e-01 -9.723699e-01 0.000000e+00
    outer loop
      vertex   9.084980e+01 5.261541e+01 -4.700000e+01
      vertex   9.084980e+01 5.261541e+01 -4.325000e+01
      vertex   9.043019e+01 5.271614e+01 -4.700000e+01
    endloop
  endfacet
  facet normal -2.334454e-01 -9.723699e-01 0.000000e+00
    outer loop
      vertex   9.043019e+01 5.271614e+01 -4.700000e+01
      vertex   9.084980e+01 5.261541e+01 -4.325000e+01
      vertex   9.043019e+01 5.271614e+01 -4.325000e+01
    endloop
  endfacet
  facet normal -7.845910e-02 -9.969173e-01 0.000000e+00
    outer loop
      vertex   9.043019e+01 5.271614e+01 -4.700000e+01
      vertex   9.043019e+01 5.271614e+01 -4.325000e+01
      vertex   9.000000e+01 5.275000e+01 -4.700000e+01
    endloop
  endfacet
  facet normal -7.845910e-02 -9.969173e-01 0.000000e+00
    outer loop
      vertex   9.000000e+01 5.275000e+01 -4.700000e+01
      vertex   9.043019e+01 5.271614e+01 -4.325000e+01
      vertex   9.000000e+01 5.275000e+01 -4.325000e+01
    endloop
  endfacet
  facet normal 7.845910e-02 -9.969173e-01 0.000000e+00
    outer loop
      vertex   9.000000e+01 5.275000e+01 -4.700000e+01
      vertex   9.000000e+01 5.275000e+01 -4.325000e+01
      vertex   8.956981e+01 5.271614e+01 -4.700000e+01
    endloop
  endfacet
  facet normal 7.845910e-02 -9.969173e-01 0.000000e+00
    outer loop
      vertex   8.956981e+01 5.271614e+01 -4.700000e+01
      vertex   9.000000e+01 5.275000e+01 -4.325000e+01
      vertex   8.956981e+01 5.271614e+01 -4.325000e+01
    endloop
  endfacet
  facet normal 2.334454e-01 -9.723699e-01 0.000000e+00
    outer loop
      vertex   8.956981e+01 5.271614e+01 -4.700000e+01
      vertex   8.956981e+01 5.271614e+01 -4.325000e+01
      vertex   8.915020e+01 5.261541e+01 -4.700000e+01
    endloop
  endfacet
  facet normal 2.334454e-01 -9.723699e-01 0.000000e+00
    outer loop
      vertex   8.915020e+01 5.261541e+01 -4.700000e+01
      vertex   8.956981e+01 5.271614e+01 -4.325000e+01
      vertex   8.915020e+01 5.261541e+01 -4.325000e+01
    endloop
  endfacet
  facet normal 3.826834e-01 -9.238795e-01 0.000000e+00
    outer loop
      vertex   8.915020e+01 5.261541e+01 -4.700000e+01
      vertex   8.915020e+01 5.261541e+01 -4.325000e+01
      vertex   8.875153e+01 5.245027e+01 -4.700000e+01
    endloop
  endfacet
  facet normal 3.826834e-01 -9.238795e-01 0.000000e+00
    outer loop
      vertex   8.875153e+01 5.245027e+01 -4.700000e+01
      vertex   8.915020e+01 5.261541e+01 -4.325000e+01
      vertex   8.875153e+01 5.245027e+01 -4.325000e+01
    endloop
  endfacet
  facet normal 5.224986e-01 -8.526402e-01 0.000000e+00
    outer loop
      vertex   8.875153e+01 5.245027e+01 -4.700000e+01
      vertex   8.875153e+01 5.245027e+01 -4.325000e+01
      vertex   8.838359e+01 5.222480e+01 -4.700000e+01
    endloop
  endfacet
  facet normal 5.224986e-01 -8.526402e-01 0.000000e+00
    outer loop
      vertex   8.838359e+01 5.222480e+01 -4.700000e+01
      vertex   8.875153e+01 5.245027e+01 -4.325000e+01
      vertex   8.838359e+01 5.222480e+01 -4.325000e+01
    endloop
  endfacet
  facet normal 6.494480e-01 -7.604060e-01 0.000000e+00
    outer loop
      vertex   8.838359e+01 5.222480e+01 -4.700000e+01
      vertex   8.838359e+01 5.222480e+01 -4.325000e+01
      vertex   8.805546e+01 5.194454e+01 -4.700000e+01
    endloop
  endfacet
  facet normal 6.494480e-01 -7.604060e-01 0.000000e+00
    outer loop
      vertex   8.805546e+01 5.194454e+01 -4.700000e+01
      vertex   8.838359e+01 5.222480e+01 -4.325000e+01
      vertex   8.805546e+01 5.194454e+01 -4.325000e+01
    endloop
  endfacet
  facet normal 7.604060e-01 -6.494480e-01 0.000000e+00
    outer loop
      vertex   8.805546e+01 5.194454e+01 -4.700000e+01
      vertex   8.805546e+01 5.194454e+01 -4.325000e+01
      vertex   8.777520e+01 5.161641e+01 -4.700000e+01
    endloop
  endfacet
  facet normal 7.604060e-01 -6.494480e-01 0.000000e+00
    outer loop
      vertex   8.777520e+01 5.161641e+01 -4.700000e+01
      vertex   8.805546e+01 5.194454e+01 -4.325000e+01
      vertex   8.777520e+01 5.161641e+01 -4.325000e+01
    endloop
  endfacet
  facet normal 8.526402e-01 -5.224986e-01 0.000000e+00
    outer loop
      vertex   8.777520e+01 5.161641e+01 -4.700000e+01
      vertex   8.777520e+01 5.161641e+01 -4.325000e+01
      vertex   8.754973e+01 5.124847e+01 -4.700000e+01
    endloop
  endfacet
  facet normal 8.526402e-01 -5.224986e-01 0.000000e+00
    outer loop
      vertex   8.754973e+01 5.124847e+01 -4.700000e+01
      vertex   8.777520e+01 5.161641e+01 -4.325000e+01
      vertex   8.754973e+01 5.124847e+01 -4.325000e+01
    endloop
  endfacet
  facet normal 9.238795e-01 -3.826834e-01 0.000000e+00
    outer loop
      vertex   8.754973e+01 5.124847e+01 -4.700000e+01
      vertex   8.754973e+01 5.124847e+01 -4.325000e+01
      vertex   8.738459e+01 5.084980e+01 -4.700000e+01
    endloop
  endfacet
  facet normal 9.238795e-01 -3.826834e-01 0.000000e+00
    outer loop
      vertex   8.738459e+01 5.084980e+01 -4.700000e+01
      vertex   8.754973e+01 5.124847e+01 -4.325000e+01
      vertex   8.738459e+01 5.084980e+01 -4.325000e+01
    endloop
  endfacet
  facet normal 9.723699e-01 -2.334454e-01 0.000000e+00
    outer loop
      vertex   8.738459e+01 5.084980e+01 -4.700000e+01
      vertex   8.738459e+01 5.084980e+01 -4.325000e+01
      vertex   8.728386e+01 5.043019e+01 -4.700000e+01
    endloop
  endfacet
  facet normal 9.723699e-01 -2.334454e-01 0.000000e+00
    outer loop
      vertex   8.728386e+01 5.043019e+01 -4.700000e+01
      vertex   8.738459e+01 5.084980e+01 -4.325000e+01
      vertex   8.728386e+01 5.043019e+01 -4.325000e+01
    endloop
  endfacet
  facet normal 9.945219e-01 1.045285e-01 0.000000e+00
    outer loop
      vertex   8.853278e+01 4.518813e+01 -4.500000e+00
      vertex   8.853278e+01 4.518813e+01 -1.100000e+01
      vertex   8.850000e+01 4.550000e+01 -4.500000e+00
    endloop
  endfacet
  facet normal 9.945219e-01 1.045285e-01 0.000000e+00
    outer loop
      vertex   8.850000e+01 4.550000e+01 -4.500000e+00
      vertex   8.853278e+01 4.518813e+01 -1.100000e+01
      vertex   8.850000e+01 4.550000e+01 -1.100000e+01
    endloop
  endfacet
  facet normal 9.945219e-01 -1.045285e-01 0.000000e+00
    outer loop
      vertex   8.850000e+01 4.550000e+01 -4.500000e+00
      vertex   8.850000e+01 4.550000e+01 -1.100000e+01
      vertex   8.853278e+01 4.581187e+01 -4.500000e+00
    endloop
  endfacet
  facet normal 9.945219e-01 -1.045285e-01 0.000000e+00
    outer loop
      vertex   8.853278e+01 4.581187e+01 -4.500000e+00
      vertex   8.850000e+01 4.550000e+01 -1.100000e+01
      vertex   8.853278e+01 4.581187e+01 -1.100000e+01
    endloop
  endfacet
  facet normal 9.510565e-01 -3.090170e-01 0.000000e+00
    outer loop
      vertex   8.853278e+01 4.581187e+01 -4.500000e+00
      vertex   8.853278e+01 4.581187e+01 -1.100000e+01
      vertex   8.862968e+01 4.611010e+01 -1.100000e+01
    endloop
  endfacet
  facet normal 9.510565e-01 3.090170e-01 0.000000e+00
    outer loop
      vertex   8.853278e+01 4.518813e+01 -4.500000e+00
      vertex   8.862968e+01 4.488990e+01 -4.500000e+00
      vertex   8.853278e+01 4.518813e+01 -1.100000e+01
    endloop
  endfacet
  facet normal 9.510565e-01 3.090170e-01 0.000000e+00
    outer loop
      vertex   8.853278e+01 4.518813e+01 -1.100000e+01
      vertex   8.862968e+01 4.488990e+01 -4.500000e+00
      vertex   8.862968e+01 4.488990e+01 -1.100000e+01
    endloop
  endfacet
  facet normal 8.660254e-01 5.000000e-01 -0.000000e+00
    outer loop
      vertex   8.862968e+01 4.488990e+01 -1.100000e+01
      vertex   8.862968e+01 4.488990e+01 -4.500000e+00
      vertex   8.878647e+01 4.461832e+01 -4.500000e+00
    endloop
  endfacet
  facet normal 8.660254e-01 5.000000e-01 0.000000e+00
    outer loop
      vertex   8.862968e+01 4.488990e+01 -1.100000e+01
      vertex   8.878647e+01 4.461832e+01 -4.500000e+00
      vertex   8.878647e+01 4.461832e+01 -1.100000e+01
    endloop
  endfacet
  facet normal 7.431448e-01 6.691306e-01 -0.000000e+00
    outer loop
      vertex   8.878647e+01 4.461832e+01 -1.100000e+01
      vertex   8.878647e+01 4.461832e+01 -4.500000e+00
      vertex   8.899630e+01 4.438528e+01 -4.500000e+00
    endloop
  endfacet
  facet normal 7.431448e-01 6.691306e-01 0.000000e+00
    outer loop
      vertex   8.878647e+01 4.461832e+01 -1.100000e+01
      vertex   8.899630e+01 4.438528e+01 -4.500000e+00
      vertex   8.899630e+01 4.438528e+01 -1.100000e+01
    endloop
  endfacet
  facet normal 5.877853e-01 8.090170e-01 -0.000000e+00
    outer loop
      vertex   8.899630e+01 4.438528e+01 -1.100000e+01
      vertex   8.899630e+01 4.438528e+01 -4.500000e+00
      vertex   8.925000e+01 4.420096e+01 -4.500000e+00
    endloop
  endfacet
  facet normal 5.877853e-01 8.090170e-01 0.000000e+00
    outer loop
      vertex   8.899630e+01 4.438528e+01 -1.100000e+01
      vertex   8.925000e+01 4.420096e+01 -4.500000e+00
      vertex   8.925000e+01 4.420096e+01 -1.100000e+01
    endloop
  endfacet
  facet normal 4.067366e-01 9.135455e-01 -0.000000e+00
    outer loop
      vertex   8.925000e+01 4.420096e+01 -1.100000e+01
      vertex   8.925000e+01 4.420096e+01 -4.500000e+00
      vertex   8.953647e+01 4.407342e+01 -4.500000e+00
    endloop
  endfacet
  facet normal 4.067366e-01 9.135455e-01 0.000000e+00
    outer loop
      vertex   8.925000e+01 4.420096e+01 -1.100000e+01
      vertex   8.953647e+01 4.407342e+01 -4.500000e+00
      vertex   8.953647e+01 4.407342e+01 -1.100000e+01
    endloop
  endfacet
  facet normal 2.079117e-01 9.781476e-01 -0.000000e+00
    outer loop
      vertex   8.953647e+01 4.407342e+01 -1.100000e+01
      vertex   8.953647e+01 4.407342e+01 -4.500000e+00
      vertex   8.984321e+01 4.400822e+01 -4.500000e+00
    endloop
  endfacet
  facet normal 2.079117e-01 9.781476e-01 0.000000e+00
    outer loop
      vertex   8.953647e+01 4.407342e+01 -1.100000e+01
      vertex   8.984321e+01 4.400822e+01 -4.500000e+00
      vertex   8.984321e+01 4.400822e+01 -1.100000e+01
    endloop
  endfacet
  facet normal 0.000000e+00 1.000000e+00 0.000000e+00
    outer loop
      vertex   8.984321e+01 4.400822e+01 -1.100000e+01
      vertex   8.984321e+01 4.400822e+01 -4.500000e+00
      vertex   9.015679e+01 4.400822e+01 -4.500000e+00
    endloop
  endfacet
  facet normal 0.000000e+00 1.000000e+00 0.000000e+00
    outer loop
      vertex   8.984321e+01 4.400822e+01 -1.100000e+01
      vertex   9.015679e+01 4.400822e+01 -4.500000e+00
      vertex   9.015679e+01 4.400822e+01 -1.100000e+01
    endloop
  endfacet
  facet normal -2.079117e-01 9.781476e-01 0.000000e+00
    outer loop
      vertex   9.015679e+01 4.400822e+01 -1.100000e+01
      vertex   9.015679e+01 4.400822e+01 -4.500000e+00
      vertex   9.046353e+01 4.407342e+01 -4.500000e+00
    endloop
  endfacet
  facet normal -2.079117e-01 9.781476e-01 0.000000e+00
    outer loop
      vertex   9.015679e+01 4.400822e+01 -1.100000e+01
      vertex   9.046353e+01 4.407342e+01 -4.500000e+00
      vertex   9.046353e+01 4.407342e+01 -1.100000e+01
    endloop
  endfacet
  facet normal -4.067366e-01 9.135455e-01 0.000000e+00
    outer loop
      vertex   9.046353e+01 4.407342e+01 -1.100000e+01
      vertex   9.046353e+01 4.407342e+01 -4.500000e+00
      vertex   9.075000e+01 4.420096e+01 -4.500000e+00
    endloop
  endfacet
  facet normal -4.067366e-01 9.135455e-01 0.000000e+00
    outer loop
      vertex   9.046353e+01 4.407342e+01 -1.100000e+01
      vertex   9.075000e+01 4.420096e+01 -4.500000e+00
      vertex   9.075000e+01 4.420096e+01 -1.100000e+01
    endloop
  endfacet
  facet normal -5.877853e-01 8.090170e-01 0.000000e+00
    outer loop
      vertex   9.075000e+01 4.420096e+01 -1.100000e+01
      vertex   9.075000e+01 4.420096e+01 -4.500000e+00
      vertex   9.100370e+01 4.438528e+01 -4.500000e+00
    endloop
  endfacet
  facet normal -5.877853e-01 8.090170e-01 0.000000e+00
    outer loop
      vertex   9.075000e+01 4.420096e+01 -1.100000e+01
      vertex   9.100370e+01 4.438528e+01 -4.500000e+00
      vertex   9.100370e+01 4.438528e+01 -1.100000e+01
    endloop
  endfacet
  facet normal -7.431448e-01 6.691306e-01 0.000000e+00
    outer loop
      vertex   9.100370e+01 4.438528e+01 -1.100000e+01
      vertex   9.100370e+01 4.438528e+01 -4.500000e+00
      vertex   9.121353e+01 4.461832e+01 -4.500000e+00
    endloop
  endfacet
  facet normal -7.431448e-01 6.691306e-01 0.000000e+00
    outer loop
      vertex   9.100370e+01 4.438528e+01 -1.100000e+01
      vertex   9.121353e+01 4.461832e+01 -4.500000e+00
      vertex   9.121353e+01 4.461832e+01 -1.100000e+01
    endloop
  endfacet
  facet normal -8.660254e-01 5.000000e-01 0.000000e+00
    outer loop
      vertex   9.121353e+01 4.461832e+01 -1.100000e+01
      vertex   9.121353e+01 4.461832e+01 -4.500000e+00
      vertex   9.137032e+01 4.488990e+01 -4.500000e+00
    endloop
  endfacet
  facet normal -8.660254e-01 5.000000e-01 0.000000e+00
    outer loop
      vertex   9.121353e+01 4.461832e+01 -1.100000e+01
      vertex   9.137032e+01 4.488990e+01 -4.500000e+00
      vertex   9.137032e+01 4.488990e+01 -1.100000e+01
    endloop
  endfacet
  facet normal -9.510565e-01 3.090170e-01 0.000000e+00
    outer loop
      vertex   9.137032e+01 4.488990e+01 -1.100000e+01
      vertex   9.137032e+01 4.488990e+01 -4.500000e+00
      vertex   9.146722e+01 4.518813e+01 -4.500000e+00
    endloop
  endfacet
  facet normal -9.510565e-01 3.090170e-01 0.000000e+00
    outer loop
      vertex   9.137032e+01 4.488990e+01 -1.100000e+01
      vertex   9.146722e+01 4.518813e+01 -4.500000e+00
      vertex   9.146722e+01 4.518813e+01 -1.100000e+01
    endloop
  endfacet
  facet normal -9.945219e-01 1.045285e-01 0.000000e+00
    outer loop
      vertex   9.146722e+01 4.518813e+01 -1.100000e+01
      vertex   9.146722e+01 4.518813e+01 -4.500000e+00
      vertex   9.150000e+01 4.550000e+01 -4.500000e+00
    endloop
  endfacet
  facet normal -9.945219e-01 1.045285e-01 0.000000e+00
    outer loop
      vertex   9.146722e+01 4.518813e+01 -1.100000e+01
      vertex   9.150000e+01 4.550000e+01 -4.500000e+00
      vertex   9.150000e+01 4.550000e+01 -1.100000e+01
    endloop
  endfacet
  facet normal -9.945219e-01 -1.045285e-01 0.000000e+00
    outer loop
      vertex   9.150000e+01 4.550000e+01 -1.100000e+01
      vertex   9.150000e+01 4.550000e+01 -4.500000e+00
      vertex   9.146722e+01 4.581187e+01 -4.500000e+00
    endloop
  endfacet
  facet normal -9.945219e-01 -1.045285e-01 0.000000e+00
    outer loop
      vertex   9.150000e+01 4.550000e+01 -1.100000e+01
      vertex   9.146722e+01 4.581187e+01 -4.500000e+00
      vertex   9.146722e+01 4.581187e+01 -1.100000e+01
    endloop
  endfacet
  facet normal -9.510565e-01 -3.090170e-01 0.000000e+00
    outer loop
      vertex   9.146722e+01 4.581187e+01 -1.100000e+01
      vertex   9.146722e+01 4.581187e+01 -4.500000e+00
      vertex   9.137032e+01 4.611010e+01 -4.500000e+00
    endloop
  endfacet
  facet normal -9.510565e-01 -3.090170e-01 0.000000e+00
    outer loop
      vertex   9.146722e+01 4.581187e+01 -1.100000e+01
      vertex   9.137032e+01 4.611010e+01 -4.500000e+00
      vertex   9.137032e+01 4.611010e+01 -1.100000e+01
    endloop
  endfacet
  facet normal -8.660254e-01 -5.000000e-01 0.000000e+00
    outer loop
      vertex   9.137032e+01 4.611010e+01 -1.100000e+01
      vertex   9.137032e+01 4.611010e+01 -4.500000e+00
      vertex   9.121353e+01 4.638168e+01 -4.500000e+00
    endloop
  endfacet
  facet normal -8.660254e-01 -5.000000e-01 0.000000e+00
    outer loop
      vertex   9.137032e+01 4.611010e+01 -1.100000e+01
      vertex   9.121353e+01 4.638168e+01 -4.500000e+00
      vertex   9.121353e+01 4.638168e+01 -1.100000e+01
    endloop
  endfacet
  facet normal -7.431448e-01 -6.691306e-01 0.000000e+00
    outer loop
      vertex   9.121353e+01 4.638168e+01 -1.100000e+01
      vertex   9.121353e+01 4.638168e+01 -4.500000e+00
      vertex   9.100370e+01 4.661472e+01 -4.500000e+00
    endloop
  endfacet
  facet normal -7.431448e-01 -6.691306e-01 0.000000e+00
    outer loop
      vertex   9.121353e+01 4.638168e+01 -1.100000e+01
      vertex   9.100370e+01 4.661472e+01 -4.500000e+00
      vertex   9.100370e+01 4.661472e+01 -1.100000e+01
    endloop
  endfacet
  facet normal -5.877853e-01 -8.090170e-01 0.000000e+00
    outer loop
      vertex   9.100370e+01 4.661472e+01 -1.100000e+01
      vertex   9.100370e+01 4.661472e+01 -4.500000e+00
      vertex   9.075000e+01 4.679904e+01 -4.500000e+00
    endloop
  endfacet
  facet normal -5.877853e-01 -8.090170e-01 0.000000e+00
    outer loop
      vertex   9.100370e+01 4.661472e+01 -1.100000e+01
      vertex   9.075000e+01 4.679904e+01 -4.500000e+00
      vertex   9.075000e+01 4.679904e+01 -1.100000e+01
    endloop
  endfacet
  facet normal -4.067366e-01 -9.135455e-01 0.000000e+00
    outer loop
      vertex   9.075000e+01 4.679904e+01 -1.100000e+01
      vertex   9.075000e+01 4.679904e+01 -4.500000e+00
      vertex   9.046353e+01 4.692658e+01 -4.500000e+00
    endloop
  endfacet
  facet normal -4.067366e-01 -9.135455e-01 0.000000e+00
    outer loop
      vertex   9.075000e+01 4.679904e+01 -1.100000e+01
      vertex   9.046353e+01 4.692658e+01 -4.500000e+00
      vertex   9.046353e+01 4.692658e+01 -1.100000e+01
    endloop
  endfacet
  facet normal -2.079117e-01 -9.781476e-01 0.000000e+00
    outer loop
      vertex   9.046353e+01 4.692658e+01 -1.100000e+01
      vertex   9.046353e+01 4.692658e+01 -4.500000e+00
      vertex   9.015679e+01 4.699178e+01 -4.500000e+00
    endloop
  endfacet
  facet normal -2.079117e-01 -9.781476e-01 0.000000e+00
    outer loop
      vertex   9.046353e+01 4.692658e+01 -1.100000e+01
      vertex   9.015679e+01 4.699178e+01 -4.500000e+00
      vertex   9.015679e+01 4.699178e+01 -1.100000e+01
    endloop
  endfacet
  facet normal 0.000000e+00 -1.000000e+00 0.000000e+00
    outer loop
      vertex   9.015679e+01 4.699178e+01 -1.100000e+01
      vertex   9.015679e+01 4.699178e+01 -4.500000e+00
      vertex   8.984321e+01 4.699178e+01 -4.500000e+00
    endloop
  endfacet
  facet normal 0.000000e+00 -1.000000e+00 0.000000e+00
    outer loop
      vertex   9.015679e+01 4.699178e+01 -1.100000e+01
      vertex   8.984321e+01 4.699178e+01 -4.500000e+00
      vertex   8.984321e+01 4.699178e+01 -1.100000e+01
    endloop
  endfacet
  facet normal 2.079117e-01 -9.781476e-01 0.000000e+00
    outer loop
      vertex   8.984321e+01 4.699178e+01 -1.100000e+01
      vertex   8.984321e+01 4.699178e+01 -4.500000e+00
      vertex   8.953647e+01 4.692658e+01 -4.500000e+00
    endloop
  endfacet
  facet normal 2.079117e-01 -9.781476e-01 0.000000e+00
    outer loop
      vertex   8.984321e+01 4.699178e+01 -1.100000e+01
      vertex   8.953647e+01 4.692658e+01 -4.500000e+00
      vertex   8.953647e+01 4.692658e+01 -1.100000e+01
    endloop
  endfacet
  facet normal 4.067366e-01 -9.135455e-01 0.000000e+00
    outer loop
      vertex   8.953647e+01 4.692658e+01 -1.100000e+01
      vertex   8.953647e+01 4.692658e+01 -4.500000e+00
      vertex   8.925000e+01 4.679904e+01 -4.500000e+00
    endloop
  endfacet
  facet normal 4.067366e-01 -9.135455e-01 0.000000e+00
    outer loop
      vertex   8.953647e+01 4.692658e+01 -1.100000e+01
      vertex   8.925000e+01 4.679904e+01 -4.500000e+00
      vertex   8.925000e+01 4.679904e+01 -1.100000e+01
    endloop
  endfacet
  facet normal 5.877853e-01 -8.090170e-01 0.000000e+00
    outer loop
      vertex   8.925000e+01 4.679904e+01 -1.100000e+01
      vertex   8.925000e+01 4.679904e+01 -4.500000e+00
      vertex   8.899630e+01 4.661472e+01 -4.500000e+00
    endloop
  endfacet
  facet normal 5.877853e-01 -8.090170e-01 0.000000e+00
    outer loop
      vertex   8.925000e+01 4.679904e+01 -1.100000e+01
      vertex   8.899630e+01 4.661472e+01 -4.500000e+00
      vertex   8.899630e+01 4.661472e+01 -1.100000e+01
    endloop
  endfacet
  facet normal 7.431448e-01 -6.691306e-01 0.000000e+00
    outer loop
      vertex   8.899630e+01 4.661472e+01 -1.100000e+01
      vertex   8.899630e+01 4.661472e+01 -4.500000e+00
      vertex   8.878647e+01 4.638168e+01 -4.500000e+00
    endloop
  endfacet
  facet normal 7.431448e-01 -6.691306e-01 0.000000e+00
    outer loop
      vertex   8.899630e+01 4.661472e+01 -1.100000e+01
      vertex   8.878647e+01 4.638168e+01 -4.500000e+00
      vertex   8.878647e+01 4.638168e+01 -1.100000e+01
    endloop
  endfacet
  facet normal 8.660254e-01 -5.000000e-01 0.000000e+00
    outer loop
      vertex   8.878647e+01 4.638168e+01 -1.100000e+01
      vertex   8.878647e+01 4.638168e+01 -4.500000e+00
      vertex   8.862968e+01 4.611010e+01 -4.500000e+00
    endloop
  endfacet
  facet normal 8.660254e-01 -5.000000e-01 0.000000e+00
    outer loop
      vertex   8.878647e+01 4.638168e+01 -1.100000e+01
      vertex   8.862968e+01 4.611010e+01 -4.500000e+00
      vertex   8.862968e+01 4.611010e+01 -1.100000e+01
    endloop
  endfacet
  facet normal 9.510565e-01 -3.090170e-01 0.000000e+00
    outer loop
      vertex   8.862968e+01 4.611010e+01 -1.100000e+01
      vertex   8.862968e+01 4.611010e+01 -4.500000e+00
      vertex   8.853278e+01 4.581187e+01 -4.500000e+00
    endloop
  endfacet
  facet normal 0.000000e+00 -0.000000e+00 1.000000e+00
    outer loop
      vertex   8.853278e+01 4.518813e+01 -1.100000e+01
      vertex   9.146722e+01 4.518813e+01 -1.100000e+01
      vertex   8.850000e+01 4.550000e+01 -1.100000e+01
    endloop
  endfacet
  facet normal -0.000000e+00 0.000000e+00 1.000000e+00
    outer loop
      vertex   8.850000e+01 4.550000e+01 -1.100000e+01
      vertex   9.146722e+01 4.518813e+01 -1.100000e+01
      vertex   9.150000e+01 4.550000e+01 -1.100000e+01
    endloop
  endfacet
  facet normal 0.000000e+00 0.000000e+00 1.000000e+00
    outer loop
      vertex   8.850000e+01 4.550000e+01 -1.100000e+01
      vertex   9.150000e+01 4.550000e+01 -1.100000e+01
      vertex   8.853278e+01 4.581187e+01 -1.100000e+01
    endloop
  endfacet
  facet normal -0.000000e+00 0.000000e+00 1.000000e+00
    outer loop
      vertex   8.853278e+01 4.581187e+01 -1.100000e+01
      vertex   9.150000e+01 4.550000e+01 -1.100000e+01
      vertex   9.146722e+01 4.581187e+01 -1.100000e+01
    endloop
  endfacet
  facet normal 0.000000e+00 0.000000e+00 1.000000e+00
    outer loop
      vertex   8.853278e+01 4.581187e+01 -1.100000e+01
      vertex   9.146722e+01 4.581187e+01 -1.100000e+01
      vertex   8.862968e+01 4.611010e+01 -1.100000e+01
    endloop
  endfacet
  facet normal -0.000000e+00 0.000000e+00 1.000000e+00
    outer loop
      vertex   8.862968e+01 4.611010e+01 -1.100000e+01
      vertex   9.146722e+01 4.581187e+01 -1.100000e+01
      vertex   9.137032e+01 4.611010e+01 -1.100000e+01
    endloop
  endfacet
  facet normal 0.000000e+00 0.000000e+00 1.000000e+00
    outer loop
      vertex   8.862968e+01 4.611010e+01 -1.100000e+01
      vertex   9.137032e+01 4.611010e+01 -1.100000e+01
      vertex   8.878647e+01 4.638168e+01 -1.100000e+01
    endloop
  endfacet
  facet normal -0.000000e+00 0.000000e+00 1.000000e+00
    outer loop
      vertex   8.878647e+01 4.638168e+01 -1.100000e+01
      vertex   9.137032e+01 4.611010e+01 -1.100000e+01
      vertex   9.121353e+01 4.638168e+01 -1.100000e+01
    endloop
  endfacet
  facet normal 0.000000e+00 0.000000e+00 1.000000e+00
    outer loop
      vertex   8.878647e+01 4.638168e+01 -1.100000e+01
      vertex   9.121353e+01 4.638168e+01 -1.100000e+01
      vertex   8.899630e+01 4.661472e+01 -1.100000e+01
    endloop
  endfacet
  facet normal -0.000000e+00 0.000000e+00 1.000000e+00
    outer loop
      vertex   8.899630e+01 4.661472e+01 -1.100000e+01
      vertex   9.121353e+01 4.638168e+01 -1.100000e+01
      vertex   9.100370e+01 4.661472e+01 -1.100000e+01
    endloop
  endfacet
  facet normal 0.000000e+00 0.000000e+00 1.000000e+00
    outer loop
      vertex   8.899630e+01 4.661472e+01 -1.100000e+01
      vertex   9.100370e+01 4.661472e+01 -1.100000e+01
      vertex   8.925000e+01 4.679904e+01 -1.100000e+01
    endloop
  endfacet
  facet normal -0.000000e+00 0.000000e+00 1.000000e+00
    outer loop
      vertex   8.925000e+01 4.679904e+01 -1.100000e+01
      vertex   9.100370e+01 4.661472e+01 -1.100000e+01
      vertex   9.075000e+01 4.679904e+01 -1.100000e+01
    endloop
  endfacet
  facet normal 0.000000e+00 0.000000e+00 1.000000e+00
    outer loop
      vertex   8.925000e+01 4.679904e+01 -1.100000e+01
      vertex   9.075000e+01 4.679904e+01 -1.100000e+01
      vertex   8.953647e+01 4.692658e+01 -1.100000e+01
    endloop
  endfacet
  facet normal -0.000000e+00 0.000000e+00 1.000000e+00
    outer loop
      vertex   8.953647e+01 4.692658e+01 -1.100000e+01
      vertex   9.075000e+01 4.679904e+01 -1.100000e+01
      vertex   9.046353e+01 4.692658e+01 -1.100000e+01
    endloop
  endfacet
  facet normal 0.000000e+00 0.000000e+00 1.000000e+00
    outer loop
      vertex   8.953647e+01 4.692658e+01 -1.100000e+01
      vertex   9.046353e+01 4.692658e+01 -1.100000e+01
      vertex   8.984321e+01 4.699178e+01 -1.100000e+01
    endloop
  endfacet
  facet normal -0.000000e+00 0.000000e+00 1.000000e+00
    outer loop
      vertex   8.984321e+01 4.699178e+01 -1.100000e+01
      vertex   9.046353e+01 4.692658e+01 -1.100000e+01
      vertex   9.015679e+01 4.699178e+01 -1.100000e+01
    endloop
  endfacet
  facet normal 0.000000e+00 0.000000e+00 1.000000e+00
    outer loop
      vertex   9.146722e+01 4.518813e+01 -1.100000e+01
      vertex   8.853278e+01 4.518813e+01 -1.100000e+01
      vertex   9.137032e+01 4.488990e+01 -1.100000e+01
    endloop
  endfacet
  facet normal 0.000000e+00 0.000000e+00 1.000000e+00
    outer loop
      vertex   9.137032e+01 4.488990e+01 -1.100000e+01
      vertex   8.853278e+01 4.518813e+01 -1.100000e+01
      vertex   8.862968e+01 4.488990e+01 -1.100000e+01
    endloop
  endfacet
  facet normal 0.000000e+00 0.000000e+00 1.000000e+00
    outer loop
      vertex   9.137032e+01 4.488990e+01 -1.100000e+01
      vertex   8.862968e+01 4.488990e+01 -1.100000e+01
      vertex   9.121353e+01 4.461832e+01 -1.100000e+01
    endloop
  endfacet
  facet normal 0.000000e+00 0.000000e+00 1.000000e+00
    outer loop
      vertex   9.121353e+01 4.461832e+01 -1.100000e+01
      vertex   8.862968e+01 4.488990e+01 -1.100000e+01
      vertex   8.878647e+01 4.461832e+01 -1.100000e+01
    endloop
  endfacet
  facet normal 0.000000e+00 0.000000e+00 1.000000e+00
    outer loop
      vertex   9.121353e+01 4.461832e+01 -1.100000e+01
      vertex   8.878647e+01 4.461832e+01 -1.100000e+01
      vertex   9.100370e+01 4.438528e+01 -1.100000e+01
    endloop
  endfacet
  facet normal 0.000000e+00 0.000000e+00 1.000000e+00
    outer loop
      vertex   9.100370e+01 4.438528e+01 -1.100000e+01
      vertex   8.878647e+01 4.461832e+01 -1.100000e+01
      vertex   8.899630e+01 4.438528e+01 -1.100000e+01
    endloop
  endfacet
  facet normal 0.000000e+00 0.000000e+00 1.000000e+00
    outer loop
      vertex   9.100370e+01 4.438528e+01 -1.100000e+01
      vertex   8.899630e+01 4.438528e+01 -1.100000e+01
      vertex   9.075000e+01 4.420096e+01 -1.100000e+01
    endloop
  endfacet
  facet normal 0.000000e+00 0.000000e+00 1.000000e+00
    outer loop
      vertex   9.075000e+01 4.420096e+01 -1.100000e+01
      vertex   8.899630e+01 4.438528e+01 -1.100000e+01
      vertex   8.925000e+01 4.420096e+01 -1.100000e+01
    endloop
  endfacet
  facet normal 0.000000e+00 0.000000e+00 1.000000e+00
    outer loop
      vertex   9.075000e+01 4.420096e+01 -1.100000e+01
      vertex   8.925000e+01 4.420096e+01 -1.100000e+01
      vertex   9.046353e+01 4.407342e+01 -1.100000e+01
    endloop
  endfacet
  facet normal 0.000000e+00 0.000000e+00 1.000000e+00
    outer loop
      vertex   9.046353e+01 4.407342e+01 -1.100000e+01
      vertex   8.925000e+01 4.420096e+01 -1.100000e+01
      vertex   8.953647e+01 4.407342e+01 -1.100000e+01
    endloop
  endfacet
  facet normal 0.000000e+00 0.000000e+00 1.000000e+00
    outer loop
      vertex   9.046353e+01 4.407342e+01 -1.100000e+01
      vertex   8.953647e+01 4.407342e+01 -1.100000e+01
      vertex   9.015679e+01 4.400822e+01 -1.100000e+01
    endloop
  endfacet
  facet normal 0.000000e+00 0.000000e+00 1.000000e+00
    outer loop
      vertex   9.015679e+01 4.400822e+01 -1.100000e+01
      vertex   8.953647e+01 4.407342e+01 -1.100000e+01
      vertex   8.984321e+01 4.400822e+01 -1.100000e+01
    endloop
  endfacet
  facet normal 9.945219e-01 1.045285e-01 0.000000e+00
    outer loop
      vertex   9.242989e+01 5.193813e+01 -4.500000e+00
      vertex   9.242989e+01 5.193813e+01 -1.100000e+01
      vertex   9.239711e+01 5.225000e+01 -4.500000e+00
    endloop
  endfacet
  facet normal 9.945219e-01 1.045285e-01 0.000000e+00
    outer loop
      vertex   9.239711e+01 5.225000e+01 -4.500000e+00
      vertex   9.242989e+01 5.193813e+01 -1.100000e+01
      vertex   9.239711e+01 5.225000e+01 -1.100000e+01
    endloop
  endfacet
  facet normal 9.945219e-01 -1.045285e-01 0.000000e+00
    outer loop
      vertex   9.239711e+01 5.225000e+01 -4.500000e+00
      vertex   9.239711e+01 5.225000e+01 -1.100000e+01
      vertex   9.242989e+01 5.256187e+01 -4.500000e+00
    endloop
  endfacet
  facet normal 9.945219e-01 -1.045285e-01 0.000000e+00
    outer loop
      vertex   9.242989e+01 5.256187e+01 -4.500000e+00
      vertex   9.239711e+01 5.225000e+01 -1.100000e+01
      vertex   9.242989e+01 5.256187e+01 -1.100000e+01
    endloop
  endfacet
  facet normal 9.510565e-01 -3.090170e-01 0.000000e+00
    outer loop
      vertex   9.242989e+01 5.256187e+01 -4.500000e+00
      vertex   9.242989e+01 5.256187e+01 -1.100000e+01
      vertex   9.252680e+01 5.286010e+01 -1.100000e+01
    endloop
  endfacet
  facet normal 9.510565e-01 3.090170e-01 0.000000e+00
    outer loop
      vertex   9.242989e+01 5.193813e+01 -4.500000e+00
      vertex   9.252680e+01 5.163990e+01 -4.500000e+00
      vertex   9.242989e+01 5.193813e+01 -1.100000e+01
    endloop
  endfacet
  facet normal 9.510565e-01 3.090170e-01 0.000000e+00
    outer loop
      vertex   9.242989e+01 5.193813e+01 -1.100000e+01
      vertex   9.252680e+01 5.163990e+01 -4.500000e+00
      vertex   9.252680e+01 5.163990e+01 -1.100000e+01
    endloop
  endfacet
  facet normal 8.660254e-01 5.000000e-01 -0.000000e+00
    outer loop
      vertex   9.252680e+01 5.163990e+01 -1.100000e+01
      vertex   9.252680e+01 5.163990e+01 -4.500000e+00
      vertex   9.268359e+01 5.136832e+01 -4.500000e+00
    endloop
  endfacet
  facet normal 8.660254e-01 5.000000e-01 0.000000e+00
    outer loop
      vertex   9.252680e+01 5.163990e+01 -1.100000e+01
      vertex   9.268359e+01 5.136832e+01 -4.500000e+00
      vertex   9.268359e+01 5.136832e+01 -1.100000e+01
    endloop
  endfacet
  facet normal 7.431448e-01 6.691306e-01 -0.000000e+00
    outer loop
      vertex   9.268359e+01 5.136832e+01 -1.100000e+01
      vertex   9.268359e+01 5.136832e+01 -4.500000e+00
      vertex   9.289342e+01 5.113528e+01 -4.500000e+00
    endloop
  endfacet
  facet normal 7.431448e-01 6.691306e-01 0.000000e+00
    outer loop
      vertex   9.268359e+01 5.136832e+01 -1.100000e+01
      vertex   9.289342e+01 5.113528e+01 -4.500000e+00
      vertex   9.289342e+01 5.113528e+01 -1.100000e+01
    endloop
  endfacet
  facet normal 5.877853e-01 8.090170e-01 -0.000000e+00
    outer loop
      vertex   9.289342e+01 5.113528e+01 -1.100000e+01
      vertex   9.289342e+01 5.113528e+01 -4.500000e+00
      vertex   9.314711e+01 5.095096e+01 -4.500000e+00
    endloop
  endfacet
  facet normal 5.877853e-01 8.090170e-01 0.000000e+00
    outer loop
      vertex   9.289342e+01 5.113528e+01 -1.100000e+01
      vertex   9.314711e+01 5.095096e+01 -4.500000e+00
      vertex   9.314711e+01 5.095096e+01 -1.100000e+01
    endloop
  endfacet
  facet normal 4.067366e-01 9.135455e-01 -0.000000e+00
    outer loop
      vertex   9.314711e+01 5.095096e+01 -1.100000e+01
      vertex   9.314711e+01 5.095096e+01 -4.500000e+00
      vertex   9.343359e+01 5.082342e+01 -4.500000e+00
    endloop
  endfacet
  facet normal 4.067366e-01 9.135455e-01 0.000000e+00
    outer loop
      vertex   9.314711e+01 5.095096e+01 -1.100000e+01
      vertex   9.343359e+01 5.082342e+01 -4.500000e+00
      vertex   9.343359e+01 5.082342e+01 -1.100000e+01
    endloop
  endfacet
  facet normal 2.079117e-01 9.781476e-01 -0.000000e+00
    outer loop
      vertex   9.343359e+01 5.082342e+01 -1.100000e+01
      vertex   9.343359e+01 5.082342e+01 -4.500000e+00
      vertex   9.374032e+01 5.075822e+01 -4.500000e+00
    endloop
  endfacet
  facet normal 2.079117e-01 9.781476e-01 0.000000e+00
    outer loop
      vertex   9.343359e+01 5.082342e+01 -1.100000e+01
      vertex   9.374032e+01 5.075822e+01 -4.500000e+00
      vertex   9.374032e+01 5.075822e+01 -1.100000e+01
    endloop
  endfacet
  facet normal 0.000000e+00 1.000000e+00 0.000000e+00
    outer loop
      vertex   9.374032e+01 5.075822e+01 -1.100000e+01
      vertex   9.374032e+01 5.075822e+01 -4.500000e+00
      vertex   9.405391e+01 5.075822e+01 -4.500000e+00
    endloop
  endfacet
  facet normal 0.000000e+00 1.000000e+00 0.000000e+00
    outer loop
      vertex   9.374032e+01 5.075822e+01 -1.100000e+01
      vertex   9.405391e+01 5.075822e+01 -4.500000e+00
      vertex   9.405391e+01 5.075822e+01 -1.100000e+01
    endloop
  endfacet
  facet normal -2.079117e-01 9.781476e-01 0.000000e+00
    outer loop
      vertex   9.405391e+01 5.075822e+01 -1.100000e+01
      vertex   9.405391e+01 5.075822e+01 -4.500000e+00
      vertex   9.436064e+01 5.082342e+01 -4.500000e+00
    endloop
  endfacet
  facet normal -2.079117e-01 9.781476e-01 0.000000e+00
    outer loop
      vertex   9.405391e+01 5.075822e+01 -1.100000e+01
      vertex   9.436064e+01 5.082342e+01 -4.500000e+00
      vertex   9.436064e+01 5.082342e+01 -1.100000e+01
    endloop
  endfacet
  facet normal -4.067366e-01 9.135455e-01 0.000000e+00
    outer loop
      vertex   9.436064e+01 5.082342e+01 -1.100000e+01
      vertex   9.436064e+01 5.082342e+01 -4.500000e+00
      vertex   9.464711e+01 5.095096e+01 -4.500000e+00
    endloop
  endfacet
  facet normal -4.067366e-01 9.135455e-01 0.000000e+00
    outer loop
      vertex   9.436064e+01 5.082342e+01 -1.100000e+01
      vertex   9.464711e+01 5.095096e+01 -4.500000e+00
      vertex   9.464711e+01 5.095096e+01 -1.100000e+01
    endloop
  endfacet
  facet normal -5.877853e-01 8.090170e-01 0.000000e+00
    outer loop
      vertex   9.464711e+01 5.095096e+01 -1.100000e+01
      vertex   9.464711e+01 5.095096e+01 -4.500000e+00
      vertex   9.490081e+01 5.113528e+01 -4.500000e+00
    endloop
  endfacet
  facet normal -5.877853e-01 8.090170e-01 0.000000e+00
    outer loop
      vertex   9.464711e+01 5.095096e+01 -1.100000e+01
      vertex   9.490081e+01 5.113528e+01 -4.500000e+00
      vertex   9.490081e+01 5.113528e+01 -1.100000e+01
    endloop
  endfacet
  facet normal -7.431448e-01 6.691306e-01 0.000000e+00
    outer loop
      vertex   9.490081e+01 5.113528e+01 -1.100000e+01
      vertex   9.490081e+01 5.113528e+01 -4.500000e+00
      vertex   9.511064e+01 5.136832e+01 -4.500000e+00
    endloop
  endfacet
  facet normal -7.431448e-01 6.691306e-01 0.000000e+00
    outer loop
      vertex   9.490081e+01 5.113528e+01 -1.100000e+01
      vertex   9.511064e+01 5.136832e+01 -4.500000e+00
      vertex   9.511064e+01 5.136832e+01 -1.100000e+01
    endloop
  endfacet
  facet normal -8.660254e-01 5.000000e-01 0.000000e+00
    outer loop
      vertex   9.511064e+01 5.136832e+01 -1.100000e+01
      vertex   9.511064e+01 5.136832e+01 -4.500000e+00
      vertex   9.526743e+01 5.163990e+01 -4.500000e+00
    endloop
  endfacet
  facet normal -8.660254e-01 5.000000e-01 0.000000e+00
    outer loop
      vertex   9.511064e+01 5.136832e+01 -1.100000e+01
      vertex   9.526743e+01 5.163990e+01 -4.500000e+00
      vertex   9.526743e+01 5.163990e+01 -1.100000e+01
    endloop
  endfacet
  facet normal -9.510565e-01 3.090170e-01 0.000000e+00
    outer loop
      vertex   9.526743e+01 5.163990e+01 -1.100000e+01
      vertex   9.526743e+01 5.163990e+01 -4.500000e+00
      vertex   9.536434e+01 5.193813e+01 -4.500000e+00
    endloop
  endfacet
  facet normal -9.510565e-01 3.090170e-01 0.000000e+00
    outer loop
      vertex   9.526743e+01 5.163990e+01 -1.100000e+01
      vertex   9.536434e+01 5.193813e+01 -4.500000e+00
      vertex   9.536434e+01 5.193813e+01 -1.100000e+01
    endloop
  endfacet
  facet normal -9.945219e-01 1.045285e-01 0.000000e+00
    outer loop
      vertex   9.536434e+01 5.193813e+01 -1.100000e+01
      vertex   9.536434e+01 5.193813e+01 -4.500000e+00
      vertex   9.539711e+01 5.225000e+01 -4.500000e+00
    endloop
  endfacet
  facet normal -9.945219e-01 1.045285e-01 0.000000e+00
    outer loop
      vertex   9.536434e+01 5.193813e+01 -1.100000e+01
      vertex   9.539711e+01 5.225000e+01 -4.500000e+00
      vertex   9.539711e+01 5.225000e+01 -1.100000e+01
    endloop
  endfacet
  facet normal -9.945219e-01 -1.045285e-01 0.000000e+00
    outer loop
      vertex   9.539711e+01 5.225000e+01 -1.100000e+01
      vertex   9.539711e+01 5.225000e+01 -4.500000e+00
      vertex   9.536434e+01 5.256187e+01 -4.500000e+00
    endloop
  endfacet
  facet normal -9.945219e-01 -1.045285e-01 0.000000e+00
    outer loop
      vertex   9.539711e+01 5.225000e+01 -1.100000e+01
      vertex   9.536434e+01 5.256187e+01 -4.500000e+00
      vertex   9.536434e+01 5.256187e+01 -1.100000e+01
    endloop
  endfacet
  facet normal -9.510565e-01 -3.090170e-01 0.000000e+00
    outer loop
      vertex   9.536434e+01 5.256187e+01 -1.100000e+01
      vertex   9.536434e+01 5.256187e+01 -4.500000e+00
      vertex   9.526743e+01 5.286010e+01 -4.500000e+00
    endloop
  endfacet
  facet normal -9.510565e-01 -3.090170e-01 0.000000e+00
    outer loop
      vertex   9.536434e+01 5.256187e+01 -1.100000e+01
      vertex   9.526743e+01 5.286010e+01 -4.500000e+00
      vertex   9.526743e+01 5.286010e+01 -1.100000e+01
    endloop
  endfacet
  facet normal -8.660254e-01 -5.000000e-01 0.000000e+00
    outer loop
      vertex   9.526743e+01 5.286010e+01 -1.100000e+01
      vertex   9.526743e+01 5.286010e+01 -4.500000e+00
      vertex   9.511064e+01 5.313168e+01 -4.500000e+00
    endloop
  endfacet
  facet normal -8.660254e-01 -5.000000e-01 0.000000e+00
    outer loop
      vertex   9.526743e+01 5.286010e+01 -1.100000e+01
      vertex   9.511064e+01 5.313168e+01 -4.500000e+00
      vertex   9.511064e+01 5.313168e+01 -1.100000e+01
    endloop
  endfacet
  facet normal -7.431448e-01 -6.691306e-01 0.000000e+00
    outer loop
      vertex   9.511064e+01 5.313168e+01 -1.100000e+01
      vertex   9.511064e+01 5.313168e+01 -4.500000e+00
      vertex   9.490081e+01 5.336472e+01 -4.500000e+00
    endloop
  endfacet
  facet normal -7.431448e-01 -6.691306e-01 0.000000e+00
    outer loop
      vertex   9.511064e+01 5.313168e+01 -1.100000e+01
      vertex   9.490081e+01 5.336472e+01 -4.500000e+00
      vertex   9.490081e+01 5.336472e+01 -1.100000e+01
    endloop
  endfacet
  facet normal -5.877853e-01 -8.090170e-01 0.000000e+00
    outer loop
      vertex   9.490081e+01 5.336472e+01 -1.100000e+01
      vertex   9.490081e+01 5.336472e+01 -4.500000e+00
      vertex   9.464711e+01 5.354904e+01 -4.500000e+00
    endloop
  endfacet
  facet normal -5.877853e-01 -8.090170e-01 0.000000e+00
    outer loop
      vertex   9.490081e+01 5.336472e+01 -1.100000e+01
      vertex   9.464711e+01 5.354904e+01 -4.500000e+00
      vertex   9.464711e+01 5.354904e+01 -1.100000e+01
    endloop
  endfacet
  facet normal -4.067366e-01 -9.135455e-01 0.000000e+00
    outer loop
      vertex   9.464711e+01 5.354904e+01 -1.100000e+01
      vertex   9.464711e+01 5.354904e+01 -4.500000e+00
      vertex   9.436064e+01 5.367658e+01 -4.500000e+00
    endloop
  endfacet
  facet normal -4.067366e-01 -9.135455e-01 0.000000e+00
    outer loop
      vertex   9.464711e+01 5.354904e+01 -1.100000e+01
      vertex   9.436064e+01 5.367658e+01 -4.500000e+00
      vertex   9.436064e+01 5.367658e+01 -1.100000e+01
    endloop
  endfacet
  facet normal -2.079117e-01 -9.781476e-01 0.000000e+00
    outer loop
      vertex   9.436064e+01 5.367658e+01 -1.100000e+01
      vertex   9.436064e+01 5.367658e+01 -4.500000e+00
      vertex   9.405391e+01 5.374178e+01 -4.500000e+00
    endloop
  endfacet
  facet normal -2.079117e-01 -9.781476e-01 0.000000e+00
    outer loop
      vertex   9.436064e+01 5.367658e+01 -1.100000e+01
      vertex   9.405391e+01 5.374178e+01 -4.500000e+00
      vertex   9.405391e+01 5.374178e+01 -1.100000e+01
    endloop
  endfacet
  facet normal 0.000000e+00 -1.000000e+00 0.000000e+00
    outer loop
      vertex   9.405391e+01 5.374178e+01 -1.100000e+01
      vertex   9.405391e+01 5.374178e+01 -4.500000e+00
      vertex   9.374032e+01 5.374178e+01 -4.500000e+00
    endloop
  endfacet
  facet normal 0.000000e+00 -1.000000e+00 0.000000e+00
    outer loop
      vertex   9.405391e+01 5.374178e+01 -1.100000e+01
      vertex   9.374032e+01 5.374178e+01 -4.500000e+00
      vertex   9.374032e+01 5.374178e+01 -1.100000e+01
    endloop
  endfacet
  facet normal 2.079117e-01 -9.781476e-01 0.000000e+00
    outer loop
      vertex   9.374032e+01 5.374178e+01 -1.100000e+01
      vertex   9.374032e+01 5.374178e+01 -4.500000e+00
      vertex   9.343359e+01 5.367658e+01 -4.500000e+00
    endloop
  endfacet
  facet normal 2.079117e-01 -9.781476e-01 0.000000e+00
    outer loop
      vertex   9.374032e+01 5.374178e+01 -1.100000e+01
      vertex   9.343359e+01 5.367658e+01 -4.500000e+00
      vertex   9.343359e+01 5.367658e+01 -1.100000e+01
    endloop
  endfacet
  facet normal 4.067366e-01 -9.135455e-01 0.000000e+00
    outer loop
      vertex   9.343359e+01 5.367658e+01 -1.100000e+01
      vertex   9.343359e+01 5.367658e+01 -4.500000e+00
      vertex   9.314711e+01 5.354904e+01 -4.500000e+00
    endloop
  endfacet
  facet normal 4.067366e-01 -9.135455e-01 0.000000e+00
    outer loop
      vertex   9.343359e+01 5.367658e+01 -1.100000e+01
      vertex   9.314711e+01 5.354904e+01 -4.500000e+00
      vertex   9.314711e+01 5.354904e+01 -1.100000e+01
    endloop
  endfacet
  facet normal 5.877853e-01 -8.090170e-01 0.000000e+00
    outer loop
      vertex   9.314711e+01 5.354904e+01 -1.100000e+01
      vertex   9.314711e+01 5.354904e+01 -4.500000e+00
      vertex   9.289342e+01 5.336472e+01 -4.500000e+00
    endloop
  endfacet
  facet normal 5.877853e-01 -8.090170e-01 0.000000e+00
    outer loop
      vertex   9.314711e+01 5.354904e+01 -1.100000e+01
      vertex   9.289342e+01 5.336472e+01 -4.500000e+00
      vertex   9.289342e+01 5.336472e+01 -1.100000e+01
    endloop
  endfacet
  facet normal 7.431448e-01 -6.691306e-01 0.000000e+00
    outer loop
      vertex   9.289342e+01 5.336472e+01 -1.100000e+01
      vertex   9.289342e+01 5.336472e+01 -4.500000e+00
      vertex   9.268359e+01 5.313168e+01 -4.500000e+00
    endloop
  endfacet
  facet normal 7.431448e-01 -6.691306e-01 0.000000e+00
    outer loop
      vertex   9.289342e+01 5.336472e+01 -1.100000e+01
      vertex   9.268359e+01 5.313168e+01 -4.500000e+00
      vertex   9.268359e+01 5.313168e+01 -1.100000e+01
    endloop
  endfacet
  facet normal 8.660254e-01 -5.000000e-01 0.000000e+00
    outer loop
      vertex   9.268359e+01 5.313168e+01 -1.100000e+01
      vertex   9.268359e+01 5.313168e+01 -4.500000e+00
      vertex   9.252680e+01 5.286010e+01 -4.500000e+00
    endloop
  endfacet
  facet normal 8.660254e-01 -5.000000e-01 0.000000e+00
    outer loop
      vertex   9.268359e+01 5.313168e+01 -1.100000e+01
      vertex   9.252680e+01 5.286010e+01 -4.500000e+00
      vertex   9.252680e+01 5.286010e+01 -1.100000e+01
    endloop
  endfacet
  facet normal 9.510565e-01 -3.090170e-01 0.000000e+00
    outer loop
      vertex   9.252680e+01 5.286010e+01 -1.100000e+01
      vertex   9.252680e+01 5.286010e+01 -4.500000e+00
      vertex   9.242989e+01 5.256187e+01 -4.500000e+00
    endloop
  endfacet
  facet normal 0.000000e+00 -0.000000e+00 1.000000e+00
    outer loop
      vertex   9.242989e+01 5.193813e+01 -1.100000e+01
      vertex   9.536434e+01 5.193813e+01 -1.100000e+01
      vertex   9.239711e+01 5.225000e+01 -1.100000e+01
    endloop
  endfacet
  facet normal -0.000000e+00 0.000000e+00 1.000000e+00
    outer loop
      vertex   9.239711e+01 5.225000e+01 -1.100000e+01
      vertex   9.536434e+01 5.193813e+01 -1.100000e+01
      vertex   9.539711e+01 5.225000e+01 -1.100000e+01
    endloop
  endfacet
  facet normal 0.000000e+00 0.000000e+00 1.000000e+00
    outer loop
      vertex   9.239711e+01 5.225000e+01 -1.100000e+01
      vertex   9.539711e+01 5.225000e+01 -1.100000e+01
      vertex   9.242989e+01 5.256187e+01 -1.100000e+01
    endloop
  endfacet
  facet normal -0.000000e+00 0.000000e+00 1.000000e+00
    outer loop
      vertex   9.242989e+01 5.256187e+01 -1.100000e+01
      vertex   9.539711e+01 5.225000e+01 -1.100000e+01
      vertex   9.536434e+01 5.256187e+01 -1.100000e+01
    endloop
  endfacet
  facet normal 0.000000e+00 0.000000e+00 1.000000e+00
    outer loop
      vertex   9.242989e+01 5.256187e+01 -1.100000e+01
      vertex   9.536434e+01 5.256187e+01 -1.100000e+01
      vertex   9.252680e+01 5.286010e+01 -1.100000e+01
    endloop
  endfacet
  facet normal -0.000000e+00 0.000000e+00 1.000000e+00
    outer loop
      vertex   9.252680e+01 5.286010e+01 -1.100000e+01
      vertex   9.536434e+01 5.256187e+01 -1.100000e+01
      vertex   9.526743e+01 5.286010e+01 -1.100000e+01
    endloop
  endfacet
  facet normal 0.000000e+00 0.000000e+00 1.000000e+00
    outer loop
      vertex   9.252680e+01 5.286010e+01 -1.100000e+01
      vertex   9.526743e+01 5.286010e+01 -1.100000e+01
      vertex   9.268359e+01 5.313168e+01 -1.100000e+01
    endloop
  endfacet
  facet normal -0.000000e+00 0.000000e+00 1.000000e+00
    outer loop
      vertex   9.268359e+01 5.313168e+01 -1.100000e+01
      vertex   9.526743e+01 5.286010e+01 -1.100000e+01
      vertex   9.511064e+01 5.313168e+01 -1.100000e+01
    endloop
  endfacet
  facet normal 0.000000e+00 0.000000e+00 1.000000e+00
    outer loop
      vertex   9.268359e+01 5.313168e+01 -1.100000e+01
      vertex   9.511064e+01 5.313168e+01 -1.100000e+01
      vertex   9.289342e+01 5.336472e+01 -1.100000e+01
    endloop
  endfacet
  facet normal -0.000000e+00 0.000000e+00 1.000000e+00
    outer loop
      vertex   9.289342e+01 5.336472e+01 -1.100000e+01
      vertex   9.511064e+01 5.313168e+01 -1.100000e+01
      vertex   9.490081e+01 5.336472e+01 -1.100000e+01
    endloop
  endfacet
  facet normal 0.000000e+00 0.000000e+00 1.000000e+00
    outer loop
      vertex   9.289342e+01 5.336472e+01 -1.100000e+01
      vertex   9.490081e+01 5.336472e+01 -1.100000e+01
      vertex   9.314711e+01 5.354904e+01 -1.100000e+01
    endloop
  endfacet
  facet normal -0.000000e+00 0.000000e+00 1.000000e+00
    outer loop
      vertex   9.314711e+01 5.354904e+01 -1.100000e+01
      vertex   9.490081e+01 5.336472e+01 -1.100000e+01
      vertex   9.464711e+01 5.354904e+01 -1.100000e+01
    endloop
  endfacet
  facet normal 0.000000e+00 0.000000e+00 1.000000e+00
    outer loop
      vertex   9.314711e+01 5.354904e+01 -1.100000e+01
      vertex   9.464711e+01 5.354904e+01 -1.100000e+01
      vertex   9.343359e+01 5.367658e+01 -1.100000e+01
    endloop
  endfacet
  facet normal -0.000000e+00 0.000000e+00 1.000000e+00
    outer loop
      vertex   9.343359e+01 5.367658e+01 -1.100000e+01
      vertex   9.464711e+01 5.354904e+01 -1.100000e+01
      vertex   9.436064e+01 5.367658e+01 -1.100000e+01
    endloop
  endfacet
  facet normal 0.000000e+00 0.000000e+00 1.000000e+00
    outer loop
      vertex   9.343359e+01 5.367658e+01 -1.100000e+01
      vertex   9.436064e+01 5.367658e+01 -1.100000e+01
      vertex   9.374032e+01 5.374178e+01 -1.100000e+01
    endloop
  endfacet
  facet normal -0.000000e+00 0.000000e+00 1.000000e+00
    outer loop
      vertex   9.374032e+01 5.374178e+01 -1.100000e+01
      vertex   9.436064e+01 5.367658e+01 -1.100000e+01
      vertex   9.405391e+01 5.374178e+01 -1.100000e+01
    endloop
  endfacet
  facet normal 0.000000e+00 0.000000e+00 1.000000e+00
    outer loop
      vertex   9.536434e+01 5.193813e+01 -1.100000e+01
      vertex   9.242989e+01 5.193813e+01 -1.100000e+01
      vertex   9.526743e+01 5.163990e+01 -1.100000e+01
    endloop
  endfacet
  facet normal 0.000000e+00 0.000000e+00 1.000000e+00
    outer loop
      vertex   9.526743e+01 5.163990e+01 -1.100000e+01
      vertex   9.242989e+01 5.193813e+01 -1.100000e+01
      vertex   9.252680e+01 5.163990e+01 -1.100000e+01
    endloop
  endfacet
  facet normal 0.000000e+00 0.000000e+00 1.000000e+00
    outer loop
      vertex   9.526743e+01 5.163990e+01 -1.100000e+01
      vertex   9.252680e+01 5.163990e+01 -1.100000e+01
      vertex   9.511064e+01 5.136832e+01 -1.100000e+01
    endloop
  endfacet
  facet normal 0.000000e+00 0.000000e+00 1.000000e+00
    outer loop
      vertex   9.511064e+01 5.136832e+01 -1.100000e+01
      vertex   9.252680e+01 5.163990e+01 -1.100000e+01
      vertex   9.268359e+01 5.136832e+01 -1.100000e+01
    endloop
  endfacet
  facet normal 0.000000e+00 0.000000e+00 1.000000e+00
    outer loop
      vertex   9.511064e+01 5.136832e+01 -1.100000e+01
      vertex   9.268359e+01 5.136832e+01 -1.100000e+01
      vertex   9.490081e+01 5.113528e+01 -1.100000e+01
    endloop
  endfacet
  facet normal 0.000000e+00 0.000000e+00 1.000000e+00
    outer loop
      vertex   9.490081e+01 5.113528e+01 -1.100000e+01
      vertex   9.268359e+01 5.136832e+01 -1.100000e+01
      vertex   9.289342e+01 5.113528e+01 -1.100000e+01
    endloop
  endfacet
  facet normal 0.000000e+00 0.000000e+00 1.000000e+00
    outer loop
      vertex   9.490081e+01 5.113528e+01 -1.100000e+01
      vertex   9.289342e+01 5.113528e+01 -1.100000e+01
      vertex   9.464711e+01 5.095096e+01 -1.100000e+01
    endloop
  endfacet
  facet normal 0.000000e+00 0.000000e+00 1.000000e+00
    outer loop
      vertex   9.464711e+01 5.095096e+01 -1.100000e+01
      vertex   9.289342e+01 5.113528e+01 -1.100000e+01
      vertex   9.314711e+01 5.095096e+01 -1.100000e+01
    endloop
  endfacet
  facet normal 0.000000e+00 0.000000e+00 1.000000e+00
    outer loop
      vertex   9.464711e+01 5.095096e+01 -1.100000e+01
      vertex   9.314711e+01 5.095096e+01 -1.100000e+01
      vertex   9.436064e+01 5.082342e+01 -1.100000e+01
    endloop
  endfacet
  facet normal 0.000000e+00 0.000000e+00 1.000000e+00
    outer loop
      vertex   9.436064e+01 5.082342e+01 -1.100000e+01
      vertex   9.314711e+01 5.095096e+01 -1.100000e+01
      vertex   9.343359e+01 5.082342e+01 -1.100000e+01
    endloop
  endfacet
  facet normal 0.000000e+00 0.000000e+00 1.000000e+00
    outer loop
      vertex   9.436064e+01 5.082342e+01 -1.100000e+01
      vertex   9.343359e+01 5.082342e+01 -1.100000e+01
      vertex   9.405391e+01 5.075822e+01 -1.100000e+01
    endloop
  endfacet
  facet normal 0.000000e+00 0.000000e+00 1.000000e+00
    outer loop
      vertex   9.405391e+01 5.075822e+01 -1.100000e+01
      vertex   9.343359e+01 5.082342e+01 -1.100000e+01
      vertex   9.374032e+01 5.075822e+01 -1.100000e+01
    endloop
  endfacet
  facet normal 9.945219e-01 1.045285e-01 0.000000e+00
    outer loop
      vertex   8.463566e+01 5.193813e+01 -4.500000e+00
      vertex   8.463566e+01 5.193813e+01 -1.100000e+01
      vertex   8.460289e+01 5.225000e+01 -4.500000e+00
    endloop
  endfacet
  facet normal 9.945219e-01 1.045285e-01 0.000000e+00
    outer loop
      vertex   8.460289e+01 5.225000e+01 -4.500000e+00
      vertex   8.463566e+01 5.193813e+01 -1.100000e+01
      vertex   8.460289e+01 5.225000e+01 -1.100000e+01
    endloop
  endfacet
  facet normal 9.945219e-01 -1.045285e-01 0.000000e+00
    outer loop
      vertex   8.460289e+01 5.225000e+01 -4.500000e+00
      vertex   8.460289e+01 5.225000e+01 -1.100000e+01
      vertex   8.463566e+01 5.256187e+01 -4.500000e+00
    endloop
  endfacet
  facet normal 9.945219e-01 -1.045285e-01 0.000000e+00
    outer loop
      vertex   8.463566e+01 5.256187e+01 -4.500000e+00
      vertex   8.460289e+01 5.225000e+01 -1.100000e+01
      vertex   8.463566e+01 5.256187e+01 -1.100000e+01
    endloop
  endfacet
  facet normal 9.510565e-01 -3.090170e-01 0.000000e+00
    outer loop
      vertex   8.463566e+01 5.256187e+01 -4.500000e+00
      vertex   8.463566e+01 5.256187e+01 -1.100000e+01
      vertex   8.473257e+01 5.286010e+01 -1.100000e+01
    endloop
  endfacet
  facet normal 9.510565e-01 3.090170e-01 0.000000e+00
    outer loop
      vertex   8.463566e+01 5.193813e+01 -4.500000e+00
      vertex   8.473257e+01 5.163990e+01 -4.500000e+00
      vertex   8.463566e+01 5.193813e+01 -1.100000e+01
    endloop
  endfacet
  facet normal 9.510565e-01 3.090170e-01 0.000000e+00
    outer loop
      vertex   8.463566e+01 5.193813e+01 -1.100000e+01
      vertex   8.473257e+01 5.163990e+01 -4.500000e+00
      vertex   8.473257e+01 5.163990e+01 -1.100000e+01
    endloop
  endfacet
  facet normal 8.660254e-01 5.000000e-01 -0.000000e+00
    outer loop
      vertex   8.473257e+01 5.163990e+01 -1.100000e+01
      vertex   8.473257e+01 5.163990e+01 -4.500000e+00
      vertex   8.488936e+01 5.136832e+01 -4.500000e+00
    endloop
  endfacet
  facet normal 8.660254e-01 5.000000e-01 0.000000e+00
    outer loop
      vertex   8.473257e+01 5.163990e+01 -1.100000e+01
      vertex   8.488936e+01 5.136832e+01 -4.500000e+00
      vertex   8.488936e+01 5.136832e+01 -1.100000e+01
    endloop
  endfacet
  facet normal 7.431448e-01 6.691306e-01 -0.000000e+00
    outer loop
      vertex   8.488936e+01 5.136832e+01 -1.100000e+01
      vertex   8.488936e+01 5.136832e+01 -4.500000e+00
      vertex   8.509919e+01 5.113528e+01 -4.500000e+00
    endloop
  endfacet
  facet normal 7.431448e-01 6.691306e-01 0.000000e+00
    outer loop
      vertex   8.488936e+01 5.136832e+01 -1.100000e+01
      vertex   8.509919e+01 5.113528e+01 -4.500000e+00
      vertex   8.509919e+01 5.113528e+01 -1.100000e+01
    endloop
  endfacet
  facet normal 5.877853e-01 8.090170e-01 -0.000000e+00
    outer loop
      vertex   8.509919e+01 5.113528e+01 -1.100000e+01
      vertex   8.509919e+01 5.113528e+01 -4.500000e+00
      vertex   8.535289e+01 5.095096e+01 -4.500000e+00
    endloop
  endfacet
  facet normal 5.877853e-01 8.090170e-01 0.000000e+00
    outer loop
      vertex   8.509919e+01 5.113528e+01 -1.100000e+01
      vertex   8.535289e+01 5.095096e+01 -4.500000e+00
      vertex   8.535289e+01 5.095096e+01 -1.100000e+01
    endloop
  endfacet
  facet normal 4.067366e-01 9.135455e-01 -0.000000e+00
    outer loop
      vertex   8.535289e+01 5.095096e+01 -1.100000e+01
      vertex   8.535289e+01 5.095096e+01 -4.500000e+00
      vertex   8.563936e+01 5.082342e+01 -4.500000e+00
    endloop
  endfacet
  facet normal 4.067366e-01 9.135455e-01 0.000000e+00
    outer loop
      vertex   8.535289e+01 5.095096e+01 -1.100000e+01
      vertex   8.563936e+01 5.082342e+01 -4.500000e+00
      vertex   8.563936e+01 5.082342e+01 -1.100000e+01
    endloop
  endfacet
  facet normal 2.079117e-01 9.781476e-01 -0.000000e+00
    outer loop
      vertex   8.563936e+01 5.082342e+01 -1.100000e+01
      vertex   8.563936e+01 5.082342e+01 -4.500000e+00
      vertex   8.594609e+01 5.075822e+01 -4.500000e+00
    endloop
  endfacet
  facet normal 2.079117e-01 9.781476e-01 0.000000e+00
    outer loop
      vertex   8.563936e+01 5.082342e+01 -1.100000e+01
      vertex   8.594609e+01 5.075822e+01 -4.500000e+00
      vertex   8.594609e+01 5.075822e+01 -1.100000e+01
    endloop
  endfacet
  facet normal 0.000000e+00 1.000000e+00 0.000000e+00
    outer loop
      vertex   8.594609e+01 5.075822e+01 -1.100000e+01
      vertex   8.594609e+01 5.075822e+01 -4.500000e+00
      vertex   8.625968e+01 5.075822e+01 -4.500000e+00
    endloop
  endfacet
  facet normal 0.000000e+00 1.000000e+00 0.000000e+00
    outer loop
      vertex   8.594609e+01 5.075822e+01 -1.100000e+01
      vertex   8.625968e+01 5.075822e+01 -4.500000e+00
      vertex   8.625968e+01 5.075822e+01 -1.100000e+01
    endloop
  endfacet
  facet normal -2.079117e-01 9.781476e-01 0.000000e+00
    outer loop
      vertex   8.625968e+01 5.075822e+01 -1.100000e+01
      vertex   8.625968e+01 5.075822e+01 -4.500000e+00
      vertex   8.656641e+01 5.082342e+01 -4.500000e+00
    endloop
  endfacet
  facet normal -2.079117e-01 9.781476e-01 0.000000e+00
    outer loop
      vertex   8.625968e+01 5.075822e+01 -1.100000e+01
      vertex   8.656641e+01 5.082342e+01 -4.500000e+00
      vertex   8.656641e+01 5.082342e+01 -1.100000e+01
    endloop
  endfacet
  facet normal -4.067366e-01 9.135455e-01 0.000000e+00
    outer loop
      vertex   8.656641e+01 5.082342e+01 -1.100000e+01
      vertex   8.656641e+01 5.082342e+01 -4.500000e+00
      vertex   8.685289e+01 5.095096e+01 -4.500000e+00
    endloop
  endfacet
  facet normal -4.067366e-01 9.135455e-01 0.000000e+00
    outer loop
      vertex   8.656641e+01 5.082342e+01 -1.100000e+01
      vertex   8.685289e+01 5.095096e+01 -4.500000e+00
      vertex   8.685289e+01 5.095096e+01 -1.100000e+01
    endloop
  endfacet
  facet normal -5.877853e-01 8.090170e-01 0.000000e+00
    outer loop
      vertex   8.685289e+01 5.095096e+01 -1.100000e+01
      vertex   8.685289e+01 5.095096e+01 -4.500000e+00
      vertex   8.710658e+01 5.113528e+01 -4.500000e+00
    endloop
  endfacet
  facet normal -5.877853e-01 8.090170e-01 0.000000e+00
    outer loop
      vertex   8.685289e+01 5.095096e+01 -1.100000e+01
      vertex   8.710658e+01 5.113528e+01 -4.500000e+00
      vertex   8.710658e+01 5.113528e+01 -1.100000e+01
    endloop
  endfacet
  facet normal -7.431448e-01 6.691306e-01 0.000000e+00
    outer loop
      vertex   8.710658e+01 5.113528e+01 -1.100000e+01
      vertex   8.710658e+01 5.113528e+01 -4.500000e+00
      vertex   8.731641e+01 5.136832e+01 -4.500000e+00
    endloop
  endfacet
  facet normal -7.431448e-01 6.691306e-01 0.000000e+00
    outer loop
      vertex   8.710658e+01 5.113528e+01 -1.100000e+01
      vertex   8.731641e+01 5.136832e+01 -4.500000e+00
      vertex   8.731641e+01 5.136832e+01 -1.100000e+01
    endloop
  endfacet
  facet normal -8.660254e-01 5.000000e-01 0.000000e+00
    outer loop
      vertex   8.731641e+01 5.136832e+01 -1.100000e+01
      vertex   8.731641e+01 5.136832e+01 -4.500000e+00
      vertex   8.747320e+01 5.163990e+01 -4.500000e+00
    endloop
  endfacet
  facet normal -8.660254e-01 5.000000e-01 0.000000e+00
    outer loop
      vertex   8.731641e+01 5.136832e+01 -1.100000e+01
      vertex   8.747320e+01 5.163990e+01 -4.500000e+00
      vertex   8.747320e+01 5.163990e+01 -1.100000e+01
    endloop
  endfacet
  facet normal -9.510565e-01 3.090170e-01 0.000000e+00
    outer loop
      vertex   8.747320e+01 5.163990e+01 -1.100000e+01
      vertex   8.747320e+01 5.163990e+01 -4.500000e+00
      vertex   8.757011e+01 5.193813e+01 -4.500000e+00
    endloop
  endfacet
  facet normal -9.510565e-01 3.090170e-01 0.000000e+00
    outer loop
      vertex   8.747320e+01 5.163990e+01 -1.100000e+01
      vertex   8.757011e+01 5.193813e+01 -4.500000e+00
      vertex   8.757011e+01 5.193813e+01 -1.100000e+01
    endloop
  endfacet
  facet normal -9.945219e-01 1.045285e-01 0.000000e+00
    outer loop
      vertex   8.757011e+01 5.193813e+01 -1.100000e+01
      vertex   8.757011e+01 5.193813e+01 -4.500000e+00
      vertex   8.760289e+01 5.225000e+01 -4.500000e+00
    endloop
  endfacet
  facet normal -9.945219e-01 1.045285e-01 0.000000e+00
    outer loop
      vertex   8.757011e+01 5.193813e+01 -1.100000e+01
      vertex   8.760289e+01 5.225000e+01 -4.500000e+00
      vertex   8.760289e+01 5.225000e+01 -1.100000e+01
    endloop
  endfacet
  facet normal -9.945219e-01 -1.045285e-01 0.000000e+00
    outer loop
      vertex   8.760289e+01 5.225000e+01 -1.100000e+01
      vertex   8.760289e+01 5.225000e+01 -4.500000e+00
      vertex   8.757011e+01 5.256187e+01 -4.500000e+00
    endloop
  endfacet
  facet normal -9.945219e-01 -1.045285e-01 0.000000e+00
    outer loop
      vertex   8.760289e+01 5.225000e+01 -1.100000e+01
      vertex   8.757011e+01 5.256187e+01 -4.500000e+00
      vertex   8.757011e+01 5.256187e+01 -1.100000e+01
    endloop
  endfacet
  facet normal -9.510565e-01 -3.090170e-01 0.000000e+00
    outer loop
      vertex   8.757011e+01 5.256187e+01 -1.100000e+01
      vertex   8.757011e+01 5.256187e+01 -4.500000e+00
      vertex   8.747320e+01 5.286010e+01 -4.500000e+00
    endloop
  endfacet
  facet normal -9.510565e-01 -3.090170e-01 0.000000e+00
    outer loop
      vertex   8.757011e+01 5.256187e+01 -1.100000e+01
      vertex   8.747320e+01 5.286010e+01 -4.500000e+00
      vertex   8.747320e+01 5.286010e+01 -1.100000e+01
    endloop
  endfacet
  facet normal -8.660254e-01 -5.000000e-01 0.000000e+00
    outer loop
      vertex   8.747320e+01 5.286010e+01 -1.100000e+01
      vertex   8.747320e+01 5.286010e+01 -4.500000e+00
      vertex   8.731641e+01 5.313168e+01 -4.500000e+00
    endloop
  endfacet
  facet normal -8.660254e-01 -5.000000e-01 0.000000e+00
    outer loop
      vertex   8.747320e+01 5.286010e+01 -1.100000e+01
      vertex   8.731641e+01 5.313168e+01 -4.500000e+00
      vertex   8.731641e+01 5.313168e+01 -1.100000e+01
    endloop
  endfacet
  facet normal -7.431448e-01 -6.691306e-01 0.000000e+00
    outer loop
      vertex   8.731641e+01 5.313168e+01 -1.100000e+01
      vertex   8.731641e+01 5.313168e+01 -4.500000e+00
      vertex   8.710658e+01 5.336472e+01 -4.500000e+00
    endloop
  endfacet
  facet normal -7.431448e-01 -6.691306e-01 0.000000e+00
    outer loop
      vertex   8.731641e+01 5.313168e+01 -1.100000e+01
      vertex   8.710658e+01 5.336472e+01 -4.500000e+00
      vertex   8.710658e+01 5.336472e+01 -1.100000e+01
    endloop
  endfacet
  facet normal -5.877853e-01 -8.090170e-01 0.000000e+00
    outer loop
      vertex   8.710658e+01 5.336472e+01 -1.100000e+01
      vertex   8.710658e+01 5.336472e+01 -4.500000e+00
      vertex   8.685289e+01 5.354904e+01 -4.500000e+00
    endloop
  endfacet
  facet normal -5.877853e-01 -8.090170e-01 0.000000e+00
    outer loop
      vertex   8.710658e+01 5.336472e+01 -1.100000e+01
      vertex   8.685289e+01 5.354904e+01 -4.500000e+00
      vertex   8.685289e+01 5.354904e+01 -1.100000e+01
    endloop
  endfacet
  facet normal -4.067366e-01 -9.135455e-01 0.000000e+00
    outer loop
      vertex   8.685289e+01 5.354904e+01 -1.100000e+01
      vertex   8.685289e+01 5.354904e+01 -4.500000e+00
      vertex   8.656641e+01 5.367658e+01 -4.500000e+00
    endloop
  endfacet
  facet normal -4.067366e-01 -9.135455e-01 0.000000e+00
    outer loop
      vertex   8.685289e+01 5.354904e+01 -1.100000e+01
      vertex   8.656641e+01 5.367658e+01 -4.500000e+00
      vertex   8.656641e+01 5.367658e+01 -1.100000e+01
    endloop
  endfacet
  facet normal -2.079117e-01 -9.781476e-01 0.000000e+00
    outer loop
      vertex   8.656641e+01 5.367658e+01 -1.100000e+01
      vertex   8.656641e+01 5.367658e+01 -4.500000e+00
      vertex   8.625968e+01 5.374178e+01 -4.500000e+00
    endloop
  endfacet
  facet normal -2.079117e-01 -9.781476e-01 0.000000e+00
    outer loop
      vertex   8.656641e+01 5.367658e+01 -1.100000e+01
      vertex   8.625968e+01 5.374178e+01 -4.500000e+00
      vertex   8.625968e+01 5.374178e+01 -1.100000e+01
    endloop
  endfacet
  facet normal 0.000000e+00 -1.000000e+00 0.000000e+00
    outer loop
      vertex   8.625968e+01 5.374178e+01 -1.100000e+01
      vertex   8.625968e+01 5.374178e+01 -4.500000e+00
      vertex   8.594609e+01 5.374178e+01 -4.500000e+00
    endloop
  endfacet
  facet normal 0.000000e+00 -1.000000e+00 0.000000e+00
    outer loop
      vertex   8.625968e+01 5.374178e+01 -1.100000e+01
      vertex   8.594609e+01 5.374178e+01 -4.500000e+00
      vertex   8.594609e+01 5.374178e+01 -1.100000e+01
    endloop
  endfacet
  facet normal 2.079117e-01 -9.781476e-01 0.000000e+00
    outer loop
      vertex   8.594609e+01 5.374178e+01 -1.100000e+01
      vertex   8.594609e+01 5.374178e+01 -4.500000e+00
      vertex   8.563936e+01 5.367658e+01 -4.500000e+00
    endloop
  endfacet
  facet normal 2.079117e-01 -9.781476e-01 0.000000e+00
    outer loop
      vertex   8.594609e+01 5.374178e+01 -1.100000e+01
      vertex   8.563936e+01 5.367658e+01 -4.500000e+00
      vertex   8.563936e+01 5.367658e+01 -1.100000e+01
    endloop
  endfacet
  facet normal 4.067366e-01 -9.135455e-01 0.000000e+00
    outer loop
      vertex   8.563936e+01 5.367658e+01 -1.100000e+01
      vertex   8.563936e+01 5.367658e+01 -4.500000e+00
      vertex   8.535289e+01 5.354904e+01 -4.500000e+00
    endloop
  endfacet
  facet normal 4.067366e-01 -9.135455e-01 0.000000e+00
    outer loop
      vertex   8.563936e+01 5.367658e+01 -1.100000e+01
      vertex   8.535289e+01 5.354904e+01 -4.500000e+00
      vertex   8.535289e+01 5.354904e+01 -1.100000e+01
    endloop
  endfacet
  facet normal 5.877853e-01 -8.090170e-01 0.000000e+00
    outer loop
      vertex   8.535289e+01 5.354904e+01 -1.100000e+01
      vertex   8.535289e+01 5.354904e+01 -4.500000e+00
      vertex   8.509919e+01 5.336472e+01 -4.500000e+00
    endloop
  endfacet
  facet normal 5.877853e-01 -8.090170e-01 0.000000e+00
    outer loop
      vertex   8.535289e+01 5.354904e+01 -1.100000e+01
      vertex   8.509919e+01 5.336472e+01 -4.500000e+00
      vertex   8.509919e+01 5.336472e+01 -1.100000e+01
    endloop
  endfacet
  facet normal 7.431448e-01 -6.691306e-01 0.000000e+00
    outer loop
      vertex   8.509919e+01 5.336472e+01 -1.100000e+01
      vertex   8.509919e+01 5.336472e+01 -4.500000e+00
      vertex   8.488936e+01 5.313168e+01 -4.500000e+00
    endloop
  endfacet
  facet normal 7.431448e-01 -6.691306e-01 0.000000e+00
    outer loop
      vertex   8.509919e+01 5.336472e+01 -1.100000e+01
      vertex   8.488936e+01 5.313168e+01 -4.500000e+00
      vertex   8.488936e+01 5.313168e+01 -1.100000e+01
    endloop
  endfacet
  facet normal 8.660254e-01 -5.000000e-01 0.000000e+00
    outer loop
      vertex   8.488936e+01 5.313168e+01 -1.100000e+01
      vertex   8.488936e+01 5.313168e+01 -4.500000e+00
      vertex   8.473257e+01 5.286010e+01 -4.500000e+00
    endloop
  endfacet
  facet normal 8.660254e-01 -5.000000e-01 0.000000e+00
    outer loop
      vertex   8.488936e+01 5.313168e+01 -1.100000e+01
      vertex   8.473257e+01 5.286010e+01 -4.500000e+00
      vertex   8.473257e+01 5.286010e+01 -1.100000e+01
    endloop
  endfacet
  facet normal 9.510565e-01 -3.090170e-01 0.000000e+00
    outer loop
      vertex   8.473257e+01 5.286010e+01 -1.100000e+01
      vertex   8.473257e+01 5.286010e+01 -4.500000e+00
      vertex   8.463566e+01 5.256187e+01 -4.500000e+00
    endloop
  endfacet
  facet normal 0.000000e+00 -0.000000e+00 1.000000e+00
    outer loop
      vertex   8.463566e+01 5.193813e+01 -1.100000e+01
      vertex   8.757011e+01 5.193813e+01 -1.100000e+01
      vertex   8.460289e+01 5.225000e+01 -1.100000e+01
    endloop
  endfacet
  facet normal -0.000000e+00 0.000000e+00 1.000000e+00
    outer loop
      vertex   8.460289e+01 5.225000e+01 -1.100000e+01
      vertex   8.757011e+01 5.193813e+01 -1.100000e+01
      vertex   8.760289e+01 5.225000e+01 -1.100000e+01
    endloop
  endfacet
  facet normal 0.000000e+00 0.000000e+00 1.000000e+00
    outer loop
      vertex   8.460289e+01 5.225000e+01 -1.100000e+01
      vertex   8.760289e+01 5.225000e+01 -1.100000e+01
      vertex   8.463566e+01 5.256187e+01 -1.100000e+01
    endloop
  endfacet
  facet normal -0.000000e+00 0.000000e+00 1.000000e+00
    outer loop
      vertex   8.463566e+01 5.256187e+01 -1.100000e+01
      vertex   8.760289e+01 5.225000e+01 -1.100000e+01
      vertex   8.757011e+01 5.256187e+01 -1.100000e+01
    endloop
  endfacet
  facet normal 0.000000e+00 0.000000e+00 1.000000e+00
    outer loop
      vertex   8.463566e+01 5.256187e+01 -1.100000e+01
      vertex   8.757011e+01 5.256187e+01 -1.100000e+01
      vertex   8.473257e+01 5.286010e+01 -1.100000e+01
    endloop
  endfacet
  facet normal -0.000000e+00 0.000000e+00 1.000000e+00
    outer loop
      vertex   8.473257e+01 5.286010e+01 -1.100000e+01
      vertex   8.757011e+01 5.256187e+01 -1.100000e+01
      vertex   8.747320e+01 5.286010e+01 -1.100000e+01
    endloop
  endfacet
  facet normal 0.000000e+00 0.000000e+00 1.000000e+00
    outer loop
      vertex   8.473257e+01 5.286010e+01 -1.100000e+01
      vertex   8.747320e+01 5.286010e+01 -1.100000e+01
      vertex   8.488936e+01 5.313168e+01 -1.100000e+01
    endloop
  endfacet
  facet normal -0.000000e+00 0.000000e+00 1.000000e+00
    outer loop
      vertex   8.488936e+01 5.313168e+01 -1.100000e+01
      vertex   8.747320e+01 5.286010e+01 -1.100000e+01
      vertex   8.731641e+01 5.313168e+01 -1.100000e+01
    endloop
  endfacet
  facet normal 0.000000e+00 0.000000e+00 1.000000e+00
    outer loop
      vertex   8.488936e+01 5.313168e+01 -1.100000e+01
      vertex   8.731641e+01 5.313168e+01 -1.100000e+01
      vertex   8.509919e+01 5.336472e+01 -1.100000e+01
    endloop
  endfacet
  facet normal -0.000000e+00 0.000000e+00 1.000000e+00
    outer loop
      vertex   8.509919e+01 5.336472e+01 -1.100000e+01
      vertex   8.731641e+01 5.313168e+01 -1.100000e+01
      vertex   8.710658e+01 5.336472e+01 -1.100000e+01
    endloop
  endfacet
  facet normal 0.000000e+00 0.000000e+00 1.000000e+00
    outer loop
      vertex   8.509919e+01 5.336472e+01 -1.100000e+01
      vertex   8.710658e+01 5.336472e+01 -1.100000e+01
      vertex   8.535289e+01 5.354904e+01 -1.100000e+01
    endloop
  endfacet
  facet normal -0.000000e+00 0.000000e+00 1.000000e+00
    outer loop
      vertex   8.535289e+01 5.354904e+01 -1.100000e+01
      vertex   8.710658e+01 5.336472e+01 -1.100000e+01
      vertex   8.685289e+01 5.354904e+01 -1.100000e+01
    endloop
  endfacet
  facet normal 0.000000e+00 0.000000e+00 1.000000e+00
    outer loop
      vertex   8.535289e+01 5.354904e+01 -1.100000e+01
      vertex   8.685289e+01 5.354904e+01 -1.100000e+01
      vertex   8.563936e+01 5.367658e+01 -1.100000e+01
    endloop
  endfacet
  facet normal -0.000000e+00 0.000000e+00 1.000000e+00
    outer loop
      vertex   8.563936e+01 5.367658e+01 -1.100000e+01
      vertex   8.685289e+01 5.354904e+01 -1.100000e+01
      vertex   8.656641e+01 5.367658e+01 -1.100000e+01
    endloop
  endfacet
  facet normal 0.000000e+00 0.000000e+00 1.000000e+00
    outer loop
      vertex   8.563936e+01 5.367658e+01 -1.100000e+01
      vertex   8.656641e+01 5.367658e+01 -1.100000e+01
      vertex   8.594609e+01 5.374178e+01 -1.100000e+01
    endloop
  endfacet
  facet normal -0.000000e+00 0.000000e+00 1.000000e+00
    outer loop
      vertex   8.594609e+01 5.374178e+01 -1.100000e+01
      vertex   8.656641e+01 5.367658e+01 -1.100000e+01
      vertex   8.625968e+01 5.374178e+01 -1.100000e+01
    endloop
  endfacet
  facet normal 0.000000e+00 0.000000e+00 1.000000e+00
    outer loop
      vertex   8.757011e+01 5.193813e+01 -1.100000e+01
      vertex   8.463566e+01 5.193813e+01 -1.100000e+01
      vertex   8.747320e+01 5.163990e+01 -1.100000e+01
    endloop
  endfacet
  facet normal 0.000000e+00 0.000000e+00 1.000000e+00
    outer loop
      vertex   8.747320e+01 5.163990e+01 -1.100000e+01
      vertex   8.463566e+01 5.193813e+01 -1.100000e+01
      vertex   8.473257e+01 5.163990e+01 -1.100000e+01
    endloop
  endfacet
  facet normal 0.000000e+00 0.000000e+00 1.000000e+00
    outer loop
      vertex   8.747320e+01 5.163990e+01 -1.100000e+01
      vertex   8.473257e+01 5.163990e+01 -1.100000e+01
      vertex   8.731641e+01 5.136832e+01 -1.100000e+01
    endloop
  endfacet
  facet normal 0.000000e+00 0.000000e+00 1.000000e+00
    outer loop
      vertex   8.731641e+01 5.136832e+01 -1.100000e+01
      vertex   8.473257e+01 5.163990e+01 -1.100000e+01
      vertex   8.488936e+01 5.136832e+01 -1.100000e+01
    endloop
  endfacet
  facet normal 0.000000e+00 0.000000e+00 1.000000e+00
    outer loop
      vertex   8.731641e+01 5.136832e+01 -1.100000e+01
      vertex   8.488936e+01 5.136832e+01 -1.100000e+01
      vertex   8.710658e+01 5.113528e+01 -1.100000e+01
    endloop
  endfacet
  facet normal 0.000000e+00 0.000000e+00 1.000000e+00
    outer loop
      vertex   8.710658e+01 5.113528e+01 -1.100000e+01
      vertex   8.488936e+01 5.136832e+01 -1.100000e+01
      vertex   8.509919e+01 5.113528e+01 -1.100000e+01
    endloop
  endfacet
  facet normal 0.000000e+00 0.000000e+00 1.000000e+00
    outer loop
      vertex   8.710658e+01 5.113528e+01 -1.100000e+01
      vertex   8.509919e+01 5.113528e+01 -1.100000e+01
      vertex   8.685289e+01 5.095096e+01 -1.100000e+01
    endloop
  endfacet
  facet normal 0.000000e+00 0.000000e+00 1.000000e+00
    outer loop
      vertex   8.685289e+01 5.095096e+01 -1.100000e+01
      vertex   8.509919e+01 5.113528e+01 -1.100000e+01
      vertex   8.535289e+01 5.095096e+01 -1.100000e+01
    endloop
  endfacet
  facet normal 0.000000e+00 0.000000e+00 1.000000e+00
    outer loop
      vertex   8.685289e+01 5.095096e+01 -1.100000e+01
      vertex   8.535289e+01 5.095096e+01 -1.100000e+01
      vertex   8.656641e+01 5.082342e+01 -1.100000e+01
    endloop
  endfacet
  facet normal 0.000000e+00 0.000000e+00 1.000000e+00
    outer loop
      vertex   8.656641e+01 5.082342e+01 -1.100000e+01
      vertex   8.535289e+01 5.095096e+01 -1.100000e+01
      vertex   8.563936e+01 5.082342e+01 -1.100000e+01
    endloop
  endfacet
  facet normal 0.000000e+00 0.000000e+00 1.000000e+00
    outer loop
      vertex   8.656641e+01 5.082342e+01 -1.100000e+01
      vertex   8.563936e+01 5.082342e+01 -1.100000e+01
      vertex   8.625968e+01 5.075822e+01 -1.100000e+01
    endloop
  endfacet
  facet normal 0.000000e+00 0.000000e+00 1.000000e+00
    outer loop
      vertex   8.625968e+01 5.075822e+01 -1.100000e+01
      vertex   8.563936e+01 5.082342e+01 -1.100000e+01
      vertex   8.594609e+01 5.075822e+01 -1.100000e+01
    endloop
  endfacet
  facet normal 9.957342e-01 -9.226836e-02 0.000000e+00
    outer loop
      vertex   8.803405e+01 5.036750e+01 -9.500000e+00
      vertex   8.803405e+01 5.036750e+01 -4.500000e+00
      vertex   8.800000e+01 5.000000e+01 -9.500000e+00
    endloop
  endfacet
  facet normal 9.957342e-01 -9.226836e-02 0.000000e+00
    outer loop
      vertex   8.800000e+01 5.000000e+01 -9.500000e+00
      vertex   8.803405e+01 5.036750e+01 -4.500000e+00
      vertex   8.800000e+01 5.000000e+01 -4.500000e+00
    endloop
  endfacet
  facet normal 9.957342e-01 9.226836e-02 -0.000000e+00
    outer loop
      vertex   8.800000e+01 5.000000e+01 -9.500000e+00
      vertex   8.800000e+01 5.000000e+01 -4.500000e+00
      vertex   8.803405e+01 4.963250e+01 -9.500000e+00
    endloop
  endfacet
  facet normal 9.957342e-01 9.226836e-02 -0.000000e+00
    outer loop
      vertex   8.803405e+01 4.963250e+01 -9.500000e+00
      vertex   8.800000e+01 5.000000e+01 -4.500000e+00
      vertex   8.803405e+01 4.963250e+01 -4.500000e+00
    endloop
  endfacet
  facet normal 9.618256e-01 2.736630e-01 -0.000000e+00
    outer loop
      vertex   8.803405e+01 4.963250e+01 -9.500000e+00
      vertex   8.803405e+01 4.963250e+01 -4.500000e+00
      vertex   8.813506e+01 4.927752e+01 -9.500000e+00
    endloop
  endfacet
  facet normal 9.618256e-01 2.736630e-01 -0.000000e+00
    outer loop
      vertex   8.813506e+01 4.927752e+01 -9.500000e+00
      vertex   8.803405e+01 4.963250e+01 -4.500000e+00
      vertex   8.813506e+01 4.927752e+01 -4.500000e+00
    endloop
  endfacet
  facet normal 8.951633e-01 4.457384e-01 -0.000000e+00
    outer loop
      vertex   8.813506e+01 4.927752e+01 -9.500000e+00
      vertex   8.813506e+01 4.927752e+01 -4.500000e+00
      vertex   8.829957e+01 4.894714e+01 -9.500000e+00
    endloop
  endfacet
  facet normal 8.951633e-01 4.457384e-01 -0.000000e+00
    outer loop
      vertex   8.829957e+01 4.894714e+01 -9.500000e+00
      vertex   8.813506e+01 4.927752e+01 -4.500000e+00
      vertex   8.829957e+01 4.894714e+01 -4.500000e+00
    endloop
  endfacet
  facet normal 7.980172e-01 6.026346e-01 -0.000000e+00
    outer loop
      vertex   8.829957e+01 4.894714e+01 -9.500000e+00
      vertex   8.829957e+01 4.894714e+01 -4.500000e+00
      vertex   8.852198e+01 4.865261e+01 -9.500000e+00
    endloop
  endfacet
  facet normal 7.980172e-01 6.026346e-01 -0.000000e+00
    outer loop
      vertex   8.852198e+01 4.865261e+01 -9.500000e+00
      vertex   8.829957e+01 4.894714e+01 -4.500000e+00
      vertex   8.852198e+01 4.865261e+01 -4.500000e+00
    endloop
  endfacet
  facet normal 6.736956e-01 7.390089e-01 -0.000000e+00
    outer loop
      vertex   8.852198e+01 4.865261e+01 -9.500000e+00
      vertex   8.852198e+01 4.865261e+01 -4.500000e+00
      vertex   8.879473e+01 4.840397e+01 -9.500000e+00
    endloop
  endfacet
  facet normal 6.736956e-01 7.390089e-01 -0.000000e+00
    outer loop
      vertex   8.879473e+01 4.840397e+01 -9.500000e+00
      vertex   8.852198e+01 4.865261e+01 -4.500000e+00
      vertex   8.879473e+01 4.840397e+01 -4.500000e+00
    endloop
  endfacet
  facet normal 5.264322e-01 8.502171e-01 -0.000000e+00
    outer loop
      vertex   8.879473e+01 4.840397e+01 -9.500000e+00
      vertex   8.879473e+01 4.840397e+01 -4.500000e+00
      vertex   8.910852e+01 4.820967e+01 -9.500000e+00
    endloop
  endfacet
  facet normal 5.264322e-01 8.502171e-01 -0.000000e+00
    outer loop
      vertex   8.910852e+01 4.820967e+01 -9.500000e+00
      vertex   8.879473e+01 4.840397e+01 -4.500000e+00
      vertex   8.910852e+01 4.820967e+01 -4.500000e+00
    endloop
  endfacet
  facet normal 3.612417e-01 9.324722e-01 -0.000000e+00
    outer loop
      vertex   8.910852e+01 4.820967e+01 -9.500000e+00
      vertex   8.910852e+01 4.820967e+01 -4.500000e+00
      vertex   8.945267e+01 4.807635e+01 -9.500000e+00
    endloop
  endfacet
  facet normal 3.612417e-01 9.324722e-01 -0.000000e+00
    outer loop
      vertex   8.945267e+01 4.807635e+01 -9.500000e+00
      vertex   8.910852e+01 4.820967e+01 -4.500000e+00
      vertex   8.945267e+01 4.807635e+01 -4.500000e+00
    endloop
  endfacet
  facet normal 1.837495e-01 9.829731e-01 -0.000000e+00
    outer loop
      vertex   8.945267e+01 4.807635e+01 -9.500000e+00
      vertex   8.945267e+01 4.807635e+01 -4.500000e+00
      vertex   8.981546e+01 4.800853e+01 -9.500000e+00
    endloop
  endfacet
  facet normal 1.837495e-01 9.829731e-01 -0.000000e+00
    outer loop
      vertex   8.981546e+01 4.800853e+01 -9.500000e+00
      vertex   8.945267e+01 4.807635e+01 -4.500000e+00
      vertex   8.981546e+01 4.800853e+01 -4.500000e+00
    endloop
  endfacet
  facet normal 0.000000e+00 1.000000e+00 0.000000e+00
    outer loop
      vertex   8.981546e+01 4.800853e+01 -9.500000e+00
      vertex   8.981546e+01 4.800853e+01 -4.500000e+00
      vertex   9.018454e+01 4.800853e+01 -9.500000e+00
    endloop
  endfacet
  facet normal 0.000000e+00 1.000000e+00 -0.000000e+00
    outer loop
      vertex   9.018454e+01 4.800853e+01 -9.500000e+00
      vertex   8.981546e+01 4.800853e+01 -4.500000e+00
      vertex   9.018454e+01 4.800853e+01 -4.500000e+00
    endloop
  endfacet
  facet normal -1.837495e-01 9.829731e-01 0.000000e+00
    outer loop
      vertex   9.018454e+01 4.800853e+01 -9.500000e+00
      vertex   9.018454e+01 4.800853e+01 -4.500000e+00
      vertex   9.054733e+01 4.807635e+01 -9.500000e+00
    endloop
  endfacet
  facet normal -1.837495e-01 9.829731e-01 0.000000e+00
    outer loop
      vertex   9.054733e+01 4.807635e+01 -9.500000e+00
      vertex   9.018454e+01 4.800853e+01 -4.500000e+00
      vertex   9.054733e+01 4.807635e+01 -4.500000e+00
    endloop
  endfacet
  facet normal -3.612417e-01 9.324722e-01 0.000000e+00
    outer loop
      vertex   9.054733e+01 4.807635e+01 -9.500000e+00
      vertex   9.054733e+01 4.807635e+01 -4.500000e+00
      vertex   9.089148e+01 4.820967e+01 -9.500000e+00
    endloop
  endfacet
  facet normal -3.612417e-01 9.324722e-01 0.000000e+00
    outer loop
      vertex   9.089148e+01 4.820967e+01 -9.500000e+00
      vertex   9.054733e+01 4.807635e+01 -4.500000e+00
      vertex   9.089148e+01 4.820967e+01 -4.500000e+00
    endloop
  endfacet
  facet normal -5.264322e-01 8.502171e-01 0.000000e+00
    outer loop
      vertex   9.089148e+01 4.820967e+01 -9.500000e+00
      vertex   9.089148e+01 4.820967e+01 -4.500000e+00
      vertex   9.120527e+01 4.840397e+01 -9.500000e+00
    endloop
  endfacet
  facet normal -5.264322e-01 8.502171e-01 0.000000e+00
    outer loop
      vertex   9.120527e+01 4.840397e+01 -9.500000e+00
      vertex   9.089148e+01 4.820967e+01 -4.500000e+00
      vertex   9.120527e+01 4.840397e+01 -4.500000e+00
    endloop
  endfacet
  facet normal -6.736956e-01 7.390089e-01 0.000000e+00
    outer loop
      vertex   9.120527e+01 4.840397e+01 -9.500000e+00
      vertex   9.120527e+01 4.840397e+01 -4.500000e+00
      vertex   9.147802e+01 4.865261e+01 -9.500000e+00
    endloop
  endfacet
  facet normal -6.736956e-01 7.390089e-01 0.000000e+00
    outer loop
      vertex   9.147802e+01 4.865261e+01 -9.500000e+00
      vertex   9.120527e+01 4.840397e+01 -4.500000e+00
      vertex   9.147802e+01 4.865261e+01 -4.500000e+00
    endloop
  endfacet
  facet normal -7.980172e-01 6.026346e-01 0.000000e+00
    outer loop
      vertex   9.147802e+01 4.865261e+01 -9.500000e+00
      vertex   9.147802e+01 4.865261e+01 -4.500000e+00
      vertex   9.170043e+01 4.894714e+01 -9.500000e+00
    endloop
  endfacet
  facet normal -7.980172e-01 6.026346e-01 0.000000e+00
    outer loop
      vertex   9.170043e+01 4.894714e+01 -9.500000e+00
      vertex   9.147802e+01 4.865261e+01 -4.500000e+00
      vertex   9.170043e+01 4.894714e+01 -4.500000e+00
    endloop
  endfacet
  facet normal -8.951633e-01 4.457384e-01 0.000000e+00
    outer loop
      vertex   9.170043e+01 4.894714e+01 -9.500000e+00
      vertex   9.170043e+01 4.894714e+01 -4.500000e+00
      vertex   9.186494e+01 4.927752e+01 -9.500000e+00
    endloop
  endfacet
  facet normal -8.951633e-01 4.457384e-01 0.000000e+00
    outer loop
      vertex   9.186494e+01 4.927752e+01 -9.500000e+00
      vertex   9.170043e+01 4.894714e+01 -4.500000e+00
      vertex   9.186494e+01 4.927752e+01 -4.500000e+00
    endloop
  endfacet
  facet normal -9.618256e-01 2.736630e-01 0.000000e+00
    outer loop
      vertex   9.186494e+01 4.927752e+01 -9.500000e+00
      vertex   9.186494e+01 4.927752e+01 -4.500000e+00
      vertex   9.196595e+01 4.963250e+01 -9.500000e+00
    endloop
  endfacet
  facet normal -9.618256e-01 2.736630e-01 0.000000e+00
    outer loop
      vertex   9.196595e+01 4.963250e+01 -9.500000e+00
      vertex   9.186494e+01 4.927752e+01 -4.500000e+00
      vertex   9.196595e+01 4.963250e+01 -4.500000e+00
    endloop
  endfacet
  facet normal -9.957342e-01 9.226836e-02 0.000000e+00
    outer loop
      vertex   9.196595e+01 4.963250e+01 -9.500000e+00
      vertex   9.196595e+01 4.963250e+01 -4.500000e+00
      vertex   9.200000e+01 5.000000e+01 -9.500000e+00
    endloop
  endfacet
  facet normal -9.957342e-01 9.226836e-02 0.000000e+00
    outer loop
      vertex   9.200000e+01 5.000000e+01 -9.500000e+00
      vertex   9.196595e+01 4.963250e+01 -4.500000e+00
      vertex   9.200000e+01 5.000000e+01 -4.500000e+00
    endloop
  endfacet
  facet normal -9.957342e-01 -9.226836e-02 0.000000e+00
    outer loop
      vertex   9.200000e+01 5.000000e+01 -9.500000e+00
      vertex   9.200000e+01 5.000000e+01 -4.500000e+00
      vertex   9.196595e+01 5.036750e+01 -9.500000e+00
    endloop
  endfacet
  facet normal -9.957342e-01 -9.226836e-02 0.000000e+00
    outer loop
      vertex   9.196595e+01 5.036750e+01 -9.500000e+00
      vertex   9.200000e+01 5.000000e+01 -4.500000e+00
      vertex   9.196595e+01 5.036750e+01 -4.500000e+00
    endloop
  endfacet
  facet normal -9.618256e-01 -2.736630e-01 0.000000e+00
    outer loop
      vertex   9.196595e+01 5.036750e+01 -9.500000e+00
      vertex   9.196595e+01 5.036750e+01 -4.500000e+00
      vertex   9.186494e+01 5.072248e+01 -9.500000e+00
    endloop
  endfacet
  facet normal -9.618256e-01 -2.736630e-01 0.000000e+00
    outer loop
      vertex   9.186494e+01 5.072248e+01 -9.500000e+00
      vertex   9.196595e+01 5.036750e+01 -4.500000e+00
      vertex   9.186494e+01 5.072248e+01 -4.500000e+00
    endloop
  endfacet
  facet normal -8.951633e-01 -4.457384e-01 0.000000e+00
    outer loop
      vertex   9.186494e+01 5.072248e+01 -9.500000e+00
      vertex   9.186494e+01 5.072248e+01 -4.500000e+00
      vertex   9.170043e+01 5.105286e+01 -9.500000e+00
    endloop
  endfacet
  facet normal -8.951633e-01 -4.457384e-01 0.000000e+00
    outer loop
      vertex   9.170043e+01 5.105286e+01 -9.500000e+00
      vertex   9.186494e+01 5.072248e+01 -4.500000e+00
      vertex   9.170043e+01 5.105286e+01 -4.500000e+00
    endloop
  endfacet
  facet normal -7.980172e-01 -6.026346e-01 0.000000e+00
    outer loop
      vertex   9.170043e+01 5.105286e+01 -9.500000e+00
      vertex   9.170043e+01 5.105286e+01 -4.500000e+00
      vertex   9.147802e+01 5.134739e+01 -9.500000e+00
    endloop
  endfacet
  facet normal -7.980172e-01 -6.026346e-01 0.000000e+00
    outer loop
      vertex   9.147802e+01 5.134739e+01 -9.500000e+00
      vertex   9.170043e+01 5.105286e+01 -4.500000e+00
      vertex   9.147802e+01 5.134739e+01 -4.500000e+00
    endloop
  endfacet
  facet normal -6.736956e-01 -7.390089e-01 0.000000e+00
    outer loop
      vertex   9.147802e+01 5.134739e+01 -9.500000e+00
      vertex   9.147802e+01 5.134739e+01 -4.500000e+00
      vertex   9.120527e+01 5.159603e+01 -9.500000e+00
    endloop
  endfacet
  facet normal -6.736956e-01 -7.390089e-01 0.000000e+00
    outer loop
      vertex   9.120527e+01 5.159603e+01 -9.500000e+00
      vertex   9.147802e+01 5.134739e+01 -4.500000e+00
      vertex   9.120527e+01 5.159603e+01 -4.500000e+00
    endloop
  endfacet
  facet normal -5.264322e-01 -8.502171e-01 0.000000e+00
    outer loop
      vertex   9.120527e+01 5.159603e+01 -9.500000e+00
      vertex   9.120527e+01 5.159603e+01 -4.500000e+00
      vertex   9.089148e+01 5.179033e+01 -9.500000e+00
    endloop
  endfacet
  facet normal -5.264322e-01 -8.502171e-01 0.000000e+00
    outer loop
      vertex   9.089148e+01 5.179033e+01 -9.500000e+00
      vertex   9.120527e+01 5.159603e+01 -4.500000e+00
      vertex   9.089148e+01 5.179033e+01 -4.500000e+00
    endloop
  endfacet
  facet normal -3.612417e-01 -9.324722e-01 0.000000e+00
    outer loop
      vertex   9.089148e+01 5.179033e+01 -9.500000e+00
      vertex   9.089148e+01 5.179033e+01 -4.500000e+00
      vertex   9.054733e+01 5.192365e+01 -9.500000e+00
    endloop
  endfacet
  facet normal -3.612417e-01 -9.324722e-01 0.000000e+00
    outer loop
      vertex   9.054733e+01 5.192365e+01 -9.500000e+00
      vertex   9.089148e+01 5.179033e+01 -4.500000e+00
      vertex   9.054733e+01 5.192365e+01 -4.500000e+00
    endloop
  endfacet
  facet normal -1.837495e-01 -9.829731e-01 0.000000e+00
    outer loop
      vertex   9.054733e+01 5.192365e+01 -9.500000e+00
      vertex   9.054733e+01 5.192365e+01 -4.500000e+00
      vertex   9.018454e+01 5.199147e+01 -9.500000e+00
    endloop
  endfacet
  facet normal -1.837495e-01 -9.829731e-01 0.000000e+00
    outer loop
      vertex   9.018454e+01 5.199147e+01 -9.500000e+00
      vertex   9.054733e+01 5.192365e+01 -4.500000e+00
      vertex   9.018454e+01 5.199147e+01 -4.500000e+00
    endloop
  endfacet
  facet normal 0.000000e+00 -1.000000e+00 0.000000e+00
    outer loop
      vertex   9.018454e+01 5.199147e+01 -9.500000e+00
      vertex   9.018454e+01 5.199147e+01 -4.500000e+00
      vertex   8.981546e+01 5.199147e+01 -9.500000e+00
    endloop
  endfacet
  facet normal 0.000000e+00 -1.000000e+00 0.000000e+00
    outer loop
      vertex   8.981546e+01 5.199147e+01 -9.500000e+00
      vertex   9.018454e+01 5.199147e+01 -4.500000e+00
      vertex   8.981546e+01 5.199147e+01 -4.500000e+00
    endloop
  endfacet
  facet normal 1.837495e-01 -9.829731e-01 0.000000e+00
    outer loop
      vertex   8.981546e+01 5.199147e+01 -9.500000e+00
      vertex   8.981546e+01 5.199147e+01 -4.500000e+00
      vertex   8.945267e+01 5.192365e+01 -9.500000e+00
    endloop
  endfacet
  facet normal 1.837495e-01 -9.829731e-01 0.000000e+00
    outer loop
      vertex   8.945267e+01 5.192365e+01 -9.500000e+00
      vertex   8.981546e+01 5.199147e+01 -4.500000e+00
      vertex   8.945267e+01 5.192365e+01 -4.500000e+00
    endloop
  endfacet
  facet normal 3.612417e-01 -9.324722e-01 0.000000e+00
    outer loop
      vertex   8.945267e+01 5.192365e+01 -9.500000e+00
      vertex   8.945267e+01 5.192365e+01 -4.500000e+00
      vertex   8.910852e+01 5.179033e+01 -9.500000e+00
    endloop
  endfacet
  facet normal 3.612417e-01 -9.324722e-01 0.000000e+00
    outer loop
      vertex   8.910852e+01 5.179033e+01 -9.500000e+00
      vertex   8.945267e+01 5.192365e+01 -4.500000e+00
      vertex   8.910852e+01 5.179033e+01 -4.500000e+00
    endloop
  endfacet
  facet normal 5.264322e-01 -8.502171e-01 0.000000e+00
    outer loop
      vertex   8.910852e+01 5.179033e+01 -9.500000e+00
      vertex   8.910852e+01 5.179033e+01 -4.500000e+00
      vertex   8.879473e+01 5.159603e+01 -9.500000e+00
    endloop
  endfacet
  facet normal 5.264322e-01 -8.502171e-01 0.000000e+00
    outer loop
      vertex   8.879473e+01 5.159603e+01 -9.500000e+00
      vertex   8.910852e+01 5.179033e+01 -4.500000e+00
      vertex   8.879473e+01 5.159603e+01 -4.500000e+00
    endloop
  endfacet
  facet normal 6.736956e-01 -7.390089e-01 0.000000e+00
    outer loop
      vertex   8.879473e+01 5.159603e+01 -9.500000e+00
      vertex   8.879473e+01 5.159603e+01 -4.500000e+00
      vertex   8.852198e+01 5.134739e+01 -9.500000e+00
    endloop
  endfacet
  facet normal 6.736956e-01 -7.390089e-01 0.000000e+00
    outer loop
      vertex   8.852198e+01 5.134739e+01 -9.500000e+00
      vertex   8.879473e+01 5.159603e+01 -4.500000e+00
      vertex   8.852198e+01 5.134739e+01 -4.500000e+00
    endloop
  endfacet
  facet normal 7.980172e-01 -6.026346e-01 0.000000e+00
    outer loop
      vertex   8.852198e+01 5.134739e+01 -9.500000e+00
      vertex   8.852198e+01 5.134739e+01 -4.500000e+00
      vertex   8.829957e+01 5.105286e+01 -9.500000e+00
    endloop
  endfacet
  facet normal 7.980172e-01 -6.026346e-01 0.000000e+00
    outer loop
      vertex   8.829957e+01 5.105286e+01 -9.500000e+00
      vertex   8.852198e+01 5.134739e+01 -4.500000e+00
      vertex   8.829957e+01 5.105286e+01 -4.500000e+00
    endloop
  endfacet
  facet normal 8.951633e-01 -4.457384e-01 0.000000e+00
    outer loop
      vertex   8.829957e+01 5.105286e+01 -9.500000e+00
      vertex   8.829957e+01 5.105286e+01 -4.500000e+00
      vertex   8.813506e+01 5.072248e+01 -9.500000e+00
    endloop
  endfacet
  facet normal 8.951633e-01 -4.457384e-01 0.000000e+00
    outer loop
      vertex   8.813506e+01 5.072248e+01 -9.500000e+00
      vertex   8.829957e+01 5.105286e+01 -4.500000e+00
      vertex   8.813506e+01 5.072248e+01 -4.500000e+00
    endloop
  endfacet
  facet normal 9.618256e-01 -2.736630e-01 0.000000e+00
    outer loop
      vertex   8.813506e+01 5.072248e+01 -9.500000e+00
      vertex   8.813506e+01 5.072248e+01 -4.500000e+00
      vertex   8.803405e+01 5.036750e+01 -9.500000e+00
    endloop
  endfacet
  facet normal 9.618256e-01 -2.736630e-01 0.000000e+00
    outer loop
      vertex   8.803405e+01 5.036750e+01 -9.500000e+00
      vertex   8.813506e+01 5.072248e+01 -4.500000e+00
      vertex   8.803405e+01 5.036750e+01 -4.500000e+00
    endloop
  endfacet
  facet normal 3.520523e-15 -3.700218e-16 1.000000e+00
    outer loop
      vertex   8.853278e+01 5.031187e+01 -9.500000e+00
      vertex   8.803405e+01 5.036750e+01 -9.500000e+00
      vertex   8.850000e+01 5.000000e+01 -9.500000e+00
    endloop
  endfacet
  facet normal 3.552714e-15 -3.292074e-16 1.000000e+00
    outer loop
      vertex   8.850000e+01 5.000000e+01 -9.500000e+00
      vertex   8.803405e+01 5.036750e+01 -9.500000e+00
      vertex   8.800000e+01 5.000000e+01 -9.500000e+00
    endloop
  endfacet
  facet normal 3.552714e-15 3.292074e-16 1.000000e+00
    outer loop
      vertex   8.850000e+01 5.000000e+01 -9.500000e+00
      vertex   8.800000e+01 5.000000e+01 -9.500000e+00
      vertex   8.803405e+01 4.963250e+01 -9.500000e+00
    endloop
  endfacet
  facet normal 3.452231e-15 -9.822444e-16 1.000000e+00
    outer loop
      vertex   8.803405e+01 5.036750e+01 -9.500000e+00
      vertex   8.853278e+01 5.031187e+01 -9.500000e+00
      vertex   8.813506e+01 5.072248e+01 -9.500000e+00
    endloop
  endfacet
  facet normal 3.344422e-15 -1.086668e-15 1.000000e+00
    outer loop
      vertex   8.813506e+01 5.072248e+01 -9.500000e+00
      vertex   8.853278e+01 5.031187e+01 -9.500000e+00
      vertex   8.862968e+01 5.061010e+01 -9.500000e+00
    endloop
  endfacet
  facet normal 3.226314e-15 -1.606513e-15 1.000000e+00
    outer loop
      vertex   8.813506e+01 5.072248e+01 -9.500000e+00
      vertex   8.862968e+01 5.061010e+01 -9.500000e+00
      vertex   8.829957e+01 5.105286e+01 -9.500000e+00
    endloop
  endfacet
  facet normal 3.032654e-15 -1.750904e-15 1.000000e+00
    outer loop
      vertex   8.829957e+01 5.105286e+01 -9.500000e+00
      vertex   8.862968e+01 5.061010e+01 -9.500000e+00
      vertex   8.878647e+01 5.088168e+01 -9.500000e+00
    endloop
  endfacet
  facet normal 2.882841e-15 -2.177020e-15 1.000000e+00
    outer loop
      vertex   8.829957e+01 5.105286e+01 -9.500000e+00
      vertex   8.878647e+01 5.088168e+01 -9.500000e+00
      vertex   8.852198e+01 5.134739e+01 -9.500000e+00
    endloop
  endfacet
  facet normal 2.597687e-15 -2.338968e-15 1.000000e+00
    outer loop
      vertex   8.852198e+01 5.134739e+01 -9.500000e+00
      vertex   8.878647e+01 5.088168e+01 -9.500000e+00
      vertex   8.899630e+01 5.111472e+01 -9.500000e+00
    endloop
  endfacet
  facet normal 2.434856e-15 -2.670910e-15 1.000000e+00
    outer loop
      vertex   8.852198e+01 5.134739e+01 -9.500000e+00
      vertex   8.899630e+01 5.111472e+01 -9.500000e+00
      vertex   8.879473e+01 5.159603e+01 -9.500000e+00
    endloop
  endfacet
  facet normal 2.055850e-15 -2.829635e-15 1.000000e+00
    outer loop
      vertex   8.879473e+01 5.159603e+01 -9.500000e+00
      vertex   8.899630e+01 5.111472e+01 -9.500000e+00
      vertex   8.925000e+01 5.129904e+01 -9.500000e+00
    endloop
  endfacet
  facet normal 1.899979e-15 -3.068572e-15 1.000000e+00
    outer loop
      vertex   8.879473e+01 5.159603e+01 -9.500000e+00
      vertex   8.925000e+01 5.129904e+01 -9.500000e+00
      vertex   8.910852e+01 5.179033e+01 -9.500000e+00
    endloop
  endfacet
  facet normal 1.426874e-15 -3.204812e-15 1.000000e+00
    outer loop
      vertex   8.910852e+01 5.179033e+01 -9.500000e+00
      vertex   8.925000e+01 5.129904e+01 -9.500000e+00
      vertex   8.953647e+01 5.142658e+01 -9.500000e+00
    endloop
  endfacet
  facet normal 1.299573e-15 -3.354585e-15 1.000000e+00
    outer loop
      vertex   8.910852e+01 5.179033e+01 -9.500000e+00
      vertex   8.953647e+01 5.142658e+01 -9.500000e+00
      vertex   8.945267e+01 5.192365e+01 -9.500000e+00
    endloop
  endfacet
  facet normal 7.333304e-16 -3.450048e-15 1.000000e+00
    outer loop
      vertex   8.945267e+01 5.192365e+01 -9.500000e+00
      vertex   8.953647e+01 5.142658e+01 -9.500000e+00
      vertex   8.984321e+01 5.149178e+01 -9.500000e+00
    endloop
  endfacet
  facet normal 6.577089e-16 -3.518432e-15 1.000000e+00
    outer loop
      vertex   8.945267e+01 5.192365e+01 -9.500000e+00
      vertex   8.984321e+01 5.149178e+01 -9.500000e+00
      vertex   8.981546e+01 5.199147e+01 -9.500000e+00
    endloop
  endfacet
  facet normal 0.000000e+00 -3.554950e-15 1.000000e+00
    outer loop
      vertex   8.981546e+01 5.199147e+01 -9.500000e+00
      vertex   8.984321e+01 5.149178e+01 -9.500000e+00
      vertex   9.015679e+01 5.149178e+01 -9.500000e+00
    endloop
  endfacet
  facet normal 0.000000e+00 -3.554950e-15 1.000000e+00
    outer loop
      vertex   8.981546e+01 5.199147e+01 -9.500000e+00
      vertex   9.015679e+01 5.149178e+01 -9.500000e+00
      vertex   9.018454e+01 5.199147e+01 -9.500000e+00
    endloop
  endfacet
  facet normal -6.577089e-16 -3.518432e-15 1.000000e+00
    outer loop
      vertex   9.018454e+01 5.199147e+01 -9.500000e+00
      vertex   9.015679e+01 5.149178e+01 -9.500000e+00
      vertex   9.054733e+01 5.192365e+01 -9.500000e+00
    endloop
  endfacet
  facet normal -7.333304e-16 -3.450048e-15 1.000000e+00
    outer loop
      vertex   9.054733e+01 5.192365e+01 -9.500000e+00
      vertex   9.015679e+01 5.149178e+01 -9.500000e+00
      vertex   9.046353e+01 5.142658e+01 -9.500000e+00
    endloop
  endfacet
  facet normal -1.299573e-15 -3.354585e-15 1.000000e+00
    outer loop
      vertex   9.054733e+01 5.192365e+01 -9.500000e+00
      vertex   9.046353e+01 5.142658e+01 -9.500000e+00
      vertex   9.089148e+01 5.179033e+01 -9.500000e+00
    endloop
  endfacet
  facet normal -1.426874e-15 -3.204812e-15 1.000000e+00
    outer loop
      vertex   9.089148e+01 5.179033e+01 -9.500000e+00
      vertex   9.046353e+01 5.142658e+01 -9.500000e+00
      vertex   9.075000e+01 5.129904e+01 -9.500000e+00
    endloop
  endfacet
  facet normal -1.899979e-15 -3.068572e-15 1.000000e+00
    outer loop
      vertex   9.089148e+01 5.179033e+01 -9.500000e+00
      vertex   9.075000e+01 5.129904e+01 -9.500000e+00
      vertex   9.120527e+01 5.159603e+01 -9.500000e+00
    endloop
  endfacet
  facet normal -2.055850e-15 -2.829635e-15 1.000000e+00
    outer loop
      vertex   9.120527e+01 5.159603e+01 -9.500000e+00
      vertex   9.075000e+01 5.129904e+01 -9.500000e+00
      vertex   9.100370e+01 5.111472e+01 -9.500000e+00
    endloop
  endfacet
  facet normal -2.434856e-15 -2.670910e-15 1.000000e+00
    outer loop
      vertex   9.120527e+01 5.159603e+01 -9.500000e+00
      vertex   9.100370e+01 5.111472e+01 -9.500000e+00
      vertex   9.147802e+01 5.134739e+01 -9.500000e+00
    endloop
  endfacet
  facet normal -2.597687e-15 -2.338968e-15 1.000000e+00
    outer loop
      vertex   9.147802e+01 5.134739e+01 -9.500000e+00
      vertex   9.100370e+01 5.111472e+01 -9.500000e+00
      vertex   9.121353e+01 5.088168e+01 -9.500000e+00
    endloop
  endfacet
  facet normal -2.882841e-15 -2.177020e-15 1.000000e+00
    outer loop
      vertex   9.147802e+01 5.134739e+01 -9.500000e+00
      vertex   9.121353e+01 5.088168e+01 -9.500000e+00
      vertex   9.170043e+01 5.105286e+01 -9.500000e+00
    endloop
  endfacet
  facet normal -3.032654e-15 -1.750904e-15 1.000000e+00
    outer loop
      vertex   9.170043e+01 5.105286e+01 -9.500000e+00
      vertex   9.121353e+01 5.088168e+01 -9.500000e+00
      vertex   9.137032e+01 5.061010e+01 -9.500000e+00
    endloop
  endfacet
  facet normal -3.226314e-15 -1.606513e-15 1.000000e+00
    outer loop
      vertex   9.170043e+01 5.105286e+01 -9.500000e+00
      vertex   9.137032e+01 5.061010e+01 -9.500000e+00
      vertex   9.186494e+01 5.072248e+01 -9.500000e+00
    endloop
  endfacet
  facet normal -3.344422e-15 -1.086668e-15 1.000000e+00
    outer loop
      vertex   9.186494e+01 5.072248e+01 -9.500000e+00
      vertex   9.137032e+01 5.061010e+01 -9.500000e+00
      vertex   9.146722e+01 5.031187e+01 -9.500000e+00
    endloop
  endfacet
  facet normal -3.452231e-15 -9.822444e-16 1.000000e+00
    outer loop
      vertex   9.186494e+01 5.072248e+01 -9.500000e+00
      vertex   9.146722e+01 5.031187e+01 -9.500000e+00
      vertex   9.196595e+01 5.036750e+01 -9.500000e+00
    endloop
  endfacet
  facet normal -3.520523e-15 -3.700218e-16 1.000000e+00
    outer loop
      vertex   9.196595e+01 5.036750e+01 -9.500000e+00
      vertex   9.146722e+01 5.031187e+01 -9.500000e+00
      vertex   9.150000e+01 5.000000e+01 -9.500000e+00
    endloop
  endfacet
  facet normal -3.552714e-15 -3.292074e-16 1.000000e+00
    outer loop
      vertex   9.196595e+01 5.036750e+01 -9.500000e+00
      vertex   9.150000e+01 5.000000e+01 -9.500000e+00
      vertex   9.200000e+01 5.000000e+01 -9.500000e+00
    endloop
  endfacet
  facet normal -3.552714e-15 3.292074e-16 1.000000e+00
    outer loop
      vertex   9.200000e+01 5.000000e+01 -9.500000e+00
      vertex   9.150000e+01 5.000000e+01 -9.500000e+00
      vertex   9.196595e+01 4.963250e+01 -9.500000e+00
    endloop
  endfacet
  facet normal -3.520523e-15 3.700218e-16 1.000000e+00
    outer loop
      vertex   9.196595e+01 4.963250e+01 -9.500000e+00
      vertex   9.150000e+01 5.000000e+01 -9.500000e+00
      vertex   9.146722e+01 4.968813e+01 -9.500000e+00
    endloop
  endfacet
  facet normal -3.452231e-15 9.822444e-16 1.000000e+00
    outer loop
      vertex   9.196595e+01 4.963250e+01 -9.500000e+00
      vertex   9.146722e+01 4.968813e+01 -9.500000e+00
      vertex   9.186494e+01 4.927752e+01 -9.500000e+00
    endloop
  endfacet
  facet normal -3.344422e-15 1.086668e-15 1.000000e+00
    outer loop
      vertex   9.186494e+01 4.927752e+01 -9.500000e+00
      vertex   9.146722e+01 4.968813e+01 -9.500000e+00
      vertex   9.137032e+01 4.938990e+01 -9.500000e+00
    endloop
  endfacet
  facet normal -3.226314e-15 1.606513e-15 1.000000e+00
    outer loop
      vertex   9.186494e+01 4.927752e+01 -9.500000e+00
      vertex   9.137032e+01 4.938990e+01 -9.500000e+00
      vertex   9.170043e+01 4.894714e+01 -9.500000e+00
    endloop
  endfacet
  facet normal -3.032654e-15 1.750904e-15 1.000000e+00
    outer loop
      vertex   9.170043e+01 4.894714e+01 -9.500000e+00
      vertex   9.137032e+01 4.938990e+01 -9.500000e+00
      vertex   9.121353e+01 4.911832e+01 -9.500000e+00
    endloop
  endfacet
  facet normal -2.882841e-15 2.177020e-15 1.000000e+00
    outer loop
      vertex   9.170043e+01 4.894714e+01 -9.500000e+00
      vertex   9.121353e+01 4.911832e+01 -9.500000e+00
      vertex   9.147802e+01 4.865261e+01 -9.500000e+00
    endloop
  endfacet
  facet normal -2.597687e-15 2.338968e-15 1.000000e+00
    outer loop
      vertex   9.147802e+01 4.865261e+01 -9.500000e+00
      vertex   9.121353e+01 4.911832e+01 -9.500000e+00
      vertex   9.100370e+01 4.888528e+01 -9.500000e+00
    endloop
  endfacet
  facet normal -2.434856e-15 2.670910e-15 1.000000e+00
    outer loop
      vertex   9.147802e+01 4.865261e+01 -9.500000e+00
      vertex   9.100370e+01 4.888528e+01 -9.500000e+00
      vertex   9.120527e+01 4.840397e+01 -9.500000e+00
    endloop
  endfacet
  facet normal -2.055850e-15 2.829635e-15 1.000000e+00
    outer loop
      vertex   9.120527e+01 4.840397e+01 -9.500000e+00
      vertex   9.100370e+01 4.888528e+01 -9.500000e+00
      vertex   9.075000e+01 4.870096e+01 -9.500000e+00
    endloop
  endfacet
  facet normal -1.899979e-15 3.068572e-15 1.000000e+00
    outer loop
      vertex   9.120527e+01 4.840397e+01 -9.500000e+00
      vertex   9.075000e+01 4.870096e+01 -9.500000e+00
      vertex   9.089148e+01 4.820967e+01 -9.500000e+00
    endloop
  endfacet
  facet normal -1.426874e-15 3.204812e-15 1.000000e+00
    outer loop
      vertex   9.089148e+01 4.820967e+01 -9.500000e+00
      vertex   9.075000e+01 4.870096e+01 -9.500000e+00
      vertex   9.046353e+01 4.857342e+01 -9.500000e+00
    endloop
  endfacet
  facet normal -1.299573e-15 3.354585e-15 1.000000e+00
    outer loop
      vertex   9.089148e+01 4.820967e+01 -9.500000e+00
      vertex   9.046353e+01 4.857342e+01 -9.500000e+00
      vertex   9.054733e+01 4.807635e+01 -9.500000e+00
    endloop
  endfacet
  facet normal -7.333304e-16 3.450048e-15 1.000000e+00
    outer loop
      vertex   9.054733e+01 4.807635e+01 -9.500000e+00
      vertex   9.046353e+01 4.857342e+01 -9.500000e+00
      vertex   9.015679e+01 4.850822e+01 -9.500000e+00
    endloop
  endfacet
  facet normal -6.577089e-16 3.518432e-15 1.000000e+00
    outer loop
      vertex   9.054733e+01 4.807635e+01 -9.500000e+00
      vertex   9.015679e+01 4.850822e+01 -9.500000e+00
      vertex   9.018454e+01 4.800853e+01 -9.500000e+00
    endloop
  endfacet
  facet normal 0.000000e+00 3.554950e-15 1.000000e+00
    outer loop
      vertex   9.018454e+01 4.800853e+01 -9.500000e+00
      vertex   9.015679e+01 4.850822e+01 -9.500000e+00
      vertex   8.984321e+01 4.850822e+01 -9.500000e+00
    endloop
  endfacet
  facet normal 0.000000e+00 3.554950e-15 1.000000e+00
    outer loop
      vertex   9.018454e+01 4.800853e+01 -9.500000e+00
      vertex   8.984321e+01 4.850822e+01 -9.500000e+00
      vertex   8.981546e+01 4.800853e+01 -9.500000e+00
    endloop
  endfacet
  facet normal 6.577089e-16 3.518432e-15 1.000000e+00
    outer loop
      vertex   8.981546e+01 4.800853e+01 -9.500000e+00
      vertex   8.984321e+01 4.850822e+01 -9.500000e+00
      vertex   8.945267e+01 4.807635e+01 -9.500000e+00
    endloop
  endfacet
  facet normal 7.333304e-16 3.450048e-15 1.000000e+00
    outer loop
      vertex   8.945267e+01 4.807635e+01 -9.500000e+00
      vertex   8.984321e+01 4.850822e+01 -9.500000e+00
      vertex   8.953647e+01 4.857342e+01 -9.500000e+00
    endloop
  endfacet
  facet normal 1.299573e-15 3.354585e-15 1.000000e+00
    outer loop
      vertex   8.945267e+01 4.807635e+01 -9.500000e+00
      vertex   8.953647e+01 4.857342e+01 -9.500000e+00
      vertex   8.910852e+01 4.820967e+01 -9.500000e+00
    endloop
  endfacet
  facet normal 1.426874e-15 3.204812e-15 1.000000e+00
    outer loop
      vertex   8.910852e+01 4.820967e+01 -9.500000e+00
      vertex   8.953647e+01 4.857342e+01 -9.500000e+00
      vertex   8.925000e+01 4.870096e+01 -9.500000e+00
    endloop
  endfacet
  facet normal 1.899979e-15 3.068572e-15 1.000000e+00
    outer loop
      vertex   8.910852e+01 4.820967e+01 -9.500000e+00
      vertex   8.925000e+01 4.870096e+01 -9.500000e+00
      vertex   8.879473e+01 4.840397e+01 -9.500000e+00
    endloop
  endfacet
  facet normal 2.055850e-15 2.829635e-15 1.000000e+00
    outer loop
      vertex   8.879473e+01 4.840397e+01 -9.500000e+00
      vertex   8.925000e+01 4.870096e+01 -9.500000e+00
      vertex   8.899630e+01 4.888528e+01 -9.500000e+00
    endloop
  endfacet
  facet normal 2.434856e-15 2.670910e-15 1.000000e+00
    outer loop
      vertex   8.879473e+01 4.840397e+01 -9.500000e+00
      vertex   8.899630e+01 4.888528e+01 -9.500000e+00
      vertex   8.852198e+01 4.865261e+01 -9.500000e+00
    endloop
  endfacet
  facet normal 2.597687e-15 2.338968e-15 1.000000e+00
    outer loop
      vertex   8.852198e+01 4.865261e+01 -9.500000e+00
      vertex   8.899630e+01 4.888528e+01 -9.500000e+00
      vertex   8.878647e+01 4.911832e+01 -9.500000e+00
    endloop
  endfacet
  facet normal 2.882841e-15 2.177020e-15 1.000000e+00
    outer loop
      vertex   8.852198e+01 4.865261e+01 -9.500000e+00
      vertex   8.878647e+01 4.911832e+01 -9.500000e+00
      vertex   8.829957e+01 4.894714e+01 -9.500000e+00
    endloop
  endfacet
  facet normal 3.032654e-15 1.750904e-15 1.000000e+00
    outer loop
      vertex   8.829957e+01 4.894714e+01 -9.500000e+00
      vertex   8.878647e+01 4.911832e+01 -9.500000e+00
      vertex   8.862968e+01 4.938990e+01 -9.500000e+00
    endloop
  endfacet
  facet normal 3.226314e-15 1.606513e-15 1.000000e+00
    outer loop
      vertex   8.829957e+01 4.894714e+01 -9.500000e+00
      vertex   8.862968e+01 4.938990e+01 -9.500000e+00
      vertex   8.813506e+01 4.927752e+01 -9.500000e+00
    endloop
  endfacet
  facet normal 3.344422e-15 1.086668e-15 1.000000e+00
    outer loop
      vertex   8.813506e+01 4.927752e+01 -9.500000e+00
      vertex   8.862968e+01 4.938990e+01 -9.500000e+00
      vertex   8.853278e+01 4.968813e+01 -9.500000e+00
    endloop
  endfacet
  facet normal 3.452231e-15 9.822444e-16 1.000000e+00
    outer loop
      vertex   8.813506e+01 4.927752e+01 -9.500000e+00
      vertex   8.853278e+01 4.968813e+01 -9.500000e+00
      vertex   8.803405e+01 4.963250e+01 -9.500000e+00
    endloop
  endfacet
  facet normal 3.520523e-15 3.700218e-16 1.000000e+00
    outer loop
      vertex   8.803405e+01 4.963250e+01 -9.500000e+00
      vertex   8.853278e+01 4.968813e+01 -9.500000e+00
      vertex   8.850000e+01 5.000000e+01 -9.500000e+00
    endloop
  endfacet
  facet normal -9.987569e-01 4.984589e-02 0.000000e+00
    outer loop
      vertex   8.303478e+01 5.069697e+01 -4.500000e+00
      vertex   8.303478e+01 5.069697e+01 -1.816667e+01
      vertex   8.300000e+01 5.000000e+01 -4.500000e+00
    endloop
  endfacet
  facet normal -9.987569e-01 4.984589e-02 0.000000e+00
    outer loop
      vertex   8.300000e+01 5.000000e+01 -4.500000e+00
      vertex   8.303478e+01 5.069697e+01 -1.816667e+01
      vertex   8.300000e+01 5.000000e+01 -1.816667e+01
    endloop
  endfacet
  facet normal -9.987569e-01 -4.984589e-02 -0.000000e+00
    outer loop
      vertex   8.300000e+01 5.000000e+01 -4.500000e+00
      vertex   8.300000e+01 5.000000e+01 -1.816667e+01
      vertex   8.303478e+01 4.930303e+01 -4.500000e+00
    endloop
  endfacet
  facet normal -9.987569e-01 -4.984589e-02 -0.000000e+00
    outer loop
      vertex   8.303478e+01 4.930303e+01 -4.500000e+00
      vertex   8.300000e+01 5.000000e+01 -1.816667e+01
      vertex   8.303478e+01 4.930303e+01 -1.816667e+01
    endloop
  endfacet
  facet normal -9.888308e-01 -1.490423e-01 -0.000000e+00
    outer loop
      vertex   8.303478e+01 4.930303e+01 -4.500000e+00
      vertex   8.303478e+01 4.930303e+01 -1.816667e+01
      vertex   8.313879e+01 4.861298e+01 -4.500000e+00
    endloop
  endfacet
  facet normal -9.888308e-01 -1.490423e-01 -0.000000e+00
    outer loop
      vertex   8.313879e+01 4.861298e+01 -4.500000e+00
      vertex   8.303478e+01 4.930303e+01 -1.816667e+01
      vertex   8.313879e+01 4.861298e+01 -1.816667e+01
    endloop
  endfacet
  facet normal -9.690773e-01 -2.467574e-01 -0.000000e+00
    outer loop
      vertex   8.313879e+01 4.861298e+01 -4.500000e+00
      vertex   8.313879e+01 4.861298e+01 -1.816667e+01
      vertex   8.331099e+01 4.793671e+01 -4.500000e+00
    endloop
  endfacet
  facet normal -9.690773e-01 -2.467574e-01 -0.000000e+00
    outer loop
      vertex   8.331099e+01 4.793671e+01 -4.500000e+00
      vertex   8.313879e+01 4.861298e+01 -1.816667e+01
      vertex   8.331099e+01 4.793671e+01 -1.816667e+01
    endloop
  endfacet
  facet normal -9.396926e-01 -3.420201e-01 -0.000000e+00
    outer loop
      vertex   8.331099e+01 4.793671e+01 -4.500000e+00
      vertex   8.331099e+01 4.793671e+01 -1.816667e+01
      vertex   8.354967e+01 4.728096e+01 -4.500000e+00
    endloop
  endfacet
  facet normal -9.396926e-01 -3.420201e-01 -0.000000e+00
    outer loop
      vertex   8.354967e+01 4.728096e+01 -4.500000e+00
      vertex   8.331099e+01 4.793671e+01 -1.816667e+01
      vertex   8.354967e+01 4.728096e+01 -1.816667e+01
    endloop
  endfacet
  facet normal -9.009689e-01 -4.338837e-01 -0.000000e+00
    outer loop
      vertex   8.354967e+01 4.728096e+01 -4.500000e+00
      vertex   8.354967e+01 4.728096e+01 -1.816667e+01
      vertex   8.385245e+01 4.665222e+01 -4.500000e+00
    endloop
  endfacet
  facet normal -9.009689e-01 -4.338837e-01 -0.000000e+00
    outer loop
      vertex   8.385245e+01 4.665222e+01 -4.500000e+00
      vertex   8.354967e+01 4.728096e+01 -1.816667e+01
      vertex   8.385245e+01 4.665222e+01 -1.816667e+01
    endloop
  endfacet
  facet normal -8.532909e-01 -5.214352e-01 -0.000000e+00
    outer loop
      vertex   8.385245e+01 4.665222e+01 -4.500000e+00
      vertex   8.385245e+01 4.665222e+01 -1.816667e+01
      vertex   8.421633e+01 4.605676e+01 -4.500000e+00
    endloop
  endfacet
  facet normal -8.532909e-01 -5.214352e-01 -0.000000e+00
    outer loop
      vertex   8.421633e+01 4.605676e+01 -4.500000e+00
      vertex   8.385245e+01 4.665222e+01 -1.816667e+01
      vertex   8.421633e+01 4.605676e+01 -1.816667e+01
    endloop
  endfacet
  facet normal -7.971325e-01 -6.038044e-01 -0.000000e+00
    outer loop
      vertex   8.421633e+01 4.605676e+01 -4.500000e+00
      vertex   8.421633e+01 4.605676e+01 -1.816667e+01
      vertex   8.463769e+01 4.550049e+01 -4.500000e+00
    endloop
  endfacet
  facet normal -7.971325e-01 -6.038044e-01 -0.000000e+00
    outer loop
      vertex   8.463769e+01 4.550049e+01 -4.500000e+00
      vertex   8.421633e+01 4.605676e+01 -1.816667e+01
      vertex   8.463769e+01 4.550049e+01 -1.816667e+01
    endloop
  endfacet
  facet normal -7.330519e-01 -6.801727e-01 -0.000000e+00
    outer loop
      vertex   8.463769e+01 4.550049e+01 -4.500000e+00
      vertex   8.463769e+01 4.550049e+01 -1.816667e+01
      vertex   8.511234e+01 4.498893e+01 -4.500000e+00
    endloop
  endfacet
  facet normal -7.330519e-01 -6.801727e-01 -0.000000e+00
    outer loop
      vertex   8.511234e+01 4.498893e+01 -4.500000e+00
      vertex   8.463769e+01 4.550049e+01 -1.816667e+01
      vertex   8.511234e+01 4.498893e+01 -1.816667e+01
    endloop
  endfacet
  facet normal -6.616858e-01 -7.497812e-01 -0.000000e+00
    outer loop
      vertex   8.511234e+01 4.498893e+01 -4.500000e+00
      vertex   8.511234e+01 4.498893e+01 -1.816667e+01
      vertex   8.563557e+01 4.452718e+01 -4.500000e+00
    endloop
  endfacet
  facet normal -6.616858e-01 -7.497812e-01 -0.000000e+00
    outer loop
      vertex   8.563557e+01 4.452718e+01 -4.500000e+00
      vertex   8.511234e+01 4.498893e+01 -1.816667e+01
      vertex   8.563557e+01 4.452718e+01 -1.816667e+01
    endloop
  endfacet
  facet normal -5.837437e-01 -8.119380e-01 -0.000000e+00
    outer loop
      vertex   8.563557e+01 4.452718e+01 -4.500000e+00
      vertex   8.563557e+01 4.452718e+01 -1.816667e+01
      vertex   8.620218e+01 4.411982e+01 -4.500000e+00
    endloop
  endfacet
  facet normal -5.837437e-01 -8.119380e-01 -0.000000e+00
    outer loop
      vertex   8.620218e+01 4.411982e+01 -4.500000e+00
      vertex   8.563557e+01 4.452718e+01 -1.816667e+01
      vertex   8.620218e+01 4.411982e+01 -1.816667e+01
    endloop
  endfacet
  facet normal -5.000000e-01 -8.660254e-01 -0.000000e+00
    outer loop
      vertex   8.620218e+01 4.411982e+01 -4.500000e+00
      vertex   8.620218e+01 4.411982e+01 -1.816667e+01
      vertex   8.680653e+01 4.377090e+01 -4.500000e+00
    endloop
  endfacet
  facet normal -5.000000e-01 -8.660254e-01 -0.000000e+00
    outer loop
      vertex   8.680653e+01 4.377090e+01 -4.500000e+00
      vertex   8.620218e+01 4.411982e+01 -1.816667e+01
      vertex   8.680653e+01 4.377090e+01 -1.816667e+01
    endloop
  endfacet
  facet normal -4.112871e-01 -9.115059e-01 -0.000000e+00
    outer loop
      vertex   8.680653e+01 4.377090e+01 -4.500000e+00
      vertex   8.680653e+01 4.377090e+01 -1.816667e+01
      vertex   8.744261e+01 4.348388e+01 -4.500000e+00
    endloop
  endfacet
  facet normal -4.112871e-01 -9.115059e-01 -0.000000e+00
    outer loop
      vertex   8.744261e+01 4.348388e+01 -4.500000e+00
      vertex   8.680653e+01 4.377090e+01 -1.816667e+01
      vertex   8.744261e+01 4.348388e+01 -1.816667e+01
    endloop
  endfacet
  facet normal -3.184867e-01 -9.479273e-01 -0.000000e+00
    outer loop
      vertex   8.744261e+01 4.348388e+01 -4.500000e+00
      vertex   8.744261e+01 4.348388e+01 -1.816667e+01
      vertex   8.810412e+01 4.326163e+01 -4.500000e+00
    endloop
  endfacet
  facet normal -3.184867e-01 -9.479273e-01 -0.000000e+00
    outer loop
      vertex   8.810412e+01 4.326163e+01 -4.500000e+00
      vertex   8.744261e+01 4.348388e+01 -1.816667e+01
      vertex   8.810412e+01 4.326163e+01 -1.816667e+01
    endloop
  endfacet
  facet normal -2.225209e-01 -9.749279e-01 -0.000000e+00
    outer loop
      vertex   8.810412e+01 4.326163e+01 -4.500000e+00
      vertex   8.810412e+01 4.326163e+01 -1.816667e+01
      vertex   8.878446e+01 4.310635e+01 -4.500000e+00
    endloop
  endfacet
  facet normal -2.225209e-01 -9.749279e-01 -0.000000e+00
    outer loop
      vertex   8.878446e+01 4.310635e+01 -4.500000e+00
      vertex   8.810412e+01 4.326163e+01 -1.816667e+01
      vertex   8.878446e+01 4.310635e+01 -1.816667e+01
    endloop
  endfacet
  facet normal -1.243437e-01 -9.922392e-01 -0.000000e+00
    outer loop
      vertex   8.878446e+01 4.310635e+01 -4.500000e+00
      vertex   8.878446e+01 4.310635e+01 -1.816667e+01
      vertex   8.947689e+01 4.301957e+01 -4.500000e+00
    endloop
  endfacet
  facet normal -1.243437e-01 -9.922392e-01 -0.000000e+00
    outer loop
      vertex   8.947689e+01 4.301957e+01 -4.500000e+00
      vertex   8.878446e+01 4.310635e+01 -1.816667e+01
      vertex   8.947689e+01 4.301957e+01 -1.816667e+01
    endloop
  endfacet
  facet normal -2.493069e-02 -9.996892e-01 -0.000000e+00
    outer loop
      vertex   8.947689e+01 4.301957e+01 -4.500000e+00
      vertex   8.947689e+01 4.301957e+01 -1.816667e+01
      vertex   9.017451e+01 4.300218e+01 -4.500000e+00
    endloop
  endfacet
  facet normal -2.493069e-02 -9.996892e-01 -0.000000e+00
    outer loop
      vertex   9.017451e+01 4.300218e+01 -4.500000e+00
      vertex   8.947689e+01 4.301957e+01 -1.816667e+01
      vertex   9.017451e+01 4.300218e+01 -1.816667e+01
    endloop
  endfacet
  facet normal 7.473009e-02 -9.972038e-01 0.000000e+00
    outer loop
      vertex   9.017451e+01 4.300218e+01 -4.500000e+00
      vertex   9.017451e+01 4.300218e+01 -1.816667e+01
      vertex   9.087041e+01 4.305433e+01 -4.500000e+00
    endloop
  endfacet
  facet normal 7.473009e-02 -9.972038e-01 0.000000e+00
    outer loop
      vertex   9.087041e+01 4.305433e+01 -4.500000e+00
      vertex   9.017451e+01 4.300218e+01 -1.816667e+01
      vertex   9.087041e+01 4.305433e+01 -1.816667e+01
    endloop
  endfacet
  facet normal 1.736482e-01 -9.848078e-01 0.000000e+00
    outer loop
      vertex   9.087041e+01 4.305433e+01 -4.500000e+00
      vertex   9.087041e+01 4.305433e+01 -1.816667e+01
      vertex   9.155765e+01 4.317550e+01 -4.500000e+00
    endloop
  endfacet
  facet normal 1.736482e-01 -9.848078e-01 0.000000e+00
    outer loop
      vertex   9.155765e+01 4.317550e+01 -4.500000e+00
      vertex   9.087041e+01 4.305433e+01 -1.816667e+01
      vertex   9.155765e+01 4.317550e+01 -1.816667e+01
    endloop
  endfacet
  facet normal 2.708405e-01 -9.626242e-01 0.000000e+00
    outer loop
      vertex   9.155765e+01 4.317550e+01 -4.500000e+00
      vertex   9.155765e+01 4.317550e+01 -1.816667e+01
      vertex   9.222941e+01 4.336451e+01 -4.500000e+00
    endloop
  endfacet
  facet normal 2.708405e-01 -9.626242e-01 0.000000e+00
    outer loop
      vertex   9.222941e+01 4.336451e+01 -4.500000e+00
      vertex   9.155765e+01 4.317550e+01 -1.816667e+01
      vertex   9.222941e+01 4.336451e+01 -1.816667e+01
    endloop
  endfacet
  facet normal 3.653410e-01 -9.308737e-01 0.000000e+00
    outer loop
      vertex   9.222941e+01 4.336451e+01 -4.500000e+00
      vertex   9.222941e+01 4.336451e+01 -1.816667e+01
      vertex   9.287901e+01 4.361946e+01 -4.500000e+00
    endloop
  endfacet
  facet normal 3.653410e-01 -9.308737e-01 0.000000e+00
    outer loop
      vertex   9.287901e+01 4.361946e+01 -4.500000e+00
      vertex   9.222941e+01 4.336451e+01 -1.816667e+01
      vertex   9.287901e+01 4.361946e+01 -1.816667e+01
    endloop
  endfacet
  facet normal 4.562107e-01 -8.898718e-01 0.000000e+00
    outer loop
      vertex   9.287901e+01 4.361946e+01 -4.500000e+00
      vertex   9.287901e+01 4.361946e+01 -1.816667e+01
      vertex   9.350000e+01 4.393782e+01 -4.500000e+00
    endloop
  endfacet
  facet normal 4.562107e-01 -8.898718e-01 0.000000e+00
    outer loop
      vertex   9.350000e+01 4.393782e+01 -4.500000e+00
      vertex   9.287901e+01 4.361946e+01 -1.816667e+01
      vertex   9.350000e+01 4.393782e+01 -1.816667e+01
    endloop
  endfacet
  facet normal 5.425463e-01 -8.400259e-01 0.000000e+00
    outer loop
      vertex   9.350000e+01 4.393782e+01 -4.500000e+00
      vertex   9.350000e+01 4.393782e+01 -1.816667e+01
      vertex   9.408621e+01 4.431643e+01 -4.500000e+00
    endloop
  endfacet
  facet normal 5.425463e-01 -8.400259e-01 4.367373e-16
    outer loop
      vertex   9.408621e+01 4.431643e+01 -4.500000e+00
      vertex   9.350000e+01 4.393782e+01 -1.816667e+01
      vertex   9.408621e+01 4.431643e+01 -1.816667e+01
    endloop
  endfacet
  facet normal 6.234898e-01 -7.818315e-01 4.064815e-16
    outer loop
      vertex   9.408621e+01 4.431643e+01 -4.500000e+00
      vertex   9.408621e+01 4.431643e+01 -1.816667e+01
      vertex   9.463180e+01 4.475153e+01 -4.500000e+00
    endloop
  endfacet
  facet normal 6.234898e-01 -7.818315e-01 0.000000e+00
    outer loop
      vertex   9.463180e+01 4.475153e+01 -4.500000e+00
      vertex   9.408621e+01 4.431643e+01 -1.816667e+01
      vertex   9.463180e+01 4.475153e+01 -1.816667e+01
    endloop
  endfacet
  facet normal 6.982368e-01 -7.158668e-01 0.000000e+00
    outer loop
      vertex   9.463180e+01 4.475153e+01 -4.500000e+00
      vertex   9.463180e+01 4.475153e+01 -1.816667e+01
      vertex   9.513136e+01 4.523879e+01 -4.500000e+00
    endloop
  endfacet
  facet normal 6.982368e-01 -7.158668e-01 0.000000e+00
    outer loop
      vertex   9.513136e+01 4.523879e+01 -4.500000e+00
      vertex   9.463180e+01 4.475153e+01 -1.816667e+01
      vertex   9.513136e+01 4.523879e+01 -1.816667e+01
    endloop
  endfacet
  facet normal 7.660444e-01 -6.427876e-01 0.000000e+00
    outer loop
      vertex   9.513136e+01 4.523879e+01 -4.500000e+00
      vertex   9.513136e+01 4.523879e+01 -1.816667e+01
      vertex   9.557993e+01 4.577337e+01 -4.500000e+00
    endloop
  endfacet
  facet normal 7.660444e-01 -6.427876e-01 0.000000e+00
    outer loop
      vertex   9.557993e+01 4.577337e+01 -4.500000e+00
      vertex   9.513136e+01 4.523879e+01 -1.816667e+01
      vertex   9.557993e+01 4.577337e+01 -1.816667e+01
    endloop
  endfacet
  facet normal 8.262388e-01 -5.633201e-01 0.000000e+00
    outer loop
      vertex   9.557993e+01 4.577337e+01 -4.500000e+00
      vertex   9.557993e+01 4.577337e+01 -1.816667e+01
      vertex   9.597304e+01 4.634995e+01 -4.500000e+00
    endloop
  endfacet
  facet normal 8.262388e-01 -5.633201e-01 0.000000e+00
    outer loop
      vertex   9.597304e+01 4.634995e+01 -4.500000e+00
      vertex   9.557993e+01 4.577337e+01 -1.816667e+01
      vertex   9.597304e+01 4.634995e+01 -1.816667e+01
    endloop
  endfacet
  facet normal 8.782216e-01 -4.782540e-01 0.000000e+00
    outer loop
      vertex   9.597304e+01 4.634995e+01 -4.500000e+00
      vertex   9.597304e+01 4.634995e+01 -1.816667e+01
      vertex   9.630678e+01 4.696281e+01 -4.500000e+00
    endloop
  endfacet
  facet normal 8.782216e-01 -4.782540e-01 0.000000e+00
    outer loop
      vertex   9.630678e+01 4.696281e+01 -4.500000e+00
      vertex   9.597304e+01 4.634995e+01 -1.816667e+01
      vertex   9.630678e+01 4.696281e+01 -1.816667e+01
    endloop
  endfacet
  facet normal 9.214762e-01 -3.884348e-01 0.000000e+00
    outer loop
      vertex   9.630678e+01 4.696281e+01 -4.500000e+00
      vertex   9.630678e+01 4.696281e+01 -1.816667e+01
      vertex   9.657785e+01 4.760586e+01 -4.500000e+00
    endloop
  endfacet
  facet normal 9.214762e-01 -3.884348e-01 0.000000e+00
    outer loop
      vertex   9.657785e+01 4.760586e+01 -4.500000e+00
      vertex   9.630678e+01 4.696281e+01 -1.816667e+01
      vertex   9.657785e+01 4.760586e+01 -1.816667e+01
    endloop
  endfacet
  facet normal 9.555728e-01 -2.947552e-01 0.000000e+00
    outer loop
      vertex   9.657785e+01 4.760586e+01 -4.500000e+00
      vertex   9.657785e+01 4.760586e+01 -1.816667e+01
      vertex   9.678354e+01 4.827270e+01 -4.500000e+00
    endloop
  endfacet
  facet normal 9.555728e-01 -2.947552e-01 0.000000e+00
    outer loop
      vertex   9.678354e+01 4.827270e+01 -4.500000e+00
      vertex   9.657785e+01 4.760586e+01 -1.816667e+01
      vertex   9.678354e+01 4.827270e+01 -1.816667e+01
    endloop
  endfacet
  facet normal 9.801725e-01 -1.981461e-01 0.000000e+00
    outer loop
      vertex   9.678354e+01 4.827270e+01 -4.500000e+00
      vertex   9.678354e+01 4.827270e+01 -1.816667e+01
      vertex   9.692182e+01 4.895670e+01 -4.500000e+00
    endloop
  endfacet
  facet normal 9.801725e-01 -1.981461e-01 0.000000e+00
    outer loop
      vertex   9.692182e+01 4.895670e+01 -4.500000e+00
      vertex   9.678354e+01 4.827270e+01 -1.816667e+01
      vertex   9.692182e+01 4.895670e+01 -1.816667e+01
    endloop
  endfacet
  facet normal 9.950308e-01 -9.956785e-02 0.000000e+00
    outer loop
      vertex   9.692182e+01 4.895670e+01 -4.500000e+00
      vertex   9.692182e+01 4.895670e+01 -1.816667e+01
      vertex   9.699130e+01 4.965108e+01 -4.500000e+00
    endloop
  endfacet
  facet normal 9.950308e-01 -9.956785e-02 0.000000e+00
    outer loop
      vertex   9.699130e+01 4.965108e+01 -4.500000e+00
      vertex   9.692182e+01 4.895670e+01 -1.816667e+01
      vertex   9.699130e+01 4.965108e+01 -1.816667e+01
    endloop
  endfacet
  facet normal 1.000000e+00 -0.000000e+00 0.000000e+00
    outer loop
      vertex   9.699130e+01 4.965108e+01 -4.500000e+00
      vertex   9.699130e+01 4.965108e+01 -1.816667e+01
      vertex   9.699130e+01 5.034892e+01 -4.500000e+00
    endloop
  endfacet
  facet normal 1.000000e+00 0.000000e+00 0.000000e+00
    outer loop
      vertex   9.699130e+01 5.034892e+01 -4.500000e+00
      vertex   9.699130e+01 4.965108e+01 -1.816667e+01
      vertex   9.699130e+01 5.034892e+01 -1.816667e+01
    endloop
  endfacet
  facet normal 9.950308e-01 9.956785e-02 0.000000e+00
    outer loop
      vertex   9.699130e+01 5.034892e+01 -4.500000e+00
      vertex   9.699130e+01 5.034892e+01 -1.816667e+01
      vertex   9.692182e+01 5.104330e+01 -4.500000e+00
    endloop
  endfacet
  facet normal 9.950308e-01 9.956785e-02 0.000000e+00
    outer loop
      vertex   9.692182e+01 5.104330e+01 -4.500000e+00
      vertex   9.699130e+01 5.034892e+01 -1.816667e+01
      vertex   9.692182e+01 5.104330e+01 -1.816667e+01
    endloop
  endfacet
  facet normal 9.801725e-01 1.981461e-01 0.000000e+00
    outer loop
      vertex   9.692182e+01 5.104330e+01 -4.500000e+00
      vertex   9.692182e+01 5.104330e+01 -1.816667e+01
      vertex   9.678354e+01 5.172730e+01 -4.500000e+00
    endloop
  endfacet
  facet normal 9.801725e-01 1.981461e-01 0.000000e+00
    outer loop
      vertex   9.678354e+01 5.172730e+01 -4.500000e+00
      vertex   9.692182e+01 5.104330e+01 -1.816667e+01
      vertex   9.678354e+01 5.172730e+01 -1.816667e+01
    endloop
  endfacet
  facet normal 9.555728e-01 2.947552e-01 0.000000e+00
    outer loop
      vertex   9.678354e+01 5.172730e+01 -4.500000e+00
      vertex   9.678354e+01 5.172730e+01 -1.816667e+01
      vertex   9.657785e+01 5.239414e+01 -4.500000e+00
    endloop
  endfacet
  facet normal 9.555728e-01 2.947552e-01 0.000000e+00
    outer loop
      vertex   9.657785e+01 5.239414e+01 -4.500000e+00
      vertex   9.678354e+01 5.172730e+01 -1.816667e+01
      vertex   9.657785e+01 5.239414e+01 -1.816667e+01
    endloop
  endfacet
  facet normal 9.214762e-01 3.884348e-01 0.000000e+00
    outer loop
      vertex   9.657785e+01 5.239414e+01 -4.500000e+00
      vertex   9.657785e+01 5.239414e+01 -1.816667e+01
      vertex   9.630678e+01 5.303719e+01 -4.500000e+00
    endloop
  endfacet
  facet normal 9.214762e-01 3.884348e-01 0.000000e+00
    outer loop
      vertex   9.630678e+01 5.303719e+01 -4.500000e+00
      vertex   9.657785e+01 5.239414e+01 -1.816667e+01
      vertex   9.630678e+01 5.303719e+01 -1.816667e+01
    endloop
  endfacet
  facet normal 8.782216e-01 4.782540e-01 0.000000e+00
    outer loop
      vertex   9.630678e+01 5.303719e+01 -4.500000e+00
      vertex   9.630678e+01 5.303719e+01 -1.816667e+01
      vertex   9.597304e+01 5.365005e+01 -4.500000e+00
    endloop
  endfacet
  facet normal 8.782216e-01 4.782540e-01 0.000000e+00
    outer loop
      vertex   9.597304e+01 5.365005e+01 -4.500000e+00
      vertex   9.630678e+01 5.303719e+01 -1.816667e+01
      vertex   9.597304e+01 5.365005e+01 -1.816667e+01
    endloop
  endfacet
  facet normal 8.262388e-01 5.633201e-01 0.000000e+00
    outer loop
      vertex   9.597304e+01 5.365005e+01 -4.500000e+00
      vertex   9.597304e+01 5.365005e+01 -1.816667e+01
      vertex   9.557993e+01 5.422663e+01 -4.500000e+00
    endloop
  endfacet
  facet normal 8.262388e-01 5.633201e-01 0.000000e+00
    outer loop
      vertex   9.557993e+01 5.422663e+01 -4.500000e+00
      vertex   9.597304e+01 5.365005e+01 -1.816667e+01
      vertex   9.557993e+01 5.422663e+01 -1.816667e+01
    endloop
  endfacet
  facet normal 7.660444e-01 6.427876e-01 0.000000e+00
    outer loop
      vertex   9.557993e+01 5.422663e+01 -4.500000e+00
      vertex   9.557993e+01 5.422663e+01 -1.816667e+01
      vertex   9.513136e+01 5.476121e+01 -4.500000e+00
    endloop
  endfacet
  facet normal 7.660444e-01 6.427876e-01 0.000000e+00
    outer loop
      vertex   9.513136e+01 5.476121e+01 -4.500000e+00
      vertex   9.557993e+01 5.422663e+01 -1.816667e+01
      vertex   9.513136e+01 5.476121e+01 -1.816667e+01
    endloop
  endfacet
  facet normal 6.982368e-01 7.158668e-01 0.000000e+00
    outer loop
      vertex   9.513136e+01 5.476121e+01 -4.500000e+00
      vertex   9.513136e+01 5.476121e+01 -1.816667e+01
      vertex   9.463180e+01 5.524847e+01 -4.500000e+00
    endloop
  endfacet
  facet normal 6.982368e-01 7.158668e-01 0.000000e+00
    outer loop
      vertex   9.463180e+01 5.524847e+01 -4.500000e+00
      vertex   9.513136e+01 5.476121e+01 -1.816667e+01
      vertex   9.463180e+01 5.524847e+01 -1.816667e+01
    endloop
  endfacet
  facet normal 6.234898e-01 7.818315e-01 0.000000e+00
    outer loop
      vertex   9.463180e+01 5.524847e+01 -4.500000e+00
      vertex   9.463180e+01 5.524847e+01 -1.816667e+01
      vertex   9.408621e+01 5.568357e+01 -4.500000e+00
    endloop
  endfacet
  facet normal 6.234898e-01 7.818315e-01 0.000000e+00
    outer loop
      vertex   9.408621e+01 5.568357e+01 -4.500000e+00
      vertex   9.463180e+01 5.524847e+01 -1.816667e+01
      vertex   9.408621e+01 5.568357e+01 -1.816667e+01
    endloop
  endfacet
  facet normal 5.425463e-01 8.400259e-01 0.000000e+00
    outer loop
      vertex   9.408621e+01 5.568357e+01 -4.500000e+00
      vertex   9.408621e+01 5.568357e+01 -1.816667e+01
      vertex   9.350000e+01 5.606218e+01 -4.500000e+00
    endloop
  endfacet
  facet normal 5.425463e-01 8.400259e-01 0.000000e+00
    outer loop
      vertex   9.350000e+01 5.606218e+01 -4.500000e+00
      vertex   9.408621e+01 5.568357e+01 -1.816667e+01
      vertex   9.350000e+01 5.606218e+01 -1.816667e+01
    endloop
  endfacet
  facet normal 4.562107e-01 8.898718e-01 0.000000e+00
    outer loop
      vertex   9.350000e+01 5.606218e+01 -4.500000e+00
      vertex   9.350000e+01 5.606218e+01 -1.816667e+01
      vertex   9.287901e+01 5.638054e+01 -4.500000e+00
    endloop
  endfacet
  facet normal 4.562107e-01 8.898718e-01 0.000000e+00
    outer loop
      vertex   9.287901e+01 5.638054e+01 -4.500000e+00
      vertex   9.350000e+01 5.606218e+01 -1.816667e+01
      vertex   9.287901e+01 5.638054e+01 -1.816667e+01
    endloop
  endfacet
  facet normal 3.653410e-01 9.308737e-01 0.000000e+00
    outer loop
      vertex   9.287901e+01 5.638054e+01 -4.500000e+00
      vertex   9.287901e+01 5.638054e+01 -1.816667e+01
      vertex   9.222941e+01 5.663549e+01 -4.500000e+00
    endloop
  endfacet
  facet normal 3.653410e-01 9.308737e-01 0.000000e+00
    outer loop
      vertex   9.222941e+01 5.663549e+01 -4.500000e+00
      vertex   9.287901e+01 5.638054e+01 -1.816667e+01
      vertex   9.222941e+01 5.663549e+01 -1.816667e+01
    endloop
  endfacet
  facet normal 2.708405e-01 9.626242e-01 0.000000e+00
    outer loop
      vertex   9.222941e+01 5.663549e+01 -4.500000e+00
      vertex   9.222941e+01 5.663549e+01 -1.816667e+01
      vertex   9.155765e+01 5.682450e+01 -4.500000e+00
    endloop
  endfacet
  facet normal 2.708405e-01 9.626242e-01 0.000000e+00
    outer loop
      vertex   9.155765e+01 5.682450e+01 -4.500000e+00
      vertex   9.222941e+01 5.663549e+01 -1.816667e+01
      vertex   9.155765e+01 5.682450e+01 -1.816667e+01
    endloop
  endfacet
  facet normal 1.736482e-01 9.848078e-01 0.000000e+00
    outer loop
      vertex   9.155765e+01 5.682450e+01 -4.500000e+00
      vertex   9.155765e+01 5.682450e+01 -1.816667e+01
      vertex   9.087041e+01 5.694567e+01 -4.500000e+00
    endloop
  endfacet
  facet normal 1.736482e-01 9.848078e-01 0.000000e+00
    outer loop
      vertex   9.087041e+01 5.694567e+01 -4.500000e+00
      vertex   9.155765e+01 5.682450e+01 -1.816667e+01
      vertex   9.087041e+01 5.694567e+01 -1.816667e+01
    endloop
  endfacet
  facet normal 7.473009e-02 9.972038e-01 0.000000e+00
    outer loop
      vertex   9.087041e+01 5.694567e+01 -4.500000e+00
      vertex   9.087041e+01 5.694567e+01 -1.816667e+01
      vertex   9.017451e+01 5.699782e+01 -4.500000e+00
    endloop
  endfacet
  facet normal 7.473009e-02 9.972038e-01 0.000000e+00
    outer loop
      vertex   9.017451e+01 5.699782e+01 -4.500000e+00
      vertex   9.087041e+01 5.694567e+01 -1.816667e+01
      vertex   9.017451e+01 5.699782e+01 -1.816667e+01
    endloop
  endfacet
  facet normal -2.493069e-02 9.996892e-01 0.000000e+00
    outer loop
      vertex   9.017451e+01 5.699782e+01 -4.500000e+00
      vertex   9.017451e+01 5.699782e+01 -1.816667e+01
      vertex   8.947689e+01 5.698043e+01 -4.500000e+00
    endloop
  endfacet
  facet normal -2.493069e-02 9.996892e-01 0.000000e+00
    outer loop
      vertex   8.947689e+01 5.698043e+01 -4.500000e+00
      vertex   9.017451e+01 5.699782e+01 -1.816667e+01
      vertex   8.947689e+01 5.698043e+01 -1.816667e+01
    endloop
  endfacet
  facet normal -1.243437e-01 9.922392e-01 0.000000e+00
    outer loop
      vertex   8.947689e+01 5.698043e+01 -4.500000e+00
      vertex   8.947689e+01 5.698043e+01 -1.816667e+01
      vertex   8.878446e+01 5.689365e+01 -4.500000e+00
    endloop
  endfacet
  facet normal -1.243437e-01 9.922392e-01 0.000000e+00
    outer loop
      vertex   8.878446e+01 5.689365e+01 -4.500000e+00
      vertex   8.947689e+01 5.698043e+01 -1.816667e+01
      vertex   8.878446e+01 5.689365e+01 -1.816667e+01
    endloop
  endfacet
  facet normal -2.225209e-01 9.749279e-01 0.000000e+00
    outer loop
      vertex   8.878446e+01 5.689365e+01 -4.500000e+00
      vertex   8.878446e+01 5.689365e+01 -1.816667e+01
      vertex   8.810412e+01 5.673837e+01 -4.500000e+00
    endloop
  endfacet
  facet normal -2.225209e-01 9.749279e-01 0.000000e+00
    outer loop
      vertex   8.810412e+01 5.673837e+01 -4.500000e+00
      vertex   8.878446e+01 5.689365e+01 -1.816667e+01
      vertex   8.810412e+01 5.673837e+01 -1.816667e+01
    endloop
  endfacet
  facet normal -3.184867e-01 9.479273e-01 0.000000e+00
    outer loop
      vertex   8.810412e+01 5.673837e+01 -4.500000e+00
      vertex   8.810412e+01 5.673837e+01 -1.816667e+01
      vertex   8.744261e+01 5.651612e+01 -4.500000e+00
    endloop
  endfacet
  facet normal -3.184867e-01 9.479273e-01 0.000000e+00
    outer loop
      vertex   8.744261e+01 5.651612e+01 -4.500000e+00
      vertex   8.810412e+01 5.673837e+01 -1.816667e+01
      vertex   8.744261e+01 5.651612e+01 -1.816667e+01
    endloop
  endfacet
  facet normal -4.112871e-01 9.115059e-01 0.000000e+00
    outer loop
      vertex   8.744261e+01 5.651612e+01 -4.500000e+00
      vertex   8.744261e+01 5.651612e+01 -1.816667e+01
      vertex   8.680653e+01 5.622910e+01 -4.500000e+00
    endloop
  endfacet
  facet normal -4.112871e-01 9.115059e-01 0.000000e+00
    outer loop
      vertex   8.680653e+01 5.622910e+01 -4.500000e+00
      vertex   8.744261e+01 5.651612e+01 -1.816667e+01
      vertex   8.680653e+01 5.622910e+01 -1.816667e+01
    endloop
  endfacet
  facet normal -5.000000e-01 8.660254e-01 0.000000e+00
    outer loop
      vertex   8.680653e+01 5.622910e+01 -4.500000e+00
      vertex   8.680653e+01 5.622910e+01 -1.816667e+01
      vertex   8.620218e+01 5.588018e+01 -4.500000e+00
    endloop
  endfacet
  facet normal -5.000000e-01 8.660254e-01 0.000000e+00
    outer loop
      vertex   8.620218e+01 5.588018e+01 -4.500000e+00
      vertex   8.680653e+01 5.622910e+01 -1.816667e+01
      vertex   8.620218e+01 5.588018e+01 -1.816667e+01
    endloop
  endfacet
  facet normal -5.837437e-01 8.119380e-01 0.000000e+00
    outer loop
      vertex   8.620218e+01 5.588018e+01 -4.500000e+00
      vertex   8.620218e+01 5.588018e+01 -1.816667e+01
      vertex   8.563557e+01 5.547282e+01 -4.500000e+00
    endloop
  endfacet
  facet normal -5.837437e-01 8.119380e-01 0.000000e+00
    outer loop
      vertex   8.563557e+01 5.547282e+01 -4.500000e+00
      vertex   8.620218e+01 5.588018e+01 -1.816667e+01
      vertex   8.563557e+01 5.547282e+01 -1.816667e+01
    endloop
  endfacet
  facet normal -6.616858e-01 7.497812e-01 0.000000e+00
    outer loop
      vertex   8.563557e+01 5.547282e+01 -4.500000e+00
      vertex   8.563557e+01 5.547282e+01 -1.816667e+01
      vertex   8.511234e+01 5.501107e+01 -4.500000e+00
    endloop
  endfacet
  facet normal -6.616858e-01 7.497812e-01 0.000000e+00
    outer loop
      vertex   8.511234e+01 5.501107e+01 -4.500000e+00
      vertex   8.563557e+01 5.547282e+01 -1.816667e+01
      vertex   8.511234e+01 5.501107e+01 -1.816667e+01
    endloop
  endfacet
  facet normal -7.330519e-01 6.801727e-01 0.000000e+00
    outer loop
      vertex   8.511234e+01 5.501107e+01 -4.500000e+00
      vertex   8.511234e+01 5.501107e+01 -1.816667e+01
      vertex   8.463769e+01 5.449951e+01 -4.500000e+00
    endloop
  endfacet
  facet normal -7.330519e-01 6.801727e-01 3.536281e-16
    outer loop
      vertex   8.463769e+01 5.449951e+01 -4.500000e+00
      vertex   8.511234e+01 5.501107e+01 -1.816667e+01
      vertex   8.463769e+01 5.449951e+01 -1.816667e+01
    endloop
  endfacet
  facet normal -7.971325e-01 6.038044e-01 3.139235e-16
    outer loop
      vertex   8.463769e+01 5.449951e+01 -4.500000e+00
      vertex   8.463769e+01 5.449951e+01 -1.816667e+01
      vertex   8.421633e+01 5.394324e+01 -4.500000e+00
    endloop
  endfacet
  facet normal -7.971325e-01 6.038044e-01 0.000000e+00
    outer loop
      vertex   8.421633e+01 5.394324e+01 -4.500000e+00
      vertex   8.463769e+01 5.449951e+01 -1.816667e+01
      vertex   8.421633e+01 5.394324e+01 -1.816667e+01
    endloop
  endfacet
  facet normal -8.532909e-01 5.214352e-01 0.000000e+00
    outer loop
      vertex   8.421633e+01 5.394324e+01 -4.500000e+00
      vertex   8.421633e+01 5.394324e+01 -1.816667e+01
      vertex   8.385245e+01 5.334778e+01 -4.500000e+00
    endloop
  endfacet
  facet normal -8.532909e-01 5.214352e-01 0.000000e+00
    outer loop
      vertex   8.385245e+01 5.334778e+01 -4.500000e+00
      vertex   8.421633e+01 5.394324e+01 -1.816667e+01
      vertex   8.385245e+01 5.334778e+01 -1.816667e+01
    endloop
  endfacet
  facet normal -9.009689e-01 4.338837e-01 0.000000e+00
    outer loop
      vertex   8.385245e+01 5.334778e+01 -4.500000e+00
      vertex   8.385245e+01 5.334778e+01 -1.816667e+01
      vertex   8.354967e+01 5.271904e+01 -4.500000e+00
    endloop
  endfacet
  facet normal -9.009689e-01 4.338837e-01 0.000000e+00
    outer loop
      vertex   8.354967e+01 5.271904e+01 -4.500000e+00
      vertex   8.385245e+01 5.334778e+01 -1.816667e+01
      vertex   8.354967e+01 5.271904e+01 -1.816667e+01
    endloop
  endfacet
  facet normal -9.396926e-01 3.420201e-01 0.000000e+00
    outer loop
      vertex   8.354967e+01 5.271904e+01 -4.500000e+00
      vertex   8.354967e+01 5.271904e+01 -1.816667e+01
      vertex   8.331099e+01 5.206329e+01 -4.500000e+00
    endloop
  endfacet
  facet normal -9.396926e-01 3.420201e-01 0.000000e+00
    outer loop
      vertex   8.331099e+01 5.206329e+01 -4.500000e+00
      vertex   8.354967e+01 5.271904e+01 -1.816667e+01
      vertex   8.331099e+01 5.206329e+01 -1.816667e+01
    endloop
  endfacet
  facet normal -9.690773e-01 2.467574e-01 0.000000e+00
    outer loop
      vertex   8.331099e+01 5.206329e+01 -4.500000e+00
      vertex   8.331099e+01 5.206329e+01 -1.816667e+01
      vertex   8.313879e+01 5.138702e+01 -4.500000e+00
    endloop
  endfacet
  facet normal -9.690773e-01 2.467574e-01 0.000000e+00
    outer loop
      vertex   8.313879e+01 5.138702e+01 -4.500000e+00
      vertex   8.331099e+01 5.206329e+01 -1.816667e+01
      vertex   8.313879e+01 5.138702e+01 -1.816667e+01
    endloop
  endfacet
  facet normal -9.888308e-01 1.490423e-01 0.000000e+00
    outer loop
      vertex   8.313879e+01 5.138702e+01 -4.500000e+00
      vertex   8.313879e+01 5.138702e+01 -1.816667e+01
      vertex   8.303478e+01 5.069697e+01 -4.500000e+00
    endloop
  endfacet
  facet normal -9.888308e-01 1.490423e-01 0.000000e+00
    outer loop
      vertex   8.303478e+01 5.069697e+01 -4.500000e+00
      vertex   8.313879e+01 5.138702e+01 -1.816667e+01
      vertex   8.303478e+01 5.069697e+01 -1.816667e+01
    endloop
  endfacet
  facet normal -9.987569e-01 -4.984589e-02 0.000000e+00
    outer loop
      vertex   8.303478e+01 4.930303e+01 -4.550000e+01
      vertex   8.303478e+01 4.930303e+01 -3.183333e+01
      vertex   8.300000e+01 5.000000e+01 -4.550000e+01
    endloop
  endfacet
  facet normal -9.987569e-01 -4.984589e-02 0.000000e+00
    outer loop
      vertex   8.300000e+01 5.000000e+01 -4.550000e+01
      vertex   8.303478e+01 4.930303e+01 -3.183333e+01
      vertex   8.300000e+01 5.000000e+01 -3.183333e+01
    endloop
  endfacet
  facet normal -9.987569e-01 4.984589e-02 0.000000e+00
    outer loop
      vertex   8.300000e+01 5.000000e+01 -4.550000e+01
      vertex   8.300000e+01 5.000000e+01 -3.183333e+01
      vertex   8.303478e+01 5.069697e+01 -4.550000e+01
    endloop
  endfacet
  facet normal -9.987569e-01 4.984589e-02 0.000000e+00
    outer loop
      vertex   8.303478e+01 5.069697e+01 -4.550000e+01
      vertex   8.300000e+01 5.000000e+01 -3.183333e+01
      vertex   8.303478e+01 5.069697e+01 -3.183333e+01
    endloop
  endfacet
  facet normal -9.888308e-01 1.490423e-01 0.000000e+00
    outer loop
      vertex   8.303478e+01 5.069697e+01 -4.550000e+01
      vertex   8.303478e+01 5.069697e+01 -3.183333e+01
      vertex   8.313879e+01 5.138702e+01 -4.550000e+01
    endloop
  endfacet
  facet normal -9.888308e-01 1.490423e-01 0.000000e+00
    outer loop
      vertex   8.313879e+01 5.138702e+01 -4.550000e+01
      vertex   8.303478e+01 5.069697e+01 -3.183333e+01
      vertex   8.313879e+01 5.138702e+01 -3.183333e+01
    endloop
  endfacet
  facet normal -9.690773e-01 2.467574e-01 0.000000e+00
    outer loop
      vertex   8.313879e+01 5.138702e+01 -4.550000e+01
      vertex   8.313879e+01 5.138702e+01 -3.183333e+01
      vertex   8.331099e+01 5.206329e+01 -4.550000e+01
    endloop
  endfacet
  facet normal -9.690773e-01 2.467574e-01 0.000000e+00
    outer loop
      vertex   8.331099e+01 5.206329e+01 -4.550000e+01
      vertex   8.313879e+01 5.138702e+01 -3.183333e+01
      vertex   8.331099e+01 5.206329e+01 -3.183333e+01
    endloop
  endfacet
  facet normal -9.396926e-01 3.420201e-01 0.000000e+00
    outer loop
      vertex   8.331099e+01 5.206329e+01 -4.550000e+01
      vertex   8.331099e+01 5.206329e+01 -3.183333e+01
      vertex   8.354967e+01 5.271904e+01 -4.550000e+01
    endloop
  endfacet
  facet normal -9.396926e-01 3.420201e-01 0.000000e+00
    outer loop
      vertex   8.354967e+01 5.271904e+01 -4.550000e+01
      vertex   8.331099e+01 5.206329e+01 -3.183333e+01
      vertex   8.354967e+01 5.271904e+01 -3.183333e+01
    endloop
  endfacet
  facet normal -9.009689e-01 4.338837e-01 0.000000e+00
    outer loop
      vertex   8.354967e+01 5.271904e+01 -4.550000e+01
      vertex   8.354967e+01 5.271904e+01 -3.183333e+01
      vertex   8.385245e+01 5.334778e+01 -4.550000e+01
    endloop
  endfacet
  facet normal -9.009689e-01 4.338837e-01 0.000000e+00
    outer loop
      vertex   8.385245e+01 5.334778e+01 -4.550000e+01
      vertex   8.354967e+01 5.271904e+01 -3.183333e+01
      vertex   8.385245e+01 5.334778e+01 -3.183333e+01
    endloop
  endfacet
  facet normal -8.532909e-01 5.214352e-01 0.000000e+00
    outer loop
      vertex   8.385245e+01 5.334778e+01 -4.550000e+01
      vertex   8.385245e+01 5.334778e+01 -3.183333e+01
      vertex   8.421633e+01 5.394324e+01 -4.550000e+01
    endloop
  endfacet
  facet normal -8.532909e-01 5.214352e-01 0.000000e+00
    outer loop
      vertex   8.421633e+01 5.394324e+01 -4.550000e+01
      vertex   8.385245e+01 5.334778e+01 -3.183333e+01
      vertex   8.421633e+01 5.394324e+01 -3.183333e+01
    endloop
  endfacet
  facet normal -7.971325e-01 6.038044e-01 0.000000e+00
    outer loop
      vertex   8.421633e+01 5.394324e+01 -4.550000e+01
      vertex   8.421633e+01 5.394324e+01 -3.183333e+01
      vertex   8.463769e+01 5.449951e+01 -4.550000e+01
    endloop
  endfacet
  facet normal -7.971325e-01 6.038044e-01 0.000000e+00
    outer loop
      vertex   8.463769e+01 5.449951e+01 -4.550000e+01
      vertex   8.421633e+01 5.394324e+01 -3.183333e+01
      vertex   8.463769e+01 5.449951e+01 -3.183333e+01
    endloop
  endfacet
  facet normal -7.330519e-01 6.801727e-01 0.000000e+00
    outer loop
      vertex   8.463769e+01 5.449951e+01 -4.550000e+01
      vertex   8.463769e+01 5.449951e+01 -3.183333e+01
      vertex   8.511234e+01 5.501107e+01 -4.550000e+01
    endloop
  endfacet
  facet normal -7.330519e-01 6.801727e-01 0.000000e+00
    outer loop
      vertex   8.511234e+01 5.501107e+01 -4.550000e+01
      vertex   8.463769e+01 5.449951e+01 -3.183333e+01
      vertex   8.511234e+01 5.501107e+01 -3.183333e+01
    endloop
  endfacet
  facet normal -6.616858e-01 7.497812e-01 0.000000e+00
    outer loop
      vertex   8.511234e+01 5.501107e+01 -4.550000e+01
      vertex   8.511234e+01 5.501107e+01 -3.183333e+01
      vertex   8.563557e+01 5.547282e+01 -4.550000e+01
    endloop
  endfacet
  facet normal -6.616858e-01 7.497812e-01 0.000000e+00
    outer loop
      vertex   8.563557e+01 5.547282e+01 -4.550000e+01
      vertex   8.511234e+01 5.501107e+01 -3.183333e+01
      vertex   8.563557e+01 5.547282e+01 -3.183333e+01
    endloop
  endfacet
  facet normal -5.837437e-01 8.119380e-01 0.000000e+00
    outer loop
      vertex   8.563557e+01 5.547282e+01 -4.550000e+01
      vertex   8.563557e+01 5.547282e+01 -3.183333e+01
      vertex   8.620218e+01 5.588018e+01 -4.550000e+01
    endloop
  endfacet
  facet normal -5.837437e-01 8.119380e-01 0.000000e+00
    outer loop
      vertex   8.620218e+01 5.588018e+01 -4.550000e+01
      vertex   8.563557e+01 5.547282e+01 -3.183333e+01
      vertex   8.620218e+01 5.588018e+01 -3.183333e+01
    endloop
  endfacet
  facet normal -5.000000e-01 8.660254e-01 0.000000e+00
    outer loop
      vertex   8.620218e+01 5.588018e+01 -4.550000e+01
      vertex   8.620218e+01 5.588018e+01 -3.183333e+01
      vertex   8.680653e+01 5.622910e+01 -4.550000e+01
    endloop
  endfacet
  facet normal -5.000000e-01 8.660254e-01 0.000000e+00
    outer loop
      vertex   8.680653e+01 5.622910e+01 -4.550000e+01
      vertex   8.620218e+01 5.588018e+01 -3.183333e+01
      vertex   8.680653e+01 5.622910e+01 -3.183333e+01
    endloop
  endfacet
  facet normal -4.112871e-01 9.115059e-01 0.000000e+00
    outer loop
      vertex   8.680653e+01 5.622910e+01 -4.550000e+01
      vertex   8.680653e+01 5.622910e+01 -3.183333e+01
      vertex   8.744261e+01 5.651612e+01 -4.550000e+01
    endloop
  endfacet
  facet normal -4.112871e-01 9.115059e-01 0.000000e+00
    outer loop
      vertex   8.744261e+01 5.651612e+01 -4.550000e+01
      vertex   8.680653e+01 5.622910e+01 -3.183333e+01
      vertex   8.744261e+01 5.651612e+01 -3.183333e+01
    endloop
  endfacet
  facet normal -3.184867e-01 9.479273e-01 0.000000e+00
    outer loop
      vertex   8.744261e+01 5.651612e+01 -4.550000e+01
      vertex   8.744261e+01 5.651612e+01 -3.183333e+01
      vertex   8.810412e+01 5.673837e+01 -4.550000e+01
    endloop
  endfacet
  facet normal -3.184867e-01 9.479273e-01 0.000000e+00
    outer loop
      vertex   8.810412e+01 5.673837e+01 -4.550000e+01
      vertex   8.744261e+01 5.651612e+01 -3.183333e+01
      vertex   8.810412e+01 5.673837e+01 -3.183333e+01
    endloop
  endfacet
  facet normal -2.225209e-01 9.749279e-01 0.000000e+00
    outer loop
      vertex   8.810412e+01 5.673837e+01 -4.550000e+01
      vertex   8.810412e+01 5.673837e+01 -3.183333e+01
      vertex   8.878446e+01 5.689365e+01 -4.550000e+01
    endloop
  endfacet
  facet normal -2.225209e-01 9.749279e-01 0.000000e+00
    outer loop
      vertex   8.878446e+01 5.689365e+01 -4.550000e+01
      vertex   8.810412e+01 5.673837e+01 -3.183333e+01
      vertex   8.878446e+01 5.689365e+01 -3.183333e+01
    endloop
  endfacet
  facet normal -1.243437e-01 9.922392e-01 0.000000e+00
    outer loop
      vertex   8.878446e+01 5.689365e+01 -4.550000e+01
      vertex   8.878446e+01 5.689365e+01 -3.183333e+01
      vertex   8.947689e+01 5.698043e+01 -4.550000e+01
    endloop
  endfacet
  facet normal -1.243437e-01 9.922392e-01 0.000000e+00
    outer loop
      vertex   8.947689e+01 5.698043e+01 -4.550000e+01
      vertex   8.878446e+01 5.689365e+01 -3.183333e+01
      vertex   8.947689e+01 5.698043e+01 -3.183333e+01
    endloop
  endfacet
  facet normal -2.493069e-02 9.996892e-01 0.000000e+00
    outer loop
      vertex   8.947689e+01 5.698043e+01 -4.550000e+01
      vertex   8.947689e+01 5.698043e+01 -3.183333e+01
      vertex   9.017451e+01 5.699782e+01 -4.550000e+01
    endloop
  endfacet
  facet normal -2.493069e-02 9.996892e-01 0.000000e+00
    outer loop
      vertex   9.017451e+01 5.699782e+01 -4.550000e+01
      vertex   8.947689e+01 5.698043e+01 -3.183333e+01
      vertex   9.017451e+01 5.699782e+01 -3.183333e+01
    endloop
  endfacet
  facet normal 7.473009e-02 9.972038e-01 -0.000000e+00
    outer loop
      vertex   9.017451e+01 5.699782e+01 -4.550000e+01
      vertex   9.017451e+01 5.699782e+01 -3.183333e+01
      vertex   9.087041e+01 5.694567e+01 -4.550000e+01
    endloop
  endfacet
  facet normal 7.473009e-02 9.972038e-01 -0.000000e+00
    outer loop
      vertex   9.087041e+01 5.694567e+01 -4.550000e+01
      vertex   9.017451e+01 5.699782e+01 -3.183333e+01
      vertex   9.087041e+01 5.694567e+01 -3.183333e+01
    endloop
  endfacet
  facet normal 1.736482e-01 9.848078e-01 -0.000000e+00
    outer loop
      vertex   9.087041e+01 5.694567e+01 -4.550000e+01
      vertex   9.087041e+01 5.694567e+01 -3.183333e+01
      vertex   9.155765e+01 5.682450e+01 -4.550000e+01
    endloop
  endfacet
  facet normal 1.736482e-01 9.848078e-01 -0.000000e+00
    outer loop
      vertex   9.155765e+01 5.682450e+01 -4.550000e+01
      vertex   9.087041e+01 5.694567e+01 -3.183333e+01
      vertex   9.155765e+01 5.682450e+01 -3.183333e+01
    endloop
  endfacet
  facet normal 2.708405e-01 9.626242e-01 -0.000000e+00
    outer loop
      vertex   9.155765e+01 5.682450e+01 -4.550000e+01
      vertex   9.155765e+01 5.682450e+01 -3.183333e+01
      vertex   9.222941e+01 5.663549e+01 -4.550000e+01
    endloop
  endfacet
  facet normal 2.708405e-01 9.626242e-01 -0.000000e+00
    outer loop
      vertex   9.222941e+01 5.663549e+01 -4.550000e+01
      vertex   9.155765e+01 5.682450e+01 -3.183333e+01
      vertex   9.222941e+01 5.663549e+01 -3.183333e+01
    endloop
  endfacet
  facet normal 3.653410e-01 9.308737e-01 -0.000000e+00
    outer loop
      vertex   9.222941e+01 5.663549e+01 -4.550000e+01
      vertex   9.222941e+01 5.663549e+01 -3.183333e+01
      vertex   9.287901e+01 5.638054e+01 -4.550000e+01
    endloop
  endfacet
  facet normal 3.653410e-01 9.308737e-01 -0.000000e+00
    outer loop
      vertex   9.287901e+01 5.638054e+01 -4.550000e+01
      vertex   9.222941e+01 5.663549e+01 -3.183333e+01
      vertex   9.287901e+01 5.638054e+01 -3.183333e+01
    endloop
  endfacet
  facet normal 4.562107e-01 8.898718e-01 -0.000000e+00
    outer loop
      vertex   9.287901e+01 5.638054e+01 -4.550000e+01
      vertex   9.287901e+01 5.638054e+01 -3.183333e+01
      vertex   9.350000e+01 5.606218e+01 -4.550000e+01
    endloop
  endfacet
  facet normal 4.562107e-01 8.898718e-01 -0.000000e+00
    outer loop
      vertex   9.350000e+01 5.606218e+01 -4.550000e+01
      vertex   9.287901e+01 5.638054e+01 -3.183333e+01
      vertex   9.350000e+01 5.606218e+01 -3.183333e+01
    endloop
  endfacet
  facet normal 5.425463e-01 8.400259e-01 -0.000000e+00
    outer loop
      vertex   9.350000e+01 5.606218e+01 -4.550000e+01
      vertex   9.350000e+01 5.606218e+01 -3.183333e+01
      vertex   9.408621e+01 5.568357e+01 -4.550000e+01
    endloop
  endfacet
  facet normal 5.425463e-01 8.400259e-01 -4.367373e-16
    outer loop
      vertex   9.408621e+01 5.568357e+01 -4.550000e+01
      vertex   9.350000e+01 5.606218e+01 -3.183333e+01
      vertex   9.408621e+01 5.568357e+01 -3.183333e+01
    endloop
  endfacet
  facet normal 6.234898e-01 7.818315e-01 -4.064815e-16
    outer loop
      vertex   9.408621e+01 5.568357e+01 -4.550000e+01
      vertex   9.408621e+01 5.568357e+01 -3.183333e+01
      vertex   9.463180e+01 5.524847e+01 -4.550000e+01
    endloop
  endfacet
  facet normal 6.234898e-01 7.818315e-01 -0.000000e+00
    outer loop
      vertex   9.463180e+01 5.524847e+01 -4.550000e+01
      vertex   9.408621e+01 5.568357e+01 -3.183333e+01
      vertex   9.463180e+01 5.524847e+01 -3.183333e+01
    endloop
  endfacet
  facet normal 6.982368e-01 7.158668e-01 -0.000000e+00
    outer loop
      vertex   9.463180e+01 5.524847e+01 -4.550000e+01
      vertex   9.463180e+01 5.524847e+01 -3.183333e+01
      vertex   9.513136e+01 5.476121e+01 -4.550000e+01
    endloop
  endfacet
  facet normal 6.982368e-01 7.158668e-01 -0.000000e+00
    outer loop
      vertex   9.513136e+01 5.476121e+01 -4.550000e+01
      vertex   9.463180e+01 5.524847e+01 -3.183333e+01
      vertex   9.513136e+01 5.476121e+01 -3.183333e+01
    endloop
  endfacet
  facet normal 7.660444e-01 6.427876e-01 -0.000000e+00
    outer loop
      vertex   9.513136e+01 5.476121e+01 -4.550000e+01
      vertex   9.513136e+01 5.476121e+01 -3.183333e+01
      vertex   9.557993e+01 5.422663e+01 -4.550000e+01
    endloop
  endfacet
  facet normal 7.660444e-01 6.427876e-01 -0.000000e+00
    outer loop
      vertex   9.557993e+01 5.422663e+01 -4.550000e+01
      vertex   9.513136e+01 5.476121e+01 -3.183333e+01
      vertex   9.557993e+01 5.422663e+01 -3.183333e+01
    endloop
  endfacet
  facet normal 8.262388e-01 5.633201e-01 -0.000000e+00
    outer loop
      vertex   9.557993e+01 5.422663e+01 -4.550000e+01
      vertex   9.557993e+01 5.422663e+01 -3.183333e+01
      vertex   9.597304e+01 5.365005e+01 -4.550000e+01
    endloop
  endfacet
  facet normal 8.262388e-01 5.633201e-01 -0.000000e+00
    outer loop
      vertex   9.597304e+01 5.365005e+01 -4.550000e+01
      vertex   9.557993e+01 5.422663e+01 -3.183333e+01
      vertex   9.597304e+01 5.365005e+01 -3.183333e+01
    endloop
  endfacet
  facet normal 8.782216e-01 4.782540e-01 -0.000000e+00
    outer loop
      vertex   9.597304e+01 5.365005e+01 -4.550000e+01
      vertex   9.597304e+01 5.365005e+01 -3.183333e+01
      vertex   9.630678e+01 5.303719e+01 -4.550000e+01
    endloop
  endfacet
  facet normal 8.782216e-01 4.782540e-01 -0.000000e+00
    outer loop
      vertex   9.630678e+01 5.303719e+01 -4.550000e+01
      vertex   9.597304e+01 5.365005e+01 -3.183333e+01
      vertex   9.630678e+01 5.303719e+01 -3.183333e+01
    endloop
  endfacet
  facet normal 9.214762e-01 3.884348e-01 -0.000000e+00
    outer loop
      vertex   9.630678e+01 5.303719e+01 -4.550000e+01
      vertex   9.630678e+01 5.303719e+01 -3.183333e+01
      vertex   9.657785e+01 5.239414e+01 -4.550000e+01
    endloop
  endfacet
  facet normal 9.214762e-01 3.884348e-01 -0.000000e+00
    outer loop
      vertex   9.657785e+01 5.239414e+01 -4.550000e+01
      vertex   9.630678e+01 5.303719e+01 -3.183333e+01
      vertex   9.657785e+01 5.239414e+01 -3.183333e+01
    endloop
  endfacet
  facet normal 9.555728e-01 2.947552e-01 -0.000000e+00
    outer loop
      vertex   9.657785e+01 5.239414e+01 -4.550000e+01
      vertex   9.657785e+01 5.239414e+01 -3.183333e+01
      vertex   9.678354e+01 5.172730e+01 -4.550000e+01
    endloop
  endfacet
  facet normal 9.555728e-01 2.947552e-01 -0.000000e+00
    outer loop
      vertex   9.678354e+01 5.172730e+01 -4.550000e+01
      vertex   9.657785e+01 5.239414e+01 -3.183333e+01
      vertex   9.678354e+01 5.172730e+01 -3.183333e+01
    endloop
  endfacet
  facet normal 9.801725e-01 1.981461e-01 -0.000000e+00
    outer loop
      vertex   9.678354e+01 5.172730e+01 -4.550000e+01
      vertex   9.678354e+01 5.172730e+01 -3.183333e+01
      vertex   9.692182e+01 5.104330e+01 -4.550000e+01
    endloop
  endfacet
  facet normal 9.801725e-01 1.981461e-01 -0.000000e+00
    outer loop
      vertex   9.692182e+01 5.104330e+01 -4.550000e+01
      vertex   9.678354e+01 5.172730e+01 -3.183333e+01
      vertex   9.692182e+01 5.104330e+01 -3.183333e+01
    endloop
  endfacet
  facet normal 9.950308e-01 9.956785e-02 -0.000000e+00
    outer loop
      vertex   9.692182e+01 5.104330e+01 -4.550000e+01
      vertex   9.692182e+01 5.104330e+01 -3.183333e+01
      vertex   9.699130e+01 5.034892e+01 -4.550000e+01
    endloop
  endfacet
  facet normal 9.950308e-01 9.956785e-02 -0.000000e+00
    outer loop
      vertex   9.699130e+01 5.034892e+01 -4.550000e+01
      vertex   9.692182e+01 5.104330e+01 -3.183333e+01
      vertex   9.699130e+01 5.034892e+01 -3.183333e+01
    endloop
  endfacet
  facet normal 1.000000e+00 0.000000e+00 -0.000000e+00
    outer loop
      vertex   9.699130e+01 5.034892e+01 -4.550000e+01
      vertex   9.699130e+01 5.034892e+01 -3.183333e+01
      vertex   9.699130e+01 4.965108e+01 -4.550000e+01
    endloop
  endfacet
  facet normal 1.000000e+00 0.000000e+00 0.000000e+00
    outer loop
      vertex   9.699130e+01 4.965108e+01 -4.550000e+01
      vertex   9.699130e+01 5.034892e+01 -3.183333e+01
      vertex   9.699130e+01 4.965108e+01 -3.183333e+01
    endloop
  endfacet
  facet normal 9.950308e-01 -9.956785e-02 0.000000e+00
    outer loop
      vertex   9.699130e+01 4.965108e+01 -4.550000e+01
      vertex   9.699130e+01 4.965108e+01 -3.183333e+01
      vertex   9.692182e+01 4.895670e+01 -4.550000e+01
    endloop
  endfacet
  facet normal 9.950308e-01 -9.956785e-02 0.000000e+00
    outer loop
      vertex   9.692182e+01 4.895670e+01 -4.550000e+01
      vertex   9.699130e+01 4.965108e+01 -3.183333e+01
      vertex   9.692182e+01 4.895670e+01 -3.183333e+01
    endloop
  endfacet
  facet normal 9.801725e-01 -1.981461e-01 0.000000e+00
    outer loop
      vertex   9.692182e+01 4.895670e+01 -4.550000e+01
      vertex   9.692182e+01 4.895670e+01 -3.183333e+01
      vertex   9.678354e+01 4.827270e+01 -4.550000e+01
    endloop
  endfacet
  facet normal 9.801725e-01 -1.981461e-01 0.000000e+00
    outer loop
      vertex   9.678354e+01 4.827270e+01 -4.550000e+01
      vertex   9.692182e+01 4.895670e+01 -3.183333e+01
      vertex   9.678354e+01 4.827270e+01 -3.183333e+01
    endloop
  endfacet
  facet normal 9.555728e-01 -2.947552e-01 0.000000e+00
    outer loop
      vertex   9.678354e+01 4.827270e+01 -4.550000e+01
      vertex   9.678354e+01 4.827270e+01 -3.183333e+01
      vertex   9.657785e+01 4.760586e+01 -4.550000e+01
    endloop
  endfacet
  facet normal 9.555728e-01 -2.947552e-01 0.000000e+00
    outer loop
      vertex   9.657785e+01 4.760586e+01 -4.550000e+01
      vertex   9.678354e+01 4.827270e+01 -3.183333e+01
      vertex   9.657785e+01 4.760586e+01 -3.183333e+01
    endloop
  endfacet
  facet normal 9.214762e-01 -3.884348e-01 0.000000e+00
    outer loop
      vertex   9.657785e+01 4.760586e+01 -4.550000e+01
      vertex   9.657785e+01 4.760586e+01 -3.183333e+01
      vertex   9.630678e+01 4.696281e+01 -4.550000e+01
    endloop
  endfacet
  facet normal 9.214762e-01 -3.884348e-01 0.000000e+00
    outer loop
      vertex   9.630678e+01 4.696281e+01 -4.550000e+01
      vertex   9.657785e+01 4.760586e+01 -3.183333e+01
      vertex   9.630678e+01 4.696281e+01 -3.183333e+01
    endloop
  endfacet
  facet normal 8.782216e-01 -4.782540e-01 0.000000e+00
    outer loop
      vertex   9.630678e+01 4.696281e+01 -4.550000e+01
      vertex   9.630678e+01 4.696281e+01 -3.183333e+01
      vertex   9.597304e+01 4.634995e+01 -4.550000e+01
    endloop
  endfacet
  facet normal 8.782216e-01 -4.782540e-01 0.000000e+00
    outer loop
      vertex   9.597304e+01 4.634995e+01 -4.550000e+01
      vertex   9.630678e+01 4.696281e+01 -3.183333e+01
      vertex   9.597304e+01 4.634995e+01 -3.183333e+01
    endloop
  endfacet
  facet normal 8.262388e-01 -5.633201e-01 0.000000e+00
    outer loop
      vertex   9.597304e+01 4.634995e+01 -4.550000e+01
      vertex   9.597304e+01 4.634995e+01 -3.183333e+01
      vertex   9.557993e+01 4.577337e+01 -4.550000e+01
    endloop
  endfacet
  facet normal 8.262388e-01 -5.633201e-01 0.000000e+00
    outer loop
      vertex   9.557993e+01 4.577337e+01 -4.550000e+01
      vertex   9.597304e+01 4.634995e+01 -3.183333e+01
      vertex   9.557993e+01 4.577337e+01 -3.183333e+01
    endloop
  endfacet
  facet normal 7.660444e-01 -6.427876e-01 0.000000e+00
    outer loop
      vertex   9.557993e+01 4.577337e+01 -4.550000e+01
      vertex   9.557993e+01 4.577337e+01 -3.183333e+01
      vertex   9.513136e+01 4.523879e+01 -4.550000e+01
    endloop
  endfacet
  facet normal 7.660444e-01 -6.427876e-01 0.000000e+00
    outer loop
      vertex   9.513136e+01 4.523879e+01 -4.550000e+01
      vertex   9.557993e+01 4.577337e+01 -3.183333e+01
      vertex   9.513136e+01 4.523879e+01 -3.183333e+01
    endloop
  endfacet
  facet normal 6.982368e-01 -7.158668e-01 0.000000e+00
    outer loop
      vertex   9.513136e+01 4.523879e+01 -4.550000e+01
      vertex   9.513136e+01 4.523879e+01 -3.183333e+01
      vertex   9.463180e+01 4.475153e+01 -4.550000e+01
    endloop
  endfacet
  facet normal 6.982368e-01 -7.158668e-01 0.000000e+00
    outer loop
      vertex   9.463180e+01 4.475153e+01 -4.550000e+01
      vertex   9.513136e+01 4.523879e+01 -3.183333e+01
      vertex   9.463180e+01 4.475153e+01 -3.183333e+01
    endloop
  endfacet
  facet normal 6.234898e-01 -7.818315e-01 0.000000e+00
    outer loop
      vertex   9.463180e+01 4.475153e+01 -4.550000e+01
      vertex   9.463180e+01 4.475153e+01 -3.183333e+01
      vertex   9.408621e+01 4.431643e+01 -4.550000e+01
    endloop
  endfacet
  facet normal 6.234898e-01 -7.818315e-01 0.000000e+00
    outer loop
      vertex   9.408621e+01 4.431643e+01 -4.550000e+01
      vertex   9.463180e+01 4.475153e+01 -3.183333e+01
      vertex   9.408621e+01 4.431643e+01 -3.183333e+01
    endloop
  endfacet
  facet normal 5.425463e-01 -8.400259e-01 0.000000e+00
    outer loop
      vertex   9.408621e+01 4.431643e+01 -4.550000e+01
      vertex   9.408621e+01 4.431643e+01 -3.183333e+01
      vertex   9.350000e+01 4.393782e+01 -4.550000e+01
    endloop
  endfacet
  facet normal 5.425463e-01 -8.400259e-01 0.000000e+00
    outer loop
      vertex   9.350000e+01 4.393782e+01 -4.550000e+01
      vertex   9.408621e+01 4.431643e+01 -3.183333e+01
      vertex   9.350000e+01 4.393782e+01 -3.183333e+01
    endloop
  endfacet
  facet normal 4.562107e-01 -8.898718e-01 0.000000e+00
    outer loop
      vertex   9.350000e+01 4.393782e+01 -4.550000e+01
      vertex   9.350000e+01 4.393782e+01 -3.183333e+01
      vertex   9.287901e+01 4.361946e+01 -4.550000e+01
    endloop
  endfacet
  facet normal 4.562107e-01 -8.898718e-01 0.000000e+00
    outer loop
      vertex   9.287901e+01 4.361946e+01 -4.550000e+01
      vertex   9.350000e+01 4.393782e+01 -3.183333e+01
      vertex   9.287901e+01 4.361946e+01 -3.183333e+01
    endloop
  endfacet
  facet normal 3.653410e-01 -9.308737e-01 0.000000e+00
    outer loop
      vertex   9.287901e+01 4.361946e+01 -4.550000e+01
      vertex   9.287901e+01 4.361946e+01 -3.183333e+01
      vertex   9.222941e+01 4.336451e+01 -4.550000e+01
    endloop
  endfacet
  facet normal 3.653410e-01 -9.308737e-01 0.000000e+00
    outer loop
      vertex   9.222941e+01 4.336451e+01 -4.550000e+01
      vertex   9.287901e+01 4.361946e+01 -3.183333e+01
      vertex   9.222941e+01 4.336451e+01 -3.183333e+01
    endloop
  endfacet
  facet normal 2.708405e-01 -9.626242e-01 0.000000e+00
    outer loop
      vertex   9.222941e+01 4.336451e+01 -4.550000e+01
      vertex   9.222941e+01 4.336451e+01 -3.183333e+01
      vertex   9.155765e+01 4.317550e+01 -4.550000e+01
    endloop
  endfacet
  facet normal 2.708405e-01 -9.626242e-01 0.000000e+00
    outer loop
      vertex   9.155765e+01 4.317550e+01 -4.550000e+01
      vertex   9.222941e+01 4.336451e+01 -3.183333e+01
      vertex   9.155765e+01 4.317550e+01 -3.183333e+01
    endloop
  endfacet
  facet normal 1.736482e-01 -9.848078e-01 0.000000e+00
    outer loop
      vertex   9.155765e+01 4.317550e+01 -4.550000e+01
      vertex   9.155765e+01 4.317550e+01 -3.183333e+01
      vertex   9.087041e+01 4.305433e+01 -4.550000e+01
    endloop
  endfacet
  facet normal 1.736482e-01 -9.848078e-01 0.000000e+00
    outer loop
      vertex   9.087041e+01 4.305433e+01 -4.550000e+01
      vertex   9.155765e+01 4.317550e+01 -3.183333e+01
      vertex   9.087041e+01 4.305433e+01 -3.183333e+01
    endloop
  endfacet
  facet normal 7.473009e-02 -9.972038e-01 0.000000e+00
    outer loop
      vertex   9.087041e+01 4.305433e+01 -4.550000e+01
      vertex   9.087041e+01 4.305433e+01 -3.183333e+01
      vertex   9.017451e+01 4.300218e+01 -4.550000e+01
    endloop
  endfacet
  facet normal 7.473009e-02 -9.972038e-01 0.000000e+00
    outer loop
      vertex   9.017451e+01 4.300218e+01 -4.550000e+01
      vertex   9.087041e+01 4.305433e+01 -3.183333e+01
      vertex   9.017451e+01 4.300218e+01 -3.183333e+01
    endloop
  endfacet
  facet normal -2.493069e-02 -9.996892e-01 0.000000e+00
    outer loop
      vertex   9.017451e+01 4.300218e+01 -4.550000e+01
      vertex   9.017451e+01 4.300218e+01 -3.183333e+01
      vertex   8.947689e+01 4.301957e+01 -4.550000e+01
    endloop
  endfacet
  facet normal -2.493069e-02 -9.996892e-01 0.000000e+00
    outer loop
      vertex   8.947689e+01 4.301957e+01 -4.550000e+01
      vertex   9.017451e+01 4.300218e+01 -3.183333e+01
      vertex   8.947689e+01 4.301957e+01 -3.183333e+01
    endloop
  endfacet
  facet normal -1.243437e-01 -9.922392e-01 0.000000e+00
    outer loop
      vertex   8.947689e+01 4.301957e+01 -4.550000e+01
      vertex   8.947689e+01 4.301957e+01 -3.183333e+01
      vertex   8.878446e+01 4.310635e+01 -4.550000e+01
    endloop
  endfacet
  facet normal -1.243437e-01 -9.922392e-01 0.000000e+00
    outer loop
      vertex   8.878446e+01 4.310635e+01 -4.550000e+01
      vertex   8.947689e+01 4.301957e+01 -3.183333e+01
      vertex   8.878446e+01 4.310635e+01 -3.183333e+01
    endloop
  endfacet
  facet normal -2.225209e-01 -9.749279e-01 0.000000e+00
    outer loop
      vertex   8.878446e+01 4.310635e+01 -4.550000e+01
      vertex   8.878446e+01 4.310635e+01 -3.183333e+01
      vertex   8.810412e+01 4.326163e+01 -4.550000e+01
    endloop
  endfacet
  facet normal -2.225209e-01 -9.749279e-01 0.000000e+00
    outer loop
      vertex   8.810412e+01 4.326163e+01 -4.550000e+01
      vertex   8.878446e+01 4.310635e+01 -3.183333e+01
      vertex   8.810412e+01 4.326163e+01 -3.183333e+01
    endloop
  endfacet
  facet normal -3.184867e-01 -9.479273e-01 0.000000e+00
    outer loop
      vertex   8.810412e+01 4.326163e+01 -4.550000e+01
      vertex   8.810412e+01 4.326163e+01 -3.183333e+01
      vertex   8.744261e+01 4.348388e+01 -4.550000e+01
    endloop
  endfacet
  facet normal -3.184867e-01 -9.479273e-01 0.000000e+00
    outer loop
      vertex   8.744261e+01 4.348388e+01 -4.550000e+01
      vertex   8.810412e+01 4.326163e+01 -3.183333e+01
      vertex   8.744261e+01 4.348388e+01 -3.183333e+01
    endloop
  endfacet
  facet normal -4.112871e-01 -9.115059e-01 0.000000e+00
    outer loop
      vertex   8.744261e+01 4.348388e+01 -4.550000e+01
      vertex   8.744261e+01 4.348388e+01 -3.183333e+01
      vertex   8.680653e+01 4.377090e+01 -4.550000e+01
    endloop
  endfacet
  facet normal -4.112871e-01 -9.115059e-01 0.000000e+00
    outer loop
      vertex   8.680653e+01 4.377090e+01 -4.550000e+01
      vertex   8.744261e+01 4.348388e+01 -3.183333e+01
      vertex   8.680653e+01 4.377090e+01 -3.183333e+01
    endloop
  endfacet
  facet normal -5.000000e-01 -8.660254e-01 0.000000e+00
    outer loop
      vertex   8.680653e+01 4.377090e+01 -4.550000e+01
      vertex   8.680653e+01 4.377090e+01 -3.183333e+01
      vertex   8.620218e+01 4.411982e+01 -4.550000e+01
    endloop
  endfacet
  facet normal -5.000000e-01 -8.660254e-01 0.000000e+00
    outer loop
      vertex   8.620218e+01 4.411982e+01 -4.550000e+01
      vertex   8.680653e+01 4.377090e+01 -3.183333e+01
      vertex   8.620218e+01 4.411982e+01 -3.183333e+01
    endloop
  endfacet
  facet normal -5.837437e-01 -8.119380e-01 0.000000e+00
    outer loop
      vertex   8.620218e+01 4.411982e+01 -4.550000e+01
      vertex   8.620218e+01 4.411982e+01 -3.183333e+01
      vertex   8.563557e+01 4.452718e+01 -4.550000e+01
    endloop
  endfacet
  facet normal -5.837437e-01 -8.119380e-01 0.000000e+00
    outer loop
      vertex   8.563557e+01 4.452718e+01 -4.550000e+01
      vertex   8.620218e+01 4.411982e+01 -3.183333e+01
      vertex   8.563557e+01 4.452718e+01 -3.183333e+01
    endloop
  endfacet
  facet normal -6.616858e-01 -7.497812e-01 0.000000e+00
    outer loop
      vertex   8.563557e+01 4.452718e+01 -4.550000e+01
      vertex   8.563557e+01 4.452718e+01 -3.183333e+01
      vertex   8.511234e+01 4.498893e+01 -4.550000e+01
    endloop
  endfacet
  facet normal -6.616858e-01 -7.497812e-01 0.000000e+00
    outer loop
      vertex   8.511234e+01 4.498893e+01 -4.550000e+01
      vertex   8.563557e+01 4.452718e+01 -3.183333e+01
      vertex   8.511234e+01 4.498893e+01 -3.183333e+01
    endloop
  endfacet
  facet normal -7.330519e-01 -6.801727e-01 0.000000e+00
    outer loop
      vertex   8.511234e+01 4.498893e+01 -4.550000e+01
      vertex   8.511234e+01 4.498893e+01 -3.183333e+01
      vertex   8.463769e+01 4.550049e+01 -4.550000e+01
    endloop
  endfacet
  facet normal -7.330519e-01 -6.801727e-01 -3.536281e-16
    outer loop
      vertex   8.463769e+01 4.550049e+01 -4.550000e+01
      vertex   8.511234e+01 4.498893e+01 -3.183333e+01
      vertex   8.463769e+01 4.550049e+01 -3.183333e+01
    endloop
  endfacet
  facet normal -7.971325e-01 -6.038044e-01 -3.139235e-16
    outer loop
      vertex   8.463769e+01 4.550049e+01 -4.550000e+01
      vertex   8.463769e+01 4.550049e+01 -3.183333e+01
      vertex   8.421633e+01 4.605676e+01 -4.550000e+01
    endloop
  endfacet
  facet normal -7.971325e-01 -6.038044e-01 0.000000e+00
    outer loop
      vertex   8.421633e+01 4.605676e+01 -4.550000e+01
      vertex   8.463769e+01 4.550049e+01 -3.183333e+01
      vertex   8.421633e+01 4.605676e+01 -3.183333e+01
    endloop
  endfacet
  facet normal -8.532909e-01 -5.214352e-01 0.000000e+00
    outer loop
      vertex   8.421633e+01 4.605676e+01 -4.550000e+01
      vertex   8.421633e+01 4.605676e+01 -3.183333e+01
      vertex   8.385245e+01 4.665222e+01 -4.550000e+01
    endloop
  endfacet
  facet normal -8.532909e-01 -5.214352e-01 0.000000e+00
    outer loop
      vertex   8.385245e+01 4.665222e+01 -4.550000e+01
      vertex   8.421633e+01 4.605676e+01 -3.183333e+01
      vertex   8.385245e+01 4.665222e+01 -3.183333e+01
    endloop
  endfacet
  facet normal -9.009689e-01 -4.338837e-01 0.000000e+00
    outer loop
      vertex   8.385245e+01 4.665222e+01 -4.550000e+01
      vertex   8.385245e+01 4.665222e+01 -3.183333e+01
      vertex   8.354967e+01 4.728096e+01 -4.550000e+01
    endloop
  endfacet
  facet normal -9.009689e-01 -4.338837e-01 0.000000e+00
    outer loop
      vertex   8.354967e+01 4.728096e+01 -4.550000e+01
      vertex   8.385245e+01 4.665222e+01 -3.183333e+01
      vertex   8.354967e+01 4.728096e+01 -3.183333e+01
    endloop
  endfacet
  facet normal -9.396926e-01 -3.420201e-01 0.000000e+00
    outer loop
      vertex   8.354967e+01 4.728096e+01 -4.550000e+01
      vertex   8.354967e+01 4.728096e+01 -3.183333e+01
      vertex   8.331099e+01 4.793671e+01 -4.550000e+01
    endloop
  endfacet
  facet normal -9.396926e-01 -3.420201e-01 0.000000e+00
    outer loop
      vertex   8.331099e+01 4.793671e+01 -4.550000e+01
      vertex   8.354967e+01 4.728096e+01 -3.183333e+01
      vertex   8.331099e+01 4.793671e+01 -3.183333e+01
    endloop
  endfacet
  facet normal -9.690773e-01 -2.467574e-01 0.000000e+00
    outer loop
      vertex   8.331099e+01 4.793671e+01 -4.550000e+01
      vertex   8.331099e+01 4.793671e+01 -3.183333e+01
      vertex   8.313879e+01 4.861298e+01 -4.550000e+01
    endloop
  endfacet
  facet normal -9.690773e-01 -2.467574e-01 0.000000e+00
    outer loop
      vertex   8.313879e+01 4.861298e+01 -4.550000e+01
      vertex   8.331099e+01 4.793671e+01 -3.183333e+01
      vertex   8.313879e+01 4.861298e+01 -3.183333e+01
    endloop
  endfacet
  facet normal -9.888308e-01 -1.490423e-01 0.000000e+00
    outer loop
      vertex   8.313879e+01 4.861298e+01 -4.550000e+01
      vertex   8.313879e+01 4.861298e+01 -3.183333e+01
      vertex   8.303478e+01 4.930303e+01 -4.550000e+01
    endloop
  endfacet
  facet normal -9.888308e-01 -1.490423e-01 0.000000e+00
    outer loop
      vertex   8.303478e+01 4.930303e+01 -4.550000e+01
      vertex   8.313879e+01 4.861298e+01 -3.183333e+01
      vertex   8.303478e+01 4.930303e+01 -3.183333e+01
    endloop
  endfacet
  facet normal -9.987569e-01 -4.984589e-02 -0.000000e+00
    outer loop
      vertex   8.300000e+01 5.000000e+01 -1.816667e+01
      vertex   8.300000e+01 5.000000e+01 -3.183333e+01
      vertex   8.303478e+01 4.930303e+01 -1.816667e+01
    endloop
  endfacet
  facet normal -9.987569e-01 -4.984589e-02 -0.000000e+00
    outer loop
      vertex   8.303478e+01 4.930303e+01 -1.816667e+01
      vertex   8.300000e+01 5.000000e+01 -3.183333e+01
      vertex   8.303478e+01 4.930303e+01 -3.183333e+01
    endloop
  endfacet
  facet normal -9.888308e-01 -1.490423e-01 -0.000000e+00
    outer loop
      vertex   8.303478e+01 4.930303e+01 -1.816667e+01
      vertex   8.303478e+01 4.930303e+01 -3.183333e+01
      vertex   8.313879e+01 4.861298e+01 -1.816667e+01
    endloop
  endfacet
  facet normal -9.888308e-01 -1.490423e-01 -0.000000e+00
    outer loop
      vertex   8.313879e+01 4.861298e+01 -1.816667e+01
      vertex   8.303478e+01 4.930303e+01 -3.183333e+01
      vertex   8.313879e+01 4.861298e+01 -3.183333e+01
    endloop
  endfacet
  facet normal -9.690773e-01 -2.467574e-01 -0.000000e+00
    outer loop
      vertex   8.313879e+01 4.861298e+01 -1.816667e+01
      vertex   8.313879e+01 4.861298e+01 -3.183333e+01
      vertex   8.331099e+01 4.793671e+01 -1.816667e+01
    endloop
  endfacet
  facet normal -9.690773e-01 -2.467574e-01 -1.282915e-16
    outer loop
      vertex   8.331099e+01 4.793671e+01 -1.816667e+01
      vertex   8.313879e+01 4.861298e+01 -3.183333e+01
      vertex   8.331099e+01 4.793671e+01 -3.183333e+01
    endloop
  endfacet
  facet normal -9.396926e-01 -3.420201e-01 -1.778195e-16
    outer loop
      vertex   8.331099e+01 4.793671e+01 -1.816667e+01
      vertex   8.331099e+01 4.793671e+01 -3.183333e+01
      vertex   8.354967e+01 4.728096e+01 -1.816667e+01
    endloop
  endfacet
  facet normal -9.396926e-01 -3.420201e-01 -0.000000e+00
    outer loop
      vertex   8.354967e+01 4.728096e+01 -1.816667e+01
      vertex   8.331099e+01 4.793671e+01 -3.183333e+01
      vertex   8.354967e+01 4.728096e+01 -3.183333e+01
    endloop
  endfacet
  facet normal -9.009689e-01 -4.338837e-01 -0.000000e+00
    outer loop
      vertex   8.354967e+01 4.728096e+01 -1.816667e+01
      vertex   8.354967e+01 4.728096e+01 -3.183333e+01
      vertex   8.385245e+01 4.665222e+01 -1.816667e+01
    endloop
  endfacet
  facet normal -9.009689e-01 -4.338837e-01 -0.000000e+00
    outer loop
      vertex   8.385245e+01 4.665222e+01 -1.816667e+01
      vertex   8.354967e+01 4.728096e+01 -3.183333e+01
      vertex   8.385245e+01 4.665222e+01 -3.183333e+01
    endloop
  endfacet
  facet normal -8.532909e-01 -5.214352e-01 -0.000000e+00
    outer loop
      vertex   8.385245e+01 4.665222e+01 -1.816667e+01
      vertex   8.385245e+01 4.665222e+01 -3.183333e+01
      vertex   8.421633e+01 4.605676e+01 -1.816667e+01
    endloop
  endfacet
  facet normal -8.532909e-01 -5.214352e-01 8.872678e-16
    outer loop
      vertex   8.421633e+01 4.605676e+01 -1.816667e+01
      vertex   8.385245e+01 4.665222e+01 -3.183333e+01
      vertex   8.421633e+01 4.605676e+01 -3.183333e+01
    endloop
  endfacet
  facet normal -7.971325e-01 -6.038044e-01 8.288732e-16
    outer loop
      vertex   8.421633e+01 4.605676e+01 -1.816667e+01
      vertex   8.421633e+01 4.605676e+01 -3.183333e+01
      vertex   8.463769e+01 4.550049e+01 -1.816667e+01
    endloop
  endfacet
  facet normal -7.971325e-01 -6.038044e-01 -0.000000e+00
    outer loop
      vertex   8.463769e+01 4.550049e+01 -1.816667e+01
      vertex   8.421633e+01 4.605676e+01 -3.183333e+01
      vertex   8.463769e+01 4.550049e+01 -3.183333e+01
    endloop
  endfacet
  facet normal -7.330519e-01 -6.801727e-01 -0.000000e+00
    outer loop
      vertex   8.463769e+01 4.550049e+01 -1.816667e+01
      vertex   8.463769e+01 4.550049e+01 -3.183333e+01
      vertex   8.511234e+01 4.498893e+01 -1.816667e+01
    endloop
  endfacet
  facet normal -7.330519e-01 -6.801727e-01 -0.000000e+00
    outer loop
      vertex   8.511234e+01 4.498893e+01 -1.816667e+01
      vertex   8.463769e+01 4.550049e+01 -3.183333e+01
      vertex   8.511234e+01 4.498893e+01 -3.183333e+01
    endloop
  endfacet
  facet normal -6.616858e-01 -7.497812e-01 -0.000000e+00
    outer loop
      vertex   8.511234e+01 4.498893e+01 -1.816667e+01
      vertex   8.511234e+01 4.498893e+01 -3.183333e+01
      vertex   8.563557e+01 4.452718e+01 -1.816667e+01
    endloop
  endfacet
  facet normal -6.616858e-01 -7.497812e-01 -0.000000e+00
    outer loop
      vertex   8.563557e+01 4.452718e+01 -1.816667e+01
      vertex   8.511234e+01 4.498893e+01 -3.183333e+01
      vertex   8.563557e+01 4.452718e+01 -3.183333e+01
    endloop
  endfacet
  facet normal -5.837437e-01 -8.119380e-01 -0.000000e+00
    outer loop
      vertex   8.563557e+01 4.452718e+01 -1.816667e+01
      vertex   8.563557e+01 4.452718e+01 -3.183333e+01
      vertex   8.620218e+01 4.411982e+01 -1.816667e+01
    endloop
  endfacet
  facet normal -5.837437e-01 -8.119380e-01 -0.000000e+00
    outer loop
      vertex   8.620218e+01 4.411982e+01 -1.816667e+01
      vertex   8.563557e+01 4.452718e+01 -3.183333e+01
      vertex   8.620218e+01 4.411982e+01 -3.183333e+01
    endloop
  endfacet
  facet normal -5.000000e-01 -8.660254e-01 -0.000000e+00
    outer loop
      vertex   8.620218e+01 4.411982e+01 -1.816667e+01
      vertex   8.620218e+01 4.411982e+01 -3.183333e+01
      vertex   8.680653e+01 4.377090e+01 -1.816667e+01
    endloop
  endfacet
  facet normal -5.000000e-01 -8.660254e-01 -0.000000e+00
    outer loop
      vertex   8.680653e+01 4.377090e+01 -1.816667e+01
      vertex   8.620218e+01 4.411982e+01 -3.183333e+01
      vertex   8.680653e+01 4.377090e+01 -3.183333e+01
    endloop
  endfacet
  facet normal -4.112871e-01 -9.115059e-01 -0.000000e+00
    outer loop
      vertex   8.680653e+01 4.377090e+01 -1.816667e+01
      vertex   8.680653e+01 4.377090e+01 -3.183333e+01
      vertex   8.744261e+01 4.348388e+01 -1.816667e+01
    endloop
  endfacet
  facet normal -4.112871e-01 -9.115059e-01 4.276640e-16
    outer loop
      vertex   8.744261e+01 4.348388e+01 -1.816667e+01
      vertex   8.680653e+01 4.377090e+01 -3.183333e+01
      vertex   8.744261e+01 4.348388e+01 -3.183333e+01
    endloop
  endfacet
  facet normal -3.184867e-01 -9.479273e-01 3.311684e-16
    outer loop
      vertex   8.744261e+01 4.348388e+01 -1.816667e+01
      vertex   8.744261e+01 4.348388e+01 -3.183333e+01
      vertex   8.810412e+01 4.326163e+01 -1.816667e+01
    endloop
  endfacet
  facet normal -3.184867e-01 -9.479273e-01 -0.000000e+00
    outer loop
      vertex   8.810412e+01 4.326163e+01 -1.816667e+01
      vertex   8.744261e+01 4.348388e+01 -3.183333e+01
      vertex   8.810412e+01 4.326163e+01 -3.183333e+01
    endloop
  endfacet
  facet normal -2.225209e-01 -9.749279e-01 -0.000000e+00
    outer loop
      vertex   8.810412e+01 4.326163e+01 -1.816667e+01
      vertex   8.810412e+01 4.326163e+01 -3.183333e+01
      vertex   8.878446e+01 4.310635e+01 -1.816667e+01
    endloop
  endfacet
  facet normal -2.225209e-01 -9.749279e-01 -0.000000e+00
    outer loop
      vertex   8.878446e+01 4.310635e+01 -1.816667e+01
      vertex   8.810412e+01 4.326163e+01 -3.183333e+01
      vertex   8.878446e+01 4.310635e+01 -3.183333e+01
    endloop
  endfacet
  facet normal -1.243437e-01 -9.922392e-01 -0.000000e+00
    outer loop
      vertex   8.878446e+01 4.310635e+01 -1.816667e+01
      vertex   8.878446e+01 4.310635e+01 -3.183333e+01
      vertex   8.947689e+01 4.301957e+01 -1.816667e+01
    endloop
  endfacet
  facet normal -1.243437e-01 -9.922392e-01 1.292949e-16
    outer loop
      vertex   8.947689e+01 4.301957e+01 -1.816667e+01
      vertex   8.878446e+01 4.310635e+01 -3.183333e+01
      vertex   8.947689e+01 4.301957e+01 -3.183333e+01
    endloop
  endfacet
  facet normal -2.493069e-02 -9.996892e-01 2.592340e-17
    outer loop
      vertex   8.947689e+01 4.301957e+01 -1.816667e+01
      vertex   8.947689e+01 4.301957e+01 -3.183333e+01
      vertex   9.017451e+01 4.300218e+01 -1.816667e+01
    endloop
  endfacet
  facet normal -2.493069e-02 -9.996892e-01 -0.000000e+00
    outer loop
      vertex   9.017451e+01 4.300218e+01 -1.816667e+01
      vertex   8.947689e+01 4.301957e+01 -3.183333e+01
      vertex   9.017451e+01 4.300218e+01 -3.183333e+01
    endloop
  endfacet
  facet normal 7.473009e-02 -9.972038e-01 0.000000e+00
    outer loop
      vertex   9.017451e+01 4.300218e+01 -1.816667e+01
      vertex   9.017451e+01 4.300218e+01 -3.183333e+01
      vertex   9.087041e+01 4.305433e+01 -1.816667e+01
    endloop
  endfacet
  facet normal 7.473009e-02 -9.972038e-01 -1.554115e-16
    outer loop
      vertex   9.087041e+01 4.305433e+01 -1.816667e+01
      vertex   9.017451e+01 4.300218e+01 -3.183333e+01
      vertex   9.087041e+01 4.305433e+01 -3.183333e+01
    endloop
  endfacet
  facet normal 1.736482e-01 -9.848078e-01 -3.611252e-16
    outer loop
      vertex   9.087041e+01 4.305433e+01 -1.816667e+01
      vertex   9.087041e+01 4.305433e+01 -3.183333e+01
      vertex   9.155765e+01 4.317550e+01 -1.816667e+01
    endloop
  endfacet
  facet normal 1.736482e-01 -9.848078e-01 0.000000e+00
    outer loop
      vertex   9.155765e+01 4.317550e+01 -1.816667e+01
      vertex   9.087041e+01 4.305433e+01 -3.183333e+01
      vertex   9.155765e+01 4.317550e+01 -3.183333e+01
    endloop
  endfacet
  facet normal 2.708405e-01 -9.626242e-01 0.000000e+00
    outer loop
      vertex   9.155765e+01 4.317550e+01 -1.816667e+01
      vertex   9.155765e+01 4.317550e+01 -3.183333e+01
      vertex   9.222941e+01 4.336451e+01 -1.816667e+01
    endloop
  endfacet
  facet normal 2.708405e-01 -9.626242e-01 -5.632499e-16
    outer loop
      vertex   9.222941e+01 4.336451e+01 -1.816667e+01
      vertex   9.155765e+01 4.317550e+01 -3.183333e+01
      vertex   9.222941e+01 4.336451e+01 -3.183333e+01
    endloop
  endfacet
  facet normal 3.653410e-01 -9.308737e-01 -7.597768e-16
    outer loop
      vertex   9.222941e+01 4.336451e+01 -1.816667e+01
      vertex   9.222941e+01 4.336451e+01 -3.183333e+01
      vertex   9.287901e+01 4.361946e+01 -1.816667e+01
    endloop
  endfacet
  facet normal 3.653410e-01 -9.308737e-01 0.000000e+00
    outer loop
      vertex   9.287901e+01 4.361946e+01 -1.816667e+01
      vertex   9.222941e+01 4.336451e+01 -3.183333e+01
      vertex   9.287901e+01 4.361946e+01 -3.183333e+01
    endloop
  endfacet
  facet normal 4.562107e-01 -8.898718e-01 0.000000e+00
    outer loop
      vertex   9.287901e+01 4.361946e+01 -1.816667e+01
      vertex   9.287901e+01 4.361946e+01 -3.183333e+01
      vertex   9.350000e+01 4.393782e+01 -1.816667e+01
    endloop
  endfacet
  facet normal 4.562107e-01 -8.898718e-01 0.000000e+00
    outer loop
      vertex   9.350000e+01 4.393782e+01 -1.816667e+01
      vertex   9.287901e+01 4.361946e+01 -3.183333e+01
      vertex   9.350000e+01 4.393782e+01 -3.183333e+01
    endloop
  endfacet
  facet normal 5.425463e-01 -8.400259e-01 0.000000e+00
    outer loop
      vertex   9.350000e+01 4.393782e+01 -1.816667e+01
      vertex   9.350000e+01 4.393782e+01 -3.183333e+01
      vertex   9.408621e+01 4.431643e+01 -1.816667e+01
    endloop
  endfacet
  facet normal 5.425463e-01 -8.400259e-01 0.000000e+00
    outer loop
      vertex   9.408621e+01 4.431643e+01 -1.816667e+01
      vertex   9.350000e+01 4.393782e+01 -3.183333e+01
      vertex   9.408621e+01 4.431643e+01 -3.183333e+01
    endloop
  endfacet
  facet normal 6.234898e-01 -7.818315e-01 0.000000e+00
    outer loop
      vertex   9.408621e+01 4.431643e+01 -1.816667e+01
      vertex   9.408621e+01 4.431643e+01 -3.183333e+01
      vertex   9.463180e+01 4.475153e+01 -1.816667e+01
    endloop
  endfacet
  facet normal 6.234898e-01 -7.818315e-01 -1.296633e-15
    outer loop
      vertex   9.463180e+01 4.475153e+01 -1.816667e+01
      vertex   9.408621e+01 4.431643e+01 -3.183333e+01
      vertex   9.463180e+01 4.475153e+01 -3.183333e+01
    endloop
  endfacet
  facet normal 6.982368e-01 -7.158668e-01 -1.452079e-15
    outer loop
      vertex   9.463180e+01 4.475153e+01 -1.816667e+01
      vertex   9.463180e+01 4.475153e+01 -3.183333e+01
      vertex   9.513136e+01 4.523879e+01 -1.816667e+01
    endloop
  endfacet
  facet normal 6.982368e-01 -7.158668e-01 0.000000e+00
    outer loop
      vertex   9.513136e+01 4.523879e+01 -1.816667e+01
      vertex   9.463180e+01 4.475153e+01 -3.183333e+01
      vertex   9.513136e+01 4.523879e+01 -3.183333e+01
    endloop
  endfacet
  facet normal 7.660444e-01 -6.427876e-01 0.000000e+00
    outer loop
      vertex   9.513136e+01 4.523879e+01 -1.816667e+01
      vertex   9.513136e+01 4.523879e+01 -3.183333e+01
      vertex   9.557993e+01 4.577337e+01 -1.816667e+01
    endloop
  endfacet
  facet normal 7.660444e-01 -6.427876e-01 0.000000e+00
    outer loop
      vertex   9.557993e+01 4.577337e+01 -1.816667e+01
      vertex   9.513136e+01 4.523879e+01 -3.183333e+01
      vertex   9.557993e+01 4.577337e+01 -3.183333e+01
    endloop
  endfacet
  facet normal 8.262388e-01 -5.633201e-01 0.000000e+00
    outer loop
      vertex   9.557993e+01 4.577337e+01 -1.816667e+01
      vertex   9.557993e+01 4.577337e+01 -3.183333e+01
      vertex   9.597304e+01 4.634995e+01 -1.816667e+01
    endloop
  endfacet
  facet normal 8.262388e-01 -5.633201e-01 0.000000e+00
    outer loop
      vertex   9.597304e+01 4.634995e+01 -1.816667e+01
      vertex   9.557993e+01 4.577337e+01 -3.183333e+01
      vertex   9.597304e+01 4.634995e+01 -3.183333e+01
    endloop
  endfacet
  facet normal 8.782216e-01 -4.782540e-01 0.000000e+00
    outer loop
      vertex   9.597304e+01 4.634995e+01 -1.816667e+01
      vertex   9.597304e+01 4.634995e+01 -3.183333e+01
      vertex   9.630678e+01 4.696281e+01 -1.816667e+01
    endloop
  endfacet
  facet normal 8.782216e-01 -4.782540e-01 0.000000e+00
    outer loop
      vertex   9.630678e+01 4.696281e+01 -1.816667e+01
      vertex   9.597304e+01 4.634995e+01 -3.183333e+01
      vertex   9.630678e+01 4.696281e+01 -3.183333e+01
    endloop
  endfacet
  facet normal 9.214762e-01 -3.884348e-01 0.000000e+00
    outer loop
      vertex   9.630678e+01 4.696281e+01 -1.816667e+01
      vertex   9.630678e+01 4.696281e+01 -3.183333e+01
      vertex   9.657785e+01 4.760586e+01 -1.816667e+01
    endloop
  endfacet
  facet normal 9.214762e-01 -3.884348e-01 4.039017e-16
    outer loop
      vertex   9.657785e+01 4.760586e+01 -1.816667e+01
      vertex   9.630678e+01 4.696281e+01 -3.183333e+01
      vertex   9.657785e+01 4.760586e+01 -3.183333e+01
    endloop
  endfacet
  facet normal 9.555728e-01 -2.947552e-01 3.064919e-16
    outer loop
      vertex   9.657785e+01 4.760586e+01 -1.816667e+01
      vertex   9.657785e+01 4.760586e+01 -3.183333e+01
      vertex   9.678354e+01 4.827270e+01 -1.816667e+01
    endloop
  endfacet
  facet normal 9.555728e-01 -2.947552e-01 1.532460e-16
    outer loop
      vertex   9.678354e+01 4.827270e+01 -1.816667e+01
      vertex   9.657785e+01 4.760586e+01 -3.183333e+01
      vertex   9.678354e+01 4.827270e+01 -3.183333e+01
    endloop
  endfacet
  facet normal 9.801725e-01 -1.981461e-01 1.030180e-16
    outer loop
      vertex   9.678354e+01 4.827270e+01 -1.816667e+01
      vertex   9.678354e+01 4.827270e+01 -3.183333e+01
      vertex   9.692182e+01 4.895670e+01 -1.816667e+01
    endloop
  endfacet
  facet normal 9.801725e-01 -1.981461e-01 0.000000e+00
    outer loop
      vertex   9.692182e+01 4.895670e+01 -1.816667e+01
      vertex   9.678354e+01 4.827270e+01 -3.183333e+01
      vertex   9.692182e+01 4.895670e+01 -3.183333e+01
    endloop
  endfacet
  facet normal 9.950308e-01 -9.956785e-02 0.000000e+00
    outer loop
      vertex   9.692182e+01 4.895670e+01 -1.816667e+01
      vertex   9.692182e+01 4.895670e+01 -3.183333e+01
      vertex   9.699130e+01 4.965108e+01 -1.816667e+01
    endloop
  endfacet
  facet normal 9.950308e-01 -9.956785e-02 0.000000e+00
    outer loop
      vertex   9.699130e+01 4.965108e+01 -1.816667e+01
      vertex   9.692182e+01 4.895670e+01 -3.183333e+01
      vertex   9.699130e+01 4.965108e+01 -3.183333e+01
    endloop
  endfacet
  facet normal 1.000000e+00 -0.000000e+00 0.000000e+00
    outer loop
      vertex   9.699130e+01 4.965108e+01 -1.816667e+01
      vertex   9.699130e+01 4.965108e+01 -3.183333e+01
      vertex   9.699130e+01 5.034892e+01 -1.816667e+01
    endloop
  endfacet
  facet normal 1.000000e+00 0.000000e+00 0.000000e+00
    outer loop
      vertex   9.699130e+01 5.034892e+01 -1.816667e+01
      vertex   9.699130e+01 4.965108e+01 -3.183333e+01
      vertex   9.699130e+01 5.034892e+01 -3.183333e+01
    endloop
  endfacet
  facet normal 9.950308e-01 9.956785e-02 0.000000e+00
    outer loop
      vertex   9.699130e+01 5.034892e+01 -1.816667e+01
      vertex   9.699130e+01 5.034892e+01 -3.183333e+01
      vertex   9.692182e+01 5.104330e+01 -1.816667e+01
    endloop
  endfacet
  facet normal 9.950308e-01 9.956785e-02 0.000000e+00
    outer loop
      vertex   9.692182e+01 5.104330e+01 -1.816667e+01
      vertex   9.699130e+01 5.034892e+01 -3.183333e+01
      vertex   9.692182e+01 5.104330e+01 -3.183333e+01
    endloop
  endfacet
  facet normal 9.801725e-01 1.981461e-01 0.000000e+00
    outer loop
      vertex   9.692182e+01 5.104330e+01 -1.816667e+01
      vertex   9.692182e+01 5.104330e+01 -3.183333e+01
      vertex   9.678354e+01 5.172730e+01 -1.816667e+01
    endloop
  endfacet
  facet normal 9.801725e-01 1.981461e-01 -1.030180e-16
    outer loop
      vertex   9.678354e+01 5.172730e+01 -1.816667e+01
      vertex   9.692182e+01 5.104330e+01 -3.183333e+01
      vertex   9.678354e+01 5.172730e+01 -3.183333e+01
    endloop
  endfacet
  facet normal 9.555728e-01 2.947552e-01 -1.532460e-16
    outer loop
      vertex   9.678354e+01 5.172730e+01 -1.816667e+01
      vertex   9.678354e+01 5.172730e+01 -3.183333e+01
      vertex   9.657785e+01 5.239414e+01 -1.816667e+01
    endloop
  endfacet
  facet normal 9.555728e-01 2.947552e-01 -3.064919e-16
    outer loop
      vertex   9.657785e+01 5.239414e+01 -1.816667e+01
      vertex   9.678354e+01 5.172730e+01 -3.183333e+01
      vertex   9.657785e+01 5.239414e+01 -3.183333e+01
    endloop
  endfacet
  facet normal 9.214762e-01 3.884348e-01 -4.039017e-16
    outer loop
      vertex   9.657785e+01 5.239414e+01 -1.816667e+01
      vertex   9.657785e+01 5.239414e+01 -3.183333e+01
      vertex   9.630678e+01 5.303719e+01 -1.816667e+01
    endloop
  endfacet
  facet normal 9.214762e-01 3.884348e-01 0.000000e+00
    outer loop
      vertex   9.630678e+01 5.303719e+01 -1.816667e+01
      vertex   9.657785e+01 5.239414e+01 -3.183333e+01
      vertex   9.630678e+01 5.303719e+01 -3.183333e+01
    endloop
  endfacet
  facet normal 8.782216e-01 4.782540e-01 0.000000e+00
    outer loop
      vertex   9.630678e+01 5.303719e+01 -1.816667e+01
      vertex   9.630678e+01 5.303719e+01 -3.183333e+01
      vertex   9.597304e+01 5.365005e+01 -1.816667e+01
    endloop
  endfacet
  facet normal 8.782216e-01 4.782540e-01 0.000000e+00
    outer loop
      vertex   9.597304e+01 5.365005e+01 -1.816667e+01
      vertex   9.630678e+01 5.303719e+01 -3.183333e+01
      vertex   9.597304e+01 5.365005e+01 -3.183333e+01
    endloop
  endfacet
  facet normal 8.262388e-01 5.633201e-01 0.000000e+00
    outer loop
      vertex   9.597304e+01 5.365005e+01 -1.816667e+01
      vertex   9.597304e+01 5.365005e+01 -3.183333e+01
      vertex   9.557993e+01 5.422663e+01 -1.816667e+01
    endloop
  endfacet
  facet normal 8.262388e-01 5.633201e-01 0.000000e+00
    outer loop
      vertex   9.557993e+01 5.422663e+01 -1.816667e+01
      vertex   9.597304e+01 5.365005e+01 -3.183333e+01
      vertex   9.557993e+01 5.422663e+01 -3.183333e+01
    endloop
  endfacet
  facet normal 7.660444e-01 6.427876e-01 0.000000e+00
    outer loop
      vertex   9.557993e+01 5.422663e+01 -1.816667e+01
      vertex   9.557993e+01 5.422663e+01 -3.183333e+01
      vertex   9.513136e+01 5.476121e+01 -1.816667e+01
    endloop
  endfacet
  facet normal 7.660444e-01 6.427876e-01 0.000000e+00
    outer loop
      vertex   9.513136e+01 5.476121e+01 -1.816667e+01
      vertex   9.557993e+01 5.422663e+01 -3.183333e+01
      vertex   9.513136e+01 5.476121e+01 -3.183333e+01
    endloop
  endfacet
  facet normal 6.982368e-01 7.158668e-01 0.000000e+00
    outer loop
      vertex   9.513136e+01 5.476121e+01 -1.816667e+01
      vertex   9.513136e+01 5.476121e+01 -3.183333e+01
      vertex   9.463180e+01 5.524847e+01 -1.816667e+01
    endloop
  endfacet
  facet normal 6.982368e-01 7.158668e-01 1.452079e-15
    outer loop
      vertex   9.463180e+01 5.524847e+01 -1.816667e+01
      vertex   9.513136e+01 5.476121e+01 -3.183333e+01
      vertex   9.463180e+01 5.524847e+01 -3.183333e+01
    endloop
  endfacet
  facet normal 6.234898e-01 7.818315e-01 1.296633e-15
    outer loop
      vertex   9.463180e+01 5.524847e+01 -1.816667e+01
      vertex   9.463180e+01 5.524847e+01 -3.183333e+01
      vertex   9.408621e+01 5.568357e+01 -1.816667e+01
    endloop
  endfacet
  facet normal 6.234898e-01 7.818315e-01 0.000000e+00
    outer loop
      vertex   9.408621e+01 5.568357e+01 -1.816667e+01
      vertex   9.463180e+01 5.524847e+01 -3.183333e+01
      vertex   9.408621e+01 5.568357e+01 -3.183333e+01
    endloop
  endfacet
  facet normal 5.425463e-01 8.400259e-01 0.000000e+00
    outer loop
      vertex   9.408621e+01 5.568357e+01 -1.816667e+01
      vertex   9.408621e+01 5.568357e+01 -3.183333e+01
      vertex   9.350000e+01 5.606218e+01 -1.816667e+01
    endloop
  endfacet
  facet normal 5.425463e-01 8.400259e-01 0.000000e+00
    outer loop
      vertex   9.350000e+01 5.606218e+01 -1.816667e+01
      vertex   9.408621e+01 5.568357e+01 -3.183333e+01
      vertex   9.350000e+01 5.606218e+01 -3.183333e+01
    endloop
  endfacet
  facet normal 4.562107e-01 8.898718e-01 0.000000e+00
    outer loop
      vertex   9.350000e+01 5.606218e+01 -1.816667e+01
      vertex   9.350000e+01 5.606218e+01 -3.183333e+01
      vertex   9.287901e+01 5.638054e+01 -1.816667e+01
    endloop
  endfacet
  facet normal 4.562107e-01 8.898718e-01 0.000000e+00
    outer loop
      vertex   9.287901e+01 5.638054e+01 -1.816667e+01
      vertex   9.350000e+01 5.606218e+01 -3.183333e+01
      vertex   9.287901e+01 5.638054e+01 -3.183333e+01
    endloop
  endfacet
  facet normal 3.653410e-01 9.308737e-01 0.000000e+00
    outer loop
      vertex   9.287901e+01 5.638054e+01 -1.816667e+01
      vertex   9.287901e+01 5.638054e+01 -3.183333e+01
      vertex   9.222941e+01 5.663549e+01 -1.816667e+01
    endloop
  endfacet
  facet normal 3.653410e-01 9.308737e-01 7.597768e-16
    outer loop
      vertex   9.222941e+01 5.663549e+01 -1.816667e+01
      vertex   9.287901e+01 5.638054e+01 -3.183333e+01
      vertex   9.222941e+01 5.663549e+01 -3.183333e+01
    endloop
  endfacet
  facet normal 2.708405e-01 9.626242e-01 5.632499e-16
    outer loop
      vertex   9.222941e+01 5.663549e+01 -1.816667e+01
      vertex   9.222941e+01 5.663549e+01 -3.183333e+01
      vertex   9.155765e+01 5.682450e+01 -1.816667e+01
    endloop
  endfacet
  facet normal 2.708405e-01 9.626242e-01 0.000000e+00
    outer loop
      vertex   9.155765e+01 5.682450e+01 -1.816667e+01
      vertex   9.222941e+01 5.663549e+01 -3.183333e+01
      vertex   9.155765e+01 5.682450e+01 -3.183333e+01
    endloop
  endfacet
  facet normal 1.736482e-01 9.848078e-01 0.000000e+00
    outer loop
      vertex   9.155765e+01 5.682450e+01 -1.816667e+01
      vertex   9.155765e+01 5.682450e+01 -3.183333e+01
      vertex   9.087041e+01 5.694567e+01 -1.816667e+01
    endloop
  endfacet
  facet normal 1.736482e-01 9.848078e-01 3.611252e-16
    outer loop
      vertex   9.087041e+01 5.694567e+01 -1.816667e+01
      vertex   9.155765e+01 5.682450e+01 -3.183333e+01
      vertex   9.087041e+01 5.694567e+01 -3.183333e+01
    endloop
  endfacet
  facet normal 7.473009e-02 9.972038e-01 1.554115e-16
    outer loop
      vertex   9.087041e+01 5.694567e+01 -1.816667e+01
      vertex   9.087041e+01 5.694567e+01 -3.183333e+01
      vertex   9.017451e+01 5.699782e+01 -1.816667e+01
    endloop
  endfacet
  facet normal 7.473009e-02 9.972038e-01 0.000000e+00
    outer loop
      vertex   9.017451e+01 5.699782e+01 -1.816667e+01
      vertex   9.087041e+01 5.694567e+01 -3.183333e+01
      vertex   9.017451e+01 5.699782e+01 -3.183333e+01
    endloop
  endfacet
  facet normal -2.493069e-02 9.996892e-01 0.000000e+00
    outer loop
      vertex   9.017451e+01 5.699782e+01 -1.816667e+01
      vertex   9.017451e+01 5.699782e+01 -3.183333e+01
      vertex   8.947689e+01 5.698043e+01 -1.816667e+01
    endloop
  endfacet
  facet normal -2.493069e-02 9.996892e-01 -2.592340e-17
    outer loop
      vertex   8.947689e+01 5.698043e+01 -1.816667e+01
      vertex   9.017451e+01 5.699782e+01 -3.183333e+01
      vertex   8.947689e+01 5.698043e+01 -3.183333e+01
    endloop
  endfacet
  facet normal -1.243437e-01 9.922392e-01 -1.292949e-16
    outer loop
      vertex   8.947689e+01 5.698043e+01 -1.816667e+01
      vertex   8.947689e+01 5.698043e+01 -3.183333e+01
      vertex   8.878446e+01 5.689365e+01 -1.816667e+01
    endloop
  endfacet
  facet normal -1.243437e-01 9.922392e-01 0.000000e+00
    outer loop
      vertex   8.878446e+01 5.689365e+01 -1.816667e+01
      vertex   8.947689e+01 5.698043e+01 -3.183333e+01
      vertex   8.878446e+01 5.689365e+01 -3.183333e+01
    endloop
  endfacet
  facet normal -2.225209e-01 9.749279e-01 0.000000e+00
    outer loop
      vertex   8.878446e+01 5.689365e+01 -1.816667e+01
      vertex   8.878446e+01 5.689365e+01 -3.183333e+01
      vertex   8.810412e+01 5.673837e+01 -1.816667e+01
    endloop
  endfacet
  facet normal -2.225209e-01 9.749279e-01 0.000000e+00
    outer loop
      vertex   8.810412e+01 5.673837e+01 -1.816667e+01
      vertex   8.878446e+01 5.689365e+01 -3.183333e+01
      vertex   8.810412e+01 5.673837e+01 -3.183333e+01
    endloop
  endfacet
  facet normal -3.184867e-01 9.479273e-01 0.000000e+00
    outer loop
      vertex   8.810412e+01 5.673837e+01 -1.816667e+01
      vertex   8.810412e+01 5.673837e+01 -3.183333e+01
      vertex   8.744261e+01 5.651612e+01 -1.816667e+01
    endloop
  endfacet
  facet normal -3.184867e-01 9.479273e-01 -3.311684e-16
    outer loop
      vertex   8.744261e+01 5.651612e+01 -1.816667e+01
      vertex   8.810412e+01 5.673837e+01 -3.183333e+01
      vertex   8.744261e+01 5.651612e+01 -3.183333e+01
    endloop
  endfacet
  facet normal -4.112871e-01 9.115059e-01 -4.276640e-16
    outer loop
      vertex   8.744261e+01 5.651612e+01 -1.816667e+01
      vertex   8.744261e+01 5.651612e+01 -3.183333e+01
      vertex   8.680653e+01 5.622910e+01 -1.816667e+01
    endloop
  endfacet
  facet normal -4.112871e-01 9.115059e-01 0.000000e+00
    outer loop
      vertex   8.680653e+01 5.622910e+01 -1.816667e+01
      vertex   8.744261e+01 5.651612e+01 -3.183333e+01
      vertex   8.680653e+01 5.622910e+01 -3.183333e+01
    endloop
  endfacet
  facet normal -5.000000e-01 8.660254e-01 0.000000e+00
    outer loop
      vertex   8.680653e+01 5.622910e+01 -1.816667e+01
      vertex   8.680653e+01 5.622910e+01 -3.183333e+01
      vertex   8.620218e+01 5.588018e+01 -1.816667e+01
    endloop
  endfacet
  facet normal -5.000000e-01 8.660254e-01 0.000000e+00
    outer loop
      vertex   8.620218e+01 5.588018e+01 -1.816667e+01
      vertex   8.680653e+01 5.622910e+01 -3.183333e+01
      vertex   8.620218e+01 5.588018e+01 -3.183333e+01
    endloop
  endfacet
  facet normal -5.837437e-01 8.119380e-01 0.000000e+00
    outer loop
      vertex   8.620218e+01 5.588018e+01 -1.816667e+01
      vertex   8.620218e+01 5.588018e+01 -3.183333e+01
      vertex   8.563557e+01 5.547282e+01 -1.816667e+01
    endloop
  endfacet
  facet normal -5.837437e-01 8.119380e-01 0.000000e+00
    outer loop
      vertex   8.563557e+01 5.547282e+01 -1.816667e+01
      vertex   8.620218e+01 5.588018e+01 -3.183333e+01
      vertex   8.563557e+01 5.547282e+01 -3.183333e+01
    endloop
  endfacet
  facet normal -6.616858e-01 7.497812e-01 0.000000e+00
    outer loop
      vertex   8.563557e+01 5.547282e+01 -1.816667e+01
      vertex   8.563557e+01 5.547282e+01 -3.183333e+01
      vertex   8.511234e+01 5.501107e+01 -1.816667e+01
    endloop
  endfacet
  facet normal -6.616858e-01 7.497812e-01 0.000000e+00
    outer loop
      vertex   8.511234e+01 5.501107e+01 -1.816667e+01
      vertex   8.563557e+01 5.547282e+01 -3.183333e+01
      vertex   8.511234e+01 5.501107e+01 -3.183333e+01
    endloop
  endfacet
  facet normal -7.330519e-01 6.801727e-01 0.000000e+00
    outer loop
      vertex   8.511234e+01 5.501107e+01 -1.816667e+01
      vertex   8.511234e+01 5.501107e+01 -3.183333e+01
      vertex   8.463769e+01 5.449951e+01 -1.816667e+01
    endloop
  endfacet
  facet normal -7.330519e-01 6.801727e-01 0.000000e+00
    outer loop
      vertex   8.463769e+01 5.449951e+01 -1.816667e+01
      vertex   8.511234e+01 5.501107e+01 -3.183333e+01
      vertex   8.463769e+01 5.449951e+01 -3.183333e+01
    endloop
  endfacet
  facet normal -7.971325e-01 6.038044e-01 0.000000e+00
    outer loop
      vertex   8.463769e+01 5.449951e+01 -1.816667e+01
      vertex   8.463769e+01 5.449951e+01 -3.183333e+01
      vertex   8.421633e+01 5.394324e+01 -1.816667e+01
    endloop
  endfacet
  facet normal -7.971325e-01 6.038044e-01 -8.288732e-16
    outer loop
      vertex   8.421633e+01 5.394324e+01 -1.816667e+01
      vertex   8.463769e+01 5.449951e+01 -3.183333e+01
      vertex   8.421633e+01 5.394324e+01 -3.183333e+01
    endloop
  endfacet
  facet normal -8.532909e-01 5.214352e-01 -8.872678e-16
    outer loop
      vertex   8.421633e+01 5.394324e+01 -1.816667e+01
      vertex   8.421633e+01 5.394324e+01 -3.183333e+01
      vertex   8.385245e+01 5.334778e+01 -1.816667e+01
    endloop
  endfacet
  facet normal -8.532909e-01 5.214352e-01 0.000000e+00
    outer loop
      vertex   8.385245e+01 5.334778e+01 -1.816667e+01
      vertex   8.421633e+01 5.394324e+01 -3.183333e+01
      vertex   8.385245e+01 5.334778e+01 -3.183333e+01
    endloop
  endfacet
  facet normal -9.009689e-01 4.338837e-01 0.000000e+00
    outer loop
      vertex   8.385245e+01 5.334778e+01 -1.816667e+01
      vertex   8.385245e+01 5.334778e+01 -3.183333e+01
      vertex   8.354967e+01 5.271904e+01 -1.816667e+01
    endloop
  endfacet
  facet normal -9.009689e-01 4.338837e-01 0.000000e+00
    outer loop
      vertex   8.354967e+01 5.271904e+01 -1.816667e+01
      vertex   8.385245e+01 5.334778e+01 -3.183333e+01
      vertex   8.354967e+01 5.271904e+01 -3.183333e+01
    endloop
  endfacet
  facet normal -9.396926e-01 3.420201e-01 0.000000e+00
    outer loop
      vertex   8.354967e+01 5.271904e+01 -1.816667e+01
      vertex   8.354967e+01 5.271904e+01 -3.183333e+01
      vertex   8.331099e+01 5.206329e+01 -1.816667e+01
    endloop
  endfacet
  facet normal -9.396926e-01 3.420201e-01 1.778195e-16
    outer loop
      vertex   8.331099e+01 5.206329e+01 -1.816667e+01
      vertex   8.354967e+01 5.271904e+01 -3.183333e+01
      vertex   8.331099e+01 5.206329e+01 -3.183333e+01
    endloop
  endfacet
  facet normal -9.690773e-01 2.467574e-01 1.282915e-16
    outer loop
      vertex   8.331099e+01 5.206329e+01 -1.816667e+01
      vertex   8.331099e+01 5.206329e+01 -3.183333e+01
      vertex   8.313879e+01 5.138702e+01 -1.816667e+01
    endloop
  endfacet
  facet normal -9.690773e-01 2.467574e-01 0.000000e+00
    outer loop
      vertex   8.313879e+01 5.138702e+01 -1.816667e+01
      vertex   8.331099e+01 5.206329e+01 -3.183333e+01
      vertex   8.313879e+01 5.138702e+01 -3.183333e+01
    endloop
  endfacet
  facet normal -9.888308e-01 1.490423e-01 0.000000e+00
    outer loop
      vertex   8.313879e+01 5.138702e+01 -1.816667e+01
      vertex   8.313879e+01 5.138702e+01 -3.183333e+01
      vertex   8.303478e+01 5.069697e+01 -1.816667e+01
    endloop
  endfacet
  facet normal -9.888308e-01 1.490423e-01 0.000000e+00
    outer loop
      vertex   8.303478e+01 5.069697e+01 -1.816667e+01
      vertex   8.313879e+01 5.138702e+01 -3.183333e+01
      vertex   8.303478e+01 5.069697e+01 -3.183333e+01
    endloop
  endfacet
  facet normal -9.987569e-01 4.984589e-02 0.000000e+00
    outer loop
      vertex   8.303478e+01 5.069697e+01 -1.816667e+01
      vertex   8.303478e+01 5.069697e+01 -3.183333e+01
      vertex   8.300000e+01 5.000000e+01 -1.816667e+01
    endloop
  endfacet
  facet normal -9.987569e-01 4.984589e-02 0.000000e+00
    outer loop
      vertex   8.300000e+01 5.000000e+01 -1.816667e+01
      vertex   8.303478e+01 5.069697e+01 -3.183333e+01
      vertex   8.300000e+01 5.000000e+01 -3.183333e+01
    endloop
  endfacet
  facet normal 0.000000e+00 0.000000e+00 1.000000e+00
    outer loop
      vertex   8.853278e+01 4.581187e+01 -4.500000e+00
      vertex   8.563557e+01 4.452718e+01 -4.500000e+00
      vertex   8.850000e+01 4.550000e+01 -4.500000e+00
    endloop
  endfacet
  facet normal 0.000000e+00 0.000000e+00 1.000000e+00
    outer loop
      vertex   8.850000e+01 4.550000e+01 -4.500000e+00
      vertex   8.563557e+01 4.452718e+01 -4.500000e+00
      vertex   8.620218e+01 4.411982e+01 -4.500000e+00
    endloop
  endfacet
  facet normal 0.000000e+00 0.000000e+00 1.000000e+00
    outer loop
      vertex   8.850000e+01 4.550000e+01 -4.500000e+00
      vertex   8.620218e+01 4.411982e+01 -4.500000e+00
      vertex   8.853278e+01 4.518813e+01 -4.500000e+00
    endloop
  endfacet
  facet normal 0.000000e+00 0.000000e+00 1.000000e+00
    outer loop
      vertex   8.853278e+01 4.518813e+01 -4.500000e+00
      vertex   8.620218e+01 4.411982e+01 -4.500000e+00
      vertex   8.680653e+01 4.377090e+01 -4.500000e+00
    endloop
  endfacet
  facet normal 0.000000e+00 0.000000e+00 1.000000e+00
    outer loop
      vertex   8.853278e+01 4.518813e+01 -4.500000e+00
      vertex   8.680653e+01 4.377090e+01 -4.500000e+00
      vertex   8.862968e+01 4.488990e+01 -4.500000e+00
    endloop
  endfacet
  facet normal 0.000000e+00 0.000000e+00 1.000000e+00
    outer loop
      vertex   8.862968e+01 4.488990e+01 -4.500000e+00
      vertex   8.680653e+01 4.377090e+01 -4.500000e+00
      vertex   8.744261e+01 4.348388e+01 -4.500000e+00
    endloop
  endfacet
  facet normal 0.000000e+00 0.000000e+00 1.000000e+00
    outer loop
      vertex   8.862968e+01 4.488990e+01 -4.500000e+00
      vertex   8.744261e+01 4.348388e+01 -4.500000e+00
      vertex   8.878647e+01 4.461832e+01 -4.500000e+00
    endloop
  endfacet
  facet normal 0.000000e+00 0.000000e+00 1.000000e+00
    outer loop
      vertex   8.878647e+01 4.461832e+01 -4.500000e+00
      vertex   8.744261e+01 4.348388e+01 -4.500000e+00
      vertex   8.810412e+01 4.326163e+01 -4.500000e+00
    endloop
  endfacet
  facet normal 0.000000e+00 0.000000e+00 1.000000e+00
    outer loop
      vertex   8.878647e+01 4.461832e+01 -4.500000e+00
      vertex   8.810412e+01 4.326163e+01 -4.500000e+00
      vertex   8.899630e+01 4.438528e+01 -4.500000e+00
    endloop
  endfacet
  facet normal 0.000000e+00 0.000000e+00 1.000000e+00
    outer loop
      vertex   8.899630e+01 4.438528e+01 -4.500000e+00
      vertex   8.810412e+01 4.326163e+01 -4.500000e+00
      vertex   8.878446e+01 4.310635e+01 -4.500000e+00
    endloop
  endfacet
  facet normal 0.000000e+00 0.000000e+00 1.000000e+00
    outer loop
      vertex   8.899630e+01 4.438528e+01 -4.500000e+00
      vertex   8.878446e+01 4.310635e+01 -4.500000e+00
      vertex   8.925000e+01 4.420096e+01 -4.500000e+00
    endloop
  endfacet
  facet normal 0.000000e+00 0.000000e+00 1.000000e+00
    outer loop
      vertex   8.925000e+01 4.420096e+01 -4.500000e+00
      vertex   8.878446e+01 4.310635e+01 -4.500000e+00
      vertex   8.953647e+01 4.407342e+01 -4.500000e+00
    endloop
  endfacet
  facet normal 0.000000e+00 0.000000e+00 1.000000e+00
    outer loop
      vertex   8.953647e+01 4.407342e+01 -4.500000e+00
      vertex   8.878446e+01 4.310635e+01 -4.500000e+00
      vertex   8.947689e+01 4.301957e+01 -4.500000e+00
    endloop
  endfacet
  facet normal 0.000000e+00 0.000000e+00 1.000000e+00
    outer loop
      vertex   8.953647e+01 4.407342e+01 -4.500000e+00
      vertex   8.947689e+01 4.301957e+01 -4.500000e+00
      vertex   8.984321e+01 4.400822e+01 -4.500000e+00
    endloop
  endfacet
  facet normal 0.000000e+00 0.000000e+00 1.000000e+00
    outer loop
      vertex   8.984321e+01 4.400822e+01 -4.500000e+00
      vertex   8.947689e+01 4.301957e+01 -4.500000e+00
      vertex   9.017451e+01 4.300218e+01 -4.500000e+00
    endloop
  endfacet
  facet normal -0.000000e+00 0.000000e+00 1.000000e+00
    outer loop
      vertex   8.984321e+01 4.400822e+01 -4.500000e+00
      vertex   9.017451e+01 4.300218e+01 -4.500000e+00
      vertex   9.015679e+01 4.400822e+01 -4.500000e+00
    endloop
  endfacet
  facet normal -0.000000e+00 0.000000e+00 1.000000e+00
    outer loop
      vertex   9.015679e+01 4.400822e+01 -4.500000e+00
      vertex   9.017451e+01 4.300218e+01 -4.500000e+00
      vertex   9.046353e+01 4.407342e+01 -4.500000e+00
    endloop
  endfacet
  facet normal 0.000000e+00 0.000000e+00 1.000000e+00
    outer loop
      vertex   9.046353e+01 4.407342e+01 -4.500000e+00
      vertex   9.017451e+01 4.300218e+01 -4.500000e+00
      vertex   9.087041e+01 4.305433e+01 -4.500000e+00
    endloop
  endfacet
  facet normal -0.000000e+00 0.000000e+00 1.000000e+00
    outer loop
      vertex   9.046353e+01 4.407342e+01 -4.500000e+00
      vertex   9.087041e+01 4.305433e+01 -4.500000e+00
      vertex   9.075000e+01 4.420096e+01 -4.500000e+00
    endloop
  endfacet
  facet normal 0.000000e+00 0.000000e+00 1.000000e+00
    outer loop
      vertex   9.075000e+01 4.420096e+01 -4.500000e+00
      vertex   9.087041e+01 4.305433e+01 -4.500000e+00
      vertex   9.155765e+01 4.317550e+01 -4.500000e+00
    endloop
  endfacet
  facet normal -0.000000e+00 0.000000e+00 1.000000e+00
    outer loop
      vertex   9.075000e+01 4.420096e+01 -4.500000e+00
      vertex   9.155765e+01 4.317550e+01 -4.500000e+00
      vertex   9.100370e+01 4.438528e+01 -4.500000e+00
    endloop
  endfacet
  facet normal 0.000000e+00 0.000000e+00 1.000000e+00
    outer loop
      vertex   9.100370e+01 4.438528e+01 -4.500000e+00
      vertex   9.155765e+01 4.317550e+01 -4.500000e+00
      vertex   9.222941e+01 4.336451e+01 -4.500000e+00
    endloop
  endfacet
  facet normal -0.000000e+00 0.000000e+00 1.000000e+00
    outer loop
      vertex   9.100370e+01 4.438528e+01 -4.500000e+00
      vertex   9.222941e+01 4.336451e+01 -4.500000e+00
      vertex   9.121353e+01 4.461832e+01 -4.500000e+00
    endloop
  endfacet
  facet normal -0.000000e+00 0.000000e+00 1.000000e+00
    outer loop
      vertex   9.121353e+01 4.461832e+01 -4.500000e+00
      vertex   9.222941e+01 4.336451e+01 -4.500000e+00
      vertex   9.137032e+01 4.488990e+01 -4.500000e+00
    endloop
  endfacet
  facet normal 0.000000e+00 0.000000e+00 1.000000e+00
    outer loop
      vertex   9.137032e+01 4.488990e+01 -4.500000e+00
      vertex   9.222941e+01 4.336451e+01 -4.500000e+00
      vertex   9.287901e+01 4.361946e+01 -4.500000e+00
    endloop
  endfacet
  facet normal -0.000000e+00 0.000000e+00 1.000000e+00
    outer loop
      vertex   9.137032e+01 4.488990e+01 -4.500000e+00
      vertex   9.287901e+01 4.361946e+01 -4.500000e+00
      vertex   9.146722e+01 4.518813e+01 -4.500000e+00
    endloop
  endfacet
  facet normal 0.000000e+00 0.000000e+00 1.000000e+00
    outer loop
      vertex   9.146722e+01 4.518813e+01 -4.500000e+00
      vertex   9.287901e+01 4.361946e+01 -4.500000e+00
      vertex   9.350000e+01 4.393782e+01 -4.500000e+00
    endloop
  endfacet
  facet normal -0.000000e+00 0.000000e+00 1.000000e+00
    outer loop
      vertex   9.146722e+01 4.518813e+01 -4.500000e+00
      vertex   9.350000e+01 4.393782e+01 -4.500000e+00
      vertex   9.150000e+01 4.550000e+01 -4.500000e+00
    endloop
  endfacet
  facet normal 0.000000e+00 0.000000e+00 1.000000e+00
    outer loop
      vertex   9.150000e+01 4.550000e+01 -4.500000e+00
      vertex   9.350000e+01 4.393782e+01 -4.500000e+00
      vertex   9.408621e+01 4.431643e+01 -4.500000e+00
    endloop
  endfacet
  facet normal -0.000000e+00 -0.000000e+00 1.000000e+00
    outer loop
      vertex   9.150000e+01 4.550000e+01 -4.500000e+00
      vertex   9.408621e+01 4.431643e+01 -4.500000e+00
      vertex   9.146722e+01 4.581187e+01 -4.500000e+00
    endloop
  endfacet
  facet normal 0.000000e+00 0.000000e+00 1.000000e+00
    outer loop
      vertex   9.146722e+01 4.581187e+01 -4.500000e+00
      vertex   9.408621e+01 4.431643e+01 -4.500000e+00
      vertex   9.463180e+01 4.475153e+01 -4.500000e+00
    endloop
  endfacet
  facet normal 0.000000e+00 0.000000e+00 1.000000e+00
    outer loop
      vertex   9.146722e+01 4.581187e+01 -4.500000e+00
      vertex   9.463180e+01 4.475153e+01 -4.500000e+00
      vertex   9.513136e+01 4.523879e+01 -4.500000e+00
    endloop
  endfacet
  facet normal 0.000000e+00 -0.000000e+00 1.000000e+00
    outer loop
      vertex   8.563557e+01 4.452718e+01 -4.500000e+00
      vertex   8.853278e+01 4.581187e+01 -4.500000e+00
      vertex   8.511234e+01 4.498893e+01 -4.500000e+00
    endloop
  endfacet
  facet normal 0.000000e+00 0.000000e+00 1.000000e+00
    outer loop
      vertex   8.511234e+01 4.498893e+01 -4.500000e+00
      vertex   8.853278e+01 4.581187e+01 -4.500000e+00
      vertex   8.862968e+01 4.611010e+01 -4.500000e+00
    endloop
  endfacet
  facet normal 0.000000e+00 -0.000000e+00 1.000000e+00
    outer loop
      vertex   8.511234e+01 4.498893e+01 -4.500000e+00
      vertex   8.862968e+01 4.611010e+01 -4.500000e+00
      vertex   8.463769e+01 4.550049e+01 -4.500000e+00
    endloop
  endfacet
  facet normal 0.000000e+00 0.000000e+00 1.000000e+00
    outer loop
      vertex   8.463769e+01 4.550049e+01 -4.500000e+00
      vertex   8.862968e+01 4.611010e+01 -4.500000e+00
      vertex   8.852198e+01 4.865261e+01 -4.500000e+00
    endloop
  endfacet
  facet normal 0.000000e+00 -0.000000e+00 1.000000e+00
    outer loop
      vertex   8.463769e+01 4.550049e+01 -4.500000e+00
      vertex   8.852198e+01 4.865261e+01 -4.500000e+00
      vertex   8.421633e+01 4.605676e+01 -4.500000e+00
    endloop
  endfacet
  facet normal 0.000000e+00 0.000000e+00 1.000000e+00
    outer loop
      vertex   8.421633e+01 4.605676e+01 -4.500000e+00
      vertex   8.852198e+01 4.865261e+01 -4.500000e+00
      vertex   8.829957e+01 4.894714e+01 -4.500000e+00
    endloop
  endfacet
  facet normal 0.000000e+00 -0.000000e+00 1.000000e+00
    outer loop
      vertex   8.421633e+01 4.605676e+01 -4.500000e+00
      vertex   8.829957e+01 4.894714e+01 -4.500000e+00
      vertex   8.385245e+01 4.665222e+01 -4.500000e+00
    endloop
  endfacet
  facet normal 0.000000e+00 0.000000e+00 1.000000e+00
    outer loop
      vertex   8.385245e+01 4.665222e+01 -4.500000e+00
      vertex   8.829957e+01 4.894714e+01 -4.500000e+00
      vertex   8.813506e+01 4.927752e+01 -4.500000e+00
    endloop
  endfacet
  facet normal 0.000000e+00 -0.000000e+00 1.000000e+00
    outer loop
      vertex   8.385245e+01 4.665222e+01 -4.500000e+00
      vertex   8.813506e+01 4.927752e+01 -4.500000e+00
      vertex   8.354967e+01 4.728096e+01 -4.500000e+00
    endloop
  endfacet
  facet normal 0.000000e+00 0.000000e+00 1.000000e+00
    outer loop
      vertex   8.354967e+01 4.728096e+01 -4.500000e+00
      vertex   8.813506e+01 4.927752e+01 -4.500000e+00
      vertex   8.594609e+01 5.075822e+01 -4.500000e+00
    endloop
  endfacet
  facet normal 0.000000e+00 -0.000000e+00 1.000000e+00
    outer loop
      vertex   8.354967e+01 4.728096e+01 -4.500000e+00
      vertex   8.594609e+01 5.075822e+01 -4.500000e+00
      vertex   8.331099e+01 4.793671e+01 -4.500000e+00
    endloop
  endfacet
  facet normal 0.000000e+00 0.000000e+00 1.000000e+00
    outer loop
      vertex   8.331099e+01 4.793671e+01 -4.500000e+00
      vertex   8.594609e+01 5.075822e+01 -4.500000e+00
      vertex   8.563936e+01 5.082342e+01 -4.500000e+00
    endloop
  endfacet
  facet normal 0.000000e+00 -0.000000e+00 1.000000e+00
    outer loop
      vertex   8.331099e+01 4.793671e+01 -4.500000e+00
      vertex   8.563936e+01 5.082342e+01 -4.500000e+00
      vertex   8.313879e+01 4.861298e+01 -4.500000e+00
    endloop
  endfacet
  facet normal 0.000000e+00 -0.000000e+00 1.000000e+00
    outer loop
      vertex   8.313879e+01 4.861298e+01 -4.500000e+00
      vertex   8.563936e+01 5.082342e+01 -4.500000e+00
      vertex   8.303478e+01 4.930303e+01 -4.500000e+00
    endloop
  endfacet
  facet normal 0.000000e+00 0.000000e+00 1.000000e+00
    outer loop
      vertex   8.303478e+01 4.930303e+01 -4.500000e+00
      vertex   8.563936e+01 5.082342e+01 -4.500000e+00
      vertex   8.535289e+01 5.095096e+01 -4.500000e+00
    endloop
  endfacet
  facet normal 0.000000e+00 -0.000000e+00 1.000000e+00
    outer loop
      vertex   8.303478e+01 4.930303e+01 -4.500000e+00
      vertex   8.535289e+01 5.095096e+01 -4.500000e+00
      vertex   8.300000e+01 5.000000e+01 -4.500000e+00
    endloop
  endfacet
  facet normal 0.000000e+00 0.000000e+00 1.000000e+00
    outer loop
      vertex   8.300000e+01 5.000000e+01 -4.500000e+00
      vertex   8.535289e+01 5.095096e+01 -4.500000e+00
      vertex   8.509919e+01 5.113528e+01 -4.500000e+00
    endloop
  endfacet
  facet normal 0.000000e+00 0.000000e+00 1.000000e+00
    outer loop
      vertex   8.300000e+01 5.000000e+01 -4.500000e+00
      vertex   8.509919e+01 5.113528e+01 -4.500000e+00
      vertex   8.303478e+01 5.069697e+01 -4.500000e+00
    endloop
  endfacet
  facet normal 0.000000e+00 0.000000e+00 1.000000e+00
    outer loop
      vertex   8.303478e+01 5.069697e+01 -4.500000e+00
      vertex   8.509919e+01 5.113528e+01 -4.500000e+00
      vertex   8.488936e+01 5.136832e+01 -4.500000e+00
    endloop
  endfacet
  facet normal 0.000000e+00 0.000000e+00 1.000000e+00
    outer loop
      vertex   8.303478e+01 5.069697e+01 -4.500000e+00
      vertex   8.488936e+01 5.136832e+01 -4.500000e+00
      vertex   8.313879e+01 5.138702e+01 -4.500000e+00
    endloop
  endfacet
  facet normal -0.000000e+00 0.000000e+00 1.000000e+00
    outer loop
      vertex   8.313879e+01 5.138702e+01 -4.500000e+00
      vertex   8.488936e+01 5.136832e+01 -4.500000e+00
      vertex   8.473257e+01 5.163990e+01 -4.500000e+00
    endloop
  endfacet
  facet normal 0.000000e+00 0.000000e+00 1.000000e+00
    outer loop
      vertex   8.313879e+01 5.138702e+01 -4.500000e+00
      vertex   8.473257e+01 5.163990e+01 -4.500000e+00
      vertex   8.463566e+01 5.193813e+01 -4.500000e+00
    endloop
  endfacet
  facet normal 0.000000e+00 -0.000000e+00 1.000000e+00
    outer loop
      vertex   8.862968e+01 4.611010e+01 -4.500000e+00
      vertex   8.878647e+01 4.638168e+01 -4.500000e+00
      vertex   8.852198e+01 4.865261e+01 -4.500000e+00
    endloop
  endfacet
  facet normal 0.000000e+00 0.000000e+00 1.000000e+00
    outer loop
      vertex   8.852198e+01 4.865261e+01 -4.500000e+00
      vertex   8.878647e+01 4.638168e+01 -4.500000e+00
      vertex   8.879473e+01 4.840397e+01 -4.500000e+00
    endloop
  endfacet
  facet normal 0.000000e+00 0.000000e+00 1.000000e+00
    outer loop
      vertex   8.879473e+01 4.840397e+01 -4.500000e+00
      vertex   8.878647e+01 4.638168e+01 -4.500000e+00
      vertex   8.899630e+01 4.661472e+01 -4.500000e+00
    endloop
  endfacet
  facet normal 0.000000e+00 0.000000e+00 1.000000e+00
    outer loop
      vertex   8.879473e+01 4.840397e+01 -4.500000e+00
      vertex   8.899630e+01 4.661472e+01 -4.500000e+00
      vertex   8.910852e+01 4.820967e+01 -4.500000e+00
    endloop
  endfacet
  facet normal 0.000000e+00 0.000000e+00 1.000000e+00
    outer loop
      vertex   8.910852e+01 4.820967e+01 -4.500000e+00
      vertex   8.899630e+01 4.661472e+01 -4.500000e+00
      vertex   8.925000e+01 4.679904e+01 -4.500000e+00
    endloop
  endfacet
  facet normal 0.000000e+00 0.000000e+00 1.000000e+00
    outer loop
      vertex   8.910852e+01 4.820967e+01 -4.500000e+00
      vertex   8.925000e+01 4.679904e+01 -4.500000e+00
      vertex   8.945267e+01 4.807635e+01 -4.500000e+00
    endloop
  endfacet
  facet normal 0.000000e+00 0.000000e+00 1.000000e+00
    outer loop
      vertex   8.945267e+01 4.807635e+01 -4.500000e+00
      vertex   8.925000e+01 4.679904e+01 -4.500000e+00
      vertex   8.953647e+01 4.692658e+01 -4.500000e+00
    endloop
  endfacet
  facet normal 0.000000e+00 0.000000e+00 1.000000e+00
    outer loop
      vertex   8.945267e+01 4.807635e+01 -4.500000e+00
      vertex   8.953647e+01 4.692658e+01 -4.500000e+00
      vertex   8.981546e+01 4.800853e+01 -4.500000e+00
    endloop
  endfacet
  facet normal 0.000000e+00 0.000000e+00 1.000000e+00
    outer loop
      vertex   8.981546e+01 4.800853e+01 -4.500000e+00
      vertex   8.953647e+01 4.692658e+01 -4.500000e+00
      vertex   8.984321e+01 4.699178e+01 -4.500000e+00
    endloop
  endfacet
  facet normal 0.000000e+00 0.000000e+00 1.000000e+00
    outer loop
      vertex   8.981546e+01 4.800853e+01 -4.500000e+00
      vertex   8.984321e+01 4.699178e+01 -4.500000e+00
      vertex   9.015679e+01 4.699178e+01 -4.500000e+00
    endloop
  endfacet
  facet normal -0.000000e+00 0.000000e+00 1.000000e+00
    outer loop
      vertex   8.981546e+01 4.800853e+01 -4.500000e+00
      vertex   9.015679e+01 4.699178e+01 -4.500000e+00
      vertex   9.018454e+01 4.800853e+01 -4.500000e+00
    endloop
  endfacet
  facet normal 0.000000e+00 0.000000e+00 1.000000e+00
    outer loop
      vertex   9.018454e+01 4.800853e+01 -4.500000e+00
      vertex   9.015679e+01 4.699178e+01 -4.500000e+00
      vertex   9.046353e+01 4.692658e+01 -4.500000e+00
    endloop
  endfacet
  facet normal -0.000000e+00 0.000000e+00 1.000000e+00
    outer loop
      vertex   9.018454e+01 4.800853e+01 -4.500000e+00
      vertex   9.046353e+01 4.692658e+01 -4.500000e+00
      vertex   9.054733e+01 4.807635e+01 -4.500000e+00
    endloop
  endfacet
  facet normal 0.000000e+00 0.000000e+00 1.000000e+00
    outer loop
      vertex   9.054733e+01 4.807635e+01 -4.500000e+00
      vertex   9.046353e+01 4.692658e+01 -4.500000e+00
      vertex   9.075000e+01 4.679904e+01 -4.500000e+00
    endloop
  endfacet
  facet normal -0.000000e+00 0.000000e+00 1.000000e+00
    outer loop
      vertex   9.054733e+01 4.807635e+01 -4.500000e+00
      vertex   9.075000e+01 4.679904e+01 -4.500000e+00
      vertex   9.089148e+01 4.820967e+01 -4.500000e+00
    endloop
  endfacet
  facet normal 0.000000e+00 0.000000e+00 1.000000e+00
    outer loop
      vertex   9.089148e+01 4.820967e+01 -4.500000e+00
      vertex   9.075000e+01 4.679904e+01 -4.500000e+00
      vertex   9.100370e+01 4.661472e+01 -4.500000e+00
    endloop
  endfacet
  facet normal -0.000000e+00 0.000000e+00 1.000000e+00
    outer loop
      vertex   9.089148e+01 4.820967e+01 -4.500000e+00
      vertex   9.100370e+01 4.661472e+01 -4.500000e+00
      vertex   9.120527e+01 4.840397e+01 -4.500000e+00
    endloop
  endfacet
  facet normal 0.000000e+00 0.000000e+00 1.000000e+00
    outer loop
      vertex   9.120527e+01 4.840397e+01 -4.500000e+00
      vertex   9.100370e+01 4.661472e+01 -4.500000e+00
      vertex   9.121353e+01 4.638168e+01 -4.500000e+00
    endloop
  endfacet
  facet normal -0.000000e+00 0.000000e+00 1.000000e+00
    outer loop
      vertex   9.120527e+01 4.840397e+01 -4.500000e+00
      vertex   9.121353e+01 4.638168e+01 -4.500000e+00
      vertex   9.147802e+01 4.865261e+01 -4.500000e+00
    endloop
  endfacet
  facet normal 0.000000e+00 0.000000e+00 1.000000e+00
    outer loop
      vertex   9.147802e+01 4.865261e+01 -4.500000e+00
      vertex   9.121353e+01 4.638168e+01 -4.500000e+00
      vertex   9.137032e+01 4.611010e+01 -4.500000e+00
    endloop
  endfacet
  facet normal 0.000000e+00 0.000000e+00 1.000000e+00
    outer loop
      vertex   9.147802e+01 4.865261e+01 -4.500000e+00
      vertex   9.137032e+01 4.611010e+01 -4.500000e+00
      vertex   9.557993e+01 4.577337e+01 -4.500000e+00
    endloop
  endfacet
  facet normal 0.000000e+00 0.000000e+00 1.000000e+00
    outer loop
      vertex   9.557993e+01 4.577337e+01 -4.500000e+00
      vertex   9.137032e+01 4.611010e+01 -4.500000e+00
      vertex   9.513136e+01 4.523879e+01 -4.500000e+00
    endloop
  endfacet
  facet normal 0.000000e+00 0.000000e+00 1.000000e+00
    outer loop
      vertex   9.513136e+01 4.523879e+01 -4.500000e+00
      vertex   9.137032e+01 4.611010e+01 -4.500000e+00
      vertex   9.146722e+01 4.581187e+01 -4.500000e+00
    endloop
  endfacet
  facet normal 0.000000e+00 0.000000e+00 1.000000e+00
    outer loop
      vertex   9.242989e+01 5.256187e+01 -4.500000e+00
      vertex   9.089148e+01 5.179033e+01 -4.500000e+00
      vertex   9.239711e+01 5.225000e+01 -4.500000e+00
    endloop
  endfacet
  facet normal 0.000000e+00 0.000000e+00 1.000000e+00
    outer loop
      vertex   9.239711e+01 5.225000e+01 -4.500000e+00
      vertex   9.089148e+01 5.179033e+01 -4.500000e+00
      vertex   9.120527e+01 5.159603e+01 -4.500000e+00
    endloop
  endfacet
  facet normal 0.000000e+00 0.000000e+00 1.000000e+00
    outer loop
      vertex   9.239711e+01 5.225000e+01 -4.500000e+00
      vertex   9.120527e+01 5.159603e+01 -4.500000e+00
      vertex   9.242989e+01 5.193813e+01 -4.500000e+00
    endloop
  endfacet
  facet normal 0.000000e+00 0.000000e+00 1.000000e+00
    outer loop
      vertex   9.242989e+01 5.193813e+01 -4.500000e+00
      vertex   9.120527e+01 5.159603e+01 -4.500000e+00
      vertex   9.147802e+01 5.134739e+01 -4.500000e+00
    endloop
  endfacet
  facet normal 0.000000e+00 0.000000e+00 1.000000e+00
    outer loop
      vertex   9.242989e+01 5.193813e+01 -4.500000e+00
      vertex   9.147802e+01 5.134739e+01 -4.500000e+00
      vertex   9.252680e+01 5.163990e+01 -4.500000e+00
    endloop
  endfacet
  facet normal 0.000000e+00 0.000000e+00 1.000000e+00
    outer loop
      vertex   9.252680e+01 5.163990e+01 -4.500000e+00
      vertex   9.147802e+01 5.134739e+01 -4.500000e+00
      vertex   9.170043e+01 5.105286e+01 -4.500000e+00
    endloop
  endfacet
  facet normal 0.000000e+00 0.000000e+00 1.000000e+00
    outer loop
      vertex   9.252680e+01 5.163990e+01 -4.500000e+00
      vertex   9.170043e+01 5.105286e+01 -4.500000e+00
      vertex   9.268359e+01 5.136832e+01 -4.500000e+00
    endloop
  endfacet
  facet normal 0.000000e+00 0.000000e+00 1.000000e+00
    outer loop
      vertex   9.268359e+01 5.136832e+01 -4.500000e+00
      vertex   9.170043e+01 5.105286e+01 -4.500000e+00
      vertex   9.186494e+01 5.072248e+01 -4.500000e+00
    endloop
  endfacet
  facet normal 0.000000e+00 0.000000e+00 1.000000e+00
    outer loop
      vertex   9.268359e+01 5.136832e+01 -4.500000e+00
      vertex   9.186494e+01 5.072248e+01 -4.500000e+00
      vertex   9.289342e+01 5.113528e+01 -4.500000e+00
    endloop
  endfacet
  facet normal 0.000000e+00 0.000000e+00 1.000000e+00
    outer loop
      vertex   9.289342e+01 5.113528e+01 -4.500000e+00
      vertex   9.186494e+01 5.072248e+01 -4.500000e+00
      vertex   9.196595e+01 5.036750e+01 -4.500000e+00
    endloop
  endfacet
  facet normal 0.000000e+00 0.000000e+00 1.000000e+00
    outer loop
      vertex   9.289342e+01 5.113528e+01 -4.500000e+00
      vertex   9.196595e+01 5.036750e+01 -4.500000e+00
      vertex   9.314711e+01 5.095096e+01 -4.500000e+00
    endloop
  endfacet
  facet normal 0.000000e+00 0.000000e+00 1.000000e+00
    outer loop
      vertex   9.314711e+01 5.095096e+01 -4.500000e+00
      vertex   9.196595e+01 5.036750e+01 -4.500000e+00
      vertex   9.200000e+01 5.000000e+01 -4.500000e+00
    endloop
  endfacet
  facet normal 0.000000e+00 0.000000e+00 1.000000e+00
    outer loop
      vertex   9.314711e+01 5.095096e+01 -4.500000e+00
      vertex   9.200000e+01 5.000000e+01 -4.500000e+00
      vertex   9.343359e+01 5.082342e+01 -4.500000e+00
    endloop
  endfacet
  facet normal 0.000000e+00 0.000000e+00 1.000000e+00
    outer loop
      vertex   9.343359e+01 5.082342e+01 -4.500000e+00
      vertex   9.200000e+01 5.000000e+01 -4.500000e+00
      vertex   9.196595e+01 4.963250e+01 -4.500000e+00
    endloop
  endfacet
  facet normal 0.000000e+00 0.000000e+00 1.000000e+00
    outer loop
      vertex   9.343359e+01 5.082342e+01 -4.500000e+00
      vertex   9.196595e+01 4.963250e+01 -4.500000e+00
      vertex   9.374032e+01 5.075822e+01 -4.500000e+00
    endloop
  endfacet
  facet normal 0.000000e+00 0.000000e+00 1.000000e+00
    outer loop
      vertex   9.374032e+01 5.075822e+01 -4.500000e+00
      vertex   9.196595e+01 4.963250e+01 -4.500000e+00
      vertex   9.186494e+01 4.927752e+01 -4.500000e+00
    endloop
  endfacet
  facet normal -0.000000e+00 0.000000e+00 1.000000e+00
    outer loop
      vertex   9.374032e+01 5.075822e+01 -4.500000e+00
      vertex   9.186494e+01 4.927752e+01 -4.500000e+00
      vertex   9.405391e+01 5.075822e+01 -4.500000e+00
    endloop
  endfacet
  facet normal 0.000000e+00 0.000000e+00 1.000000e+00
    outer loop
      vertex   9.405391e+01 5.075822e+01 -4.500000e+00
      vertex   9.186494e+01 4.927752e+01 -4.500000e+00
      vertex   9.657785e+01 4.760586e+01 -4.500000e+00
    endloop
  endfacet
  facet normal 0.000000e+00 0.000000e+00 1.000000e+00
    outer loop
      vertex   9.405391e+01 5.075822e+01 -4.500000e+00
      vertex   9.657785e+01 4.760586e+01 -4.500000e+00
      vertex   9.678354e+01 4.827270e+01 -4.500000e+00
    endloop
  endfacet
  facet normal 0.000000e+00 -0.000000e+00 1.000000e+00
    outer loop
      vertex   9.089148e+01 5.179033e+01 -4.500000e+00
      vertex   9.242989e+01 5.256187e+01 -4.500000e+00
      vertex   9.054733e+01 5.192365e+01 -4.500000e+00
    endloop
  endfacet
  facet normal 0.000000e+00 0.000000e+00 1.000000e+00
    outer loop
      vertex   9.054733e+01 5.192365e+01 -4.500000e+00
      vertex   9.242989e+01 5.256187e+01 -4.500000e+00
      vertex   9.252680e+01 5.286010e+01 -4.500000e+00
    endloop
  endfacet
  facet normal 0.000000e+00 -0.000000e+00 1.000000e+00
    outer loop
      vertex   9.054733e+01 5.192365e+01 -4.500000e+00
      vertex   9.252680e+01 5.286010e+01 -4.500000e+00
      vertex   9.018454e+01 5.199147e+01 -4.500000e+00
    endloop
  endfacet
  facet normal 0.000000e+00 0.000000e+00 1.000000e+00
    outer loop
      vertex   9.018454e+01 5.199147e+01 -4.500000e+00
      vertex   9.252680e+01 5.286010e+01 -4.500000e+00
      vertex   9.268359e+01 5.313168e+01 -4.500000e+00
    endloop
  endfacet
  facet normal 0.000000e+00 0.000000e+00 1.000000e+00
    outer loop
      vertex   9.018454e+01 5.199147e+01 -4.500000e+00
      vertex   9.268359e+01 5.313168e+01 -4.500000e+00
      vertex   9.087041e+01 5.694567e+01 -4.500000e+00
    endloop
  endfacet
  facet normal 0.000000e+00 0.000000e+00 1.000000e+00
    outer loop
      vertex   9.087041e+01 5.694567e+01 -4.500000e+00
      vertex   9.268359e+01 5.313168e+01 -4.500000e+00
      vertex   9.155765e+01 5.682450e+01 -4.500000e+00
    endloop
  endfacet
  facet normal 0.000000e+00 0.000000e+00 1.000000e+00
    outer loop
      vertex   9.155765e+01 5.682450e+01 -4.500000e+00
      vertex   9.268359e+01 5.313168e+01 -4.500000e+00
      vertex   9.289342e+01 5.336472e+01 -4.500000e+00
    endloop
  endfacet
  facet normal 0.000000e+00 0.000000e+00 1.000000e+00
    outer loop
      vertex   9.155765e+01 5.682450e+01 -4.500000e+00
      vertex   9.289342e+01 5.336472e+01 -4.500000e+00
      vertex   9.222941e+01 5.663549e+01 -4.500000e+00
    endloop
  endfacet
  facet normal 0.000000e+00 0.000000e+00 1.000000e+00
    outer loop
      vertex   9.222941e+01 5.663549e+01 -4.500000e+00
      vertex   9.289342e+01 5.336472e+01 -4.500000e+00
      vertex   9.287901e+01 5.638054e+01 -4.500000e+00
    endloop
  endfacet
  facet normal 0.000000e+00 0.000000e+00 1.000000e+00
    outer loop
      vertex   9.287901e+01 5.638054e+01 -4.500000e+00
      vertex   9.289342e+01 5.336472e+01 -4.500000e+00
      vertex   9.314711e+01 5.354904e+01 -4.500000e+00
    endloop
  endfacet
  facet normal 0.000000e+00 0.000000e+00 1.000000e+00
    outer loop
      vertex   9.287901e+01 5.638054e+01 -4.500000e+00
      vertex   9.314711e+01 5.354904e+01 -4.500000e+00
      vertex   9.350000e+01 5.606218e+01 -4.500000e+00
    endloop
  endfacet
  facet normal 0.000000e+00 0.000000e+00 1.000000e+00
    outer loop
      vertex   9.350000e+01 5.606218e+01 -4.500000e+00
      vertex   9.314711e+01 5.354904e+01 -4.500000e+00
      vertex   9.343359e+01 5.367658e+01 -4.500000e+00
    endloop
  endfacet
  facet normal 0.000000e+00 0.000000e+00 1.000000e+00
    outer loop
      vertex   9.350000e+01 5.606218e+01 -4.500000e+00
      vertex   9.343359e+01 5.367658e+01 -4.500000e+00
      vertex   9.408621e+01 5.568357e+01 -4.500000e+00
    endloop
  endfacet
  facet normal 0.000000e+00 0.000000e+00 1.000000e+00
    outer loop
      vertex   9.408621e+01 5.568357e+01 -4.500000e+00
      vertex   9.343359e+01 5.367658e+01 -4.500000e+00
      vertex   9.374032e+01 5.374178e+01 -4.500000e+00
    endloop
  endfacet
  facet normal 0.000000e+00 0.000000e+00 1.000000e+00
    outer loop
      vertex   9.408621e+01 5.568357e+01 -4.500000e+00
      vertex   9.374032e+01 5.374178e+01 -4.500000e+00
      vertex   9.463180e+01 5.524847e+01 -4.500000e+00
    endloop
  endfacet
  facet normal 0.000000e+00 0.000000e+00 1.000000e+00
    outer loop
      vertex   9.463180e+01 5.524847e+01 -4.500000e+00
      vertex   9.374032e+01 5.374178e+01 -4.500000e+00
      vertex   9.405391e+01 5.374178e+01 -4.500000e+00
    endloop
  endfacet
  facet normal 0.000000e+00 0.000000e+00 1.000000e+00
    outer loop
      vertex   9.463180e+01 5.524847e+01 -4.500000e+00
      vertex   9.405391e+01 5.374178e+01 -4.500000e+00
      vertex   9.436064e+01 5.367658e+01 -4.500000e+00
    endloop
  endfacet
  facet normal 0.000000e+00 0.000000e+00 1.000000e+00
    outer loop
      vertex   9.463180e+01 5.524847e+01 -4.500000e+00
      vertex   9.436064e+01 5.367658e+01 -4.500000e+00
      vertex   9.513136e+01 5.476121e+01 -4.500000e+00
    endloop
  endfacet
  facet normal 0.000000e+00 0.000000e+00 1.000000e+00
    outer loop
      vertex   9.513136e+01 5.476121e+01 -4.500000e+00
      vertex   9.436064e+01 5.367658e+01 -4.500000e+00
      vertex   9.464711e+01 5.354904e+01 -4.500000e+00
    endloop
  endfacet
  facet normal 0.000000e+00 0.000000e+00 1.000000e+00
    outer loop
      vertex   9.513136e+01 5.476121e+01 -4.500000e+00
      vertex   9.464711e+01 5.354904e+01 -4.500000e+00
      vertex   9.557993e+01 5.422663e+01 -4.500000e+00
    endloop
  endfacet
  facet normal 0.000000e+00 0.000000e+00 1.000000e+00
    outer loop
      vertex   9.557993e+01 5.422663e+01 -4.500000e+00
      vertex   9.464711e+01 5.354904e+01 -4.500000e+00
      vertex   9.490081e+01 5.336472e+01 -4.500000e+00
    endloop
  endfacet
  facet normal 0.000000e+00 0.000000e+00 1.000000e+00
    outer loop
      vertex   9.557993e+01 5.422663e+01 -4.500000e+00
      vertex   9.490081e+01 5.336472e+01 -4.500000e+00
      vertex   9.597304e+01 5.365005e+01 -4.500000e+00
    endloop
  endfacet
  facet normal 0.000000e+00 0.000000e+00 1.000000e+00
    outer loop
      vertex   9.597304e+01 5.365005e+01 -4.500000e+00
      vertex   9.490081e+01 5.336472e+01 -4.500000e+00
      vertex   9.511064e+01 5.313168e+01 -4.500000e+00
    endloop
  endfacet
  facet normal 0.000000e+00 0.000000e+00 1.000000e+00
    outer loop
      vertex   9.597304e+01 5.365005e+01 -4.500000e+00
      vertex   9.511064e+01 5.313168e+01 -4.500000e+00
      vertex   9.526743e+01 5.286010e+01 -4.500000e+00
    endloop
  endfacet
  facet normal 0.000000e+00 0.000000e+00 1.000000e+00
    outer loop
      vertex   9.597304e+01 5.365005e+01 -4.500000e+00
      vertex   9.526743e+01 5.286010e+01 -4.500000e+00
      vertex   9.630678e+01 5.303719e+01 -4.500000e+00
    endloop
  endfacet
  facet normal 0.000000e+00 0.000000e+00 1.000000e+00
    outer loop
      vertex   9.630678e+01 5.303719e+01 -4.500000e+00
      vertex   9.526743e+01 5.286010e+01 -4.500000e+00
      vertex   9.536434e+01 5.256187e+01 -4.500000e+00
    endloop
  endfacet
  facet normal 0.000000e+00 0.000000e+00 1.000000e+00
    outer loop
      vertex   9.630678e+01 5.303719e+01 -4.500000e+00
      vertex   9.536434e+01 5.256187e+01 -4.500000e+00
      vertex   9.657785e+01 5.239414e+01 -4.500000e+00
    endloop
  endfacet
  facet normal 0.000000e+00 0.000000e+00 1.000000e+00
    outer loop
      vertex   9.657785e+01 5.239414e+01 -4.500000e+00
      vertex   9.536434e+01 5.256187e+01 -4.500000e+00
      vertex   9.539711e+01 5.225000e+01 -4.500000e+00
    endloop
  endfacet
  facet normal 0.000000e+00 0.000000e+00 1.000000e+00
    outer loop
      vertex   9.657785e+01 5.239414e+01 -4.500000e+00
      vertex   9.539711e+01 5.225000e+01 -4.500000e+00
      vertex   9.536434e+01 5.193813e+01 -4.500000e+00
    endloop
  endfacet
  facet normal 0.000000e+00 0.000000e+00 1.000000e+00
    outer loop
      vertex   9.657785e+01 5.239414e+01 -4.500000e+00
      vertex   9.536434e+01 5.193813e+01 -4.500000e+00
      vertex   9.678354e+01 5.172730e+01 -4.500000e+00
    endloop
  endfacet
  facet normal 0.000000e+00 0.000000e+00 1.000000e+00
    outer loop
      vertex   9.678354e+01 5.172730e+01 -4.500000e+00
      vertex   9.536434e+01 5.193813e+01 -4.500000e+00
      vertex   9.526743e+01 5.163990e+01 -4.500000e+00
    endloop
  endfacet
  facet normal 0.000000e+00 0.000000e+00 1.000000e+00
    outer loop
      vertex   9.678354e+01 5.172730e+01 -4.500000e+00
      vertex   9.526743e+01 5.163990e+01 -4.500000e+00
      vertex   9.692182e+01 5.104330e+01 -4.500000e+00
    endloop
  endfacet
  facet normal 0.000000e+00 0.000000e+00 1.000000e+00
    outer loop
      vertex   9.692182e+01 5.104330e+01 -4.500000e+00
      vertex   9.526743e+01 5.163990e+01 -4.500000e+00
      vertex   9.511064e+01 5.136832e+01 -4.500000e+00
    endloop
  endfacet
  facet normal 0.000000e+00 0.000000e+00 1.000000e+00
    outer loop
      vertex   9.692182e+01 5.104330e+01 -4.500000e+00
      vertex   9.511064e+01 5.136832e+01 -4.500000e+00
      vertex   9.699130e+01 5.034892e+01 -4.500000e+00
    endloop
  endfacet
  facet normal 0.000000e+00 0.000000e+00 1.000000e+00
    outer loop
      vertex   9.699130e+01 5.034892e+01 -4.500000e+00
      vertex   9.511064e+01 5.136832e+01 -4.500000e+00
      vertex   9.490081e+01 5.113528e+01 -4.500000e+00
    endloop
  endfacet
  facet normal 0.000000e+00 0.000000e+00 1.000000e+00
    outer loop
      vertex   9.699130e+01 5.034892e+01 -4.500000e+00
      vertex   9.490081e+01 5.113528e+01 -4.500000e+00
      vertex   9.699130e+01 4.965108e+01 -4.500000e+00
    endloop
  endfacet
  facet normal 0.000000e+00 0.000000e+00 1.000000e+00
    outer loop
      vertex   9.699130e+01 4.965108e+01 -4.500000e+00
      vertex   9.490081e+01 5.113528e+01 -4.500000e+00
      vertex   9.464711e+01 5.095096e+01 -4.500000e+00
    endloop
  endfacet
  facet normal 0.000000e+00 0.000000e+00 1.000000e+00
    outer loop
      vertex   9.699130e+01 4.965108e+01 -4.500000e+00
      vertex   9.464711e+01 5.095096e+01 -4.500000e+00
      vertex   9.692182e+01 4.895670e+01 -4.500000e+00
    endloop
  endfacet
  facet normal 0.000000e+00 0.000000e+00 1.000000e+00
    outer loop
      vertex   9.692182e+01 4.895670e+01 -4.500000e+00
      vertex   9.464711e+01 5.095096e+01 -4.500000e+00
      vertex   9.436064e+01 5.082342e+01 -4.500000e+00
    endloop
  endfacet
  facet normal 0.000000e+00 0.000000e+00 1.000000e+00
    outer loop
      vertex   9.692182e+01 4.895670e+01 -4.500000e+00
      vertex   9.436064e+01 5.082342e+01 -4.500000e+00
      vertex   9.678354e+01 4.827270e+01 -4.500000e+00
    endloop
  endfacet
  facet normal 0.000000e+00 0.000000e+00 1.000000e+00
    outer loop
      vertex   9.678354e+01 4.827270e+01 -4.500000e+00
      vertex   9.436064e+01 5.082342e+01 -4.500000e+00
      vertex   9.405391e+01 5.075822e+01 -4.500000e+00
    endloop
  endfacet
  facet normal 0.000000e+00 0.000000e+00 1.000000e+00
    outer loop
      vertex   8.463566e+01 5.256187e+01 -4.500000e+00
      vertex   8.354967e+01 5.271904e+01 -4.500000e+00
      vertex   8.460289e+01 5.225000e+01 -4.500000e+00
    endloop
  endfacet
  facet normal 0.000000e+00 0.000000e+00 1.000000e+00
    outer loop
      vertex   8.460289e+01 5.225000e+01 -4.500000e+00
      vertex   8.354967e+01 5.271904e+01 -4.500000e+00
      vertex   8.331099e+01 5.206329e+01 -4.500000e+00
    endloop
  endfacet
  facet normal 0.000000e+00 0.000000e+00 1.000000e+00
    outer loop
      vertex   8.460289e+01 5.225000e+01 -4.500000e+00
      vertex   8.331099e+01 5.206329e+01 -4.500000e+00
      vertex   8.463566e+01 5.193813e+01 -4.500000e+00
    endloop
  endfacet
  facet normal 0.000000e+00 0.000000e+00 1.000000e+00
    outer loop
      vertex   8.463566e+01 5.193813e+01 -4.500000e+00
      vertex   8.331099e+01 5.206329e+01 -4.500000e+00
      vertex   8.313879e+01 5.138702e+01 -4.500000e+00
    endloop
  endfacet
  facet normal -0.000000e+00 0.000000e+00 1.000000e+00
    outer loop
      vertex   8.354967e+01 5.271904e+01 -4.500000e+00
      vertex   8.463566e+01 5.256187e+01 -4.500000e+00
      vertex   8.385245e+01 5.334778e+01 -4.500000e+00
    endloop
  endfacet
  facet normal 0.000000e+00 0.000000e+00 1.000000e+00
    outer loop
      vertex   8.385245e+01 5.334778e+01 -4.500000e+00
      vertex   8.463566e+01 5.256187e+01 -4.500000e+00
      vertex   8.473257e+01 5.286010e+01 -4.500000e+00
    endloop
  endfacet
  facet normal 0.000000e+00 0.000000e+00 1.000000e+00
    outer loop
      vertex   8.385245e+01 5.334778e+01 -4.500000e+00
      vertex   8.473257e+01 5.286010e+01 -4.500000e+00
      vertex   8.488936e+01 5.313168e+01 -4.500000e+00
    endloop
  endfacet
  facet normal -0.000000e+00 0.000000e+00 1.000000e+00
    outer loop
      vertex   8.385245e+01 5.334778e+01 -4.500000e+00
      vertex   8.488936e+01 5.313168e+01 -4.500000e+00
      vertex   8.421633e+01 5.394324e+01 -4.500000e+00
    endloop
  endfacet
  facet normal 0.000000e+00 0.000000e+00 1.000000e+00
    outer loop
      vertex   8.421633e+01 5.394324e+01 -4.500000e+00
      vertex   8.488936e+01 5.313168e+01 -4.500000e+00
      vertex   8.509919e+01 5.336472e+01 -4.500000e+00
    endloop
  endfacet
  facet normal -0.000000e+00 0.000000e+00 1.000000e+00
    outer loop
      vertex   8.421633e+01 5.394324e+01 -4.500000e+00
      vertex   8.509919e+01 5.336472e+01 -4.500000e+00
      vertex   8.463769e+01 5.449951e+01 -4.500000e+00
    endloop
  endfacet
  facet normal 0.000000e+00 0.000000e+00 1.000000e+00
    outer loop
      vertex   8.463769e+01 5.449951e+01 -4.500000e+00
      vertex   8.509919e+01 5.336472e+01 -4.500000e+00
      vertex   8.535289e+01 5.354904e+01 -4.500000e+00
    endloop
  endfacet
  facet normal 0.000000e+00 0.000000e+00 1.000000e+00
    outer loop
      vertex   8.463769e+01 5.449951e+01 -4.500000e+00
      vertex   8.535289e+01 5.354904e+01 -4.500000e+00
      vertex   8.563936e+01 5.367658e+01 -4.500000e+00
    endloop
  endfacet
  facet normal -0.000000e+00 0.000000e+00 1.000000e+00
    outer loop
      vertex   8.463769e+01 5.449951e+01 -4.500000e+00
      vertex   8.563936e+01 5.367658e+01 -4.500000e+00
      vertex   8.511234e+01 5.501107e+01 -4.500000e+00
    endloop
  endfacet
  facet normal 0.000000e+00 0.000000e+00 1.000000e+00
    outer loop
      vertex   8.511234e+01 5.501107e+01 -4.500000e+00
      vertex   8.563936e+01 5.367658e+01 -4.500000e+00
      vertex   8.594609e+01 5.374178e+01 -4.500000e+00
    endloop
  endfacet
  facet normal -0.000000e+00 0.000000e+00 1.000000e+00
    outer loop
      vertex   8.511234e+01 5.501107e+01 -4.500000e+00
      vertex   8.594609e+01 5.374178e+01 -4.500000e+00
      vertex   8.563557e+01 5.547282e+01 -4.500000e+00
    endloop
  endfacet
  facet normal 0.000000e+00 0.000000e+00 1.000000e+00
    outer loop
      vertex   8.563557e+01 5.547282e+01 -4.500000e+00
      vertex   8.594609e+01 5.374178e+01 -4.500000e+00
      vertex   8.625968e+01 5.374178e+01 -4.500000e+00
    endloop
  endfacet
  facet normal -0.000000e+00 0.000000e+00 1.000000e+00
    outer loop
      vertex   8.563557e+01 5.547282e+01 -4.500000e+00
      vertex   8.625968e+01 5.374178e+01 -4.500000e+00
      vertex   8.620218e+01 5.588018e+01 -4.500000e+00
    endloop
  endfacet
  facet normal 0.000000e+00 0.000000e+00 1.000000e+00
    outer loop
      vertex   8.620218e+01 5.588018e+01 -4.500000e+00
      vertex   8.625968e+01 5.374178e+01 -4.500000e+00
      vertex   8.656641e+01 5.367658e+01 -4.500000e+00
    endloop
  endfacet
  facet normal -0.000000e+00 0.000000e+00 1.000000e+00
    outer loop
      vertex   8.620218e+01 5.588018e+01 -4.500000e+00
      vertex   8.656641e+01 5.367658e+01 -4.500000e+00
      vertex   8.680653e+01 5.622910e+01 -4.500000e+00
    endloop
  endfacet
  facet normal 0.000000e+00 0.000000e+00 1.000000e+00
    outer loop
      vertex   8.680653e+01 5.622910e+01 -4.500000e+00
      vertex   8.656641e+01 5.367658e+01 -4.500000e+00
      vertex   8.685289e+01 5.354904e+01 -4.500000e+00
    endloop
  endfacet
  facet normal -0.000000e+00 0.000000e+00 1.000000e+00
    outer loop
      vertex   8.680653e+01 5.622910e+01 -4.500000e+00
      vertex   8.685289e+01 5.354904e+01 -4.500000e+00
      vertex   8.744261e+01 5.651612e+01 -4.500000e+00
    endloop
  endfacet
  facet normal 0.000000e+00 0.000000e+00 1.000000e+00
    outer loop
      vertex   8.744261e+01 5.651612e+01 -4.500000e+00
      vertex   8.685289e+01 5.354904e+01 -4.500000e+00
      vertex   8.710658e+01 5.336472e+01 -4.500000e+00
    endloop
  endfacet
  facet normal -0.000000e+00 0.000000e+00 1.000000e+00
    outer loop
      vertex   8.744261e+01 5.651612e+01 -4.500000e+00
      vertex   8.710658e+01 5.336472e+01 -4.500000e+00
      vertex   8.810412e+01 5.673837e+01 -4.500000e+00
    endloop
  endfacet
  facet normal 0.000000e+00 0.000000e+00 1.000000e+00
    outer loop
      vertex   8.810412e+01 5.673837e+01 -4.500000e+00
      vertex   8.710658e+01 5.336472e+01 -4.500000e+00
      vertex   8.731641e+01 5.313168e+01 -4.500000e+00
    endloop
  endfacet
  facet normal -0.000000e+00 0.000000e+00 1.000000e+00
    outer loop
      vertex   8.810412e+01 5.673837e+01 -4.500000e+00
      vertex   8.731641e+01 5.313168e+01 -4.500000e+00
      vertex   8.878446e+01 5.689365e+01 -4.500000e+00
    endloop
  endfacet
  facet normal 0.000000e+00 0.000000e+00 1.000000e+00
    outer loop
      vertex   8.878446e+01 5.689365e+01 -4.500000e+00
      vertex   8.731641e+01 5.313168e+01 -4.500000e+00
      vertex   8.981546e+01 5.199147e+01 -4.500000e+00
    endloop
  endfacet
  facet normal -0.000000e+00 0.000000e+00 1.000000e+00
    outer loop
      vertex   8.878446e+01 5.689365e+01 -4.500000e+00
      vertex   8.981546e+01 5.199147e+01 -4.500000e+00
      vertex   8.947689e+01 5.698043e+01 -4.500000e+00
    endloop
  endfacet
  facet normal -0.000000e+00 0.000000e+00 1.000000e+00
    outer loop
      vertex   8.947689e+01 5.698043e+01 -4.500000e+00
      vertex   8.981546e+01 5.199147e+01 -4.500000e+00
      vertex   9.017451e+01 5.699782e+01 -4.500000e+00
    endloop
  endfacet
  facet normal 0.000000e+00 0.000000e+00 1.000000e+00
    outer loop
      vertex   9.017451e+01 5.699782e+01 -4.500000e+00
      vertex   8.981546e+01 5.199147e+01 -4.500000e+00
      vertex   9.018454e+01 5.199147e+01 -4.500000e+00
    endloop
  endfacet
  facet normal 0.000000e+00 0.000000e+00 1.000000e+00
    outer loop
      vertex   9.017451e+01 5.699782e+01 -4.500000e+00
      vertex   9.018454e+01 5.199147e+01 -4.500000e+00
      vertex   9.087041e+01 5.694567e+01 -4.500000e+00
    endloop
  endfacet
  facet normal 0.000000e+00 0.000000e+00 1.000000e+00
    outer loop
      vertex   8.731641e+01 5.313168e+01 -4.500000e+00
      vertex   8.747320e+01 5.286010e+01 -4.500000e+00
      vertex   8.981546e+01 5.199147e+01 -4.500000e+00
    endloop
  endfacet
  facet normal 0.000000e+00 0.000000e+00 1.000000e+00
    outer loop
      vertex   8.981546e+01 5.199147e+01 -4.500000e+00
      vertex   8.747320e+01 5.286010e+01 -4.500000e+00
      vertex   8.945267e+01 5.192365e+01 -4.500000e+00
    endloop
  endfacet
  facet normal 0.000000e+00 0.000000e+00 1.000000e+00
    outer loop
      vertex   8.945267e+01 5.192365e+01 -4.500000e+00
      vertex   8.747320e+01 5.286010e+01 -4.500000e+00
      vertex   8.757011e+01 5.256187e+01 -4.500000e+00
    endloop
  endfacet
  facet normal 0.000000e+00 0.000000e+00 1.000000e+00
    outer loop
      vertex   8.945267e+01 5.192365e+01 -4.500000e+00
      vertex   8.757011e+01 5.256187e+01 -4.500000e+00
      vertex   8.910852e+01 5.179033e+01 -4.500000e+00
    endloop
  endfacet
  facet normal 0.000000e+00 0.000000e+00 1.000000e+00
    outer loop
      vertex   8.910852e+01 5.179033e+01 -4.500000e+00
      vertex   8.757011e+01 5.256187e+01 -4.500000e+00
      vertex   8.760289e+01 5.225000e+01 -4.500000e+00
    endloop
  endfacet
  facet normal 0.000000e+00 0.000000e+00 1.000000e+00
    outer loop
      vertex   8.910852e+01 5.179033e+01 -4.500000e+00
      vertex   8.760289e+01 5.225000e+01 -4.500000e+00
      vertex   8.879473e+01 5.159603e+01 -4.500000e+00
    endloop
  endfacet
  facet normal 0.000000e+00 0.000000e+00 1.000000e+00
    outer loop
      vertex   8.879473e+01 5.159603e+01 -4.500000e+00
      vertex   8.760289e+01 5.225000e+01 -4.500000e+00
      vertex   8.757011e+01 5.193813e+01 -4.500000e+00
    endloop
  endfacet
  facet normal 0.000000e+00 0.000000e+00 1.000000e+00
    outer loop
      vertex   8.879473e+01 5.159603e+01 -4.500000e+00
      vertex   8.757011e+01 5.193813e+01 -4.500000e+00
      vertex   8.852198e+01 5.134739e+01 -4.500000e+00
    endloop
  endfacet
  facet normal 0.000000e+00 0.000000e+00 1.000000e+00
    outer loop
      vertex   8.852198e+01 5.134739e+01 -4.500000e+00
      vertex   8.757011e+01 5.193813e+01 -4.500000e+00
      vertex   8.747320e+01 5.163990e+01 -4.500000e+00
    endloop
  endfacet
  facet normal 0.000000e+00 0.000000e+00 1.000000e+00
    outer loop
      vertex   8.852198e+01 5.134739e+01 -4.500000e+00
      vertex   8.747320e+01 5.163990e+01 -4.500000e+00
      vertex   8.829957e+01 5.105286e+01 -4.500000e+00
    endloop
  endfacet
  facet normal 0.000000e+00 0.000000e+00 1.000000e+00
    outer loop
      vertex   8.829957e+01 5.105286e+01 -4.500000e+00
      vertex   8.747320e+01 5.163990e+01 -4.500000e+00
      vertex   8.731641e+01 5.136832e+01 -4.500000e+00
    endloop
  endfacet
  facet normal 0.000000e+00 0.000000e+00 1.000000e+00
    outer loop
      vertex   8.829957e+01 5.105286e+01 -4.500000e+00
      vertex   8.731641e+01 5.136832e+01 -4.500000e+00
      vertex   8.813506e+01 5.072248e+01 -4.500000e+00
    endloop
  endfacet
  facet normal 0.000000e+00 0.000000e+00 1.000000e+00
    outer loop
      vertex   8.813506e+01 5.072248e+01 -4.500000e+00
      vertex   8.731641e+01 5.136832e+01 -4.500000e+00
      vertex   8.710658e+01 5.113528e+01 -4.500000e+00
    endloop
  endfacet
  facet normal 0.000000e+00 0.000000e+00 1.000000e+00
    outer loop
      vertex   8.813506e+01 5.072248e+01 -4.500000e+00
      vertex   8.710658e+01 5.113528e+01 -4.500000e+00
      vertex   8.803405e+01 5.036750e+01 -4.500000e+00
    endloop
  endfacet
  facet normal 0.000000e+00 0.000000e+00 1.000000e+00
    outer loop
      vertex   8.803405e+01 5.036750e+01 -4.500000e+00
      vertex   8.710658e+01 5.113528e+01 -4.500000e+00
      vertex   8.685289e+01 5.095096e+01 -4.500000e+00
    endloop
  endfacet
  facet normal 1.141584e-15 2.311035e-15 1.000000e+00
    outer loop
      vertex   8.803405e+01 5.036750e+01 -4.500000e+00
      vertex   8.685289e+01 5.095096e+01 -4.500000e+00
      vertex   8.800000e+01 5.000000e+01 -4.500000e+00
    endloop
  endfacet
  facet normal -2.705379e-16 6.076380e-16 1.000000e+00
    outer loop
      vertex   8.800000e+01 5.000000e+01 -4.500000e+00
      vertex   8.685289e+01 5.095096e+01 -4.500000e+00
      vertex   8.656641e+01 5.082342e+01 -4.500000e+00
    endloop
  endfacet
  facet normal -2.120569e-15 -2.613318e-15 1.000000e+00
    outer loop
      vertex   8.800000e+01 5.000000e+01 -4.500000e+00
      vertex   8.656641e+01 5.082342e+01 -4.500000e+00
      vertex   8.803405e+01 4.963250e+01 -4.500000e+00
    endloop
  endfacet
  facet normal 0.000000e+00 0.000000e+00 1.000000e+00
    outer loop
      vertex   8.803405e+01 4.963250e+01 -4.500000e+00
      vertex   8.656641e+01 5.082342e+01 -4.500000e+00
      vertex   8.625968e+01 5.075822e+01 -4.500000e+00
    endloop
  endfacet
  facet normal 0.000000e+00 0.000000e+00 1.000000e+00
    outer loop
      vertex   8.803405e+01 4.963250e+01 -4.500000e+00
      vertex   8.625968e+01 5.075822e+01 -4.500000e+00
      vertex   8.813506e+01 4.927752e+01 -4.500000e+00
    endloop
  endfacet
  facet normal 0.000000e+00 0.000000e+00 1.000000e+00
    outer loop
      vertex   8.813506e+01 4.927752e+01 -4.500000e+00
      vertex   8.625968e+01 5.075822e+01 -4.500000e+00
      vertex   8.594609e+01 5.075822e+01 -4.500000e+00
    endloop
  endfacet
  facet normal 0.000000e+00 0.000000e+00 1.000000e+00
    outer loop
      vertex   9.657785e+01 4.760586e+01 -4.500000e+00
      vertex   9.186494e+01 4.927752e+01 -4.500000e+00
      vertex   9.630678e+01 4.696281e+01 -4.500000e+00
    endloop
  endfacet
  facet normal 0.000000e+00 0.000000e+00 1.000000e+00
    outer loop
      vertex   9.630678e+01 4.696281e+01 -4.500000e+00
      vertex   9.186494e+01 4.927752e+01 -4.500000e+00
      vertex   9.170043e+01 4.894714e+01 -4.500000e+00
    endloop
  endfacet
  facet normal 0.000000e+00 0.000000e+00 1.000000e+00
    outer loop
      vertex   9.630678e+01 4.696281e+01 -4.500000e+00
      vertex   9.170043e+01 4.894714e+01 -4.500000e+00
      vertex   9.597304e+01 4.634995e+01 -4.500000e+00
    endloop
  endfacet
  facet normal 0.000000e+00 0.000000e+00 1.000000e+00
    outer loop
      vertex   9.597304e+01 4.634995e+01 -4.500000e+00
      vertex   9.170043e+01 4.894714e+01 -4.500000e+00
      vertex   9.557993e+01 4.577337e+01 -4.500000e+00
    endloop
  endfacet
  facet normal 0.000000e+00 0.000000e+00 1.000000e+00
    outer loop
      vertex   9.557993e+01 4.577337e+01 -4.500000e+00
      vertex   9.170043e+01 4.894714e+01 -4.500000e+00
      vertex   9.147802e+01 4.865261e+01 -4.500000e+00
    endloop
  endfacet
  facet normal 9.182161e-01 -3.960798e-01 0.000000e+00
    outer loop
      vertex   9.880251e+01 4.767901e+01 -4.550000e+01
      vertex   9.880251e+01 4.767901e+01 -4.700000e+01
      vertex   9.891747e+01 4.794551e+01 -4.550000e+01
    endloop
  endfacet
  facet normal 9.182161e-01 -3.960798e-01 0.000000e+00
    outer loop
      vertex   9.891747e+01 4.794551e+01 -4.550000e+01
      vertex   9.880251e+01 4.767901e+01 -4.700000e+01
      vertex   9.891747e+01 4.794551e+01 -4.700000e+01
    endloop
  endfacet
  facet normal 8.021232e-01 -5.971586e-01 0.000000e+00
    outer loop
      vertex   9.891747e+01 4.794551e+01 -4.550000e+01
      vertex   9.891747e+01 4.794551e+01 -4.700000e+01
      vertex   9.909078e+01 4.817831e+01 -4.550000e+01
    endloop
  endfacet
  facet normal 8.021232e-01 -5.971586e-01 0.000000e+00
    outer loop
      vertex   9.909078e+01 4.817831e+01 -4.550000e+01
      vertex   9.891747e+01 4.794551e+01 -4.700000e+01
      vertex   9.909078e+01 4.817831e+01 -4.700000e+01
    endloop
  endfacet
  facet normal 6.427876e-01 -7.660444e-01 0.000000e+00
    outer loop
      vertex   9.909078e+01 4.817831e+01 -4.550000e+01
      vertex   9.909078e+01 4.817831e+01 -4.700000e+01
      vertex   9.931311e+01 4.836487e+01 -4.550000e+01
    endloop
  endfacet
  facet normal 6.427876e-01 -7.660444e-01 0.000000e+00
    outer loop
      vertex   9.931311e+01 4.836487e+01 -4.550000e+01
      vertex   9.909078e+01 4.817831e+01 -4.700000e+01
      vertex   9.931311e+01 4.836487e+01 -4.700000e+01
    endloop
  endfacet
  facet normal 4.487992e-01 -8.936326e-01 0.000000e+00
    outer loop
      vertex   9.931311e+01 4.836487e+01 -4.550000e+01
      vertex   9.931311e+01 4.836487e+01 -4.700000e+01
      vertex   9.957247e+01 4.849512e+01 -4.550000e+01
    endloop
  endfacet
  facet normal 4.487992e-01 -8.936326e-01 0.000000e+00
    outer loop
      vertex   9.957247e+01 4.849512e+01 -4.550000e+01
      vertex   9.931311e+01 4.836487e+01 -4.700000e+01
      vertex   9.957247e+01 4.849512e+01 -4.700000e+01
    endloop
  endfacet
  facet normal 2.306159e-01 -9.730449e-01 0.000000e+00
    outer loop
      vertex   9.957247e+01 4.849512e+01 -4.550000e+01
      vertex   9.957247e+01 4.849512e+01 -4.700000e+01
      vertex   9.985488e+01 4.856206e+01 -4.550000e+01
    endloop
  endfacet
  facet normal 2.306159e-01 -9.730449e-01 0.000000e+00
    outer loop
      vertex   9.985488e+01 4.856206e+01 -4.550000e+01
      vertex   9.957247e+01 4.849512e+01 -4.700000e+01
      vertex   9.985488e+01 4.856206e+01 -4.700000e+01
    endloop
  endfacet
  facet normal 0.000000e+00 -1.000000e+00 0.000000e+00
    outer loop
      vertex   9.985488e+01 4.856206e+01 -4.550000e+01
      vertex   9.985488e+01 4.856206e+01 -4.700000e+01
      vertex   1.001451e+02 4.856206e+01 -4.550000e+01
    endloop
  endfacet
  facet normal 0.000000e+00 -1.000000e+00 -0.000000e+00
    outer loop
      vertex   1.001451e+02 4.856206e+01 -4.550000e+01
      vertex   9.985488e+01 4.856206e+01 -4.700000e+01
      vertex   1.001451e+02 4.856206e+01 -4.700000e+01
    endloop
  endfacet
  facet normal -2.306159e-01 -9.730449e-01 -0.000000e+00
    outer loop
      vertex   1.001451e+02 4.856206e+01 -4.550000e+01
      vertex   1.001451e+02 4.856206e+01 -4.700000e+01
      vertex   1.004275e+02 4.849512e+01 -4.550000e+01
    endloop
  endfacet
  facet normal -2.306159e-01 -9.730449e-01 -0.000000e+00
    outer loop
      vertex   1.004275e+02 4.849512e+01 -4.550000e+01
      vertex   1.001451e+02 4.856206e+01 -4.700000e+01
      vertex   1.004275e+02 4.849512e+01 -4.700000e+01
    endloop
  endfacet
  facet normal -4.487992e-01 -8.936326e-01 -0.000000e+00
    outer loop
      vertex   1.004275e+02 4.849512e+01 -4.550000e+01
      vertex   1.004275e+02 4.849512e+01 -4.700000e+01
      vertex   1.006869e+02 4.836487e+01 -4.550000e+01
    endloop
  endfacet
  facet normal -4.487992e-01 -8.936326e-01 -0.000000e+00
    outer loop
      vertex   1.006869e+02 4.836487e+01 -4.550000e+01
      vertex   1.004275e+02 4.849512e+01 -4.700000e+01
      vertex   1.006869e+02 4.836487e+01 -4.700000e+01
    endloop
  endfacet
  facet normal -6.427876e-01 -7.660444e-01 -0.000000e+00
    outer loop
      vertex   1.006869e+02 4.836487e+01 -4.550000e+01
      vertex   1.006869e+02 4.836487e+01 -4.700000e+01
      vertex   1.009092e+02 4.817831e+01 -4.550000e+01
    endloop
  endfacet
  facet normal -6.427876e-01 -7.660444e-01 -0.000000e+00
    outer loop
      vertex   1.009092e+02 4.817831e+01 -4.550000e+01
      vertex   1.006869e+02 4.836487e+01 -4.700000e+01
      vertex   1.009092e+02 4.817831e+01 -4.700000e+01
    endloop
  endfacet
  facet normal -8.021232e-01 -5.971586e-01 -0.000000e+00
    outer loop
      vertex   1.009092e+02 4.817831e+01 -4.550000e+01
      vertex   1.009092e+02 4.817831e+01 -4.700000e+01
      vertex   1.010825e+02 4.794551e+01 -4.550000e+01
    endloop
  endfacet
  facet normal -8.021232e-01 -5.971586e-01 -0.000000e+00
    outer loop
      vertex   1.010825e+02 4.794551e+01 -4.550000e+01
      vertex   1.009092e+02 4.817831e+01 -4.700000e+01
      vertex   1.010825e+02 4.794551e+01 -4.700000e+01
    endloop
  endfacet
  facet normal -9.182161e-01 -3.960798e-01 -0.000000e+00
    outer loop
      vertex   1.010825e+02 4.794551e+01 -4.550000e+01
      vertex   1.010825e+02 4.794551e+01 -4.700000e+01
      vertex   1.011975e+02 4.767901e+01 -4.550000e+01
    endloop
  endfacet
  facet normal -9.182161e-01 -3.960798e-01 -0.000000e+00
    outer loop
      vertex   1.011975e+02 4.767901e+01 -4.550000e+01
      vertex   1.010825e+02 4.794551e+01 -4.700000e+01
      vertex   1.011975e+02 4.767901e+01 -4.700000e+01
    endloop
  endfacet
  facet normal -9.848078e-01 -1.736482e-01 -0.000000e+00
    outer loop
      vertex   1.011975e+02 4.767901e+01 -4.550000e+01
      vertex   1.011975e+02 4.767901e+01 -4.700000e+01
      vertex   1.012479e+02 4.739319e+01 -4.550000e+01
    endloop
  endfacet
  facet normal -9.848078e-01 -1.736482e-01 -0.000000e+00
    outer loop
      vertex   1.012479e+02 4.739319e+01 -4.550000e+01
      vertex   1.011975e+02 4.767901e+01 -4.700000e+01
      vertex   1.012479e+02 4.739319e+01 -4.700000e+01
    endloop
  endfacet
  facet normal -9.983082e-01 5.814483e-02 0.000000e+00
    outer loop
      vertex   1.012479e+02 4.739319e+01 -4.550000e+01
      vertex   1.012479e+02 4.739319e+01 -4.700000e+01
      vertex   1.012310e+02 4.710345e+01 -4.550000e+01
    endloop
  endfacet
  facet normal -9.983082e-01 5.814483e-02 0.000000e+00
    outer loop
      vertex   1.012310e+02 4.710345e+01 -4.550000e+01
      vertex   1.012479e+02 4.739319e+01 -4.700000e+01
      vertex   1.012310e+02 4.710345e+01 -4.700000e+01
    endloop
  endfacet
  facet normal -9.579895e-01 2.868032e-01 0.000000e+00
    outer loop
      vertex   1.012310e+02 4.710345e+01 -4.550000e+01
      vertex   1.012310e+02 4.710345e+01 -4.700000e+01
      vertex   1.011478e+02 4.682541e+01 -4.550000e+01
    endloop
  endfacet
  facet normal -9.579895e-01 2.868032e-01 0.000000e+00
    outer loop
      vertex   1.011478e+02 4.682541e+01 -4.550000e+01
      vertex   1.012310e+02 4.710345e+01 -4.700000e+01
      vertex   1.011478e+02 4.682541e+01 -4.700000e+01
    endloop
  endfacet
  facet normal -8.660254e-01 5.000000e-01 0.000000e+00
    outer loop
      vertex   1.011478e+02 4.682541e+01 -4.550000e+01
      vertex   1.011478e+02 4.682541e+01 -4.700000e+01
      vertex   1.010027e+02 4.657406e+01 -4.550000e+01
    endloop
  endfacet
  facet normal -8.660254e-01 5.000000e-01 0.000000e+00
    outer loop
      vertex   1.010027e+02 4.657406e+01 -4.550000e+01
      vertex   1.011478e+02 4.682541e+01 -4.700000e+01
      vertex   1.010027e+02 4.657406e+01 -4.700000e+01
    endloop
  endfacet
  facet normal -7.273736e-01 6.862416e-01 0.000000e+00
    outer loop
      vertex   1.010027e+02 4.657406e+01 -4.550000e+01
      vertex   1.010027e+02 4.657406e+01 -4.700000e+01
      vertex   1.008035e+02 4.636295e+01 -4.550000e+01
    endloop
  endfacet
  facet normal -7.273736e-01 6.862416e-01 0.000000e+00
    outer loop
      vertex   1.008035e+02 4.636295e+01 -4.550000e+01
      vertex   1.010027e+02 4.657406e+01 -4.700000e+01
      vertex   1.008035e+02 4.636295e+01 -4.700000e+01
    endloop
  endfacet
  facet normal -5.495090e-01 8.354878e-01 0.000000e+00
    outer loop
      vertex   1.008035e+02 4.636295e+01 -4.550000e+01
      vertex   1.008035e+02 4.636295e+01 -4.700000e+01
      vertex   1.005610e+02 4.620347e+01 -4.550000e+01
    endloop
  endfacet
  facet normal -5.495090e-01 8.354878e-01 0.000000e+00
    outer loop
      vertex   1.005610e+02 4.620347e+01 -4.550000e+01
      vertex   1.008035e+02 4.636295e+01 -4.700000e+01
      vertex   1.005610e+02 4.620347e+01 -4.700000e+01
    endloop
  endfacet
  facet normal -3.420201e-01 9.396926e-01 0.000000e+00
    outer loop
      vertex   1.005610e+02 4.620347e+01 -4.550000e+01
      vertex   1.005610e+02 4.620347e+01 -4.700000e+01
      vertex   1.002883e+02 4.610420e+01 -4.550000e+01
    endloop
  endfacet
  facet normal -3.420201e-01 9.396926e-01 0.000000e+00
    outer loop
      vertex   1.002883e+02 4.610420e+01 -4.550000e+01
      vertex   1.005610e+02 4.620347e+01 -4.700000e+01
      vertex   1.002883e+02 4.610420e+01 -4.700000e+01
    endloop
  endfacet
  facet normal -1.160929e-01 9.932384e-01 0.000000e+00
    outer loop
      vertex   1.002883e+02 4.610420e+01 -4.550000e+01
      vertex   1.002883e+02 4.610420e+01 -4.700000e+01
      vertex   1.000000e+02 4.607051e+01 -4.550000e+01
    endloop
  endfacet
  facet normal -1.160929e-01 9.932384e-01 0.000000e+00
    outer loop
      vertex   1.000000e+02 4.607051e+01 -4.550000e+01
      vertex   1.002883e+02 4.610420e+01 -4.700000e+01
      vertex   1.000000e+02 4.607051e+01 -4.700000e+01
    endloop
  endfacet
  facet normal 1.160929e-01 9.932384e-01 0.000000e+00
    outer loop
      vertex   1.000000e+02 4.607051e+01 -4.550000e+01
      vertex   1.000000e+02 4.607051e+01 -4.700000e+01
      vertex   9.971173e+01 4.610420e+01 -4.550000e+01
    endloop
  endfacet
  facet normal 1.160929e-01 9.932384e-01 0.000000e+00
    outer loop
      vertex   9.971173e+01 4.610420e+01 -4.550000e+01
      vertex   1.000000e+02 4.607051e+01 -4.700000e+01
      vertex   9.971173e+01 4.610420e+01 -4.700000e+01
    endloop
  endfacet
  facet normal 3.420201e-01 9.396926e-01 0.000000e+00
    outer loop
      vertex   9.971173e+01 4.610420e+01 -4.550000e+01
      vertex   9.971173e+01 4.610420e+01 -4.700000e+01
      vertex   9.943900e+01 4.620347e+01 -4.550000e+01
    endloop
  endfacet
  facet normal 3.420201e-01 9.396926e-01 0.000000e+00
    outer loop
      vertex   9.943900e+01 4.620347e+01 -4.550000e+01
      vertex   9.971173e+01 4.610420e+01 -4.700000e+01
      vertex   9.943900e+01 4.620347e+01 -4.700000e+01
    endloop
  endfacet
  facet normal 5.495090e-01 8.354878e-01 0.000000e+00
    outer loop
      vertex   9.943900e+01 4.620347e+01 -4.550000e+01
      vertex   9.943900e+01 4.620347e+01 -4.700000e+01
      vertex   9.919652e+01 4.636295e+01 -4.550000e+01
    endloop
  endfacet
  facet normal 5.495090e-01 8.354878e-01 0.000000e+00
    outer loop
      vertex   9.919652e+01 4.636295e+01 -4.550000e+01
      vertex   9.943900e+01 4.620347e+01 -4.700000e+01
      vertex   9.919652e+01 4.636295e+01 -4.700000e+01
    endloop
  endfacet
  facet normal 7.273736e-01 6.862416e-01 0.000000e+00
    outer loop
      vertex   9.919652e+01 4.636295e+01 -4.550000e+01
      vertex   9.919652e+01 4.636295e+01 -4.700000e+01
      vertex   9.899735e+01 4.657406e+01 -4.550000e+01
    endloop
  endfacet
  facet normal 7.273736e-01 6.862416e-01 0.000000e+00
    outer loop
      vertex   9.899735e+01 4.657406e+01 -4.550000e+01
      vertex   9.919652e+01 4.636295e+01 -4.700000e+01
      vertex   9.899735e+01 4.657406e+01 -4.700000e+01
    endloop
  endfacet
  facet normal 8.660254e-01 5.000000e-01 0.000000e+00
    outer loop
      vertex   9.899735e+01 4.657406e+01 -4.550000e+01
      vertex   9.899735e+01 4.657406e+01 -4.700000e+01
      vertex   9.885223e+01 4.682541e+01 -4.550000e+01
    endloop
  endfacet
  facet normal 8.660254e-01 5.000000e-01 0.000000e+00
    outer loop
      vertex   9.885223e+01 4.682541e+01 -4.550000e+01
      vertex   9.899735e+01 4.657406e+01 -4.700000e+01
      vertex   9.885223e+01 4.682541e+01 -4.700000e+01
    endloop
  endfacet
  facet normal 9.579895e-01 2.868032e-01 0.000000e+00
    outer loop
      vertex   9.885223e+01 4.682541e+01 -4.550000e+01
      vertex   9.885223e+01 4.682541e+01 -4.700000e+01
      vertex   9.876899e+01 4.710345e+01 -4.550000e+01
    endloop
  endfacet
  facet normal 9.579895e-01 2.868032e-01 0.000000e+00
    outer loop
      vertex   9.876899e+01 4.710345e+01 -4.550000e+01
      vertex   9.885223e+01 4.682541e+01 -4.700000e+01
      vertex   9.876899e+01 4.710345e+01 -4.700000e+01
    endloop
  endfacet
  facet normal 9.983082e-01 5.814483e-02 0.000000e+00
    outer loop
      vertex   9.876899e+01 4.710345e+01 -4.550000e+01
      vertex   9.876899e+01 4.710345e+01 -4.700000e+01
      vertex   9.875211e+01 4.739319e+01 -4.550000e+01
    endloop
  endfacet
  facet normal 9.983082e-01 5.814483e-02 0.000000e+00
    outer loop
      vertex   9.875211e+01 4.739319e+01 -4.550000e+01
      vertex   9.876899e+01 4.710345e+01 -4.700000e+01
      vertex   9.875211e+01 4.739319e+01 -4.700000e+01
    endloop
  endfacet
  facet normal 9.848078e-01 -1.736482e-01 0.000000e+00
    outer loop
      vertex   9.875211e+01 4.739319e+01 -4.550000e+01
      vertex   9.875211e+01 4.739319e+01 -4.700000e+01
      vertex   9.880251e+01 4.767901e+01 -4.550000e+01
    endloop
  endfacet
  facet normal 9.848078e-01 -1.736482e-01 0.000000e+00
    outer loop
      vertex   9.880251e+01 4.767901e+01 -4.550000e+01
      vertex   9.875211e+01 4.739319e+01 -4.700000e+01
      vertex   9.880251e+01 4.767901e+01 -4.700000e+01
    endloop
  endfacet
  facet normal 5.971586e-01 -8.021232e-01 0.000000e+00
    outer loop
      vertex   9.646271e+01 4.358871e+01 -4.550000e+01
      vertex   9.646271e+01 4.358871e+01 -4.700000e+01
      vertex   9.669551e+01 4.376202e+01 -4.550000e+01
    endloop
  endfacet
  facet normal 5.971586e-01 -8.021232e-01 0.000000e+00
    outer loop
      vertex   9.669551e+01 4.376202e+01 -4.550000e+01
      vertex   9.646271e+01 4.358871e+01 -4.700000e+01
      vertex   9.669551e+01 4.376202e+01 -4.700000e+01
    endloop
  endfacet
  facet normal 3.960798e-01 -9.182161e-01 0.000000e+00
    outer loop
      vertex   9.669551e+01 4.376202e+01 -4.550000e+01
      vertex   9.669551e+01 4.376202e+01 -4.700000e+01
      vertex   9.696200e+01 4.387698e+01 -4.550000e+01
    endloop
  endfacet
  facet normal 3.960798e-01 -9.182161e-01 0.000000e+00
    outer loop
      vertex   9.696200e+01 4.387698e+01 -4.550000e+01
      vertex   9.669551e+01 4.376202e+01 -4.700000e+01
      vertex   9.696200e+01 4.387698e+01 -4.700000e+01
    endloop
  endfacet
  facet normal 1.736482e-01 -9.848078e-01 0.000000e+00
    outer loop
      vertex   9.696200e+01 4.387698e+01 -4.550000e+01
      vertex   9.696200e+01 4.387698e+01 -4.700000e+01
      vertex   9.724783e+01 4.392738e+01 -4.550000e+01
    endloop
  endfacet
  facet normal 1.736482e-01 -9.848078e-01 0.000000e+00
    outer loop
      vertex   9.724783e+01 4.392738e+01 -4.550000e+01
      vertex   9.696200e+01 4.387698e+01 -4.700000e+01
      vertex   9.724783e+01 4.392738e+01 -4.700000e+01
    endloop
  endfacet
  facet normal -5.814483e-02 -9.983082e-01 -0.000000e+00
    outer loop
      vertex   9.724783e+01 4.392738e+01 -4.550000e+01
      vertex   9.724783e+01 4.392738e+01 -4.700000e+01
      vertex   9.753757e+01 4.391050e+01 -4.550000e+01
    endloop
  endfacet
  facet normal -5.814483e-02 -9.983082e-01 -0.000000e+00
    outer loop
      vertex   9.753757e+01 4.391050e+01 -4.550000e+01
      vertex   9.724783e+01 4.392738e+01 -4.700000e+01
      vertex   9.753757e+01 4.391050e+01 -4.700000e+01
    endloop
  endfacet
  facet normal -2.868032e-01 -9.579895e-01 -0.000000e+00
    outer loop
      vertex   9.753757e+01 4.391050e+01 -4.550000e+01
      vertex   9.753757e+01 4.391050e+01 -4.700000e+01
      vertex   9.781561e+01 4.382726e+01 -4.550000e+01
    endloop
  endfacet
  facet normal -2.868032e-01 -9.579895e-01 -0.000000e+00
    outer loop
      vertex   9.781561e+01 4.382726e+01 -4.550000e+01
      vertex   9.753757e+01 4.391050e+01 -4.700000e+01
      vertex   9.781561e+01 4.382726e+01 -4.700000e+01
    endloop
  endfacet
  facet normal -5.000000e-01 -8.660254e-01 -0.000000e+00
    outer loop
      vertex   9.781561e+01 4.382726e+01 -4.550000e+01
      vertex   9.781561e+01 4.382726e+01 -4.700000e+01
      vertex   9.806696e+01 4.368215e+01 -4.550000e+01
    endloop
  endfacet
  facet normal -5.000000e-01 -8.660254e-01 -0.000000e+00
    outer loop
      vertex   9.806696e+01 4.368215e+01 -4.550000e+01
      vertex   9.781561e+01 4.382726e+01 -4.700000e+01
      vertex   9.806696e+01 4.368215e+01 -4.700000e+01
    endloop
  endfacet
  facet normal -6.862416e-01 -7.273736e-01 -0.000000e+00
    outer loop
      vertex   9.806696e+01 4.368215e+01 -4.550000e+01
      vertex   9.806696e+01 4.368215e+01 -4.700000e+01
      vertex   9.827806e+01 4.348298e+01 -4.550000e+01
    endloop
  endfacet
  facet normal -6.862416e-01 -7.273736e-01 -0.000000e+00
    outer loop
      vertex   9.827806e+01 4.348298e+01 -4.550000e+01
      vertex   9.806696e+01 4.368215e+01 -4.700000e+01
      vertex   9.827806e+01 4.348298e+01 -4.700000e+01
    endloop
  endfacet
  facet normal -8.354878e-01 -5.495090e-01 -0.000000e+00
    outer loop
      vertex   9.827806e+01 4.348298e+01 -4.550000e+01
      vertex   9.827806e+01 4.348298e+01 -4.700000e+01
      vertex   9.843755e+01 4.324049e+01 -4.550000e+01
    endloop
  endfacet
  facet normal -8.354878e-01 -5.495090e-01 -0.000000e+00
    outer loop
      vertex   9.843755e+01 4.324049e+01 -4.550000e+01
      vertex   9.827806e+01 4.348298e+01 -4.700000e+01
      vertex   9.843755e+01 4.324049e+01 -4.700000e+01
    endloop
  endfacet
  facet normal -9.396926e-01 -3.420201e-01 -0.000000e+00
    outer loop
      vertex   9.843755e+01 4.324049e+01 -4.550000e+01
      vertex   9.843755e+01 4.324049e+01 -4.700000e+01
      vertex   9.853681e+01 4.296776e+01 -4.550000e+01
    endloop
  endfacet
  facet normal -9.396926e-01 -3.420201e-01 -0.000000e+00
    outer loop
      vertex   9.853681e+01 4.296776e+01 -4.550000e+01
      vertex   9.843755e+01 4.324049e+01 -4.700000e+01
      vertex   9.853681e+01 4.296776e+01 -4.700000e+01
    endloop
  endfacet
  facet normal -9.932384e-01 -1.160929e-01 -0.000000e+00
    outer loop
      vertex   9.853681e+01 4.296776e+01 -4.550000e+01
      vertex   9.853681e+01 4.296776e+01 -4.700000e+01
      vertex   9.857051e+01 4.267949e+01 -4.550000e+01
    endloop
  endfacet
  facet normal -9.932384e-01 -1.160929e-01 -0.000000e+00
    outer loop
      vertex   9.857051e+01 4.267949e+01 -4.550000e+01
      vertex   9.853681e+01 4.296776e+01 -4.700000e+01
      vertex   9.857051e+01 4.267949e+01 -4.700000e+01
    endloop
  endfacet
  facet normal -9.932384e-01 1.160929e-01 0.000000e+00
    outer loop
      vertex   9.857051e+01 4.267949e+01 -4.550000e+01
      vertex   9.857051e+01 4.267949e+01 -4.700000e+01
      vertex   9.853681e+01 4.239122e+01 -4.550000e+01
    endloop
  endfacet
  facet normal -9.932384e-01 1.160929e-01 0.000000e+00
    outer loop
      vertex   9.853681e+01 4.239122e+01 -4.550000e+01
      vertex   9.857051e+01 4.267949e+01 -4.700000e+01
      vertex   9.853681e+01 4.239122e+01 -4.700000e+01
    endloop
  endfacet
  facet normal -9.396926e-01 3.420201e-01 0.000000e+00
    outer loop
      vertex   9.853681e+01 4.239122e+01 -4.550000e+01
      vertex   9.853681e+01 4.239122e+01 -4.700000e+01
      vertex   9.843755e+01 4.211849e+01 -4.550000e+01
    endloop
  endfacet
  facet normal -9.396926e-01 3.420201e-01 0.000000e+00
    outer loop
      vertex   9.843755e+01 4.211849e+01 -4.550000e+01
      vertex   9.853681e+01 4.239122e+01 -4.700000e+01
      vertex   9.843755e+01 4.211849e+01 -4.700000e+01
    endloop
  endfacet
  facet normal -8.354878e-01 5.495090e-01 0.000000e+00
    outer loop
      vertex   9.843755e+01 4.211849e+01 -4.550000e+01
      vertex   9.843755e+01 4.211849e+01 -4.700000e+01
      vertex   9.827806e+01 4.187601e+01 -4.550000e+01
    endloop
  endfacet
  facet normal -8.354878e-01 5.495090e-01 0.000000e+00
    outer loop
      vertex   9.827806e+01 4.187601e+01 -4.550000e+01
      vertex   9.843755e+01 4.211849e+01 -4.700000e+01
      vertex   9.827806e+01 4.187601e+01 -4.700000e+01
    endloop
  endfacet
  facet normal -6.862416e-01 7.273736e-01 0.000000e+00
    outer loop
      vertex   9.827806e+01 4.187601e+01 -4.550000e+01
      vertex   9.827806e+01 4.187601e+01 -4.700000e+01
      vertex   9.806696e+01 4.167684e+01 -4.550000e+01
    endloop
  endfacet
  facet normal -6.862416e-01 7.273736e-01 0.000000e+00
    outer loop
      vertex   9.806696e+01 4.167684e+01 -4.550000e+01
      vertex   9.827806e+01 4.187601e+01 -4.700000e+01
      vertex   9.806696e+01 4.167684e+01 -4.700000e+01
    endloop
  endfacet
  facet normal -5.000000e-01 8.660254e-01 0.000000e+00
    outer loop
      vertex   9.806696e+01 4.167684e+01 -4.550000e+01
      vertex   9.806696e+01 4.167684e+01 -4.700000e+01
      vertex   9.781561e+01 4.153172e+01 -4.550000e+01
    endloop
  endfacet
  facet normal -5.000000e-01 8.660254e-01 0.000000e+00
    outer loop
      vertex   9.781561e+01 4.153172e+01 -4.550000e+01
      vertex   9.806696e+01 4.167684e+01 -4.700000e+01
      vertex   9.781561e+01 4.153172e+01 -4.700000e+01
    endloop
  endfacet
  facet normal -2.868032e-01 9.579895e-01 0.000000e+00
    outer loop
      vertex   9.781561e+01 4.153172e+01 -4.550000e+01
      vertex   9.781561e+01 4.153172e+01 -4.700000e+01
      vertex   9.753757e+01 4.144848e+01 -4.550000e+01
    endloop
  endfacet
  facet normal -2.868032e-01 9.579895e-01 0.000000e+00
    outer loop
      vertex   9.753757e+01 4.144848e+01 -4.550000e+01
      vertex   9.781561e+01 4.153172e+01 -4.700000e+01
      vertex   9.753757e+01 4.144848e+01 -4.700000e+01
    endloop
  endfacet
  facet normal -5.814483e-02 9.983082e-01 0.000000e+00
    outer loop
      vertex   9.753757e+01 4.144848e+01 -4.550000e+01
      vertex   9.753757e+01 4.144848e+01 -4.700000e+01
      vertex   9.724783e+01 4.143161e+01 -4.550000e+01
    endloop
  endfacet
  facet normal -5.814483e-02 9.983082e-01 0.000000e+00
    outer loop
      vertex   9.724783e+01 4.143161e+01 -4.550000e+01
      vertex   9.753757e+01 4.144848e+01 -4.700000e+01
      vertex   9.724783e+01 4.143161e+01 -4.700000e+01
    endloop
  endfacet
  facet normal 1.736482e-01 9.848078e-01 0.000000e+00
    outer loop
      vertex   9.724783e+01 4.143161e+01 -4.550000e+01
      vertex   9.724783e+01 4.143161e+01 -4.700000e+01
      vertex   9.696200e+01 4.148201e+01 -4.550000e+01
    endloop
  endfacet
  facet normal 1.736482e-01 9.848078e-01 0.000000e+00
    outer loop
      vertex   9.696200e+01 4.148201e+01 -4.550000e+01
      vertex   9.724783e+01 4.143161e+01 -4.700000e+01
      vertex   9.696200e+01 4.148201e+01 -4.700000e+01
    endloop
  endfacet
  facet normal 3.960798e-01 9.182161e-01 0.000000e+00
    outer loop
      vertex   9.696200e+01 4.148201e+01 -4.550000e+01
      vertex   9.696200e+01 4.148201e+01 -4.700000e+01
      vertex   9.669551e+01 4.159696e+01 -4.550000e+01
    endloop
  endfacet
  facet normal 3.960798e-01 9.182161e-01 0.000000e+00
    outer loop
      vertex   9.669551e+01 4.159696e+01 -4.550000e+01
      vertex   9.696200e+01 4.148201e+01 -4.700000e+01
      vertex   9.669551e+01 4.159696e+01 -4.700000e+01
    endloop
  endfacet
  facet normal 5.971586e-01 8.021232e-01 0.000000e+00
    outer loop
      vertex   9.669551e+01 4.159696e+01 -4.550000e+01
      vertex   9.669551e+01 4.159696e+01 -4.700000e+01
      vertex   9.646271e+01 4.177027e+01 -4.550000e+01
    endloop
  endfacet
  facet normal 5.971586e-01 8.021232e-01 0.000000e+00
    outer loop
      vertex   9.646271e+01 4.177027e+01 -4.550000e+01
      vertex   9.669551e+01 4.159696e+01 -4.700000e+01
      vertex   9.646271e+01 4.177027e+01 -4.700000e+01
    endloop
  endfacet
  facet normal 7.660444e-01 6.427876e-01 0.000000e+00
    outer loop
      vertex   9.646271e+01 4.177027e+01 -4.550000e+01
      vertex   9.646271e+01 4.177027e+01 -4.700000e+01
      vertex   9.627615e+01 4.199261e+01 -4.550000e+01
    endloop
  endfacet
  facet normal 7.660444e-01 6.427876e-01 0.000000e+00
    outer loop
      vertex   9.627615e+01 4.199261e+01 -4.550000e+01
      vertex   9.646271e+01 4.177027e+01 -4.700000e+01
      vertex   9.627615e+01 4.199261e+01 -4.700000e+01
    endloop
  endfacet
  facet normal 8.936326e-01 4.487992e-01 0.000000e+00
    outer loop
      vertex   9.627615e+01 4.199261e+01 -4.550000e+01
      vertex   9.627615e+01 4.199261e+01 -4.700000e+01
      vertex   9.614589e+01 4.225197e+01 -4.550000e+01
    endloop
  endfacet
  facet normal 8.936326e-01 4.487992e-01 0.000000e+00
    outer loop
      vertex   9.614589e+01 4.225197e+01 -4.550000e+01
      vertex   9.627615e+01 4.199261e+01 -4.700000e+01
      vertex   9.614589e+01 4.225197e+01 -4.700000e+01
    endloop
  endfacet
  facet normal 9.730449e-01 2.306159e-01 0.000000e+00
    outer loop
      vertex   9.614589e+01 4.225197e+01 -4.550000e+01
      vertex   9.614589e+01 4.225197e+01 -4.700000e+01
      vertex   9.607896e+01 4.253438e+01 -4.550000e+01
    endloop
  endfacet
  facet normal 9.730449e-01 2.306159e-01 0.000000e+00
    outer loop
      vertex   9.607896e+01 4.253438e+01 -4.550000e+01
      vertex   9.614589e+01 4.225197e+01 -4.700000e+01
      vertex   9.607896e+01 4.253438e+01 -4.700000e+01
    endloop
  endfacet
  facet normal 1.000000e+00 -0.000000e+00 0.000000e+00
    outer loop
      vertex   9.607896e+01 4.253438e+01 -4.550000e+01
      vertex   9.607896e+01 4.253438e+01 -4.700000e+01
      vertex   9.607896e+01 4.282461e+01 -4.550000e+01
    endloop
  endfacet
  facet normal 1.000000e+00 0.000000e+00 0.000000e+00
    outer loop
      vertex   9.607896e+01 4.282461e+01 -4.550000e+01
      vertex   9.607896e+01 4.253438e+01 -4.700000e+01
      vertex   9.607896e+01 4.282461e+01 -4.700000e+01
    endloop
  endfacet
  facet normal 9.730449e-01 -2.306159e-01 0.000000e+00
    outer loop
      vertex   9.607896e+01 4.282461e+01 -4.550000e+01
      vertex   9.607896e+01 4.282461e+01 -4.700000e+01
      vertex   9.614589e+01 4.310702e+01 -4.550000e+01
    endloop
  endfacet
  facet normal 9.730449e-01 -2.306159e-01 0.000000e+00
    outer loop
      vertex   9.614589e+01 4.310702e+01 -4.550000e+01
      vertex   9.607896e+01 4.282461e+01 -4.700000e+01
      vertex   9.614589e+01 4.310702e+01 -4.700000e+01
    endloop
  endfacet
  facet normal 8.936326e-01 -4.487992e-01 0.000000e+00
    outer loop
      vertex   9.614589e+01 4.310702e+01 -4.550000e+01
      vertex   9.614589e+01 4.310702e+01 -4.700000e+01
      vertex   9.627615e+01 4.336638e+01 -4.550000e+01
    endloop
  endfacet
  facet normal 8.936326e-01 -4.487992e-01 0.000000e+00
    outer loop
      vertex   9.627615e+01 4.336638e+01 -4.550000e+01
      vertex   9.614589e+01 4.310702e+01 -4.700000e+01
      vertex   9.627615e+01 4.336638e+01 -4.700000e+01
    endloop
  endfacet
  facet normal 7.660444e-01 -6.427876e-01 0.000000e+00
    outer loop
      vertex   9.627615e+01 4.336638e+01 -4.550000e+01
      vertex   9.627615e+01 4.336638e+01 -4.700000e+01
      vertex   9.646271e+01 4.358871e+01 -4.550000e+01
    endloop
  endfacet
  facet normal 7.660444e-01 -6.427876e-01 0.000000e+00
    outer loop
      vertex   9.646271e+01 4.358871e+01 -4.550000e+01
      vertex   9.627615e+01 4.336638e+01 -4.700000e+01
      vertex   9.646271e+01 4.358871e+01 -4.700000e+01
    endloop
  endfacet
  facet normal 1.160929e-01 -9.932384e-01 0.000000e+00
    outer loop
      vertex   9.239122e+01 4.121631e+01 -4.550000e+01
      vertex   9.239122e+01 4.121631e+01 -4.700000e+01
      vertex   9.267949e+01 4.125000e+01 -4.550000e+01
    endloop
  endfacet
  facet normal 1.160929e-01 -9.932384e-01 0.000000e+00
    outer loop
      vertex   9.267949e+01 4.125000e+01 -4.550000e+01
      vertex   9.239122e+01 4.121631e+01 -4.700000e+01
      vertex   9.267949e+01 4.125000e+01 -4.700000e+01
    endloop
  endfacet
  facet normal -1.160929e-01 -9.932384e-01 -0.000000e+00
    outer loop
      vertex   9.267949e+01 4.125000e+01 -4.550000e+01
      vertex   9.267949e+01 4.125000e+01 -4.700000e+01
      vertex   9.296776e+01 4.121631e+01 -4.550000e+01
    endloop
  endfacet
  facet normal -1.160929e-01 -9.932384e-01 -0.000000e+00
    outer loop
      vertex   9.296776e+01 4.121631e+01 -4.550000e+01
      vertex   9.267949e+01 4.125000e+01 -4.700000e+01
      vertex   9.296776e+01 4.121631e+01 -4.700000e+01
    endloop
  endfacet
  facet normal -3.420201e-01 -9.396926e-01 -0.000000e+00
    outer loop
      vertex   9.296776e+01 4.121631e+01 -4.550000e+01
      vertex   9.296776e+01 4.121631e+01 -4.700000e+01
      vertex   9.324049e+01 4.111704e+01 -4.550000e+01
    endloop
  endfacet
  facet normal -3.420201e-01 -9.396926e-01 -0.000000e+00
    outer loop
      vertex   9.324049e+01 4.111704e+01 -4.550000e+01
      vertex   9.296776e+01 4.121631e+01 -4.700000e+01
      vertex   9.324049e+01 4.111704e+01 -4.700000e+01
    endloop
  endfacet
  facet normal -5.495090e-01 -8.354878e-01 -0.000000e+00
    outer loop
      vertex   9.324049e+01 4.111704e+01 -4.550000e+01
      vertex   9.324049e+01 4.111704e+01 -4.700000e+01
      vertex   9.348298e+01 4.095756e+01 -4.550000e+01
    endloop
  endfacet
  facet normal -5.495090e-01 -8.354878e-01 -0.000000e+00
    outer loop
      vertex   9.348298e+01 4.095756e+01 -4.550000e+01
      vertex   9.324049e+01 4.111704e+01 -4.700000e+01
      vertex   9.348298e+01 4.095756e+01 -4.700000e+01
    endloop
  endfacet
  facet normal -7.273736e-01 -6.862416e-01 -0.000000e+00
    outer loop
      vertex   9.348298e+01 4.095756e+01 -4.550000e+01
      vertex   9.348298e+01 4.095756e+01 -4.700000e+01
      vertex   9.368215e+01 4.074645e+01 -4.550000e+01
    endloop
  endfacet
  facet normal -7.273736e-01 -6.862416e-01 -0.000000e+00
    outer loop
      vertex   9.368215e+01 4.074645e+01 -4.550000e+01
      vertex   9.348298e+01 4.095756e+01 -4.700000e+01
      vertex   9.368215e+01 4.074645e+01 -4.700000e+01
    endloop
  endfacet
  facet normal -8.660254e-01 -5.000000e-01 -0.000000e+00
    outer loop
      vertex   9.368215e+01 4.074645e+01 -4.550000e+01
      vertex   9.368215e+01 4.074645e+01 -4.700000e+01
      vertex   9.382726e+01 4.049510e+01 -4.550000e+01
    endloop
  endfacet
  facet normal -8.660254e-01 -5.000000e-01 -0.000000e+00
    outer loop
      vertex   9.382726e+01 4.049510e+01 -4.550000e+01
      vertex   9.368215e+01 4.074645e+01 -4.700000e+01
      vertex   9.382726e+01 4.049510e+01 -4.700000e+01
    endloop
  endfacet
  facet normal -9.579895e-01 -2.868032e-01 -0.000000e+00
    outer loop
      vertex   9.382726e+01 4.049510e+01 -4.550000e+01
      vertex   9.382726e+01 4.049510e+01 -4.700000e+01
      vertex   9.391050e+01 4.021706e+01 -4.550000e+01
    endloop
  endfacet
  facet normal -9.579895e-01 -2.868032e-01 -0.000000e+00
    outer loop
      vertex   9.391050e+01 4.021706e+01 -4.550000e+01
      vertex   9.382726e+01 4.049510e+01 -4.700000e+01
      vertex   9.391050e+01 4.021706e+01 -4.700000e+01
    endloop
  endfacet
  facet normal -9.983082e-01 -5.814483e-02 -0.000000e+00
    outer loop
      vertex   9.391050e+01 4.021706e+01 -4.550000e+01
      vertex   9.391050e+01 4.021706e+01 -4.700000e+01
      vertex   9.392738e+01 3.992732e+01 -4.550000e+01
    endloop
  endfacet
  facet normal -9.983082e-01 -5.814483e-02 -0.000000e+00
    outer loop
      vertex   9.392738e+01 3.992732e+01 -4.550000e+01
      vertex   9.391050e+01 4.021706e+01 -4.700000e+01
      vertex   9.392738e+01 3.992732e+01 -4.700000e+01
    endloop
  endfacet
  facet normal -9.848078e-01 1.736482e-01 0.000000e+00
    outer loop
      vertex   9.392738e+01 3.992732e+01 -4.550000e+01
      vertex   9.392738e+01 3.992732e+01 -4.700000e+01
      vertex   9.387698e+01 3.964150e+01 -4.550000e+01
    endloop
  endfacet
  facet normal -9.848078e-01 1.736482e-01 0.000000e+00
    outer loop
      vertex   9.387698e+01 3.964150e+01 -4.550000e+01
      vertex   9.392738e+01 3.992732e+01 -4.700000e+01
      vertex   9.387698e+01 3.964150e+01 -4.700000e+01
    endloop
  endfacet
  facet normal -9.182161e-01 3.960798e-01 0.000000e+00
    outer loop
      vertex   9.387698e+01 3.964150e+01 -4.550000e+01
      vertex   9.387698e+01 3.964150e+01 -4.700000e+01
      vertex   9.376202e+01 3.937500e+01 -4.550000e+01
    endloop
  endfacet
  facet normal -9.182161e-01 3.960798e-01 0.000000e+00
    outer loop
      vertex   9.376202e+01 3.937500e+01 -4.550000e+01
      vertex   9.387698e+01 3.964150e+01 -4.700000e+01
      vertex   9.376202e+01 3.937500e+01 -4.700000e+01
    endloop
  endfacet
  facet normal -8.021232e-01 5.971586e-01 0.000000e+00
    outer loop
      vertex   9.376202e+01 3.937500e+01 -4.550000e+01
      vertex   9.376202e+01 3.937500e+01 -4.700000e+01
      vertex   9.358871e+01 3.914220e+01 -4.550000e+01
    endloop
  endfacet
  facet normal -8.021232e-01 5.971586e-01 0.000000e+00
    outer loop
      vertex   9.358871e+01 3.914220e+01 -4.550000e+01
      vertex   9.376202e+01 3.937500e+01 -4.700000e+01
      vertex   9.358871e+01 3.914220e+01 -4.700000e+01
    endloop
  endfacet
  facet normal -6.427876e-01 7.660444e-01 0.000000e+00
    outer loop
      vertex   9.358871e+01 3.914220e+01 -4.550000e+01
      vertex   9.358871e+01 3.914220e+01 -4.700000e+01
      vertex   9.336638e+01 3.895564e+01 -4.550000e+01
    endloop
  endfacet
  facet normal -6.427876e-01 7.660444e-01 0.000000e+00
    outer loop
      vertex   9.336638e+01 3.895564e+01 -4.550000e+01
      vertex   9.358871e+01 3.914220e+01 -4.700000e+01
      vertex   9.336638e+01 3.895564e+01 -4.700000e+01
    endloop
  endfacet
  facet normal -4.487992e-01 8.936326e-01 0.000000e+00
    outer loop
      vertex   9.336638e+01 3.895564e+01 -4.550000e+01
      vertex   9.336638e+01 3.895564e+01 -4.700000e+01
      vertex   9.310702e+01 3.882538e+01 -4.550000e+01
    endloop
  endfacet
  facet normal -4.487992e-01 8.936326e-01 0.000000e+00
    outer loop
      vertex   9.310702e+01 3.882538e+01 -4.550000e+01
      vertex   9.336638e+01 3.895564e+01 -4.700000e+01
      vertex   9.310702e+01 3.882538e+01 -4.700000e+01
    endloop
  endfacet
  facet normal -2.306159e-01 9.730449e-01 0.000000e+00
    outer loop
      vertex   9.310702e+01 3.882538e+01 -4.550000e+01
      vertex   9.310702e+01 3.882538e+01 -4.700000e+01
      vertex   9.282461e+01 3.875845e+01 -4.550000e+01
    endloop
  endfacet
  facet normal -2.306159e-01 9.730449e-01 0.000000e+00
    outer loop
      vertex   9.282461e+01 3.875845e+01 -4.550000e+01
      vertex   9.310702e+01 3.882538e+01 -4.700000e+01
      vertex   9.282461e+01 3.875845e+01 -4.700000e+01
    endloop
  endfacet
  facet normal 0.000000e+00 1.000000e+00 0.000000e+00
    outer loop
      vertex   9.282461e+01 3.875845e+01 -4.550000e+01
      vertex   9.282461e+01 3.875845e+01 -4.700000e+01
      vertex   9.253438e+01 3.875845e+01 -4.550000e+01
    endloop
  endfacet
  facet normal 0.000000e+00 1.000000e+00 0.000000e+00
    outer loop
      vertex   9.253438e+01 3.875845e+01 -4.550000e+01
      vertex   9.282461e+01 3.875845e+01 -4.700000e+01
      vertex   9.253438e+01 3.875845e+01 -4.700000e+01
    endloop
  endfacet
  facet normal 2.306159e-01 9.730449e-01 0.000000e+00
    outer loop
      vertex   9.253438e+01 3.875845e+01 -4.550000e+01
      vertex   9.253438e+01 3.875845e+01 -4.700000e+01
      vertex   9.225197e+01 3.882538e+01 -4.550000e+01
    endloop
  endfacet
  facet normal 2.306159e-01 9.730449e-01 0.000000e+00
    outer loop
      vertex   9.225197e+01 3.882538e+01 -4.550000e+01
      vertex   9.253438e+01 3.875845e+01 -4.700000e+01
      vertex   9.225197e+01 3.882538e+01 -4.700000e+01
    endloop
  endfacet
  facet normal 4.487992e-01 8.936326e-01 0.000000e+00
    outer loop
      vertex   9.225197e+01 3.882538e+01 -4.550000e+01
      vertex   9.225197e+01 3.882538e+01 -4.700000e+01
      vertex   9.199261e+01 3.895564e+01 -4.550000e+01
    endloop
  endfacet
  facet normal 4.487992e-01 8.936326e-01 0.000000e+00
    outer loop
      vertex   9.199261e+01 3.895564e+01 -4.550000e+01
      vertex   9.225197e+01 3.882538e+01 -4.700000e+01
      vertex   9.199261e+01 3.895564e+01 -4.700000e+01
    endloop
  endfacet
  facet normal 6.427876e-01 7.660444e-01 0.000000e+00
    outer loop
      vertex   9.199261e+01 3.895564e+01 -4.550000e+01
      vertex   9.199261e+01 3.895564e+01 -4.700000e+01
      vertex   9.177027e+01 3.914220e+01 -4.550000e+01
    endloop
  endfacet
  facet normal 6.427876e-01 7.660444e-01 0.000000e+00
    outer loop
      vertex   9.177027e+01 3.914220e+01 -4.550000e+01
      vertex   9.199261e+01 3.895564e+01 -4.700000e+01
      vertex   9.177027e+01 3.914220e+01 -4.700000e+01
    endloop
  endfacet
  facet normal 8.021232e-01 5.971586e-01 0.000000e+00
    outer loop
      vertex   9.177027e+01 3.914220e+01 -4.550000e+01
      vertex   9.177027e+01 3.914220e+01 -4.700000e+01
      vertex   9.159696e+01 3.937500e+01 -4.550000e+01
    endloop
  endfacet
  facet normal 8.021232e-01 5.971586e-01 0.000000e+00
    outer loop
      vertex   9.159696e+01 3.937500e+01 -4.550000e+01
      vertex   9.177027e+01 3.914220e+01 -4.700000e+01
      vertex   9.159696e+01 3.937500e+01 -4.700000e+01
    endloop
  endfacet
  facet normal 9.182161e-01 3.960798e-01 0.000000e+00
    outer loop
      vertex   9.159696e+01 3.937500e+01 -4.550000e+01
      vertex   9.159696e+01 3.937500e+01 -4.700000e+01
      vertex   9.148201e+01 3.964150e+01 -4.550000e+01
    endloop
  endfacet
  facet normal 9.182161e-01 3.960798e-01 0.000000e+00
    outer loop
      vertex   9.148201e+01 3.964150e+01 -4.550000e+01
      vertex   9.159696e+01 3.937500e+01 -4.700000e+01
      vertex   9.148201e+01 3.964150e+01 -4.700000e+01
    endloop
  endfacet
  facet normal 9.848078e-01 1.736482e-01 0.000000e+00
    outer loop
      vertex   9.148201e+01 3.964150e+01 -4.550000e+01
      vertex   9.148201e+01 3.964150e+01 -4.700000e+01
      vertex   9.143161e+01 3.992732e+01 -4.550000e+01
    endloop
  endfacet
  facet normal 9.848078e-01 1.736482e-01 0.000000e+00
    outer loop
      vertex   9.143161e+01 3.992732e+01 -4.550000e+01
      vertex   9.148201e+01 3.964150e+01 -4.700000e+01
      vertex   9.143161e+01 3.992732e+01 -4.700000e+01
    endloop
  endfacet
  facet normal 9.983082e-01 -5.814483e-02 0.000000e+00
    outer loop
      vertex   9.143161e+01 3.992732e+01 -4.550000e+01
      vertex   9.143161e+01 3.992732e+01 -4.700000e+01
      vertex   9.144848e+01 4.021706e+01 -4.550000e+01
    endloop
  endfacet
  facet normal 9.983082e-01 -5.814483e-02 0.000000e+00
    outer loop
      vertex   9.144848e+01 4.021706e+01 -4.550000e+01
      vertex   9.143161e+01 3.992732e+01 -4.700000e+01
      vertex   9.144848e+01 4.021706e+01 -4.700000e+01
    endloop
  endfacet
  facet normal 9.579895e-01 -2.868032e-01 0.000000e+00
    outer loop
      vertex   9.144848e+01 4.021706e+01 -4.550000e+01
      vertex   9.144848e+01 4.021706e+01 -4.700000e+01
      vertex   9.153172e+01 4.049510e+01 -4.550000e+01
    endloop
  endfacet
  facet normal 9.579895e-01 -2.868032e-01 0.000000e+00
    outer loop
      vertex   9.153172e+01 4.049510e+01 -4.550000e+01
      vertex   9.144848e+01 4.021706e+01 -4.700000e+01
      vertex   9.153172e+01 4.049510e+01 -4.700000e+01
    endloop
  endfacet
  facet normal 8.660254e-01 -5.000000e-01 0.000000e+00
    outer loop
      vertex   9.153172e+01 4.049510e+01 -4.550000e+01
      vertex   9.153172e+01 4.049510e+01 -4.700000e+01
      vertex   9.167684e+01 4.074645e+01 -4.550000e+01
    endloop
  endfacet
  facet normal 8.660254e-01 -5.000000e-01 0.000000e+00
    outer loop
      vertex   9.167684e+01 4.074645e+01 -4.550000e+01
      vertex   9.153172e+01 4.049510e+01 -4.700000e+01
      vertex   9.167684e+01 4.074645e+01 -4.700000e+01
    endloop
  endfacet
  facet normal 7.273736e-01 -6.862416e-01 0.000000e+00
    outer loop
      vertex   9.167684e+01 4.074645e+01 -4.550000e+01
      vertex   9.167684e+01 4.074645e+01 -4.700000e+01
      vertex   9.187601e+01 4.095756e+01 -4.550000e+01
    endloop
  endfacet
  facet normal 7.273736e-01 -6.862416e-01 0.000000e+00
    outer loop
      vertex   9.187601e+01 4.095756e+01 -4.550000e+01
      vertex   9.167684e+01 4.074645e+01 -4.700000e+01
      vertex   9.187601e+01 4.095756e+01 -4.700000e+01
    endloop
  endfacet
  facet normal 5.495090e-01 -8.354878e-01 0.000000e+00
    outer loop
      vertex   9.187601e+01 4.095756e+01 -4.550000e+01
      vertex   9.187601e+01 4.095756e+01 -4.700000e+01
      vertex   9.211849e+01 4.111704e+01 -4.550000e+01
    endloop
  endfacet
  facet normal 5.495090e-01 -8.354878e-01 0.000000e+00
    outer loop
      vertex   9.211849e+01 4.111704e+01 -4.550000e+01
      vertex   9.187601e+01 4.095756e+01 -4.700000e+01
      vertex   9.211849e+01 4.111704e+01 -4.700000e+01
    endloop
  endfacet
  facet normal 3.420201e-01 -9.396926e-01 0.000000e+00
    outer loop
      vertex   9.211849e+01 4.111704e+01 -4.550000e+01
      vertex   9.211849e+01 4.111704e+01 -4.700000e+01
      vertex   9.239122e+01 4.121631e+01 -4.550000e+01
    endloop
  endfacet
  facet normal 3.420201e-01 -9.396926e-01 0.000000e+00
    outer loop
      vertex   9.239122e+01 4.121631e+01 -4.550000e+01
      vertex   9.211849e+01 4.111704e+01 -4.700000e+01
      vertex   9.239122e+01 4.121631e+01 -4.700000e+01
    endloop
  endfacet
  facet normal -3.960798e-01 -9.182161e-01 -0.000000e+00
    outer loop
      vertex   8.767901e+01 4.119749e+01 -4.550000e+01
      vertex   8.767901e+01 4.119749e+01 -4.700000e+01
      vertex   8.794551e+01 4.108253e+01 -4.550000e+01
    endloop
  endfacet
  facet normal -3.960798e-01 -9.182161e-01 -0.000000e+00
    outer loop
      vertex   8.794551e+01 4.108253e+01 -4.550000e+01
      vertex   8.767901e+01 4.119749e+01 -4.700000e+01
      vertex   8.794551e+01 4.108253e+01 -4.700000e+01
    endloop
  endfacet
  facet normal -5.971586e-01 -8.021232e-01 -0.000000e+00
    outer loop
      vertex   8.794551e+01 4.108253e+01 -4.550000e+01
      vertex   8.794551e+01 4.108253e+01 -4.700000e+01
      vertex   8.817831e+01 4.090922e+01 -4.550000e+01
    endloop
  endfacet
  facet normal -5.971586e-01 -8.021232e-01 -0.000000e+00
    outer loop
      vertex   8.817831e+01 4.090922e+01 -4.550000e+01
      vertex   8.794551e+01 4.108253e+01 -4.700000e+01
      vertex   8.817831e+01 4.090922e+01 -4.700000e+01
    endloop
  endfacet
  facet normal -7.660444e-01 -6.427876e-01 -0.000000e+00
    outer loop
      vertex   8.817831e+01 4.090922e+01 -4.550000e+01
      vertex   8.817831e+01 4.090922e+01 -4.700000e+01
      vertex   8.836487e+01 4.068689e+01 -4.550000e+01
    endloop
  endfacet
  facet normal -7.660444e-01 -6.427876e-01 -0.000000e+00
    outer loop
      vertex   8.836487e+01 4.068689e+01 -4.550000e+01
      vertex   8.817831e+01 4.090922e+01 -4.700000e+01
      vertex   8.836487e+01 4.068689e+01 -4.700000e+01
    endloop
  endfacet
  facet normal -8.936326e-01 -4.487992e-01 -0.000000e+00
    outer loop
      vertex   8.836487e+01 4.068689e+01 -4.550000e+01
      vertex   8.836487e+01 4.068689e+01 -4.700000e+01
      vertex   8.849512e+01 4.042753e+01 -4.550000e+01
    endloop
  endfacet
  facet normal -8.936326e-01 -4.487992e-01 -0.000000e+00
    outer loop
      vertex   8.849512e+01 4.042753e+01 -4.550000e+01
      vertex   8.836487e+01 4.068689e+01 -4.700000e+01
      vertex   8.849512e+01 4.042753e+01 -4.700000e+01
    endloop
  endfacet
  facet normal -9.730449e-01 -2.306159e-01 -0.000000e+00
    outer loop
      vertex   8.849512e+01 4.042753e+01 -4.550000e+01
      vertex   8.849512e+01 4.042753e+01 -4.700000e+01
      vertex   8.856206e+01 4.014512e+01 -4.550000e+01
    endloop
  endfacet
  facet normal -9.730449e-01 -2.306159e-01 -0.000000e+00
    outer loop
      vertex   8.856206e+01 4.014512e+01 -4.550000e+01
      vertex   8.849512e+01 4.042753e+01 -4.700000e+01
      vertex   8.856206e+01 4.014512e+01 -4.700000e+01
    endloop
  endfacet
  facet normal -1.000000e+00 -0.000000e+00 -0.000000e+00
    outer loop
      vertex   8.856206e+01 4.014512e+01 -4.550000e+01
      vertex   8.856206e+01 4.014512e+01 -4.700000e+01
      vertex   8.856206e+01 3.985488e+01 -4.550000e+01
    endloop
  endfacet
  facet normal -1.000000e+00 0.000000e+00 0.000000e+00
    outer loop
      vertex   8.856206e+01 3.985488e+01 -4.550000e+01
      vertex   8.856206e+01 4.014512e+01 -4.700000e+01
      vertex   8.856206e+01 3.985488e+01 -4.700000e+01
    endloop
  endfacet
  facet normal -9.730449e-01 2.306159e-01 0.000000e+00
    outer loop
      vertex   8.856206e+01 3.985488e+01 -4.550000e+01
      vertex   8.856206e+01 3.985488e+01 -4.700000e+01
      vertex   8.849512e+01 3.957247e+01 -4.550000e+01
    endloop
  endfacet
  facet normal -9.730449e-01 2.306159e-01 0.000000e+00
    outer loop
      vertex   8.849512e+01 3.957247e+01 -4.550000e+01
      vertex   8.856206e+01 3.985488e+01 -4.700000e+01
      vertex   8.849512e+01 3.957247e+01 -4.700000e+01
    endloop
  endfacet
  facet normal -8.936326e-01 4.487992e-01 0.000000e+00
    outer loop
      vertex   8.849512e+01 3.957247e+01 -4.550000e+01
      vertex   8.849512e+01 3.957247e+01 -4.700000e+01
      vertex   8.836487e+01 3.931311e+01 -4.550000e+01
    endloop
  endfacet
  facet normal -8.936326e-01 4.487992e-01 0.000000e+00
    outer loop
      vertex   8.836487e+01 3.931311e+01 -4.550000e+01
      vertex   8.849512e+01 3.957247e+01 -4.700000e+01
      vertex   8.836487e+01 3.931311e+01 -4.700000e+01
    endloop
  endfacet
  facet normal -7.660444e-01 6.427876e-01 0.000000e+00
    outer loop
      vertex   8.836487e+01 3.931311e+01 -4.550000e+01
      vertex   8.836487e+01 3.931311e+01 -4.700000e+01
      vertex   8.817831e+01 3.909078e+01 -4.550000e+01
    endloop
  endfacet
  facet normal -7.660444e-01 6.427876e-01 0.000000e+00
    outer loop
      vertex   8.817831e+01 3.909078e+01 -4.550000e+01
      vertex   8.836487e+01 3.931311e+01 -4.700000e+01
      vertex   8.817831e+01 3.909078e+01 -4.700000e+01
    endloop
  endfacet
  facet normal -5.971586e-01 8.021232e-01 0.000000e+00
    outer loop
      vertex   8.817831e+01 3.909078e+01 -4.550000e+01
      vertex   8.817831e+01 3.909078e+01 -4.700000e+01
      vertex   8.794551e+01 3.891747e+01 -4.550000e+01
    endloop
  endfacet
  facet normal -5.971586e-01 8.021232e-01 0.000000e+00
    outer loop
      vertex   8.794551e+01 3.891747e+01 -4.550000e+01
      vertex   8.817831e+01 3.909078e+01 -4.700000e+01
      vertex   8.794551e+01 3.891747e+01 -4.700000e+01
    endloop
  endfacet
  facet normal -3.960798e-01 9.182161e-01 0.000000e+00
    outer loop
      vertex   8.794551e+01 3.891747e+01 -4.550000e+01
      vertex   8.794551e+01 3.891747e+01 -4.700000e+01
      vertex   8.767901e+01 3.880251e+01 -4.550000e+01
    endloop
  endfacet
  facet normal -3.960798e-01 9.182161e-01 0.000000e+00
    outer loop
      vertex   8.767901e+01 3.880251e+01 -4.550000e+01
      vertex   8.794551e+01 3.891747e+01 -4.700000e+01
      vertex   8.767901e+01 3.880251e+01 -4.700000e+01
    endloop
  endfacet
  facet normal -1.736482e-01 9.848078e-01 0.000000e+00
    outer loop
      vertex   8.767901e+01 3.880251e+01 -4.550000e+01
      vertex   8.767901e+01 3.880251e+01 -4.700000e+01
      vertex   8.739319e+01 3.875211e+01 -4.550000e+01
    endloop
  endfacet
  facet normal -1.736482e-01 9.848078e-01 0.000000e+00
    outer loop
      vertex   8.739319e+01 3.875211e+01 -4.550000e+01
      vertex   8.767901e+01 3.880251e+01 -4.700000e+01
      vertex   8.739319e+01 3.875211e+01 -4.700000e+01
    endloop
  endfacet
  facet normal 5.814483e-02 9.983082e-01 0.000000e+00
    outer loop
      vertex   8.739319e+01 3.875211e+01 -4.550000e+01
      vertex   8.739319e+01 3.875211e+01 -4.700000e+01
      vertex   8.710345e+01 3.876899e+01 -4.550000e+01
    endloop
  endfacet
  facet normal 5.814483e-02 9.983082e-01 0.000000e+00
    outer loop
      vertex   8.710345e+01 3.876899e+01 -4.550000e+01
      vertex   8.739319e+01 3.875211e+01 -4.700000e+01
      vertex   8.710345e+01 3.876899e+01 -4.700000e+01
    endloop
  endfacet
  facet normal 2.868032e-01 9.579895e-01 0.000000e+00
    outer loop
      vertex   8.710345e+01 3.876899e+01 -4.550000e+01
      vertex   8.710345e+01 3.876899e+01 -4.700000e+01
      vertex   8.682541e+01 3.885223e+01 -4.550000e+01
    endloop
  endfacet
  facet normal 2.868032e-01 9.579895e-01 0.000000e+00
    outer loop
      vertex   8.682541e+01 3.885223e+01 -4.550000e+01
      vertex   8.710345e+01 3.876899e+01 -4.700000e+01
      vertex   8.682541e+01 3.885223e+01 -4.700000e+01
    endloop
  endfacet
  facet normal 5.000000e-01 8.660254e-01 0.000000e+00
    outer loop
      vertex   8.682541e+01 3.885223e+01 -4.550000e+01
      vertex   8.682541e+01 3.885223e+01 -4.700000e+01
      vertex   8.657406e+01 3.899735e+01 -4.550000e+01
    endloop
  endfacet
  facet normal 5.000000e-01 8.660254e-01 0.000000e+00
    outer loop
      vertex   8.657406e+01 3.899735e+01 -4.550000e+01
      vertex   8.682541e+01 3.885223e+01 -4.700000e+01
      vertex   8.657406e+01 3.899735e+01 -4.700000e+01
    endloop
  endfacet
  facet normal 6.862416e-01 7.273736e-01 0.000000e+00
    outer loop
      vertex   8.657406e+01 3.899735e+01 -4.550000e+01
      vertex   8.657406e+01 3.899735e+01 -4.700000e+01
      vertex   8.636295e+01 3.919652e+01 -4.550000e+01
    endloop
  endfacet
  facet normal 6.862416e-01 7.273736e-01 0.000000e+00
    outer loop
      vertex   8.636295e+01 3.919652e+01 -4.550000e+01
      vertex   8.657406e+01 3.899735e+01 -4.700000e+01
      vertex   8.636295e+01 3.919652e+01 -4.700000e+01
    endloop
  endfacet
  facet normal 8.354878e-01 5.495090e-01 0.000000e+00
    outer loop
      vertex   8.636295e+01 3.919652e+01 -4.550000e+01
      vertex   8.636295e+01 3.919652e+01 -4.700000e+01
      vertex   8.620347e+01 3.943900e+01 -4.550000e+01
    endloop
  endfacet
  facet normal 8.354878e-01 5.495090e-01 0.000000e+00
    outer loop
      vertex   8.620347e+01 3.943900e+01 -4.550000e+01
      vertex   8.636295e+01 3.919652e+01 -4.700000e+01
      vertex   8.620347e+01 3.943900e+01 -4.700000e+01
    endloop
  endfacet
  facet normal 9.396926e-01 3.420201e-01 0.000000e+00
    outer loop
      vertex   8.620347e+01 3.943900e+01 -4.550000e+01
      vertex   8.620347e+01 3.943900e+01 -4.700000e+01
      vertex   8.610420e+01 3.971173e+01 -4.550000e+01
    endloop
  endfacet
  facet normal 9.396926e-01 3.420201e-01 0.000000e+00
    outer loop
      vertex   8.610420e+01 3.971173e+01 -4.550000e+01
      vertex   8.620347e+01 3.943900e+01 -4.700000e+01
      vertex   8.610420e+01 3.971173e+01 -4.700000e+01
    endloop
  endfacet
  facet normal 9.932384e-01 1.160929e-01 0.000000e+00
    outer loop
      vertex   8.610420e+01 3.971173e+01 -4.550000e+01
      vertex   8.610420e+01 3.971173e+01 -4.700000e+01
      vertex   8.607051e+01 4.000000e+01 -4.550000e+01
    endloop
  endfacet
  facet normal 9.932384e-01 1.160929e-01 0.000000e+00
    outer loop
      vertex   8.607051e+01 4.000000e+01 -4.550000e+01
      vertex   8.610420e+01 3.971173e+01 -4.700000e+01
      vertex   8.607051e+01 4.000000e+01 -4.700000e+01
    endloop
  endfacet
  facet normal 9.932384e-01 -1.160929e-01 0.000000e+00
    outer loop
      vertex   8.607051e+01 4.000000e+01 -4.550000e+01
      vertex   8.607051e+01 4.000000e+01 -4.700000e+01
      vertex   8.610420e+01 4.028827e+01 -4.550000e+01
    endloop
  endfacet
  facet normal 9.932384e-01 -1.160929e-01 0.000000e+00
    outer loop
      vertex   8.610420e+01 4.028827e+01 -4.550000e+01
      vertex   8.607051e+01 4.000000e+01 -4.700000e+01
      vertex   8.610420e+01 4.028827e+01 -4.700000e+01
    endloop
  endfacet
  facet normal 9.396926e-01 -3.420201e-01 0.000000e+00
    outer loop
      vertex   8.610420e+01 4.028827e+01 -4.550000e+01
      vertex   8.610420e+01 4.028827e+01 -4.700000e+01
      vertex   8.620347e+01 4.056100e+01 -4.550000e+01
    endloop
  endfacet
  facet normal 9.396926e-01 -3.420201e-01 0.000000e+00
    outer loop
      vertex   8.620347e+01 4.056100e+01 -4.550000e+01
      vertex   8.610420e+01 4.028827e+01 -4.700000e+01
      vertex   8.620347e+01 4.056100e+01 -4.700000e+01
    endloop
  endfacet
  facet normal 8.354878e-01 -5.495090e-01 0.000000e+00
    outer loop
      vertex   8.620347e+01 4.056100e+01 -4.550000e+01
      vertex   8.620347e+01 4.056100e+01 -4.700000e+01
      vertex   8.636295e+01 4.080348e+01 -4.550000e+01
    endloop
  endfacet
  facet normal 8.354878e-01 -5.495090e-01 0.000000e+00
    outer loop
      vertex   8.636295e+01 4.080348e+01 -4.550000e+01
      vertex   8.620347e+01 4.056100e+01 -4.700000e+01
      vertex   8.636295e+01 4.080348e+01 -4.700000e+01
    endloop
  endfacet
  facet normal 6.862416e-01 -7.273736e-01 0.000000e+00
    outer loop
      vertex   8.636295e+01 4.080348e+01 -4.550000e+01
      vertex   8.636295e+01 4.080348e+01 -4.700000e+01
      vertex   8.657406e+01 4.100265e+01 -4.550000e+01
    endloop
  endfacet
  facet normal 6.862416e-01 -7.273736e-01 0.000000e+00
    outer loop
      vertex   8.657406e+01 4.100265e+01 -4.550000e+01
      vertex   8.636295e+01 4.080348e+01 -4.700000e+01
      vertex   8.657406e+01 4.100265e+01 -4.700000e+01
    endloop
  endfacet
  facet normal 5.000000e-01 -8.660254e-01 0.000000e+00
    outer loop
      vertex   8.657406e+01 4.100265e+01 -4.550000e+01
      vertex   8.657406e+01 4.100265e+01 -4.700000e+01
      vertex   8.682541e+01 4.114777e+01 -4.550000e+01
    endloop
  endfacet
  facet normal 5.000000e-01 -8.660254e-01 0.000000e+00
    outer loop
      vertex   8.682541e+01 4.114777e+01 -4.550000e+01
      vertex   8.657406e+01 4.100265e+01 -4.700000e+01
      vertex   8.682541e+01 4.114777e+01 -4.700000e+01
    endloop
  endfacet
  facet normal 2.868032e-01 -9.579895e-01 0.000000e+00
    outer loop
      vertex   8.682541e+01 4.114777e+01 -4.550000e+01
      vertex   8.682541e+01 4.114777e+01 -4.700000e+01
      vertex   8.710345e+01 4.123101e+01 -4.550000e+01
    endloop
  endfacet
  facet normal 2.868032e-01 -9.579895e-01 0.000000e+00
    outer loop
      vertex   8.710345e+01 4.123101e+01 -4.550000e+01
      vertex   8.682541e+01 4.114777e+01 -4.700000e+01
      vertex   8.710345e+01 4.123101e+01 -4.700000e+01
    endloop
  endfacet
  facet normal 5.814483e-02 -9.983082e-01 0.000000e+00
    outer loop
      vertex   8.710345e+01 4.123101e+01 -4.550000e+01
      vertex   8.710345e+01 4.123101e+01 -4.700000e+01
      vertex   8.739319e+01 4.124789e+01 -4.550000e+01
    endloop
  endfacet
  facet normal 5.814483e-02 -9.983082e-01 0.000000e+00
    outer loop
      vertex   8.739319e+01 4.124789e+01 -4.550000e+01
      vertex   8.710345e+01 4.123101e+01 -4.700000e+01
      vertex   8.739319e+01 4.124789e+01 -4.700000e+01
    endloop
  endfacet
  facet normal -1.736482e-01 -9.848078e-01 -0.000000e+00
    outer loop
      vertex   8.739319e+01 4.124789e+01 -4.550000e+01
      vertex   8.739319e+01 4.124789e+01 -4.700000e+01
      vertex   8.767901e+01 4.119749e+01 -4.550000e+01
    endloop
  endfacet
  facet normal -1.736482e-01 -9.848078e-01 -0.000000e+00
    outer loop
      vertex   8.767901e+01 4.119749e+01 -4.550000e+01
      vertex   8.739319e+01 4.124789e+01 -4.700000e+01
      vertex   8.767901e+01 4.119749e+01 -4.700000e+01
    endloop
  endfacet
  facet normal -8.021232e-01 -5.971586e-01 -0.000000e+00
    outer loop
      vertex   8.358871e+01 4.353729e+01 -4.550000e+01
      vertex   8.358871e+01 4.353729e+01 -4.700000e+01
      vertex   8.376202e+01 4.330449e+01 -4.550000e+01
    endloop
  endfacet
  facet normal -8.021232e-01 -5.971586e-01 -0.000000e+00
    outer loop
      vertex   8.376202e+01 4.330449e+01 -4.550000e+01
      vertex   8.358871e+01 4.353729e+01 -4.700000e+01
      vertex   8.376202e+01 4.330449e+01 -4.700000e+01
    endloop
  endfacet
  facet normal -9.182161e-01 -3.960798e-01 -0.000000e+00
    outer loop
      vertex   8.376202e+01 4.330449e+01 -4.550000e+01
      vertex   8.376202e+01 4.330449e+01 -4.700000e+01
      vertex   8.387698e+01 4.303800e+01 -4.550000e+01
    endloop
  endfacet
  facet normal -9.182161e-01 -3.960798e-01 -0.000000e+00
    outer loop
      vertex   8.387698e+01 4.303800e+01 -4.550000e+01
      vertex   8.376202e+01 4.330449e+01 -4.700000e+01
      vertex   8.387698e+01 4.303800e+01 -4.700000e+01
    endloop
  endfacet
  facet normal -9.848078e-01 -1.736482e-01 -0.000000e+00
    outer loop
      vertex   8.387698e+01 4.303800e+01 -4.550000e+01
      vertex   8.387698e+01 4.303800e+01 -4.700000e+01
      vertex   8.392738e+01 4.275217e+01 -4.550000e+01
    endloop
  endfacet
  facet normal -9.848078e-01 -1.736482e-01 -0.000000e+00
    outer loop
      vertex   8.392738e+01 4.275217e+01 -4.550000e+01
      vertex   8.387698e+01 4.303800e+01 -4.700000e+01
      vertex   8.392738e+01 4.275217e+01 -4.700000e+01
    endloop
  endfacet
  facet normal -9.983082e-01 5.814483e-02 0.000000e+00
    outer loop
      vertex   8.392738e+01 4.275217e+01 -4.550000e+01
      vertex   8.392738e+01 4.275217e+01 -4.700000e+01
      vertex   8.391050e+01 4.246243e+01 -4.550000e+01
    endloop
  endfacet
  facet normal -9.983082e-01 5.814483e-02 0.000000e+00
    outer loop
      vertex   8.391050e+01 4.246243e+01 -4.550000e+01
      vertex   8.392738e+01 4.275217e+01 -4.700000e+01
      vertex   8.391050e+01 4.246243e+01 -4.700000e+01
    endloop
  endfacet
  facet normal -9.579895e-01 2.868032e-01 0.000000e+00
    outer loop
      vertex   8.391050e+01 4.246243e+01 -4.550000e+01
      vertex   8.391050e+01 4.246243e+01 -4.700000e+01
      vertex   8.382726e+01 4.218439e+01 -4.550000e+01
    endloop
  endfacet
  facet normal -9.579895e-01 2.868032e-01 0.000000e+00
    outer loop
      vertex   8.382726e+01 4.218439e+01 -4.550000e+01
      vertex   8.391050e+01 4.246243e+01 -4.700000e+01
      vertex   8.382726e+01 4.218439e+01 -4.700000e+01
    endloop
  endfacet
  facet normal -8.660254e-01 5.000000e-01 0.000000e+00
    outer loop
      vertex   8.382726e+01 4.218439e+01 -4.550000e+01
      vertex   8.382726e+01 4.218439e+01 -4.700000e+01
      vertex   8.368215e+01 4.193304e+01 -4.550000e+01
    endloop
  endfacet
  facet normal -8.660254e-01 5.000000e-01 0.000000e+00
    outer loop
      vertex   8.368215e+01 4.193304e+01 -4.550000e+01
      vertex   8.382726e+01 4.218439e+01 -4.700000e+01
      vertex   8.368215e+01 4.193304e+01 -4.700000e+01
    endloop
  endfacet
  facet normal -7.273736e-01 6.862416e-01 0.000000e+00
    outer loop
      vertex   8.368215e+01 4.193304e+01 -4.550000e+01
      vertex   8.368215e+01 4.193304e+01 -4.700000e+01
      vertex   8.348298e+01 4.172194e+01 -4.550000e+01
    endloop
  endfacet
  facet normal -7.273736e-01 6.862416e-01 0.000000e+00
    outer loop
      vertex   8.348298e+01 4.172194e+01 -4.550000e+01
      vertex   8.368215e+01 4.193304e+01 -4.700000e+01
      vertex   8.348298e+01 4.172194e+01 -4.700000e+01
    endloop
  endfacet
  facet normal -5.495090e-01 8.354878e-01 0.000000e+00
    outer loop
      vertex   8.348298e+01 4.172194e+01 -4.550000e+01
      vertex   8.348298e+01 4.172194e+01 -4.700000e+01
      vertex   8.324049e+01 4.156245e+01 -4.550000e+01
    endloop
  endfacet
  facet normal -5.495090e-01 8.354878e-01 0.000000e+00
    outer loop
      vertex   8.324049e+01 4.156245e+01 -4.550000e+01
      vertex   8.348298e+01 4.172194e+01 -4.700000e+01
      vertex   8.324049e+01 4.156245e+01 -4.700000e+01
    endloop
  endfacet
  facet normal -3.420201e-01 9.396926e-01 0.000000e+00
    outer loop
      vertex   8.324049e+01 4.156245e+01 -4.550000e+01
      vertex   8.324049e+01 4.156245e+01 -4.700000e+01
      vertex   8.296776e+01 4.146319e+01 -4.550000e+01
    endloop
  endfacet
  facet normal -3.420201e-01 9.396926e-01 0.000000e+00
    outer loop
      vertex   8.296776e+01 4.146319e+01 -4.550000e+01
      vertex   8.324049e+01 4.156245e+01 -4.700000e+01
      vertex   8.296776e+01 4.146319e+01 -4.700000e+01
    endloop
  endfacet
  facet normal -1.160929e-01 9.932384e-01 0.000000e+00
    outer loop
      vertex   8.296776e+01 4.146319e+01 -4.550000e+01
      vertex   8.296776e+01 4.146319e+01 -4.700000e+01
      vertex   8.267949e+01 4.142949e+01 -4.550000e+01
    endloop
  endfacet
  facet normal -1.160929e-01 9.932384e-01 0.000000e+00
    outer loop
      vertex   8.267949e+01 4.142949e+01 -4.550000e+01
      vertex   8.296776e+01 4.146319e+01 -4.700000e+01
      vertex   8.267949e+01 4.142949e+01 -4.700000e+01
    endloop
  endfacet
  facet normal 1.160929e-01 9.932384e-01 0.000000e+00
    outer loop
      vertex   8.267949e+01 4.142949e+01 -4.550000e+01
      vertex   8.267949e+01 4.142949e+01 -4.700000e+01
      vertex   8.239122e+01 4.146319e+01 -4.550000e+01
    endloop
  endfacet
  facet normal 1.160929e-01 9.932384e-01 0.000000e+00
    outer loop
      vertex   8.239122e+01 4.146319e+01 -4.550000e+01
      vertex   8.267949e+01 4.142949e+01 -4.700000e+01
      vertex   8.239122e+01 4.146319e+01 -4.700000e+01
    endloop
  endfacet
  facet normal 3.420201e-01 9.396926e-01 0.000000e+00
    outer loop
      vertex   8.239122e+01 4.146319e+01 -4.550000e+01
      vertex   8.239122e+01 4.146319e+01 -4.700000e+01
      vertex   8.211849e+01 4.156245e+01 -4.550000e+01
    endloop
  endfacet
  facet normal 3.420201e-01 9.396926e-01 0.000000e+00
    outer loop
      vertex   8.211849e+01 4.156245e+01 -4.550000e+01
      vertex   8.239122e+01 4.146319e+01 -4.700000e+01
      vertex   8.211849e+01 4.156245e+01 -4.700000e+01
    endloop
  endfacet
  facet normal 5.495090e-01 8.354878e-01 0.000000e+00
    outer loop
      vertex   8.211849e+01 4.156245e+01 -4.550000e+01
      vertex   8.211849e+01 4.156245e+01 -4.700000e+01
      vertex   8.187601e+01 4.172194e+01 -4.550000e+01
    endloop
  endfacet
  facet normal 5.495090e-01 8.354878e-01 0.000000e+00
    outer loop
      vertex   8.187601e+01 4.172194e+01 -4.550000e+01
      vertex   8.211849e+01 4.156245e+01 -4.700000e+01
      vertex   8.187601e+01 4.172194e+01 -4.700000e+01
    endloop
  endfacet
  facet normal 7.273736e-01 6.862416e-01 0.000000e+00
    outer loop
      vertex   8.187601e+01 4.172194e+01 -4.550000e+01
      vertex   8.187601e+01 4.172194e+01 -4.700000e+01
      vertex   8.167684e+01 4.193304e+01 -4.550000e+01
    endloop
  endfacet
  facet normal 7.273736e-01 6.862416e-01 0.000000e+00
    outer loop
      vertex   8.167684e+01 4.193304e+01 -4.550000e+01
      vertex   8.187601e+01 4.172194e+01 -4.700000e+01
      vertex   8.167684e+01 4.193304e+01 -4.700000e+01
    endloop
  endfacet
  facet normal 8.660254e-01 5.000000e-01 0.000000e+00
    outer loop
      vertex   8.167684e+01 4.193304e+01 -4.550000e+01
      vertex   8.167684e+01 4.193304e+01 -4.700000e+01
      vertex   8.153172e+01 4.218439e+01 -4.550000e+01
    endloop
  endfacet
  facet normal 8.660254e-01 5.000000e-01 0.000000e+00
    outer loop
      vertex   8.153172e+01 4.218439e+01 -4.550000e+01
      vertex   8.167684e+01 4.193304e+01 -4.700000e+01
      vertex   8.153172e+01 4.218439e+01 -4.700000e+01
    endloop
  endfacet
  facet normal 9.579895e-01 2.868032e-01 0.000000e+00
    outer loop
      vertex   8.153172e+01 4.218439e+01 -4.550000e+01
      vertex   8.153172e+01 4.218439e+01 -4.700000e+01
      vertex   8.144848e+01 4.246243e+01 -4.550000e+01
    endloop
  endfacet
  facet normal 9.579895e-01 2.868032e-01 0.000000e+00
    outer loop
      vertex   8.144848e+01 4.246243e+01 -4.550000e+01
      vertex   8.153172e+01 4.218439e+01 -4.700000e+01
      vertex   8.144848e+01 4.246243e+01 -4.700000e+01
    endloop
  endfacet
  facet normal 9.983082e-01 5.814483e-02 0.000000e+00
    outer loop
      vertex   8.144848e+01 4.246243e+01 -4.550000e+01
      vertex   8.144848e+01 4.246243e+01 -4.700000e+01
      vertex   8.143161e+01 4.275217e+01 -4.550000e+01
    endloop
  endfacet
  facet normal 9.983082e-01 5.814483e-02 0.000000e+00
    outer loop
      vertex   8.143161e+01 4.275217e+01 -4.550000e+01
      vertex   8.144848e+01 4.246243e+01 -4.700000e+01
      vertex   8.143161e+01 4.275217e+01 -4.700000e+01
    endloop
  endfacet
  facet normal 9.848078e-01 -1.736482e-01 0.000000e+00
    outer loop
      vertex   8.143161e+01 4.275217e+01 -4.550000e+01
      vertex   8.143161e+01 4.275217e+01 -4.700000e+01
      vertex   8.148201e+01 4.303800e+01 -4.550000e+01
    endloop
  endfacet
  facet normal 9.848078e-01 -1.736482e-01 0.000000e+00
    outer loop
      vertex   8.148201e+01 4.303800e+01 -4.550000e+01
      vertex   8.143161e+01 4.275217e+01 -4.700000e+01
      vertex   8.148201e+01 4.303800e+01 -4.700000e+01
    endloop
  endfacet
  facet normal 9.182161e-01 -3.960798e-01 0.000000e+00
    outer loop
      vertex   8.148201e+01 4.303800e+01 -4.550000e+01
      vertex   8.148201e+01 4.303800e+01 -4.700000e+01
      vertex   8.159696e+01 4.330449e+01 -4.550000e+01
    endloop
  endfacet
  facet normal 9.182161e-01 -3.960798e-01 0.000000e+00
    outer loop
      vertex   8.159696e+01 4.330449e+01 -4.550000e+01
      vertex   8.148201e+01 4.303800e+01 -4.700000e+01
      vertex   8.159696e+01 4.330449e+01 -4.700000e+01
    endloop
  endfacet
  facet normal 8.021232e-01 -5.971586e-01 0.000000e+00
    outer loop
      vertex   8.159696e+01 4.330449e+01 -4.550000e+01
      vertex   8.159696e+01 4.330449e+01 -4.700000e+01
      vertex   8.177027e+01 4.353729e+01 -4.550000e+01
    endloop
  endfacet
  facet normal 8.021232e-01 -5.971586e-01 0.000000e+00
    outer loop
      vertex   8.177027e+01 4.353729e+01 -4.550000e+01
      vertex   8.159696e+01 4.330449e+01 -4.700000e+01
      vertex   8.177027e+01 4.353729e+01 -4.700000e+01
    endloop
  endfacet
  facet normal 6.427876e-01 -7.660444e-01 0.000000e+00
    outer loop
      vertex   8.177027e+01 4.353729e+01 -4.550000e+01
      vertex   8.177027e+01 4.353729e+01 -4.700000e+01
      vertex   8.199261e+01 4.372385e+01 -4.550000e+01
    endloop
  endfacet
  facet normal 6.427876e-01 -7.660444e-01 0.000000e+00
    outer loop
      vertex   8.199261e+01 4.372385e+01 -4.550000e+01
      vertex   8.177027e+01 4.353729e+01 -4.700000e+01
      vertex   8.199261e+01 4.372385e+01 -4.700000e+01
    endloop
  endfacet
  facet normal 4.487992e-01 -8.936326e-01 0.000000e+00
    outer loop
      vertex   8.199261e+01 4.372385e+01 -4.550000e+01
      vertex   8.199261e+01 4.372385e+01 -4.700000e+01
      vertex   8.225197e+01 4.385411e+01 -4.550000e+01
    endloop
  endfacet
  facet normal 4.487992e-01 -8.936326e-01 0.000000e+00
    outer loop
      vertex   8.225197e+01 4.385411e+01 -4.550000e+01
      vertex   8.199261e+01 4.372385e+01 -4.700000e+01
      vertex   8.225197e+01 4.385411e+01 -4.700000e+01
    endloop
  endfacet
  facet normal 2.306159e-01 -9.730449e-01 0.000000e+00
    outer loop
      vertex   8.225197e+01 4.385411e+01 -4.550000e+01
      vertex   8.225197e+01 4.385411e+01 -4.700000e+01
      vertex   8.253438e+01 4.392104e+01 -4.550000e+01
    endloop
  endfacet
  facet normal 2.306159e-01 -9.730449e-01 0.000000e+00
    outer loop
      vertex   8.253438e+01 4.392104e+01 -4.550000e+01
      vertex   8.225197e+01 4.385411e+01 -4.700000e+01
      vertex   8.253438e+01 4.392104e+01 -4.700000e+01
    endloop
  endfacet
  facet normal 0.000000e+00 -1.000000e+00 0.000000e+00
    outer loop
      vertex   8.253438e+01 4.392104e+01 -4.550000e+01
      vertex   8.253438e+01 4.392104e+01 -4.700000e+01
      vertex   8.282461e+01 4.392104e+01 -4.550000e+01
    endloop
  endfacet
  facet normal 0.000000e+00 -1.000000e+00 -0.000000e+00
    outer loop
      vertex   8.282461e+01 4.392104e+01 -4.550000e+01
      vertex   8.253438e+01 4.392104e+01 -4.700000e+01
      vertex   8.282461e+01 4.392104e+01 -4.700000e+01
    endloop
  endfacet
  facet normal -2.306159e-01 -9.730449e-01 -0.000000e+00
    outer loop
      vertex   8.282461e+01 4.392104e+01 -4.550000e+01
      vertex   8.282461e+01 4.392104e+01 -4.700000e+01
      vertex   8.310702e+01 4.385411e+01 -4.550000e+01
    endloop
  endfacet
  facet normal -2.306159e-01 -9.730449e-01 -0.000000e+00
    outer loop
      vertex   8.310702e+01 4.385411e+01 -4.550000e+01
      vertex   8.282461e+01 4.392104e+01 -4.700000e+01
      vertex   8.310702e+01 4.385411e+01 -4.700000e+01
    endloop
  endfacet
  facet normal -4.487992e-01 -8.936326e-01 -0.000000e+00
    outer loop
      vertex   8.310702e+01 4.385411e+01 -4.550000e+01
      vertex   8.310702e+01 4.385411e+01 -4.700000e+01
      vertex   8.336638e+01 4.372385e+01 -4.550000e+01
    endloop
  endfacet
  facet normal -4.487992e-01 -8.936326e-01 -0.000000e+00
    outer loop
      vertex   8.336638e+01 4.372385e+01 -4.550000e+01
      vertex   8.310702e+01 4.385411e+01 -4.700000e+01
      vertex   8.336638e+01 4.372385e+01 -4.700000e+01
    endloop
  endfacet
  facet normal -6.427876e-01 -7.660444e-01 -0.000000e+00
    outer loop
      vertex   8.336638e+01 4.372385e+01 -4.550000e+01
      vertex   8.336638e+01 4.372385e+01 -4.700000e+01
      vertex   8.358871e+01 4.353729e+01 -4.550000e+01
    endloop
  endfacet
  facet normal -6.427876e-01 -7.660444e-01 -0.000000e+00
    outer loop
      vertex   8.358871e+01 4.353729e+01 -4.550000e+01
      vertex   8.336638e+01 4.372385e+01 -4.700000e+01
      vertex   8.358871e+01 4.353729e+01 -4.700000e+01
    endloop
  endfacet
  facet normal -9.932384e-01 -1.160929e-01 -0.000000e+00
    outer loop
      vertex   8.121631e+01 4.760878e+01 -4.550000e+01
      vertex   8.121631e+01 4.760878e+01 -4.700000e+01
      vertex   8.125000e+01 4.732051e+01 -4.550000e+01
    endloop
  endfacet
  facet normal -9.932384e-01 -1.160929e-01 -0.000000e+00
    outer loop
      vertex   8.125000e+01 4.732051e+01 -4.550000e+01
      vertex   8.121631e+01 4.760878e+01 -4.700000e+01
      vertex   8.125000e+01 4.732051e+01 -4.700000e+01
    endloop
  endfacet
  facet normal -9.932384e-01 1.160929e-01 0.000000e+00
    outer loop
      vertex   8.125000e+01 4.732051e+01 -4.550000e+01
      vertex   8.125000e+01 4.732051e+01 -4.700000e+01
      vertex   8.121631e+01 4.703224e+01 -4.550000e+01
    endloop
  endfacet
  facet normal -9.932384e-01 1.160929e-01 0.000000e+00
    outer loop
      vertex   8.121631e+01 4.703224e+01 -4.550000e+01
      vertex   8.125000e+01 4.732051e+01 -4.700000e+01
      vertex   8.121631e+01 4.703224e+01 -4.700000e+01
    endloop
  endfacet
  facet normal -9.396926e-01 3.420201e-01 0.000000e+00
    outer loop
      vertex   8.121631e+01 4.703224e+01 -4.550000e+01
      vertex   8.121631e+01 4.703224e+01 -4.700000e+01
      vertex   8.111704e+01 4.675951e+01 -4.550000e+01
    endloop
  endfacet
  facet normal -9.396926e-01 3.420201e-01 0.000000e+00
    outer loop
      vertex   8.111704e+01 4.675951e+01 -4.550000e+01
      vertex   8.121631e+01 4.703224e+01 -4.700000e+01
      vertex   8.111704e+01 4.675951e+01 -4.700000e+01
    endloop
  endfacet
  facet normal -8.354878e-01 5.495090e-01 0.000000e+00
    outer loop
      vertex   8.111704e+01 4.675951e+01 -4.550000e+01
      vertex   8.111704e+01 4.675951e+01 -4.700000e+01
      vertex   8.095756e+01 4.651702e+01 -4.550000e+01
    endloop
  endfacet
  facet normal -8.354878e-01 5.495090e-01 0.000000e+00
    outer loop
      vertex   8.095756e+01 4.651702e+01 -4.550000e+01
      vertex   8.111704e+01 4.675951e+01 -4.700000e+01
      vertex   8.095756e+01 4.651702e+01 -4.700000e+01
    endloop
  endfacet
  facet normal -6.862416e-01 7.273736e-01 0.000000e+00
    outer loop
      vertex   8.095756e+01 4.651702e+01 -4.550000e+01
      vertex   8.095756e+01 4.651702e+01 -4.700000e+01
      vertex   8.074645e+01 4.631785e+01 -4.550000e+01
    endloop
  endfacet
  facet normal -6.862416e-01 7.273736e-01 0.000000e+00
    outer loop
      vertex   8.074645e+01 4.631785e+01 -4.550000e+01
      vertex   8.095756e+01 4.651702e+01 -4.700000e+01
      vertex   8.074645e+01 4.631785e+01 -4.700000e+01
    endloop
  endfacet
  facet normal -5.000000e-01 8.660254e-01 0.000000e+00
    outer loop
      vertex   8.074645e+01 4.631785e+01 -4.550000e+01
      vertex   8.074645e+01 4.631785e+01 -4.700000e+01
      vertex   8.049510e+01 4.617274e+01 -4.550000e+01
    endloop
  endfacet
  facet normal -5.000000e-01 8.660254e-01 0.000000e+00
    outer loop
      vertex   8.049510e+01 4.617274e+01 -4.550000e+01
      vertex   8.074645e+01 4.631785e+01 -4.700000e+01
      vertex   8.049510e+01 4.617274e+01 -4.700000e+01
    endloop
  endfacet
  facet normal -2.868032e-01 9.579895e-01 0.000000e+00
    outer loop
      vertex   8.049510e+01 4.617274e+01 -4.550000e+01
      vertex   8.049510e+01 4.617274e+01 -4.700000e+01
      vertex   8.021706e+01 4.608950e+01 -4.550000e+01
    endloop
  endfacet
  facet normal -2.868032e-01 9.579895e-01 0.000000e+00
    outer loop
      vertex   8.021706e+01 4.608950e+01 -4.550000e+01
      vertex   8.049510e+01 4.617274e+01 -4.700000e+01
      vertex   8.021706e+01 4.608950e+01 -4.700000e+01
    endloop
  endfacet
  facet normal -5.814483e-02 9.983082e-01 0.000000e+00
    outer loop
      vertex   8.021706e+01 4.608950e+01 -4.550000e+01
      vertex   8.021706e+01 4.608950e+01 -4.700000e+01
      vertex   7.992732e+01 4.607262e+01 -4.550000e+01
    endloop
  endfacet
  facet normal -5.814483e-02 9.983082e-01 0.000000e+00
    outer loop
      vertex   7.992732e+01 4.607262e+01 -4.550000e+01
      vertex   8.021706e+01 4.608950e+01 -4.700000e+01
      vertex   7.992732e+01 4.607262e+01 -4.700000e+01
    endloop
  endfacet
  facet normal 1.736482e-01 9.848078e-01 0.000000e+00
    outer loop
      vertex   7.992732e+01 4.607262e+01 -4.550000e+01
      vertex   7.992732e+01 4.607262e+01 -4.700000e+01
      vertex   7.964150e+01 4.612302e+01 -4.550000e+01
    endloop
  endfacet
  facet normal 1.736482e-01 9.848078e-01 0.000000e+00
    outer loop
      vertex   7.964150e+01 4.612302e+01 -4.550000e+01
      vertex   7.992732e+01 4.607262e+01 -4.700000e+01
      vertex   7.964150e+01 4.612302e+01 -4.700000e+01
    endloop
  endfacet
  facet normal 3.960798e-01 9.182161e-01 0.000000e+00
    outer loop
      vertex   7.964150e+01 4.612302e+01 -4.550000e+01
      vertex   7.964150e+01 4.612302e+01 -4.700000e+01
      vertex   7.937500e+01 4.623798e+01 -4.550000e+01
    endloop
  endfacet
  facet normal 3.960798e-01 9.182161e-01 0.000000e+00
    outer loop
      vertex   7.937500e+01 4.623798e+01 -4.550000e+01
      vertex   7.964150e+01 4.612302e+01 -4.700000e+01
      vertex   7.937500e+01 4.623798e+01 -4.700000e+01
    endloop
  endfacet
  facet normal 5.971586e-01 8.021232e-01 0.000000e+00
    outer loop
      vertex   7.937500e+01 4.623798e+01 -4.550000e+01
      vertex   7.937500e+01 4.623798e+01 -4.700000e+01
      vertex   7.914220e+01 4.641129e+01 -4.550000e+01
    endloop
  endfacet
  facet normal 5.971586e-01 8.021232e-01 0.000000e+00
    outer loop
      vertex   7.914220e+01 4.641129e+01 -4.550000e+01
      vertex   7.937500e+01 4.623798e+01 -4.700000e+01
      vertex   7.914220e+01 4.641129e+01 -4.700000e+01
    endloop
  endfacet
  facet normal 7.660444e-01 6.427876e-01 0.000000e+00
    outer loop
      vertex   7.914220e+01 4.641129e+01 -4.550000e+01
      vertex   7.914220e+01 4.641129e+01 -4.700000e+01
      vertex   7.895564e+01 4.663362e+01 -4.550000e+01
    endloop
  endfacet
  facet normal 7.660444e-01 6.427876e-01 0.000000e+00
    outer loop
      vertex   7.895564e+01 4.663362e+01 -4.550000e+01
      vertex   7.914220e+01 4.641129e+01 -4.700000e+01
      vertex   7.895564e+01 4.663362e+01 -4.700000e+01
    endloop
  endfacet
  facet normal 8.936326e-01 4.487992e-01 0.000000e+00
    outer loop
      vertex   7.895564e+01 4.663362e+01 -4.550000e+01
      vertex   7.895564e+01 4.663362e+01 -4.700000e+01
      vertex   7.882538e+01 4.689298e+01 -4.550000e+01
    endloop
  endfacet
  facet normal 8.936326e-01 4.487992e-01 0.000000e+00
    outer loop
      vertex   7.882538e+01 4.689298e+01 -4.550000e+01
      vertex   7.895564e+01 4.663362e+01 -4.700000e+01
      vertex   7.882538e+01 4.689298e+01 -4.700000e+01
    endloop
  endfacet
  facet normal 9.730449e-01 2.306159e-01 0.000000e+00
    outer loop
      vertex   7.882538e+01 4.689298e+01 -4.550000e+01
      vertex   7.882538e+01 4.689298e+01 -4.700000e+01
      vertex   7.875845e+01 4.717539e+01 -4.550000e+01
    endloop
  endfacet
  facet normal 9.730449e-01 2.306159e-01 0.000000e+00
    outer loop
      vertex   7.875845e+01 4.717539e+01 -4.550000e+01
      vertex   7.882538e+01 4.689298e+01 -4.700000e+01
      vertex   7.875845e+01 4.717539e+01 -4.700000e+01
    endloop
  endfacet
  facet normal 1.000000e+00 -0.000000e+00 0.000000e+00
    outer loop
      vertex   7.875845e+01 4.717539e+01 -4.550000e+01
      vertex   7.875845e+01 4.717539e+01 -4.700000e+01
      vertex   7.875845e+01 4.746562e+01 -4.550000e+01
    endloop
  endfacet
  facet normal 1.000000e+00 0.000000e+00 0.000000e+00
    outer loop
      vertex   7.875845e+01 4.746562e+01 -4.550000e+01
      vertex   7.875845e+01 4.717539e+01 -4.700000e+01
      vertex   7.875845e+01 4.746562e+01 -4.700000e+01
    endloop
  endfacet
  facet normal 9.730449e-01 -2.306159e-01 0.000000e+00
    outer loop
      vertex   7.875845e+01 4.746562e+01 -4.550000e+01
      vertex   7.875845e+01 4.746562e+01 -4.700000e+01
      vertex   7.882538e+01 4.774803e+01 -4.550000e+01
    endloop
  endfacet
  facet normal 9.730449e-01 -2.306159e-01 0.000000e+00
    outer loop
      vertex   7.882538e+01 4.774803e+01 -4.550000e+01
      vertex   7.875845e+01 4.746562e+01 -4.700000e+01
      vertex   7.882538e+01 4.774803e+01 -4.700000e+01
    endloop
  endfacet
  facet normal 8.936326e-01 -4.487992e-01 0.000000e+00
    outer loop
      vertex   7.882538e+01 4.774803e+01 -4.550000e+01
      vertex   7.882538e+01 4.774803e+01 -4.700000e+01
      vertex   7.895564e+01 4.800739e+01 -4.550000e+01
    endloop
  endfacet
  facet normal 8.936326e-01 -4.487992e-01 0.000000e+00
    outer loop
      vertex   7.895564e+01 4.800739e+01 -4.550000e+01
      vertex   7.882538e+01 4.774803e+01 -4.700000e+01
      vertex   7.895564e+01 4.800739e+01 -4.700000e+01
    endloop
  endfacet
  facet normal 7.660444e-01 -6.427876e-01 0.000000e+00
    outer loop
      vertex   7.895564e+01 4.800739e+01 -4.550000e+01
      vertex   7.895564e+01 4.800739e+01 -4.700000e+01
      vertex   7.914220e+01 4.822973e+01 -4.550000e+01
    endloop
  endfacet
  facet normal 7.660444e-01 -6.427876e-01 0.000000e+00
    outer loop
      vertex   7.914220e+01 4.822973e+01 -4.550000e+01
      vertex   7.895564e+01 4.800739e+01 -4.700000e+01
      vertex   7.914220e+01 4.822973e+01 -4.700000e+01
    endloop
  endfacet
  facet normal 5.971586e-01 -8.021232e-01 0.000000e+00
    outer loop
      vertex   7.914220e+01 4.822973e+01 -4.550000e+01
      vertex   7.914220e+01 4.822973e+01 -4.700000e+01
      vertex   7.937500e+01 4.840304e+01 -4.550000e+01
    endloop
  endfacet
  facet normal 5.971586e-01 -8.021232e-01 0.000000e+00
    outer loop
      vertex   7.937500e+01 4.840304e+01 -4.550000e+01
      vertex   7.914220e+01 4.822973e+01 -4.700000e+01
      vertex   7.937500e+01 4.840304e+01 -4.700000e+01
    endloop
  endfacet
  facet normal 3.960798e-01 -9.182161e-01 0.000000e+00
    outer loop
      vertex   7.937500e+01 4.840304e+01 -4.550000e+01
      vertex   7.937500e+01 4.840304e+01 -4.700000e+01
      vertex   7.964150e+01 4.851799e+01 -4.550000e+01
    endloop
  endfacet
  facet normal 3.960798e-01 -9.182161e-01 0.000000e+00
    outer loop
      vertex   7.964150e+01 4.851799e+01 -4.550000e+01
      vertex   7.937500e+01 4.840304e+01 -4.700000e+01
      vertex   7.964150e+01 4.851799e+01 -4.700000e+01
    endloop
  endfacet
  facet normal 1.736482e-01 -9.848078e-01 0.000000e+00
    outer loop
      vertex   7.964150e+01 4.851799e+01 -4.550000e+01
      vertex   7.964150e+01 4.851799e+01 -4.700000e+01
      vertex   7.992732e+01 4.856839e+01 -4.550000e+01
    endloop
  endfacet
  facet normal 1.736482e-01 -9.848078e-01 0.000000e+00
    outer loop
      vertex   7.992732e+01 4.856839e+01 -4.550000e+01
      vertex   7.964150e+01 4.851799e+01 -4.700000e+01
      vertex   7.992732e+01 4.856839e+01 -4.700000e+01
    endloop
  endfacet
  facet normal -5.814483e-02 -9.983082e-01 -0.000000e+00
    outer loop
      vertex   7.992732e+01 4.856839e+01 -4.550000e+01
      vertex   7.992732e+01 4.856839e+01 -4.700000e+01
      vertex   8.021706e+01 4.855152e+01 -4.550000e+01
    endloop
  endfacet
  facet normal -5.814483e-02 -9.983082e-01 -0.000000e+00
    outer loop
      vertex   8.021706e+01 4.855152e+01 -4.550000e+01
      vertex   7.992732e+01 4.856839e+01 -4.700000e+01
      vertex   8.021706e+01 4.855152e+01 -4.700000e+01
    endloop
  endfacet
  facet normal -2.868032e-01 -9.579895e-01 -0.000000e+00
    outer loop
      vertex   8.021706e+01 4.855152e+01 -4.550000e+01
      vertex   8.021706e+01 4.855152e+01 -4.700000e+01
      vertex   8.049510e+01 4.846828e+01 -4.550000e+01
    endloop
  endfacet
  facet normal -2.868032e-01 -9.579895e-01 -0.000000e+00
    outer loop
      vertex   8.049510e+01 4.846828e+01 -4.550000e+01
      vertex   8.021706e+01 4.855152e+01 -4.700000e+01
      vertex   8.049510e+01 4.846828e+01 -4.700000e+01
    endloop
  endfacet
  facet normal -5.000000e-01 -8.660254e-01 -0.000000e+00
    outer loop
      vertex   8.049510e+01 4.846828e+01 -4.550000e+01
      vertex   8.049510e+01 4.846828e+01 -4.700000e+01
      vertex   8.074645e+01 4.832316e+01 -4.550000e+01
    endloop
  endfacet
  facet normal -5.000000e-01 -8.660254e-01 -0.000000e+00
    outer loop
      vertex   8.074645e+01 4.832316e+01 -4.550000e+01
      vertex   8.049510e+01 4.846828e+01 -4.700000e+01
      vertex   8.074645e+01 4.832316e+01 -4.700000e+01
    endloop
  endfacet
  facet normal -6.862416e-01 -7.273736e-01 -0.000000e+00
    outer loop
      vertex   8.074645e+01 4.832316e+01 -4.550000e+01
      vertex   8.074645e+01 4.832316e+01 -4.700000e+01
      vertex   8.095756e+01 4.812399e+01 -4.550000e+01
    endloop
  endfacet
  facet normal -6.862416e-01 -7.273736e-01 -0.000000e+00
    outer loop
      vertex   8.095756e+01 4.812399e+01 -4.550000e+01
      vertex   8.074645e+01 4.832316e+01 -4.700000e+01
      vertex   8.095756e+01 4.812399e+01 -4.700000e+01
    endloop
  endfacet
  facet normal -8.354878e-01 -5.495090e-01 -0.000000e+00
    outer loop
      vertex   8.095756e+01 4.812399e+01 -4.550000e+01
      vertex   8.095756e+01 4.812399e+01 -4.700000e+01
      vertex   8.111704e+01 4.788151e+01 -4.550000e+01
    endloop
  endfacet
  facet normal -8.354878e-01 -5.495090e-01 -0.000000e+00
    outer loop
      vertex   8.111704e+01 4.788151e+01 -4.550000e+01
      vertex   8.095756e+01 4.812399e+01 -4.700000e+01
      vertex   8.111704e+01 4.788151e+01 -4.700000e+01
    endloop
  endfacet
  facet normal -9.396926e-01 -3.420201e-01 -0.000000e+00
    outer loop
      vertex   8.111704e+01 4.788151e+01 -4.550000e+01
      vertex   8.111704e+01 4.788151e+01 -4.700000e+01
      vertex   8.121631e+01 4.760878e+01 -4.550000e+01
    endloop
  endfacet
  facet normal -9.396926e-01 -3.420201e-01 -0.000000e+00
    outer loop
      vertex   8.121631e+01 4.760878e+01 -4.550000e+01
      vertex   8.111704e+01 4.788151e+01 -4.700000e+01
      vertex   8.121631e+01 4.760878e+01 -4.700000e+01
    endloop
  endfacet
  facet normal -9.182161e-01 3.960798e-01 0.000000e+00
    outer loop
      vertex   8.119749e+01 5.232099e+01 -4.550000e+01
      vertex   8.119749e+01 5.232099e+01 -4.700000e+01
      vertex   8.108253e+01 5.205449e+01 -4.550000e+01
    endloop
  endfacet
  facet normal -9.182161e-01 3.960798e-01 0.000000e+00
    outer loop
      vertex   8.108253e+01 5.205449e+01 -4.550000e+01
      vertex   8.119749e+01 5.232099e+01 -4.700000e+01
      vertex   8.108253e+01 5.205449e+01 -4.700000e+01
    endloop
  endfacet
  facet normal -8.021232e-01 5.971586e-01 0.000000e+00
    outer loop
      vertex   8.108253e+01 5.205449e+01 -4.550000e+01
      vertex   8.108253e+01 5.205449e+01 -4.700000e+01
      vertex   8.090922e+01 5.182169e+01 -4.550000e+01
    endloop
  endfacet
  facet normal -8.021232e-01 5.971586e-01 0.000000e+00
    outer loop
      vertex   8.090922e+01 5.182169e+01 -4.550000e+01
      vertex   8.108253e+01 5.205449e+01 -4.700000e+01
      vertex   8.090922e+01 5.182169e+01 -4.700000e+01
    endloop
  endfacet
  facet normal -6.427876e-01 7.660444e-01 0.000000e+00
    outer loop
      vertex   8.090922e+01 5.182169e+01 -4.550000e+01
      vertex   8.090922e+01 5.182169e+01 -4.700000e+01
      vertex   8.068689e+01 5.163513e+01 -4.550000e+01
    endloop
  endfacet
  facet normal -6.427876e-01 7.660444e-01 0.000000e+00
    outer loop
      vertex   8.068689e+01 5.163513e+01 -4.550000e+01
      vertex   8.090922e+01 5.182169e+01 -4.700000e+01
      vertex   8.068689e+01 5.163513e+01 -4.700000e+01
    endloop
  endfacet
  facet normal -4.487992e-01 8.936326e-01 0.000000e+00
    outer loop
      vertex   8.068689e+01 5.163513e+01 -4.550000e+01
      vertex   8.068689e+01 5.163513e+01 -4.700000e+01
      vertex   8.042753e+01 5.150488e+01 -4.550000e+01
    endloop
  endfacet
  facet normal -4.487992e-01 8.936326e-01 0.000000e+00
    outer loop
      vertex   8.042753e+01 5.150488e+01 -4.550000e+01
      vertex   8.068689e+01 5.163513e+01 -4.700000e+01
      vertex   8.042753e+01 5.150488e+01 -4.700000e+01
    endloop
  endfacet
  facet normal -2.306159e-01 9.730449e-01 0.000000e+00
    outer loop
      vertex   8.042753e+01 5.150488e+01 -4.550000e+01
      vertex   8.042753e+01 5.150488e+01 -4.700000e+01
      vertex   8.014512e+01 5.143794e+01 -4.550000e+01
    endloop
  endfacet
  facet normal -2.306159e-01 9.730449e-01 0.000000e+00
    outer loop
      vertex   8.014512e+01 5.143794e+01 -4.550000e+01
      vertex   8.042753e+01 5.150488e+01 -4.700000e+01
      vertex   8.014512e+01 5.143794e+01 -4.700000e+01
    endloop
  endfacet
  facet normal 0.000000e+00 1.000000e+00 0.000000e+00
    outer loop
      vertex   8.014512e+01 5.143794e+01 -4.550000e+01
      vertex   8.014512e+01 5.143794e+01 -4.700000e+01
      vertex   7.985488e+01 5.143794e+01 -4.550000e+01
    endloop
  endfacet
  facet normal 0.000000e+00 1.000000e+00 0.000000e+00
    outer loop
      vertex   7.985488e+01 5.143794e+01 -4.550000e+01
      vertex   8.014512e+01 5.143794e+01 -4.700000e+01
      vertex   7.985488e+01 5.143794e+01 -4.700000e+01
    endloop
  endfacet
  facet normal 2.306159e-01 9.730449e-01 0.000000e+00
    outer loop
      vertex   7.985488e+01 5.143794e+01 -4.550000e+01
      vertex   7.985488e+01 5.143794e+01 -4.700000e+01
      vertex   7.957247e+01 5.150488e+01 -4.550000e+01
    endloop
  endfacet
  facet normal 2.306159e-01 9.730449e-01 0.000000e+00
    outer loop
      vertex   7.957247e+01 5.150488e+01 -4.550000e+01
      vertex   7.985488e+01 5.143794e+01 -4.700000e+01
      vertex   7.957247e+01 5.150488e+01 -4.700000e+01
    endloop
  endfacet
  facet normal 4.487992e-01 8.936326e-01 0.000000e+00
    outer loop
      vertex   7.957247e+01 5.150488e+01 -4.550000e+01
      vertex   7.957247e+01 5.150488e+01 -4.700000e+01
      vertex   7.931311e+01 5.163513e+01 -4.550000e+01
    endloop
  endfacet
  facet normal 4.487992e-01 8.936326e-01 0.000000e+00
    outer loop
      vertex   7.931311e+01 5.163513e+01 -4.550000e+01
      vertex   7.957247e+01 5.150488e+01 -4.700000e+01
      vertex   7.931311e+01 5.163513e+01 -4.700000e+01
    endloop
  endfacet
  facet normal 6.427876e-01 7.660444e-01 0.000000e+00
    outer loop
      vertex   7.931311e+01 5.163513e+01 -4.550000e+01
      vertex   7.931311e+01 5.163513e+01 -4.700000e+01
      vertex   7.909078e+01 5.182169e+01 -4.550000e+01
    endloop
  endfacet
  facet normal 6.427876e-01 7.660444e-01 0.000000e+00
    outer loop
      vertex   7.909078e+01 5.182169e+01 -4.550000e+01
      vertex   7.931311e+01 5.163513e+01 -4.700000e+01
      vertex   7.909078e+01 5.182169e+01 -4.700000e+01
    endloop
  endfacet
  facet normal 8.021232e-01 5.971586e-01 0.000000e+00
    outer loop
      vertex   7.909078e+01 5.182169e+01 -4.550000e+01
      vertex   7.909078e+01 5.182169e+01 -4.700000e+01
      vertex   7.891747e+01 5.205449e+01 -4.550000e+01
    endloop
  endfacet
  facet normal 8.021232e-01 5.971586e-01 0.000000e+00
    outer loop
      vertex   7.891747e+01 5.205449e+01 -4.550000e+01
      vertex   7.909078e+01 5.182169e+01 -4.700000e+01
      vertex   7.891747e+01 5.205449e+01 -4.700000e+01
    endloop
  endfacet
  facet normal 9.182161e-01 3.960798e-01 0.000000e+00
    outer loop
      vertex   7.891747e+01 5.205449e+01 -4.550000e+01
      vertex   7.891747e+01 5.205449e+01 -4.700000e+01
      vertex   7.880251e+01 5.232099e+01 -4.550000e+01
    endloop
  endfacet
  facet normal 9.182161e-01 3.960798e-01 0.000000e+00
    outer loop
      vertex   7.880251e+01 5.232099e+01 -4.550000e+01
      vertex   7.891747e+01 5.205449e+01 -4.700000e+01
      vertex   7.880251e+01 5.232099e+01 -4.700000e+01
    endloop
  endfacet
  facet normal 9.848078e-01 1.736482e-01 0.000000e+00
    outer loop
      vertex   7.880251e+01 5.232099e+01 -4.550000e+01
      vertex   7.880251e+01 5.232099e+01 -4.700000e+01
      vertex   7.875211e+01 5.260681e+01 -4.550000e+01
    endloop
  endfacet
  facet normal 9.848078e-01 1.736482e-01 0.000000e+00
    outer loop
      vertex   7.875211e+01 5.260681e+01 -4.550000e+01
      vertex   7.880251e+01 5.232099e+01 -4.700000e+01
      vertex   7.875211e+01 5.260681e+01 -4.700000e+01
    endloop
  endfacet
  facet normal 9.983082e-01 -5.814483e-02 0.000000e+00
    outer loop
      vertex   7.875211e+01 5.260681e+01 -4.550000e+01
      vertex   7.875211e+01 5.260681e+01 -4.700000e+01
      vertex   7.876899e+01 5.289655e+01 -4.550000e+01
    endloop
  endfacet
  facet normal 9.983082e-01 -5.814483e-02 0.000000e+00
    outer loop
      vertex   7.876899e+01 5.289655e+01 -4.550000e+01
      vertex   7.875211e+01 5.260681e+01 -4.700000e+01
      vertex   7.876899e+01 5.289655e+01 -4.700000e+01
    endloop
  endfacet
  facet normal 9.579895e-01 -2.868032e-01 0.000000e+00
    outer loop
      vertex   7.876899e+01 5.289655e+01 -4.550000e+01
      vertex   7.876899e+01 5.289655e+01 -4.700000e+01
      vertex   7.885223e+01 5.317459e+01 -4.550000e+01
    endloop
  endfacet
  facet normal 9.579895e-01 -2.868032e-01 0.000000e+00
    outer loop
      vertex   7.885223e+01 5.317459e+01 -4.550000e+01
      vertex   7.876899e+01 5.289655e+01 -4.700000e+01
      vertex   7.885223e+01 5.317459e+01 -4.700000e+01
    endloop
  endfacet
  facet normal 8.660254e-01 -5.000000e-01 0.000000e+00
    outer loop
      vertex   7.885223e+01 5.317459e+01 -4.550000e+01
      vertex   7.885223e+01 5.317459e+01 -4.700000e+01
      vertex   7.899735e+01 5.342594e+01 -4.550000e+01
    endloop
  endfacet
  facet normal 8.660254e-01 -5.000000e-01 0.000000e+00
    outer loop
      vertex   7.899735e+01 5.342594e+01 -4.550000e+01
      vertex   7.885223e+01 5.317459e+01 -4.700000e+01
      vertex   7.899735e+01 5.342594e+01 -4.700000e+01
    endloop
  endfacet
  facet normal 7.273736e-01 -6.862416e-01 0.000000e+00
    outer loop
      vertex   7.899735e+01 5.342594e+01 -4.550000e+01
      vertex   7.899735e+01 5.342594e+01 -4.700000e+01
      vertex   7.919652e+01 5.363705e+01 -4.550000e+01
    endloop
  endfacet
  facet normal 7.273736e-01 -6.862416e-01 0.000000e+00
    outer loop
      vertex   7.919652e+01 5.363705e+01 -4.550000e+01
      vertex   7.899735e+01 5.342594e+01 -4.700000e+01
      vertex   7.919652e+01 5.363705e+01 -4.700000e+01
    endloop
  endfacet
  facet normal 5.495090e-01 -8.354878e-01 0.000000e+00
    outer loop
      vertex   7.919652e+01 5.363705e+01 -4.550000e+01
      vertex   7.919652e+01 5.363705e+01 -4.700000e+01
      vertex   7.943900e+01 5.379653e+01 -4.550000e+01
    endloop
  endfacet
  facet normal 5.495090e-01 -8.354878e-01 0.000000e+00
    outer loop
      vertex   7.943900e+01 5.379653e+01 -4.550000e+01
      vertex   7.919652e+01 5.363705e+01 -4.700000e+01
      vertex   7.943900e+01 5.379653e+01 -4.700000e+01
    endloop
  endfacet
  facet normal 3.420201e-01 -9.396926e-01 0.000000e+00
    outer loop
      vertex   7.943900e+01 5.379653e+01 -4.550000e+01
      vertex   7.943900e+01 5.379653e+01 -4.700000e+01
      vertex   7.971173e+01 5.389580e+01 -4.550000e+01
    endloop
  endfacet
  facet normal 3.420201e-01 -9.396926e-01 0.000000e+00
    outer loop
      vertex   7.971173e+01 5.389580e+01 -4.550000e+01
      vertex   7.943900e+01 5.379653e+01 -4.700000e+01
      vertex   7.971173e+01 5.389580e+01 -4.700000e+01
    endloop
  endfacet
  facet normal 1.160929e-01 -9.932384e-01 0.000000e+00
    outer loop
      vertex   7.971173e+01 5.389580e+01 -4.550000e+01
      vertex   7.971173e+01 5.389580e+01 -4.700000e+01
      vertex   8.000000e+01 5.392949e+01 -4.550000e+01
    endloop
  endfacet
  facet normal 1.160929e-01 -9.932384e-01 0.000000e+00
    outer loop
      vertex   8.000000e+01 5.392949e+01 -4.550000e+01
      vertex   7.971173e+01 5.389580e+01 -4.700000e+01
      vertex   8.000000e+01 5.392949e+01 -4.700000e+01
    endloop
  endfacet
  facet normal -1.160929e-01 -9.932384e-01 -0.000000e+00
    outer loop
      vertex   8.000000e+01 5.392949e+01 -4.550000e+01
      vertex   8.000000e+01 5.392949e+01 -4.700000e+01
      vertex   8.028827e+01 5.389580e+01 -4.550000e+01
    endloop
  endfacet
  facet normal -1.160929e-01 -9.932384e-01 -0.000000e+00
    outer loop
      vertex   8.028827e+01 5.389580e+01 -4.550000e+01
      vertex   8.000000e+01 5.392949e+01 -4.700000e+01
      vertex   8.028827e+01 5.389580e+01 -4.700000e+01
    endloop
  endfacet
  facet normal -3.420201e-01 -9.396926e-01 -0.000000e+00
    outer loop
      vertex   8.028827e+01 5.389580e+01 -4.550000e+01
      vertex   8.028827e+01 5.389580e+01 -4.700000e+01
      vertex   8.056100e+01 5.379653e+01 -4.550000e+01
    endloop
  endfacet
  facet normal -3.420201e-01 -9.396926e-01 -0.000000e+00
    outer loop
      vertex   8.056100e+01 5.379653e+01 -4.550000e+01
      vertex   8.028827e+01 5.389580e+01 -4.700000e+01
      vertex   8.056100e+01 5.379653e+01 -4.700000e+01
    endloop
  endfacet
  facet normal -5.495090e-01 -8.354878e-01 -0.000000e+00
    outer loop
      vertex   8.056100e+01 5.379653e+01 -4.550000e+01
      vertex   8.056100e+01 5.379653e+01 -4.700000e+01
      vertex   8.080348e+01 5.363705e+01 -4.550000e+01
    endloop
  endfacet
  facet normal -5.495090e-01 -8.354878e-01 -0.000000e+00
    outer loop
      vertex   8.080348e+01 5.363705e+01 -4.550000e+01
      vertex   8.056100e+01 5.379653e+01 -4.700000e+01
      vertex   8.080348e+01 5.363705e+01 -4.700000e+01
    endloop
  endfacet
  facet normal -7.273736e-01 -6.862416e-01 -0.000000e+00
    outer loop
      vertex   8.080348e+01 5.363705e+01 -4.550000e+01
      vertex   8.080348e+01 5.363705e+01 -4.700000e+01
      vertex   8.100265e+01 5.342594e+01 -4.550000e+01
    endloop
  endfacet
  facet normal -7.273736e-01 -6.862416e-01 -0.000000e+00
    outer loop
      vertex   8.100265e+01 5.342594e+01 -4.550000e+01
      vertex   8.080348e+01 5.363705e+01 -4.700000e+01
      vertex   8.100265e+01 5.342594e+01 -4.700000e+01
    endloop
  endfacet
  facet normal -8.660254e-01 -5.000000e-01 -0.000000e+00
    outer loop
      vertex   8.100265e+01 5.342594e+01 -4.550000e+01
      vertex   8.100265e+01 5.342594e+01 -4.700000e+01
      vertex   8.114777e+01 5.317459e+01 -4.550000e+01
    endloop
  endfacet
  facet normal -8.660254e-01 -5.000000e-01 -0.000000e+00
    outer loop
      vertex   8.114777e+01 5.317459e+01 -4.550000e+01
      vertex   8.100265e+01 5.342594e+01 -4.700000e+01
      vertex   8.114777e+01 5.317459e+01 -4.700000e+01
    endloop
  endfacet
  facet normal -9.579895e-01 -2.868032e-01 -0.000000e+00
    outer loop
      vertex   8.114777e+01 5.317459e+01 -4.550000e+01
      vertex   8.114777e+01 5.317459e+01 -4.700000e+01
      vertex   8.123101e+01 5.289655e+01 -4.550000e+01
    endloop
  endfacet
  facet normal -9.579895e-01 -2.868032e-01 -0.000000e+00
    outer loop
      vertex   8.123101e+01 5.289655e+01 -4.550000e+01
      vertex   8.114777e+01 5.317459e+01 -4.700000e+01
      vertex   8.123101e+01 5.289655e+01 -4.700000e+01
    endloop
  endfacet
  facet normal -9.983082e-01 -5.814483e-02 -0.000000e+00
    outer loop
      vertex   8.123101e+01 5.289655e+01 -4.550000e+01
      vertex   8.123101e+01 5.289655e+01 -4.700000e+01
      vertex   8.124789e+01 5.260681e+01 -4.550000e+01
    endloop
  endfacet
  facet normal -9.983082e-01 -5.814483e-02 -0.000000e+00
    outer loop
      vertex   8.124789e+01 5.260681e+01 -4.550000e+01
      vertex   8.123101e+01 5.289655e+01 -4.700000e+01
      vertex   8.124789e+01 5.260681e+01 -4.700000e+01
    endloop
  endfacet
  facet normal -9.848078e-01 1.736482e-01 0.000000e+00
    outer loop
      vertex   8.124789e+01 5.260681e+01 -4.550000e+01
      vertex   8.124789e+01 5.260681e+01 -4.700000e+01
      vertex   8.119749e+01 5.232099e+01 -4.550000e+01
    endloop
  endfacet
  facet normal -9.848078e-01 1.736482e-01 0.000000e+00
    outer loop
      vertex   8.119749e+01 5.232099e+01 -4.550000e+01
      vertex   8.124789e+01 5.260681e+01 -4.700000e+01
      vertex   8.119749e+01 5.232099e+01 -4.700000e+01
    endloop
  endfacet
  facet normal -5.971586e-01 8.021232e-01 0.000000e+00
    outer loop
      vertex   8.353729e+01 5.641129e+01 -4.550000e+01
      vertex   8.353729e+01 5.641129e+01 -4.700000e+01
      vertex   8.330449e+01 5.623798e+01 -4.550000e+01
    endloop
  endfacet
  facet normal -5.971586e-01 8.021232e-01 0.000000e+00
    outer loop
      vertex   8.330449e+01 5.623798e+01 -4.550000e+01
      vertex   8.353729e+01 5.641129e+01 -4.700000e+01
      vertex   8.330449e+01 5.623798e+01 -4.700000e+01
    endloop
  endfacet
  facet normal -3.960798e-01 9.182161e-01 0.000000e+00
    outer loop
      vertex   8.330449e+01 5.623798e+01 -4.550000e+01
      vertex   8.330449e+01 5.623798e+01 -4.700000e+01
      vertex   8.303800e+01 5.612302e+01 -4.550000e+01
    endloop
  endfacet
  facet normal -3.960798e-01 9.182161e-01 0.000000e+00
    outer loop
      vertex   8.303800e+01 5.612302e+01 -4.550000e+01
      vertex   8.330449e+01 5.623798e+01 -4.700000e+01
      vertex   8.303800e+01 5.612302e+01 -4.700000e+01
    endloop
  endfacet
  facet normal -1.736482e-01 9.848078e-01 0.000000e+00
    outer loop
      vertex   8.303800e+01 5.612302e+01 -4.550000e+01
      vertex   8.303800e+01 5.612302e+01 -4.700000e+01
      vertex   8.275217e+01 5.607262e+01 -4.550000e+01
    endloop
  endfacet
  facet normal -1.736482e-01 9.848078e-01 0.000000e+00
    outer loop
      vertex   8.275217e+01 5.607262e+01 -4.550000e+01
      vertex   8.303800e+01 5.612302e+01 -4.700000e+01
      vertex   8.275217e+01 5.607262e+01 -4.700000e+01
    endloop
  endfacet
  facet normal 5.814483e-02 9.983082e-01 0.000000e+00
    outer loop
      vertex   8.275217e+01 5.607262e+01 -4.550000e+01
      vertex   8.275217e+01 5.607262e+01 -4.700000e+01
      vertex   8.246243e+01 5.608950e+01 -4.550000e+01
    endloop
  endfacet
  facet normal 5.814483e-02 9.983082e-01 0.000000e+00
    outer loop
      vertex   8.246243e+01 5.608950e+01 -4.550000e+01
      vertex   8.275217e+01 5.607262e+01 -4.700000e+01
      vertex   8.246243e+01 5.608950e+01 -4.700000e+01
    endloop
  endfacet
  facet normal 2.868032e-01 9.579895e-01 0.000000e+00
    outer loop
      vertex   8.246243e+01 5.608950e+01 -4.550000e+01
      vertex   8.246243e+01 5.608950e+01 -4.700000e+01
      vertex   8.218439e+01 5.617274e+01 -4.550000e+01
    endloop
  endfacet
  facet normal 2.868032e-01 9.579895e-01 0.000000e+00
    outer loop
      vertex   8.218439e+01 5.617274e+01 -4.550000e+01
      vertex   8.246243e+01 5.608950e+01 -4.700000e+01
      vertex   8.218439e+01 5.617274e+01 -4.700000e+01
    endloop
  endfacet
  facet normal 5.000000e-01 8.660254e-01 0.000000e+00
    outer loop
      vertex   8.218439e+01 5.617274e+01 -4.550000e+01
      vertex   8.218439e+01 5.617274e+01 -4.700000e+01
      vertex   8.193304e+01 5.631785e+01 -4.550000e+01
    endloop
  endfacet
  facet normal 5.000000e-01 8.660254e-01 0.000000e+00
    outer loop
      vertex   8.193304e+01 5.631785e+01 -4.550000e+01
      vertex   8.218439e+01 5.617274e+01 -4.700000e+01
      vertex   8.193304e+01 5.631785e+01 -4.700000e+01
    endloop
  endfacet
  facet normal 6.862416e-01 7.273736e-01 0.000000e+00
    outer loop
      vertex   8.193304e+01 5.631785e+01 -4.550000e+01
      vertex   8.193304e+01 5.631785e+01 -4.700000e+01
      vertex   8.172194e+01 5.651702e+01 -4.550000e+01
    endloop
  endfacet
  facet normal 6.862416e-01 7.273736e-01 0.000000e+00
    outer loop
      vertex   8.172194e+01 5.651702e+01 -4.550000e+01
      vertex   8.193304e+01 5.631785e+01 -4.700000e+01
      vertex   8.172194e+01 5.651702e+01 -4.700000e+01
    endloop
  endfacet
  facet normal 8.354878e-01 5.495090e-01 0.000000e+00
    outer loop
      vertex   8.172194e+01 5.651702e+01 -4.550000e+01
      vertex   8.172194e+01 5.651702e+01 -4.700000e+01
      vertex   8.156245e+01 5.675951e+01 -4.550000e+01
    endloop
  endfacet
  facet normal 8.354878e-01 5.495090e-01 0.000000e+00
    outer loop
      vertex   8.156245e+01 5.675951e+01 -4.550000e+01
      vertex   8.172194e+01 5.651702e+01 -4.700000e+01
      vertex   8.156245e+01 5.675951e+01 -4.700000e+01
    endloop
  endfacet
  facet normal 9.396926e-01 3.420201e-01 0.000000e+00
    outer loop
      vertex   8.156245e+01 5.675951e+01 -4.550000e+01
      vertex   8.156245e+01 5.675951e+01 -4.700000e+01
      vertex   8.146319e+01 5.703224e+01 -4.550000e+01
    endloop
  endfacet
  facet normal 9.396926e-01 3.420201e-01 0.000000e+00
    outer loop
      vertex   8.146319e+01 5.703224e+01 -4.550000e+01
      vertex   8.156245e+01 5.675951e+01 -4.700000e+01
      vertex   8.146319e+01 5.703224e+01 -4.700000e+01
    endloop
  endfacet
  facet normal 9.932384e-01 1.160929e-01 0.000000e+00
    outer loop
      vertex   8.146319e+01 5.703224e+01 -4.550000e+01
      vertex   8.146319e+01 5.703224e+01 -4.700000e+01
      vertex   8.142949e+01 5.732051e+01 -4.550000e+01
    endloop
  endfacet
  facet normal 9.932384e-01 1.160929e-01 0.000000e+00
    outer loop
      vertex   8.142949e+01 5.732051e+01 -4.550000e+01
      vertex   8.146319e+01 5.703224e+01 -4.700000e+01
      vertex   8.142949e+01 5.732051e+01 -4.700000e+01
    endloop
  endfacet
  facet normal 9.932384e-01 -1.160929e-01 0.000000e+00
    outer loop
      vertex   8.142949e+01 5.732051e+01 -4.550000e+01
      vertex   8.142949e+01 5.732051e+01 -4.700000e+01
      vertex   8.146319e+01 5.760878e+01 -4.550000e+01
    endloop
  endfacet
  facet normal 9.932384e-01 -1.160929e-01 0.000000e+00
    outer loop
      vertex   8.146319e+01 5.760878e+01 -4.550000e+01
      vertex   8.142949e+01 5.732051e+01 -4.700000e+01
      vertex   8.146319e+01 5.760878e+01 -4.700000e+01
    endloop
  endfacet
  facet normal 9.396926e-01 -3.420201e-01 0.000000e+00
    outer loop
      vertex   8.146319e+01 5.760878e+01 -4.550000e+01
      vertex   8.146319e+01 5.760878e+01 -4.700000e+01
      vertex   8.156245e+01 5.788151e+01 -4.550000e+01
    endloop
  endfacet
  facet normal 9.396926e-01 -3.420201e-01 0.000000e+00
    outer loop
      vertex   8.156245e+01 5.788151e+01 -4.550000e+01
      vertex   8.146319e+01 5.760878e+01 -4.700000e+01
      vertex   8.156245e+01 5.788151e+01 -4.700000e+01
    endloop
  endfacet
  facet normal 8.354878e-01 -5.495090e-01 0.000000e+00
    outer loop
      vertex   8.156245e+01 5.788151e+01 -4.550000e+01
      vertex   8.156245e+01 5.788151e+01 -4.700000e+01
      vertex   8.172194e+01 5.812399e+01 -4.550000e+01
    endloop
  endfacet
  facet normal 8.354878e-01 -5.495090e-01 0.000000e+00
    outer loop
      vertex   8.172194e+01 5.812399e+01 -4.550000e+01
      vertex   8.156245e+01 5.788151e+01 -4.700000e+01
      vertex   8.172194e+01 5.812399e+01 -4.700000e+01
    endloop
  endfacet
  facet normal 6.862416e-01 -7.273736e-01 0.000000e+00
    outer loop
      vertex   8.172194e+01 5.812399e+01 -4.550000e+01
      vertex   8.172194e+01 5.812399e+01 -4.700000e+01
      vertex   8.193304e+01 5.832316e+01 -4.550000e+01
    endloop
  endfacet
  facet normal 6.862416e-01 -7.273736e-01 0.000000e+00
    outer loop
      vertex   8.193304e+01 5.832316e+01 -4.550000e+01
      vertex   8.172194e+01 5.812399e+01 -4.700000e+01
      vertex   8.193304e+01 5.832316e+01 -4.700000e+01
    endloop
  endfacet
  facet normal 5.000000e-01 -8.660254e-01 0.000000e+00
    outer loop
      vertex   8.193304e+01 5.832316e+01 -4.550000e+01
      vertex   8.193304e+01 5.832316e+01 -4.700000e+01
      vertex   8.218439e+01 5.846828e+01 -4.550000e+01
    endloop
  endfacet
  facet normal 5.000000e-01 -8.660254e-01 0.000000e+00
    outer loop
      vertex   8.218439e+01 5.846828e+01 -4.550000e+01
      vertex   8.193304e+01 5.832316e+01 -4.700000e+01
      vertex   8.218439e+01 5.846828e+01 -4.700000e+01
    endloop
  endfacet
  facet normal 2.868032e-01 -9.579895e-01 0.000000e+00
    outer loop
      vertex   8.218439e+01 5.846828e+01 -4.550000e+01
      vertex   8.218439e+01 5.846828e+01 -4.700000e+01
      vertex   8.246243e+01 5.855152e+01 -4.550000e+01
    endloop
  endfacet
  facet normal 2.868032e-01 -9.579895e-01 0.000000e+00
    outer loop
      vertex   8.246243e+01 5.855152e+01 -4.550000e+01
      vertex   8.218439e+01 5.846828e+01 -4.700000e+01
      vertex   8.246243e+01 5.855152e+01 -4.700000e+01
    endloop
  endfacet
  facet normal 5.814483e-02 -9.983082e-01 0.000000e+00
    outer loop
      vertex   8.246243e+01 5.855152e+01 -4.550000e+01
      vertex   8.246243e+01 5.855152e+01 -4.700000e+01
      vertex   8.275217e+01 5.856839e+01 -4.550000e+01
    endloop
  endfacet
  facet normal 5.814483e-02 -9.983082e-01 0.000000e+00
    outer loop
      vertex   8.275217e+01 5.856839e+01 -4.550000e+01
      vertex   8.246243e+01 5.855152e+01 -4.700000e+01
      vertex   8.275217e+01 5.856839e+01 -4.700000e+01
    endloop
  endfacet
  facet normal -1.736482e-01 -9.848078e-01 -0.000000e+00
    outer loop
      vertex   8.275217e+01 5.856839e+01 -4.550000e+01
      vertex   8.275217e+01 5.856839e+01 -4.700000e+01
      vertex   8.303800e+01 5.851799e+01 -4.550000e+01
    endloop
  endfacet
  facet normal -1.736482e-01 -9.848078e-01 -0.000000e+00
    outer loop
      vertex   8.303800e+01 5.851799e+01 -4.550000e+01
      vertex   8.275217e+01 5.856839e+01 -4.700000e+01
      vertex   8.303800e+01 5.851799e+01 -4.700000e+01
    endloop
  endfacet
  facet normal -3.960798e-01 -9.182161e-01 -0.000000e+00
    outer loop
      vertex   8.303800e+01 5.851799e+01 -4.550000e+01
      vertex   8.303800e+01 5.851799e+01 -4.700000e+01
      vertex   8.330449e+01 5.840304e+01 -4.550000e+01
    endloop
  endfacet
  facet normal -3.960798e-01 -9.182161e-01 -0.000000e+00
    outer loop
      vertex   8.330449e+01 5.840304e+01 -4.550000e+01
      vertex   8.303800e+01 5.851799e+01 -4.700000e+01
      vertex   8.330449e+01 5.840304e+01 -4.700000e+01
    endloop
  endfacet
  facet normal -5.971586e-01 -8.021232e-01 -0.000000e+00
    outer loop
      vertex   8.330449e+01 5.840304e+01 -4.550000e+01
      vertex   8.330449e+01 5.840304e+01 -4.700000e+01
      vertex   8.353729e+01 5.822973e+01 -4.550000e+01
    endloop
  endfacet
  facet normal -5.971586e-01 -8.021232e-01 -0.000000e+00
    outer loop
      vertex   8.353729e+01 5.822973e+01 -4.550000e+01
      vertex   8.330449e+01 5.840304e+01 -4.700000e+01
      vertex   8.353729e+01 5.822973e+01 -4.700000e+01
    endloop
  endfacet
  facet normal -7.660444e-01 -6.427876e-01 -0.000000e+00
    outer loop
      vertex   8.353729e+01 5.822973e+01 -4.550000e+01
      vertex   8.353729e+01 5.822973e+01 -4.700000e+01
      vertex   8.372385e+01 5.800739e+01 -4.550000e+01
    endloop
  endfacet
  facet normal -7.660444e-01 -6.427876e-01 -0.000000e+00
    outer loop
      vertex   8.372385e+01 5.800739e+01 -4.550000e+01
      vertex   8.353729e+01 5.822973e+01 -4.700000e+01
      vertex   8.372385e+01 5.800739e+01 -4.700000e+01
    endloop
  endfacet
  facet normal -8.936326e-01 -4.487992e-01 -0.000000e+00
    outer loop
      vertex   8.372385e+01 5.800739e+01 -4.550000e+01
      vertex   8.372385e+01 5.800739e+01 -4.700000e+01
      vertex   8.385411e+01 5.774803e+01 -4.550000e+01
    endloop
  endfacet
  facet normal -8.936326e-01 -4.487992e-01 -0.000000e+00
    outer loop
      vertex   8.385411e+01 5.774803e+01 -4.550000e+01
      vertex   8.372385e+01 5.800739e+01 -4.700000e+01
      vertex   8.385411e+01 5.774803e+01 -4.700000e+01
    endloop
  endfacet
  facet normal -9.730449e-01 -2.306159e-01 -0.000000e+00
    outer loop
      vertex   8.385411e+01 5.774803e+01 -4.550000e+01
      vertex   8.385411e+01 5.774803e+01 -4.700000e+01
      vertex   8.392104e+01 5.746562e+01 -4.550000e+01
    endloop
  endfacet
  facet normal -9.730449e-01 -2.306159e-01 -0.000000e+00
    outer loop
      vertex   8.392104e+01 5.746562e+01 -4.550000e+01
      vertex   8.385411e+01 5.774803e+01 -4.700000e+01
      vertex   8.392104e+01 5.746562e+01 -4.700000e+01
    endloop
  endfacet
  facet normal -1.000000e+00 -0.000000e+00 -0.000000e+00
    outer loop
      vertex   8.392104e+01 5.746562e+01 -4.550000e+01
      vertex   8.392104e+01 5.746562e+01 -4.700000e+01
      vertex   8.392104e+01 5.717539e+01 -4.550000e+01
    endloop
  endfacet
  facet normal -1.000000e+00 0.000000e+00 0.000000e+00
    outer loop
      vertex   8.392104e+01 5.717539e+01 -4.550000e+01
      vertex   8.392104e+01 5.746562e+01 -4.700000e+01
      vertex   8.392104e+01 5.717539e+01 -4.700000e+01
    endloop
  endfacet
  facet normal -9.730449e-01 2.306159e-01 0.000000e+00
    outer loop
      vertex   8.392104e+01 5.717539e+01 -4.550000e+01
      vertex   8.392104e+01 5.717539e+01 -4.700000e+01
      vertex   8.385411e+01 5.689298e+01 -4.550000e+01
    endloop
  endfacet
  facet normal -9.730449e-01 2.306159e-01 0.000000e+00
    outer loop
      vertex   8.385411e+01 5.689298e+01 -4.550000e+01
      vertex   8.392104e+01 5.717539e+01 -4.700000e+01
      vertex   8.385411e+01 5.689298e+01 -4.700000e+01
    endloop
  endfacet
  facet normal -8.936326e-01 4.487992e-01 0.000000e+00
    outer loop
      vertex   8.385411e+01 5.689298e+01 -4.550000e+01
      vertex   8.385411e+01 5.689298e+01 -4.700000e+01
      vertex   8.372385e+01 5.663362e+01 -4.550000e+01
    endloop
  endfacet
  facet normal -8.936326e-01 4.487992e-01 0.000000e+00
    outer loop
      vertex   8.372385e+01 5.663362e+01 -4.550000e+01
      vertex   8.385411e+01 5.689298e+01 -4.700000e+01
      vertex   8.372385e+01 5.663362e+01 -4.700000e+01
    endloop
  endfacet
  facet normal -7.660444e-01 6.427876e-01 0.000000e+00
    outer loop
      vertex   8.372385e+01 5.663362e+01 -4.550000e+01
      vertex   8.372385e+01 5.663362e+01 -4.700000e+01
      vertex   8.353729e+01 5.641129e+01 -4.550000e+01
    endloop
  endfacet
  facet normal -7.660444e-01 6.427876e-01 0.000000e+00
    outer loop
      vertex   8.353729e+01 5.641129e+01 -4.550000e+01
      vertex   8.372385e+01 5.663362e+01 -4.700000e+01
      vertex   8.353729e+01 5.641129e+01 -4.700000e+01
    endloop
  endfacet
  facet normal -1.160929e-01 9.932384e-01 0.000000e+00
    outer loop
      vertex   8.760878e+01 5.878369e+01 -4.550000e+01
      vertex   8.760878e+01 5.878369e+01 -4.700000e+01
      vertex   8.732051e+01 5.875000e+01 -4.550000e+01
    endloop
  endfacet
  facet normal -1.160929e-01 9.932384e-01 0.000000e+00
    outer loop
      vertex   8.732051e+01 5.875000e+01 -4.550000e+01
      vertex   8.760878e+01 5.878369e+01 -4.700000e+01
      vertex   8.732051e+01 5.875000e+01 -4.700000e+01
    endloop
  endfacet
  facet normal 1.160929e-01 9.932384e-01 0.000000e+00
    outer loop
      vertex   8.732051e+01 5.875000e+01 -4.550000e+01
      vertex   8.732051e+01 5.875000e+01 -4.700000e+01
      vertex   8.703224e+01 5.878369e+01 -4.550000e+01
    endloop
  endfacet
  facet normal 1.160929e-01 9.932384e-01 0.000000e+00
    outer loop
      vertex   8.703224e+01 5.878369e+01 -4.550000e+01
      vertex   8.732051e+01 5.875000e+01 -4.700000e+01
      vertex   8.703224e+01 5.878369e+01 -4.700000e+01
    endloop
  endfacet
  facet normal 3.420201e-01 9.396926e-01 0.000000e+00
    outer loop
      vertex   8.703224e+01 5.878369e+01 -4.550000e+01
      vertex   8.703224e+01 5.878369e+01 -4.700000e+01
      vertex   8.675951e+01 5.888296e+01 -4.550000e+01
    endloop
  endfacet
  facet normal 3.420201e-01 9.396926e-01 0.000000e+00
    outer loop
      vertex   8.675951e+01 5.888296e+01 -4.550000e+01
      vertex   8.703224e+01 5.878369e+01 -4.700000e+01
      vertex   8.675951e+01 5.888296e+01 -4.700000e+01
    endloop
  endfacet
  facet normal 5.495090e-01 8.354878e-01 0.000000e+00
    outer loop
      vertex   8.675951e+01 5.888296e+01 -4.550000e+01
      vertex   8.675951e+01 5.888296e+01 -4.700000e+01
      vertex   8.651702e+01 5.904244e+01 -4.550000e+01
    endloop
  endfacet
  facet normal 5.495090e-01 8.354878e-01 0.000000e+00
    outer loop
      vertex   8.651702e+01 5.904244e+01 -4.550000e+01
      vertex   8.675951e+01 5.888296e+01 -4.700000e+01
      vertex   8.651702e+01 5.904244e+01 -4.700000e+01
    endloop
  endfacet
  facet normal 7.273736e-01 6.862416e-01 0.000000e+00
    outer loop
      vertex   8.651702e+01 5.904244e+01 -4.550000e+01
      vertex   8.651702e+01 5.904244e+01 -4.700000e+01
      vertex   8.631785e+01 5.925355e+01 -4.550000e+01
    endloop
  endfacet
  facet normal 7.273736e-01 6.862416e-01 0.000000e+00
    outer loop
      vertex   8.631785e+01 5.925355e+01 -4.550000e+01
      vertex   8.651702e+01 5.904244e+01 -4.700000e+01
      vertex   8.631785e+01 5.925355e+01 -4.700000e+01
    endloop
  endfacet
  facet normal 8.660254e-01 5.000000e-01 0.000000e+00
    outer loop
      vertex   8.631785e+01 5.925355e+01 -4.550000e+01
      vertex   8.631785e+01 5.925355e+01 -4.700000e+01
      vertex   8.617274e+01 5.950490e+01 -4.550000e+01
    endloop
  endfacet
  facet normal 8.660254e-01 5.000000e-01 0.000000e+00
    outer loop
      vertex   8.617274e+01 5.950490e+01 -4.550000e+01
      vertex   8.631785e+01 5.925355e+01 -4.700000e+01
      vertex   8.617274e+01 5.950490e+01 -4.700000e+01
    endloop
  endfacet
  facet normal 9.579895e-01 2.868032e-01 0.000000e+00
    outer loop
      vertex   8.617274e+01 5.950490e+01 -4.550000e+01
      vertex   8.617274e+01 5.950490e+01 -4.700000e+01
      vertex   8.608950e+01 5.978294e+01 -4.550000e+01
    endloop
  endfacet
  facet normal 9.579895e-01 2.868032e-01 0.000000e+00
    outer loop
      vertex   8.608950e+01 5.978294e+01 -4.550000e+01
      vertex   8.617274e+01 5.950490e+01 -4.700000e+01
      vertex   8.608950e+01 5.978294e+01 -4.700000e+01
    endloop
  endfacet
  facet normal 9.983082e-01 5.814483e-02 0.000000e+00
    outer loop
      vertex   8.608950e+01 5.978294e+01 -4.550000e+01
      vertex   8.608950e+01 5.978294e+01 -4.700000e+01
      vertex   8.607262e+01 6.007268e+01 -4.550000e+01
    endloop
  endfacet
  facet normal 9.983082e-01 5.814483e-02 0.000000e+00
    outer loop
      vertex   8.607262e+01 6.007268e+01 -4.550000e+01
      vertex   8.608950e+01 5.978294e+01 -4.700000e+01
      vertex   8.607262e+01 6.007268e+01 -4.700000e+01
    endloop
  endfacet
  facet normal 9.848078e-01 -1.736482e-01 0.000000e+00
    outer loop
      vertex   8.607262e+01 6.007268e+01 -4.550000e+01
      vertex   8.607262e+01 6.007268e+01 -4.700000e+01
      vertex   8.612302e+01 6.035850e+01 -4.550000e+01
    endloop
  endfacet
  facet normal 9.848078e-01 -1.736482e-01 0.000000e+00
    outer loop
      vertex   8.612302e+01 6.035850e+01 -4.550000e+01
      vertex   8.607262e+01 6.007268e+01 -4.700000e+01
      vertex   8.612302e+01 6.035850e+01 -4.700000e+01
    endloop
  endfacet
  facet normal 9.182161e-01 -3.960798e-01 0.000000e+00
    outer loop
      vertex   8.612302e+01 6.035850e+01 -4.550000e+01
      vertex   8.612302e+01 6.035850e+01 -4.700000e+01
      vertex   8.623798e+01 6.062500e+01 -4.550000e+01
    endloop
  endfacet
  facet normal 9.182161e-01 -3.960798e-01 0.000000e+00
    outer loop
      vertex   8.623798e+01 6.062500e+01 -4.550000e+01
      vertex   8.612302e+01 6.035850e+01 -4.700000e+01
      vertex   8.623798e+01 6.062500e+01 -4.700000e+01
    endloop
  endfacet
  facet normal 8.021232e-01 -5.971586e-01 0.000000e+00
    outer loop
      vertex   8.623798e+01 6.062500e+01 -4.550000e+01
      vertex   8.623798e+01 6.062500e+01 -4.700000e+01
      vertex   8.641129e+01 6.085780e+01 -4.550000e+01
    endloop
  endfacet
  facet normal 8.021232e-01 -5.971586e-01 0.000000e+00
    outer loop
      vertex   8.641129e+01 6.085780e+01 -4.550000e+01
      vertex   8.623798e+01 6.062500e+01 -4.700000e+01
      vertex   8.641129e+01 6.085780e+01 -4.700000e+01
    endloop
  endfacet
  facet normal 6.427876e-01 -7.660444e-01 0.000000e+00
    outer loop
      vertex   8.641129e+01 6.085780e+01 -4.550000e+01
      vertex   8.641129e+01 6.085780e+01 -4.700000e+01
      vertex   8.663362e+01 6.104436e+01 -4.550000e+01
    endloop
  endfacet
  facet normal 6.427876e-01 -7.660444e-01 0.000000e+00
    outer loop
      vertex   8.663362e+01 6.104436e+01 -4.550000e+01
      vertex   8.641129e+01 6.085780e+01 -4.700000e+01
      vertex   8.663362e+01 6.104436e+01 -4.700000e+01
    endloop
  endfacet
  facet normal 4.487992e-01 -8.936326e-01 0.000000e+00
    outer loop
      vertex   8.663362e+01 6.104436e+01 -4.550000e+01
      vertex   8.663362e+01 6.104436e+01 -4.700000e+01
      vertex   8.689298e+01 6.117462e+01 -4.550000e+01
    endloop
  endfacet
  facet normal 4.487992e-01 -8.936326e-01 0.000000e+00
    outer loop
      vertex   8.689298e+01 6.117462e+01 -4.550000e+01
      vertex   8.663362e+01 6.104436e+01 -4.700000e+01
      vertex   8.689298e+01 6.117462e+01 -4.700000e+01
    endloop
  endfacet
  facet normal 2.306159e-01 -9.730449e-01 0.000000e+00
    outer loop
      vertex   8.689298e+01 6.117462e+01 -4.550000e+01
      vertex   8.689298e+01 6.117462e+01 -4.700000e+01
      vertex   8.717539e+01 6.124155e+01 -4.550000e+01
    endloop
  endfacet
  facet normal 2.306159e-01 -9.730449e-01 0.000000e+00
    outer loop
      vertex   8.717539e+01 6.124155e+01 -4.550000e+01
      vertex   8.689298e+01 6.117462e+01 -4.700000e+01
      vertex   8.717539e+01 6.124155e+01 -4.700000e+01
    endloop
  endfacet
  facet normal 0.000000e+00 -1.000000e+00 0.000000e+00
    outer loop
      vertex   8.717539e+01 6.124155e+01 -4.550000e+01
      vertex   8.717539e+01 6.124155e+01 -4.700000e+01
      vertex   8.746562e+01 6.124155e+01 -4.550000e+01
    endloop
  endfacet
  facet normal 0.000000e+00 -1.000000e+00 -0.000000e+00
    outer loop
      vertex   8.746562e+01 6.124155e+01 -4.550000e+01
      vertex   8.717539e+01 6.124155e+01 -4.700000e+01
      vertex   8.746562e+01 6.124155e+01 -4.700000e+01
    endloop
  endfacet
  facet normal -2.306159e-01 -9.730449e-01 -0.000000e+00
    outer loop
      vertex   8.746562e+01 6.124155e+01 -4.550000e+01
      vertex   8.746562e+01 6.124155e+01 -4.700000e+01
      vertex   8.774803e+01 6.117462e+01 -4.550000e+01
    endloop
  endfacet
  facet normal -2.306159e-01 -9.730449e-01 -0.000000e+00
    outer loop
      vertex   8.774803e+01 6.117462e+01 -4.550000e+01
      vertex   8.746562e+01 6.124155e+01 -4.700000e+01
      vertex   8.774803e+01 6.117462e+01 -4.700000e+01
    endloop
  endfacet
  facet normal -4.487992e-01 -8.936326e-01 -0.000000e+00
    outer loop
      vertex   8.774803e+01 6.117462e+01 -4.550000e+01
      vertex   8.774803e+01 6.117462e+01 -4.700000e+01
      vertex   8.800739e+01 6.104436e+01 -4.550000e+01
    endloop
  endfacet
  facet normal -4.487992e-01 -8.936326e-01 -0.000000e+00
    outer loop
      vertex   8.800739e+01 6.104436e+01 -4.550000e+01
      vertex   8.774803e+01 6.117462e+01 -4.700000e+01
      vertex   8.800739e+01 6.104436e+01 -4.700000e+01
    endloop
  endfacet
  facet normal -6.427876e-01 -7.660444e-01 -0.000000e+00
    outer loop
      vertex   8.800739e+01 6.104436e+01 -4.550000e+01
      vertex   8.800739e+01 6.104436e+01 -4.700000e+01
      vertex   8.822973e+01 6.085780e+01 -4.550000e+01
    endloop
  endfacet
  facet normal -6.427876e-01 -7.660444e-01 -0.000000e+00
    outer loop
      vertex   8.822973e+01 6.085780e+01 -4.550000e+01
      vertex   8.800739e+01 6.104436e+01 -4.700000e+01
      vertex   8.822973e+01 6.085780e+01 -4.700000e+01
    endloop
  endfacet
  facet normal -8.021232e-01 -5.971586e-01 -0.000000e+00
    outer loop
      vertex   8.822973e+01 6.085780e+01 -4.550000e+01
      vertex   8.822973e+01 6.085780e+01 -4.700000e+01
      vertex   8.840304e+01 6.062500e+01 -4.550000e+01
    endloop
  endfacet
  facet normal -8.021232e-01 -5.971586e-01 -0.000000e+00
    outer loop
      vertex   8.840304e+01 6.062500e+01 -4.550000e+01
      vertex   8.822973e+01 6.085780e+01 -4.700000e+01
      vertex   8.840304e+01 6.062500e+01 -4.700000e+01
    endloop
  endfacet
  facet normal -9.182161e-01 -3.960798e-01 -0.000000e+00
    outer loop
      vertex   8.840304e+01 6.062500e+01 -4.550000e+01
      vertex   8.840304e+01 6.062500e+01 -4.700000e+01
      vertex   8.851799e+01 6.035850e+01 -4.550000e+01
    endloop
  endfacet
  facet normal -9.182161e-01 -3.960798e-01 -0.000000e+00
    outer loop
      vertex   8.851799e+01 6.035850e+01 -4.550000e+01
      vertex   8.840304e+01 6.062500e+01 -4.700000e+01
      vertex   8.851799e+01 6.035850e+01 -4.700000e+01
    endloop
  endfacet
  facet normal -9.848078e-01 -1.736482e-01 -0.000000e+00
    outer loop
      vertex   8.851799e+01 6.035850e+01 -4.550000e+01
      vertex   8.851799e+01 6.035850e+01 -4.700000e+01
      vertex   8.856839e+01 6.007268e+01 -4.550000e+01
    endloop
  endfacet
  facet normal -9.848078e-01 -1.736482e-01 -0.000000e+00
    outer loop
      vertex   8.856839e+01 6.007268e+01 -4.550000e+01
      vertex   8.851799e+01 6.035850e+01 -4.700000e+01
      vertex   8.856839e+01 6.007268e+01 -4.700000e+01
    endloop
  endfacet
  facet normal -9.983082e-01 5.814483e-02 0.000000e+00
    outer loop
      vertex   8.856839e+01 6.007268e+01 -4.550000e+01
      vertex   8.856839e+01 6.007268e+01 -4.700000e+01
      vertex   8.855152e+01 5.978294e+01 -4.550000e+01
    endloop
  endfacet
  facet normal -9.983082e-01 5.814483e-02 0.000000e+00
    outer loop
      vertex   8.855152e+01 5.978294e+01 -4.550000e+01
      vertex   8.856839e+01 6.007268e+01 -4.700000e+01
      vertex   8.855152e+01 5.978294e+01 -4.700000e+01
    endloop
  endfacet
  facet normal -9.579895e-01 2.868032e-01 0.000000e+00
    outer loop
      vertex   8.855152e+01 5.978294e+01 -4.550000e+01
      vertex   8.855152e+01 5.978294e+01 -4.700000e+01
      vertex   8.846828e+01 5.950490e+01 -4.550000e+01
    endloop
  endfacet
  facet normal -9.579895e-01 2.868032e-01 0.000000e+00
    outer loop
      vertex   8.846828e+01 5.950490e+01 -4.550000e+01
      vertex   8.855152e+01 5.978294e+01 -4.700000e+01
      vertex   8.846828e+01 5.950490e+01 -4.700000e+01
    endloop
  endfacet
  facet normal -8.660254e-01 5.000000e-01 0.000000e+00
    outer loop
      vertex   8.846828e+01 5.950490e+01 -4.550000e+01
      vertex   8.846828e+01 5.950490e+01 -4.700000e+01
      vertex   8.832316e+01 5.925355e+01 -4.550000e+01
    endloop
  endfacet
  facet normal -8.660254e-01 5.000000e-01 0.000000e+00
    outer loop
      vertex   8.832316e+01 5.925355e+01 -4.550000e+01
      vertex   8.846828e+01 5.950490e+01 -4.700000e+01
      vertex   8.832316e+01 5.925355e+01 -4.700000e+01
    endloop
  endfacet
  facet normal -7.273736e-01 6.862416e-01 0.000000e+00
    outer loop
      vertex   8.832316e+01 5.925355e+01 -4.550000e+01
      vertex   8.832316e+01 5.925355e+01 -4.700000e+01
      vertex   8.812399e+01 5.904244e+01 -4.550000e+01
    endloop
  endfacet
  facet normal -7.273736e-01 6.862416e-01 0.000000e+00
    outer loop
      vertex   8.812399e+01 5.904244e+01 -4.550000e+01
      vertex   8.832316e+01 5.925355e+01 -4.700000e+01
      vertex   8.812399e+01 5.904244e+01 -4.700000e+01
    endloop
  endfacet
  facet normal -5.495090e-01 8.354878e-01 0.000000e+00
    outer loop
      vertex   8.812399e+01 5.904244e+01 -4.550000e+01
      vertex   8.812399e+01 5.904244e+01 -4.700000e+01
      vertex   8.788151e+01 5.888296e+01 -4.550000e+01
    endloop
  endfacet
  facet normal -5.495090e-01 8.354878e-01 0.000000e+00
    outer loop
      vertex   8.788151e+01 5.888296e+01 -4.550000e+01
      vertex   8.812399e+01 5.904244e+01 -4.700000e+01
      vertex   8.788151e+01 5.888296e+01 -4.700000e+01
    endloop
  endfacet
  facet normal -3.420201e-01 9.396926e-01 0.000000e+00
    outer loop
      vertex   8.788151e+01 5.888296e+01 -4.550000e+01
      vertex   8.788151e+01 5.888296e+01 -4.700000e+01
      vertex   8.760878e+01 5.878369e+01 -4.550000e+01
    endloop
  endfacet
  facet normal -3.420201e-01 9.396926e-01 0.000000e+00
    outer loop
      vertex   8.760878e+01 5.878369e+01 -4.550000e+01
      vertex   8.788151e+01 5.888296e+01 -4.700000e+01
      vertex   8.760878e+01 5.878369e+01 -4.700000e+01
    endloop
  endfacet
  facet normal 3.960798e-01 9.182161e-01 0.000000e+00
    outer loop
      vertex   9.232099e+01 5.880251e+01 -4.550000e+01
      vertex   9.232099e+01 5.880251e+01 -4.700000e+01
      vertex   9.205449e+01 5.891747e+01 -4.550000e+01
    endloop
  endfacet
  facet normal 3.960798e-01 9.182161e-01 0.000000e+00
    outer loop
      vertex   9.205449e+01 5.891747e+01 -4.550000e+01
      vertex   9.232099e+01 5.880251e+01 -4.700000e+01
      vertex   9.205449e+01 5.891747e+01 -4.700000e+01
    endloop
  endfacet
  facet normal 5.971586e-01 8.021232e-01 0.000000e+00
    outer loop
      vertex   9.205449e+01 5.891747e+01 -4.550000e+01
      vertex   9.205449e+01 5.891747e+01 -4.700000e+01
      vertex   9.182169e+01 5.909078e+01 -4.550000e+01
    endloop
  endfacet
  facet normal 5.971586e-01 8.021232e-01 0.000000e+00
    outer loop
      vertex   9.182169e+01 5.909078e+01 -4.550000e+01
      vertex   9.205449e+01 5.891747e+01 -4.700000e+01
      vertex   9.182169e+01 5.909078e+01 -4.700000e+01
    endloop
  endfacet
  facet normal 7.660444e-01 6.427876e-01 0.000000e+00
    outer loop
      vertex   9.182169e+01 5.909078e+01 -4.550000e+01
      vertex   9.182169e+01 5.909078e+01 -4.700000e+01
      vertex   9.163513e+01 5.931311e+01 -4.550000e+01
    endloop
  endfacet
  facet normal 7.660444e-01 6.427876e-01 0.000000e+00
    outer loop
      vertex   9.163513e+01 5.931311e+01 -4.550000e+01
      vertex   9.182169e+01 5.909078e+01 -4.700000e+01
      vertex   9.163513e+01 5.931311e+01 -4.700000e+01
    endloop
  endfacet
  facet normal 8.936326e-01 4.487992e-01 0.000000e+00
    outer loop
      vertex   9.163513e+01 5.931311e+01 -4.550000e+01
      vertex   9.163513e+01 5.931311e+01 -4.700000e+01
      vertex   9.150488e+01 5.957247e+01 -4.550000e+01
    endloop
  endfacet
  facet normal 8.936326e-01 4.487992e-01 0.000000e+00
    outer loop
      vertex   9.150488e+01 5.957247e+01 -4.550000e+01
      vertex   9.163513e+01 5.931311e+01 -4.700000e+01
      vertex   9.150488e+01 5.957247e+01 -4.700000e+01
    endloop
  endfacet
  facet normal 9.730449e-01 2.306159e-01 0.000000e+00
    outer loop
      vertex   9.150488e+01 5.957247e+01 -4.550000e+01
      vertex   9.150488e+01 5.957247e+01 -4.700000e+01
      vertex   9.143794e+01 5.985488e+01 -4.550000e+01
    endloop
  endfacet
  facet normal 9.730449e-01 2.306159e-01 0.000000e+00
    outer loop
      vertex   9.143794e+01 5.985488e+01 -4.550000e+01
      vertex   9.150488e+01 5.957247e+01 -4.700000e+01
      vertex   9.143794e+01 5.985488e+01 -4.700000e+01
    endloop
  endfacet
  facet normal 1.000000e+00 -0.000000e+00 0.000000e+00
    outer loop
      vertex   9.143794e+01 5.985488e+01 -4.550000e+01
      vertex   9.143794e+01 5.985488e+01 -4.700000e+01
      vertex   9.143794e+01 6.014512e+01 -4.550000e+01
    endloop
  endfacet
  facet normal 1.000000e+00 0.000000e+00 0.000000e+00
    outer loop
      vertex   9.143794e+01 6.014512e+01 -4.550000e+01
      vertex   9.143794e+01 5.985488e+01 -4.700000e+01
      vertex   9.143794e+01 6.014512e+01 -4.700000e+01
    endloop
  endfacet
  facet normal 9.730449e-01 -2.306159e-01 0.000000e+00
    outer loop
      vertex   9.143794e+01 6.014512e+01 -4.550000e+01
      vertex   9.143794e+01 6.014512e+01 -4.700000e+01
      vertex   9.150488e+01 6.042753e+01 -4.550000e+01
    endloop
  endfacet
  facet normal 9.730449e-01 -2.306159e-01 0.000000e+00
    outer loop
      vertex   9.150488e+01 6.042753e+01 -4.550000e+01
      vertex   9.143794e+01 6.014512e+01 -4.700000e+01
      vertex   9.150488e+01 6.042753e+01 -4.700000e+01
    endloop
  endfacet
  facet normal 8.936326e-01 -4.487992e-01 0.000000e+00
    outer loop
      vertex   9.150488e+01 6.042753e+01 -4.550000e+01
      vertex   9.150488e+01 6.042753e+01 -4.700000e+01
      vertex   9.163513e+01 6.068689e+01 -4.550000e+01
    endloop
  endfacet
  facet normal 8.936326e-01 -4.487992e-01 0.000000e+00
    outer loop
      vertex   9.163513e+01 6.068689e+01 -4.550000e+01
      vertex   9.150488e+01 6.042753e+01 -4.700000e+01
      vertex   9.163513e+01 6.068689e+01 -4.700000e+01
    endloop
  endfacet
  facet normal 7.660444e-01 -6.427876e-01 0.000000e+00
    outer loop
      vertex   9.163513e+01 6.068689e+01 -4.550000e+01
      vertex   9.163513e+01 6.068689e+01 -4.700000e+01
      vertex   9.182169e+01 6.090922e+01 -4.550000e+01
    endloop
  endfacet
  facet normal 7.660444e-01 -6.427876e-01 0.000000e+00
    outer loop
      vertex   9.182169e+01 6.090922e+01 -4.550000e+01
      vertex   9.163513e+01 6.068689e+01 -4.700000e+01
      vertex   9.182169e+01 6.090922e+01 -4.700000e+01
    endloop
  endfacet
  facet normal 5.971586e-01 -8.021232e-01 0.000000e+00
    outer loop
      vertex   9.182169e+01 6.090922e+01 -4.550000e+01
      vertex   9.182169e+01 6.090922e+01 -4.700000e+01
      vertex   9.205449e+01 6.108253e+01 -4.550000e+01
    endloop
  endfacet
  facet normal 5.971586e-01 -8.021232e-01 0.000000e+00
    outer loop
      vertex   9.205449e+01 6.108253e+01 -4.550000e+01
      vertex   9.182169e+01 6.090922e+01 -4.700000e+01
      vertex   9.205449e+01 6.108253e+01 -4.700000e+01
    endloop
  endfacet
  facet normal 3.960798e-01 -9.182161e-01 0.000000e+00
    outer loop
      vertex   9.205449e+01 6.108253e+01 -4.550000e+01
      vertex   9.205449e+01 6.108253e+01 -4.700000e+01
      vertex   9.232099e+01 6.119749e+01 -4.550000e+01
    endloop
  endfacet
  facet normal 3.960798e-01 -9.182161e-01 0.000000e+00
    outer loop
      vertex   9.232099e+01 6.119749e+01 -4.550000e+01
      vertex   9.205449e+01 6.108253e+01 -4.700000e+01
      vertex   9.232099e+01 6.119749e+01 -4.700000e+01
    endloop
  endfacet
  facet normal 1.736482e-01 -9.848078e-01 0.000000e+00
    outer loop
      vertex   9.232099e+01 6.119749e+01 -4.550000e+01
      vertex   9.232099e+01 6.119749e+01 -4.700000e+01
      vertex   9.260681e+01 6.124789e+01 -4.550000e+01
    endloop
  endfacet
  facet normal 1.736482e-01 -9.848078e-01 0.000000e+00
    outer loop
      vertex   9.260681e+01 6.124789e+01 -4.550000e+01
      vertex   9.232099e+01 6.119749e+01 -4.700000e+01
      vertex   9.260681e+01 6.124789e+01 -4.700000e+01
    endloop
  endfacet
  facet normal -5.814483e-02 -9.983082e-01 -0.000000e+00
    outer loop
      vertex   9.260681e+01 6.124789e+01 -4.550000e+01
      vertex   9.260681e+01 6.124789e+01 -4.700000e+01
      vertex   9.289655e+01 6.123101e+01 -4.550000e+01
    endloop
  endfacet
  facet normal -5.814483e-02 -9.983082e-01 -0.000000e+00
    outer loop
      vertex   9.289655e+01 6.123101e+01 -4.550000e+01
      vertex   9.260681e+01 6.124789e+01 -4.700000e+01
      vertex   9.289655e+01 6.123101e+01 -4.700000e+01
    endloop
  endfacet
  facet normal -2.868032e-01 -9.579895e-01 -0.000000e+00
    outer loop
      vertex   9.289655e+01 6.123101e+01 -4.550000e+01
      vertex   9.289655e+01 6.123101e+01 -4.700000e+01
      vertex   9.317459e+01 6.114777e+01 -4.550000e+01
    endloop
  endfacet
  facet normal -2.868032e-01 -9.579895e-01 -0.000000e+00
    outer loop
      vertex   9.317459e+01 6.114777e+01 -4.550000e+01
      vertex   9.289655e+01 6.123101e+01 -4.700000e+01
      vertex   9.317459e+01 6.114777e+01 -4.700000e+01
    endloop
  endfacet
  facet normal -5.000000e-01 -8.660254e-01 -0.000000e+00
    outer loop
      vertex   9.317459e+01 6.114777e+01 -4.550000e+01
      vertex   9.317459e+01 6.114777e+01 -4.700000e+01
      vertex   9.342594e+01 6.100265e+01 -4.550000e+01
    endloop
  endfacet
  facet normal -5.000000e-01 -8.660254e-01 -0.000000e+00
    outer loop
      vertex   9.342594e+01 6.100265e+01 -4.550000e+01
      vertex   9.317459e+01 6.114777e+01 -4.700000e+01
      vertex   9.342594e+01 6.100265e+01 -4.700000e+01
    endloop
  endfacet
  facet normal -6.862416e-01 -7.273736e-01 -0.000000e+00
    outer loop
      vertex   9.342594e+01 6.100265e+01 -4.550000e+01
      vertex   9.342594e+01 6.100265e+01 -4.700000e+01
      vertex   9.363705e+01 6.080348e+01 -4.550000e+01
    endloop
  endfacet
  facet normal -6.862416e-01 -7.273736e-01 -0.000000e+00
    outer loop
      vertex   9.363705e+01 6.080348e+01 -4.550000e+01
      vertex   9.342594e+01 6.100265e+01 -4.700000e+01
      vertex   9.363705e+01 6.080348e+01 -4.700000e+01
    endloop
  endfacet
  facet normal -8.354878e-01 -5.495090e-01 -0.000000e+00
    outer loop
      vertex   9.363705e+01 6.080348e+01 -4.550000e+01
      vertex   9.363705e+01 6.080348e+01 -4.700000e+01
      vertex   9.379653e+01 6.056100e+01 -4.550000e+01
    endloop
  endfacet
  facet normal -8.354878e-01 -5.495090e-01 -0.000000e+00
    outer loop
      vertex   9.379653e+01 6.056100e+01 -4.550000e+01
      vertex   9.363705e+01 6.080348e+01 -4.700000e+01
      vertex   9.379653e+01 6.056100e+01 -4.700000e+01
    endloop
  endfacet
  facet normal -9.396926e-01 -3.420201e-01 -0.000000e+00
    outer loop
      vertex   9.379653e+01 6.056100e+01 -4.550000e+01
      vertex   9.379653e+01 6.056100e+01 -4.700000e+01
      vertex   9.389580e+01 6.028827e+01 -4.550000e+01
    endloop
  endfacet
  facet normal -9.396926e-01 -3.420201e-01 -0.000000e+00
    outer loop
      vertex   9.389580e+01 6.028827e+01 -4.550000e+01
      vertex   9.379653e+01 6.056100e+01 -4.700000e+01
      vertex   9.389580e+01 6.028827e+01 -4.700000e+01
    endloop
  endfacet
  facet normal -9.932384e-01 -1.160929e-01 -0.000000e+00
    outer loop
      vertex   9.389580e+01 6.028827e+01 -4.550000e+01
      vertex   9.389580e+01 6.028827e+01 -4.700000e+01
      vertex   9.392949e+01 6.000000e+01 -4.550000e+01
    endloop
  endfacet
  facet normal -9.932384e-01 -1.160929e-01 5.499265e-16
    outer loop
      vertex   9.392949e+01 6.000000e+01 -4.550000e+01
      vertex   9.389580e+01 6.028827e+01 -4.700000e+01
      vertex   9.392949e+01 6.000000e+01 -4.700000e+01
    endloop
  endfacet
  facet normal -9.932384e-01 1.160929e-01 -5.499265e-16
    outer loop
      vertex   9.392949e+01 6.000000e+01 -4.550000e+01
      vertex   9.392949e+01 6.000000e+01 -4.700000e+01
      vertex   9.389580e+01 5.971173e+01 -4.550000e+01
    endloop
  endfacet
  facet normal -9.932384e-01 1.160929e-01 0.000000e+00
    outer loop
      vertex   9.389580e+01 5.971173e+01 -4.550000e+01
      vertex   9.392949e+01 6.000000e+01 -4.700000e+01
      vertex   9.389580e+01 5.971173e+01 -4.700000e+01
    endloop
  endfacet
  facet normal -9.396926e-01 3.420201e-01 0.000000e+00
    outer loop
      vertex   9.389580e+01 5.971173e+01 -4.550000e+01
      vertex   9.389580e+01 5.971173e+01 -4.700000e+01
      vertex   9.379653e+01 5.943900e+01 -4.550000e+01
    endloop
  endfacet
  facet normal -9.396926e-01 3.420201e-01 0.000000e+00
    outer loop
      vertex   9.379653e+01 5.943900e+01 -4.550000e+01
      vertex   9.389580e+01 5.971173e+01 -4.700000e+01
      vertex   9.379653e+01 5.943900e+01 -4.700000e+01
    endloop
  endfacet
  facet normal -8.354878e-01 5.495090e-01 0.000000e+00
    outer loop
      vertex   9.379653e+01 5.943900e+01 -4.550000e+01
      vertex   9.379653e+01 5.943900e+01 -4.700000e+01
      vertex   9.363705e+01 5.919652e+01 -4.550000e+01
    endloop
  endfacet
  facet normal -8.354878e-01 5.495090e-01 0.000000e+00
    outer loop
      vertex   9.363705e+01 5.919652e+01 -4.550000e+01
      vertex   9.379653e+01 5.943900e+01 -4.700000e+01
      vertex   9.363705e+01 5.919652e+01 -4.700000e+01
    endloop
  endfacet
  facet normal -6.862416e-01 7.273736e-01 0.000000e+00
    outer loop
      vertex   9.363705e+01 5.919652e+01 -4.550000e+01
      vertex   9.363705e+01 5.919652e+01 -4.700000e+01
      vertex   9.342594e+01 5.899735e+01 -4.550000e+01
    endloop
  endfacet
  facet normal -6.862416e-01 7.273736e-01 0.000000e+00
    outer loop
      vertex   9.342594e+01 5.899735e+01 -4.550000e+01
      vertex   9.363705e+01 5.919652e+01 -4.700000e+01
      vertex   9.342594e+01 5.899735e+01 -4.700000e+01
    endloop
  endfacet
  facet normal -5.000000e-01 8.660254e-01 0.000000e+00
    outer loop
      vertex   9.342594e+01 5.899735e+01 -4.550000e+01
      vertex   9.342594e+01 5.899735e+01 -4.700000e+01
      vertex   9.317459e+01 5.885223e+01 -4.550000e+01
    endloop
  endfacet
  facet normal -5.000000e-01 8.660254e-01 0.000000e+00
    outer loop
      vertex   9.317459e+01 5.885223e+01 -4.550000e+01
      vertex   9.342594e+01 5.899735e+01 -4.700000e+01
      vertex   9.317459e+01 5.885223e+01 -4.700000e+01
    endloop
  endfacet
  facet normal -2.868032e-01 9.579895e-01 0.000000e+00
    outer loop
      vertex   9.317459e+01 5.885223e+01 -4.550000e+01
      vertex   9.317459e+01 5.885223e+01 -4.700000e+01
      vertex   9.289655e+01 5.876899e+01 -4.550000e+01
    endloop
  endfacet
  facet normal -2.868032e-01 9.579895e-01 0.000000e+00
    outer loop
      vertex   9.289655e+01 5.876899e+01 -4.550000e+01
      vertex   9.317459e+01 5.885223e+01 -4.700000e+01
      vertex   9.289655e+01 5.876899e+01 -4.700000e+01
    endloop
  endfacet
  facet normal -5.814483e-02 9.983082e-01 0.000000e+00
    outer loop
      vertex   9.289655e+01 5.876899e+01 -4.550000e+01
      vertex   9.289655e+01 5.876899e+01 -4.700000e+01
      vertex   9.260681e+01 5.875211e+01 -4.550000e+01
    endloop
  endfacet
  facet normal -5.814483e-02 9.983082e-01 0.000000e+00
    outer loop
      vertex   9.260681e+01 5.875211e+01 -4.550000e+01
      vertex   9.289655e+01 5.876899e+01 -4.700000e+01
      vertex   9.260681e+01 5.875211e+01 -4.700000e+01
    endloop
  endfacet
  facet normal 1.736482e-01 9.848078e-01 0.000000e+00
    outer loop
      vertex   9.260681e+01 5.875211e+01 -4.550000e+01
      vertex   9.260681e+01 5.875211e+01 -4.700000e+01
      vertex   9.232099e+01 5.880251e+01 -4.550000e+01
    endloop
  endfacet
  facet normal 1.736482e-01 9.848078e-01 0.000000e+00
    outer loop
      vertex   9.232099e+01 5.880251e+01 -4.550000e+01
      vertex   9.260681e+01 5.875211e+01 -4.700000e+01
      vertex   9.232099e+01 5.880251e+01 -4.700000e+01
    endloop
  endfacet
  facet normal 8.021232e-01 5.971586e-01 0.000000e+00
    outer loop
      vertex   9.641129e+01 5.646271e+01 -4.550000e+01
      vertex   9.641129e+01 5.646271e+01 -4.700000e+01
      vertex   9.623798e+01 5.669551e+01 -4.550000e+01
    endloop
  endfacet
  facet normal 8.021232e-01 5.971586e-01 0.000000e+00
    outer loop
      vertex   9.623798e+01 5.669551e+01 -4.550000e+01
      vertex   9.641129e+01 5.646271e+01 -4.700000e+01
      vertex   9.623798e+01 5.669551e+01 -4.700000e+01
    endloop
  endfacet
  facet normal 9.182161e-01 3.960798e-01 0.000000e+00
    outer loop
      vertex   9.623798e+01 5.669551e+01 -4.550000e+01
      vertex   9.623798e+01 5.669551e+01 -4.700000e+01
      vertex   9.612302e+01 5.696200e+01 -4.550000e+01
    endloop
  endfacet
  facet normal 9.182161e-01 3.960798e-01 0.000000e+00
    outer loop
      vertex   9.612302e+01 5.696200e+01 -4.550000e+01
      vertex   9.623798e+01 5.669551e+01 -4.700000e+01
      vertex   9.612302e+01 5.696200e+01 -4.700000e+01
    endloop
  endfacet
  facet normal 9.848078e-01 1.736482e-01 0.000000e+00
    outer loop
      vertex   9.612302e+01 5.696200e+01 -4.550000e+01
      vertex   9.612302e+01 5.696200e+01 -4.700000e+01
      vertex   9.607262e+01 5.724783e+01 -4.550000e+01
    endloop
  endfacet
  facet normal 9.848078e-01 1.736482e-01 0.000000e+00
    outer loop
      vertex   9.607262e+01 5.724783e+01 -4.550000e+01
      vertex   9.612302e+01 5.696200e+01 -4.700000e+01
      vertex   9.607262e+01 5.724783e+01 -4.700000e+01
    endloop
  endfacet
  facet normal 9.983082e-01 -5.814483e-02 0.000000e+00
    outer loop
      vertex   9.607262e+01 5.724783e+01 -4.550000e+01
      vertex   9.607262e+01 5.724783e+01 -4.700000e+01
      vertex   9.608950e+01 5.753757e+01 -4.550000e+01
    endloop
  endfacet
  facet normal 9.983082e-01 -5.814483e-02 0.000000e+00
    outer loop
      vertex   9.608950e+01 5.753757e+01 -4.550000e+01
      vertex   9.607262e+01 5.724783e+01 -4.700000e+01
      vertex   9.608950e+01 5.753757e+01 -4.700000e+01
    endloop
  endfacet
  facet normal 9.579895e-01 -2.868032e-01 0.000000e+00
    outer loop
      vertex   9.608950e+01 5.753757e+01 -4.550000e+01
      vertex   9.608950e+01 5.753757e+01 -4.700000e+01
      vertex   9.617274e+01 5.781561e+01 -4.550000e+01
    endloop
  endfacet
  facet normal 9.579895e-01 -2.868032e-01 0.000000e+00
    outer loop
      vertex   9.617274e+01 5.781561e+01 -4.550000e+01
      vertex   9.608950e+01 5.753757e+01 -4.700000e+01
      vertex   9.617274e+01 5.781561e+01 -4.700000e+01
    endloop
  endfacet
  facet normal 8.660254e-01 -5.000000e-01 0.000000e+00
    outer loop
      vertex   9.617274e+01 5.781561e+01 -4.550000e+01
      vertex   9.617274e+01 5.781561e+01 -4.700000e+01
      vertex   9.631785e+01 5.806696e+01 -4.550000e+01
    endloop
  endfacet
  facet normal 8.660254e-01 -5.000000e-01 0.000000e+00
    outer loop
      vertex   9.631785e+01 5.806696e+01 -4.550000e+01
      vertex   9.617274e+01 5.781561e+01 -4.700000e+01
      vertex   9.631785e+01 5.806696e+01 -4.700000e+01
    endloop
  endfacet
  facet normal 7.273736e-01 -6.862416e-01 0.000000e+00
    outer loop
      vertex   9.631785e+01 5.806696e+01 -4.550000e+01
      vertex   9.631785e+01 5.806696e+01 -4.700000e+01
      vertex   9.651702e+01 5.827806e+01 -4.550000e+01
    endloop
  endfacet
  facet normal 7.273736e-01 -6.862416e-01 0.000000e+00
    outer loop
      vertex   9.651702e+01 5.827806e+01 -4.550000e+01
      vertex   9.631785e+01 5.806696e+01 -4.700000e+01
      vertex   9.651702e+01 5.827806e+01 -4.700000e+01
    endloop
  endfacet
  facet normal 5.495090e-01 -8.354878e-01 0.000000e+00
    outer loop
      vertex   9.651702e+01 5.827806e+01 -4.550000e+01
      vertex   9.651702e+01 5.827806e+01 -4.700000e+01
      vertex   9.675951e+01 5.843755e+01 -4.550000e+01
    endloop
  endfacet
  facet normal 5.495090e-01 -8.354878e-01 0.000000e+00
    outer loop
      vertex   9.675951e+01 5.843755e+01 -4.550000e+01
      vertex   9.651702e+01 5.827806e+01 -4.700000e+01
      vertex   9.675951e+01 5.843755e+01 -4.700000e+01
    endloop
  endfacet
  facet normal 3.420201e-01 -9.396926e-01 0.000000e+00
    outer loop
      vertex   9.675951e+01 5.843755e+01 -4.550000e+01
      vertex   9.675951e+01 5.843755e+01 -4.700000e+01
      vertex   9.703224e+01 5.853681e+01 -4.550000e+01
    endloop
  endfacet
  facet normal 3.420201e-01 -9.396926e-01 0.000000e+00
    outer loop
      vertex   9.703224e+01 5.853681e+01 -4.550000e+01
      vertex   9.675951e+01 5.843755e+01 -4.700000e+01
      vertex   9.703224e+01 5.853681e+01 -4.700000e+01
    endloop
  endfacet
  facet normal 1.160929e-01 -9.932384e-01 0.000000e+00
    outer loop
      vertex   9.703224e+01 5.853681e+01 -4.550000e+01
      vertex   9.703224e+01 5.853681e+01 -4.700000e+01
      vertex   9.732051e+01 5.857051e+01 -4.550000e+01
    endloop
  endfacet
  facet normal 1.160929e-01 -9.932384e-01 0.000000e+00
    outer loop
      vertex   9.732051e+01 5.857051e+01 -4.550000e+01
      vertex   9.703224e+01 5.853681e+01 -4.700000e+01
      vertex   9.732051e+01 5.857051e+01 -4.700000e+01
    endloop
  endfacet
  facet normal -1.160929e-01 -9.932384e-01 -0.000000e+00
    outer loop
      vertex   9.732051e+01 5.857051e+01 -4.550000e+01
      vertex   9.732051e+01 5.857051e+01 -4.700000e+01
      vertex   9.760878e+01 5.853681e+01 -4.550000e+01
    endloop
  endfacet
  facet normal -1.160929e-01 -9.932384e-01 -0.000000e+00
    outer loop
      vertex   9.760878e+01 5.853681e+01 -4.550000e+01
      vertex   9.732051e+01 5.857051e+01 -4.700000e+01
      vertex   9.760878e+01 5.853681e+01 -4.700000e+01
    endloop
  endfacet
  facet normal -3.420201e-01 -9.396926e-01 -0.000000e+00
    outer loop
      vertex   9.760878e+01 5.853681e+01 -4.550000e+01
      vertex   9.760878e+01 5.853681e+01 -4.700000e+01
      vertex   9.788151e+01 5.843755e+01 -4.550000e+01
    endloop
  endfacet
  facet normal -3.420201e-01 -9.396926e-01 -0.000000e+00
    outer loop
      vertex   9.788151e+01 5.843755e+01 -4.550000e+01
      vertex   9.760878e+01 5.853681e+01 -4.700000e+01
      vertex   9.788151e+01 5.843755e+01 -4.700000e+01
    endloop
  endfacet
  facet normal -5.495090e-01 -8.354878e-01 -0.000000e+00
    outer loop
      vertex   9.788151e+01 5.843755e+01 -4.550000e+01
      vertex   9.788151e+01 5.843755e+01 -4.700000e+01
      vertex   9.812399e+01 5.827806e+01 -4.550000e+01
    endloop
  endfacet
  facet normal -5.495090e-01 -8.354878e-01 -0.000000e+00
    outer loop
      vertex   9.812399e+01 5.827806e+01 -4.550000e+01
      vertex   9.788151e+01 5.843755e+01 -4.700000e+01
      vertex   9.812399e+01 5.827806e+01 -4.700000e+01
    endloop
  endfacet
  facet normal -7.273736e-01 -6.862416e-01 -0.000000e+00
    outer loop
      vertex   9.812399e+01 5.827806e+01 -4.550000e+01
      vertex   9.812399e+01 5.827806e+01 -4.700000e+01
      vertex   9.832316e+01 5.806696e+01 -4.550000e+01
    endloop
  endfacet
  facet normal -7.273736e-01 -6.862416e-01 -0.000000e+00
    outer loop
      vertex   9.832316e+01 5.806696e+01 -4.550000e+01
      vertex   9.812399e+01 5.827806e+01 -4.700000e+01
      vertex   9.832316e+01 5.806696e+01 -4.700000e+01
    endloop
  endfacet
  facet normal -8.660254e-01 -5.000000e-01 -0.000000e+00
    outer loop
      vertex   9.832316e+01 5.806696e+01 -4.550000e+01
      vertex   9.832316e+01 5.806696e+01 -4.700000e+01
      vertex   9.846828e+01 5.781561e+01 -4.550000e+01
    endloop
  endfacet
  facet normal -8.660254e-01 -5.000000e-01 -0.000000e+00
    outer loop
      vertex   9.846828e+01 5.781561e+01 -4.550000e+01
      vertex   9.832316e+01 5.806696e+01 -4.700000e+01
      vertex   9.846828e+01 5.781561e+01 -4.700000e+01
    endloop
  endfacet
  facet normal -9.579895e-01 -2.868032e-01 -0.000000e+00
    outer loop
      vertex   9.846828e+01 5.781561e+01 -4.550000e+01
      vertex   9.846828e+01 5.781561e+01 -4.700000e+01
      vertex   9.855152e+01 5.753757e+01 -4.550000e+01
    endloop
  endfacet
  facet normal -9.579895e-01 -2.868032e-01 -0.000000e+00
    outer loop
      vertex   9.855152e+01 5.753757e+01 -4.550000e+01
      vertex   9.846828e+01 5.781561e+01 -4.700000e+01
      vertex   9.855152e+01 5.753757e+01 -4.700000e+01
    endloop
  endfacet
  facet normal -9.983082e-01 -5.814483e-02 -0.000000e+00
    outer loop
      vertex   9.855152e+01 5.753757e+01 -4.550000e+01
      vertex   9.855152e+01 5.753757e+01 -4.700000e+01
      vertex   9.856839e+01 5.724783e+01 -4.550000e+01
    endloop
  endfacet
  facet normal -9.983082e-01 -5.814483e-02 -0.000000e+00
    outer loop
      vertex   9.856839e+01 5.724783e+01 -4.550000e+01
      vertex   9.855152e+01 5.753757e+01 -4.700000e+01
      vertex   9.856839e+01 5.724783e+01 -4.700000e+01
    endloop
  endfacet
  facet normal -9.848078e-01 1.736482e-01 0.000000e+00
    outer loop
      vertex   9.856839e+01 5.724783e+01 -4.550000e+01
      vertex   9.856839e+01 5.724783e+01 -4.700000e+01
      vertex   9.851799e+01 5.696200e+01 -4.550000e+01
    endloop
  endfacet
  facet normal -9.848078e-01 1.736482e-01 0.000000e+00
    outer loop
      vertex   9.851799e+01 5.696200e+01 -4.550000e+01
      vertex   9.856839e+01 5.724783e+01 -4.700000e+01
      vertex   9.851799e+01 5.696200e+01 -4.700000e+01
    endloop
  endfacet
  facet normal -9.182161e-01 3.960798e-01 0.000000e+00
    outer loop
      vertex   9.851799e+01 5.696200e+01 -4.550000e+01
      vertex   9.851799e+01 5.696200e+01 -4.700000e+01
      vertex   9.840304e+01 5.669551e+01 -4.550000e+01
    endloop
  endfacet
  facet normal -9.182161e-01 3.960798e-01 0.000000e+00
    outer loop
      vertex   9.840304e+01 5.669551e+01 -4.550000e+01
      vertex   9.851799e+01 5.696200e+01 -4.700000e+01
      vertex   9.840304e+01 5.669551e+01 -4.700000e+01
    endloop
  endfacet
  facet normal -8.021232e-01 5.971586e-01 0.000000e+00
    outer loop
      vertex   9.840304e+01 5.669551e+01 -4.550000e+01
      vertex   9.840304e+01 5.669551e+01 -4.700000e+01
      vertex   9.822973e+01 5.646271e+01 -4.550000e+01
    endloop
  endfacet
  facet normal -8.021232e-01 5.971586e-01 0.000000e+00
    outer loop
      vertex   9.822973e+01 5.646271e+01 -4.550000e+01
      vertex   9.840304e+01 5.669551e+01 -4.700000e+01
      vertex   9.822973e+01 5.646271e+01 -4.700000e+01
    endloop
  endfacet
  facet normal -6.427876e-01 7.660444e-01 0.000000e+00
    outer loop
      vertex   9.822973e+01 5.646271e+01 -4.550000e+01
      vertex   9.822973e+01 5.646271e+01 -4.700000e+01
      vertex   9.800739e+01 5.627615e+01 -4.550000e+01
    endloop
  endfacet
  facet normal -6.427876e-01 7.660444e-01 0.000000e+00
    outer loop
      vertex   9.800739e+01 5.627615e+01 -4.550000e+01
      vertex   9.822973e+01 5.646271e+01 -4.700000e+01
      vertex   9.800739e+01 5.627615e+01 -4.700000e+01
    endloop
  endfacet
  facet normal -4.487992e-01 8.936326e-01 0.000000e+00
    outer loop
      vertex   9.800739e+01 5.627615e+01 -4.550000e+01
      vertex   9.800739e+01 5.627615e+01 -4.700000e+01
      vertex   9.774803e+01 5.614589e+01 -4.550000e+01
    endloop
  endfacet
  facet normal -4.487992e-01 8.936326e-01 0.000000e+00
    outer loop
      vertex   9.774803e+01 5.614589e+01 -4.550000e+01
      vertex   9.800739e+01 5.627615e+01 -4.700000e+01
      vertex   9.774803e+01 5.614589e+01 -4.700000e+01
    endloop
  endfacet
  facet normal -2.306159e-01 9.730449e-01 0.000000e+00
    outer loop
      vertex   9.774803e+01 5.614589e+01 -4.550000e+01
      vertex   9.774803e+01 5.614589e+01 -4.700000e+01
      vertex   9.746562e+01 5.607896e+01 -4.550000e+01
    endloop
  endfacet
  facet normal -2.306159e-01 9.730449e-01 4.609266e-15
    outer loop
      vertex   9.746562e+01 5.607896e+01 -4.550000e+01
      vertex   9.774803e+01 5.614589e+01 -4.700000e+01
      vertex   9.746562e+01 5.607896e+01 -4.700000e+01
    endloop
  endfacet
  facet normal 0.000000e+00 1.000000e+00 4.736952e-15
    outer loop
      vertex   9.746562e+01 5.607896e+01 -4.550000e+01
      vertex   9.746562e+01 5.607896e+01 -4.700000e+01
      vertex   9.717539e+01 5.607896e+01 -4.550000e+01
    endloop
  endfacet
  facet normal -2.448186e-14 1.000000e+00 0.000000e+00
    outer loop
      vertex   9.717539e+01 5.607896e+01 -4.550000e+01
      vertex   9.746562e+01 5.607896e+01 -4.700000e+01
      vertex   9.717539e+01 5.607896e+01 -4.700000e+01
    endloop
  endfacet
  facet normal 2.306159e-01 9.730449e-01 0.000000e+00
    outer loop
      vertex   9.717539e+01 5.607896e+01 -4.550000e+01
      vertex   9.717539e+01 5.607896e+01 -4.700000e+01
      vertex   9.689298e+01 5.614589e+01 -4.550000e+01
    endloop
  endfacet
  facet normal 2.306159e-01 9.730449e-01 0.000000e+00
    outer loop
      vertex   9.689298e+01 5.614589e+01 -4.550000e+01
      vertex   9.717539e+01 5.607896e+01 -4.700000e+01
      vertex   9.689298e+01 5.614589e+01 -4.700000e+01
    endloop
  endfacet
  facet normal 4.487992e-01 8.936326e-01 0.000000e+00
    outer loop
      vertex   9.689298e+01 5.614589e+01 -4.550000e+01
      vertex   9.689298e+01 5.614589e+01 -4.700000e+01
      vertex   9.663362e+01 5.627615e+01 -4.550000e+01
    endloop
  endfacet
  facet normal 4.487992e-01 8.936326e-01 0.000000e+00
    outer loop
      vertex   9.663362e+01 5.627615e+01 -4.550000e+01
      vertex   9.689298e+01 5.614589e+01 -4.700000e+01
      vertex   9.663362e+01 5.627615e+01 -4.700000e+01
    endloop
  endfacet
  facet normal 6.427876e-01 7.660444e-01 0.000000e+00
    outer loop
      vertex   9.663362e+01 5.627615e+01 -4.550000e+01
      vertex   9.663362e+01 5.627615e+01 -4.700000e+01
      vertex   9.641129e+01 5.646271e+01 -4.550000e+01
    endloop
  endfacet
  facet normal 6.427876e-01 7.660444e-01 0.000000e+00
    outer loop
      vertex   9.641129e+01 5.646271e+01 -4.550000e+01
      vertex   9.663362e+01 5.627615e+01 -4.700000e+01
      vertex   9.641129e+01 5.646271e+01 -4.700000e+01
    endloop
  endfacet
  facet normal 9.932384e-01 1.160929e-01 0.000000e+00
    outer loop
      vertex   9.878369e+01 5.239122e+01 -4.550000e+01
      vertex   9.878369e+01 5.239122e+01 -4.700000e+01
      vertex   9.875000e+01 5.267949e+01 -4.550000e+01
    endloop
  endfacet
  facet normal 9.932384e-01 1.160929e-01 0.000000e+00
    outer loop
      vertex   9.875000e+01 5.267949e+01 -4.550000e+01
      vertex   9.878369e+01 5.239122e+01 -4.700000e+01
      vertex   9.875000e+01 5.267949e+01 -4.700000e+01
    endloop
  endfacet
  facet normal 9.932384e-01 -1.160929e-01 0.000000e+00
    outer loop
      vertex   9.875000e+01 5.267949e+01 -4.550000e+01
      vertex   9.875000e+01 5.267949e+01 -4.700000e+01
      vertex   9.878369e+01 5.296776e+01 -4.550000e+01
    endloop
  endfacet
  facet normal 9.932384e-01 -1.160929e-01 0.000000e+00
    outer loop
      vertex   9.878369e+01 5.296776e+01 -4.550000e+01
      vertex   9.875000e+01 5.267949e+01 -4.700000e+01
      vertex   9.878369e+01 5.296776e+01 -4.700000e+01
    endloop
  endfacet
  facet normal 9.396926e-01 -3.420201e-01 0.000000e+00
    outer loop
      vertex   9.878369e+01 5.296776e+01 -4.550000e+01
      vertex   9.878369e+01 5.296776e+01 -4.700000e+01
      vertex   9.888296e+01 5.324049e+01 -4.550000e+01
    endloop
  endfacet
  facet normal 9.396926e-01 -3.420201e-01 0.000000e+00
    outer loop
      vertex   9.888296e+01 5.324049e+01 -4.550000e+01
      vertex   9.878369e+01 5.296776e+01 -4.700000e+01
      vertex   9.888296e+01 5.324049e+01 -4.700000e+01
    endloop
  endfacet
  facet normal 8.354878e-01 -5.495090e-01 0.000000e+00
    outer loop
      vertex   9.888296e+01 5.324049e+01 -4.550000e+01
      vertex   9.888296e+01 5.324049e+01 -4.700000e+01
      vertex   9.904244e+01 5.348298e+01 -4.550000e+01
    endloop
  endfacet
  facet normal 8.354878e-01 -5.495090e-01 0.000000e+00
    outer loop
      vertex   9.904244e+01 5.348298e+01 -4.550000e+01
      vertex   9.888296e+01 5.324049e+01 -4.700000e+01
      vertex   9.904244e+01 5.348298e+01 -4.700000e+01
    endloop
  endfacet
  facet normal 6.862416e-01 -7.273736e-01 0.000000e+00
    outer loop
      vertex   9.904244e+01 5.348298e+01 -4.550000e+01
      vertex   9.904244e+01 5.348298e+01 -4.700000e+01
      vertex   9.925355e+01 5.368215e+01 -4.550000e+01
    endloop
  endfacet
  facet normal 6.862416e-01 -7.273736e-01 0.000000e+00
    outer loop
      vertex   9.925355e+01 5.368215e+01 -4.550000e+01
      vertex   9.904244e+01 5.348298e+01 -4.700000e+01
      vertex   9.925355e+01 5.368215e+01 -4.700000e+01
    endloop
  endfacet
  facet normal 5.000000e-01 -8.660254e-01 0.000000e+00
    outer loop
      vertex   9.925355e+01 5.368215e+01 -4.550000e+01
      vertex   9.925355e+01 5.368215e+01 -4.700000e+01
      vertex   9.950490e+01 5.382726e+01 -4.550000e+01
    endloop
  endfacet
  facet normal 5.000000e-01 -8.660254e-01 0.000000e+00
    outer loop
      vertex   9.950490e+01 5.382726e+01 -4.550000e+01
      vertex   9.925355e+01 5.368215e+01 -4.700000e+01
      vertex   9.950490e+01 5.382726e+01 -4.700000e+01
    endloop
  endfacet
  facet normal 2.868032e-01 -9.579895e-01 0.000000e+00
    outer loop
      vertex   9.950490e+01 5.382726e+01 -4.550000e+01
      vertex   9.950490e+01 5.382726e+01 -4.700000e+01
      vertex   9.978294e+01 5.391050e+01 -4.550000e+01
    endloop
  endfacet
  facet normal 2.868032e-01 -9.579895e-01 0.000000e+00
    outer loop
      vertex   9.978294e+01 5.391050e+01 -4.550000e+01
      vertex   9.950490e+01 5.382726e+01 -4.700000e+01
      vertex   9.978294e+01 5.391050e+01 -4.700000e+01
    endloop
  endfacet
  facet normal 5.814483e-02 -9.983082e-01 0.000000e+00
    outer loop
      vertex   9.978294e+01 5.391050e+01 -4.550000e+01
      vertex   9.978294e+01 5.391050e+01 -4.700000e+01
      vertex   1.000727e+02 5.392738e+01 -4.550000e+01
    endloop
  endfacet
  facet normal 5.814483e-02 -9.983082e-01 0.000000e+00
    outer loop
      vertex   1.000727e+02 5.392738e+01 -4.550000e+01
      vertex   9.978294e+01 5.391050e+01 -4.700000e+01
      vertex   1.000727e+02 5.392738e+01 -4.700000e+01
    endloop
  endfacet
  facet normal -1.736482e-01 -9.848078e-01 -0.000000e+00
    outer loop
      vertex   1.000727e+02 5.392738e+01 -4.550000e+01
      vertex   1.000727e+02 5.392738e+01 -4.700000e+01
      vertex   1.003585e+02 5.387698e+01 -4.550000e+01
    endloop
  endfacet
  facet normal -1.736482e-01 -9.848078e-01 -0.000000e+00
    outer loop
      vertex   1.003585e+02 5.387698e+01 -4.550000e+01
      vertex   1.000727e+02 5.392738e+01 -4.700000e+01
      vertex   1.003585e+02 5.387698e+01 -4.700000e+01
    endloop
  endfacet
  facet normal -3.960798e-01 -9.182161e-01 -0.000000e+00
    outer loop
      vertex   1.003585e+02 5.387698e+01 -4.550000e+01
      vertex   1.003585e+02 5.387698e+01 -4.700000e+01
      vertex   1.006250e+02 5.376202e+01 -4.550000e+01
    endloop
  endfacet
  facet normal -3.960798e-01 -9.182161e-01 -0.000000e+00
    outer loop
      vertex   1.006250e+02 5.376202e+01 -4.550000e+01
      vertex   1.003585e+02 5.387698e+01 -4.700000e+01
      vertex   1.006250e+02 5.376202e+01 -4.700000e+01
    endloop
  endfacet
  facet normal -5.971586e-01 -8.021232e-01 -0.000000e+00
    outer loop
      vertex   1.006250e+02 5.376202e+01 -4.550000e+01
      vertex   1.006250e+02 5.376202e+01 -4.700000e+01
      vertex   1.008578e+02 5.358871e+01 -4.550000e+01
    endloop
  endfacet
  facet normal -5.971586e-01 -8.021232e-01 -0.000000e+00
    outer loop
      vertex   1.008578e+02 5.358871e+01 -4.550000e+01
      vertex   1.006250e+02 5.376202e+01 -4.700000e+01
      vertex   1.008578e+02 5.358871e+01 -4.700000e+01
    endloop
  endfacet
  facet normal -7.660444e-01 -6.427876e-01 -0.000000e+00
    outer loop
      vertex   1.008578e+02 5.358871e+01 -4.550000e+01
      vertex   1.008578e+02 5.358871e+01 -4.700000e+01
      vertex   1.010444e+02 5.336638e+01 -4.550000e+01
    endloop
  endfacet
  facet normal -7.660444e-01 -6.427876e-01 -0.000000e+00
    outer loop
      vertex   1.010444e+02 5.336638e+01 -4.550000e+01
      vertex   1.008578e+02 5.358871e+01 -4.700000e+01
      vertex   1.010444e+02 5.336638e+01 -4.700000e+01
    endloop
  endfacet
  facet normal -8.936326e-01 -4.487992e-01 -0.000000e+00
    outer loop
      vertex   1.010444e+02 5.336638e+01 -4.550000e+01
      vertex   1.010444e+02 5.336638e+01 -4.700000e+01
      vertex   1.011746e+02 5.310702e+01 -4.550000e+01
    endloop
  endfacet
  facet normal -8.936326e-01 -4.487992e-01 -0.000000e+00
    outer loop
      vertex   1.011746e+02 5.310702e+01 -4.550000e+01
      vertex   1.010444e+02 5.336638e+01 -4.700000e+01
      vertex   1.011746e+02 5.310702e+01 -4.700000e+01
    endloop
  endfacet
  facet normal -9.730449e-01 -2.306159e-01 -0.000000e+00
    outer loop
      vertex   1.011746e+02 5.310702e+01 -4.550000e+01
      vertex   1.011746e+02 5.310702e+01 -4.700000e+01
      vertex   1.012415e+02 5.282461e+01 -4.550000e+01
    endloop
  endfacet
  facet normal -9.730449e-01 -2.306159e-01 -0.000000e+00
    outer loop
      vertex   1.012415e+02 5.282461e+01 -4.550000e+01
      vertex   1.011746e+02 5.310702e+01 -4.700000e+01
      vertex   1.012415e+02 5.282461e+01 -4.700000e+01
    endloop
  endfacet
  facet normal -1.000000e+00 -0.000000e+00 -0.000000e+00
    outer loop
      vertex   1.012415e+02 5.282461e+01 -4.550000e+01
      vertex   1.012415e+02 5.282461e+01 -4.700000e+01
      vertex   1.012415e+02 5.253438e+01 -4.550000e+01
    endloop
  endfacet
  facet normal -1.000000e+00 0.000000e+00 0.000000e+00
    outer loop
      vertex   1.012415e+02 5.253438e+01 -4.550000e+01
      vertex   1.012415e+02 5.282461e+01 -4.700000e+01
      vertex   1.012415e+02 5.253438e+01 -4.700000e+01
    endloop
  endfacet
  facet normal -9.730449e-01 2.306159e-01 0.000000e+00
    outer loop
      vertex   1.012415e+02 5.253438e+01 -4.550000e+01
      vertex   1.012415e+02 5.253438e+01 -4.700000e+01
      vertex   1.011746e+02 5.225197e+01 -4.550000e+01
    endloop
  endfacet
  facet normal -9.730449e-01 2.306159e-01 0.000000e+00
    outer loop
      vertex   1.011746e+02 5.225197e+01 -4.550000e+01
      vertex   1.012415e+02 5.253438e+01 -4.700000e+01
      vertex   1.011746e+02 5.225197e+01 -4.700000e+01
    endloop
  endfacet
  facet normal -8.936326e-01 4.487992e-01 0.000000e+00
    outer loop
      vertex   1.011746e+02 5.225197e+01 -4.550000e+01
      vertex   1.011746e+02 5.225197e+01 -4.700000e+01
      vertex   1.010444e+02 5.199261e+01 -4.550000e+01
    endloop
  endfacet
  facet normal -8.936326e-01 4.487992e-01 0.000000e+00
    outer loop
      vertex   1.010444e+02 5.199261e+01 -4.550000e+01
      vertex   1.011746e+02 5.225197e+01 -4.700000e+01
      vertex   1.010444e+02 5.199261e+01 -4.700000e+01
    endloop
  endfacet
  facet normal -7.660444e-01 6.427876e-01 0.000000e+00
    outer loop
      vertex   1.010444e+02 5.199261e+01 -4.550000e+01
      vertex   1.010444e+02 5.199261e+01 -4.700000e+01
      vertex   1.008578e+02 5.177027e+01 -4.550000e+01
    endloop
  endfacet
  facet normal -7.660444e-01 6.427876e-01 0.000000e+00
    outer loop
      vertex   1.008578e+02 5.177027e+01 -4.550000e+01
      vertex   1.010444e+02 5.199261e+01 -4.700000e+01
      vertex   1.008578e+02 5.177027e+01 -4.700000e+01
    endloop
  endfacet
  facet normal -5.971586e-01 8.021232e-01 0.000000e+00
    outer loop
      vertex   1.008578e+02 5.177027e+01 -4.550000e+01
      vertex   1.008578e+02 5.177027e+01 -4.700000e+01
      vertex   1.006250e+02 5.159696e+01 -4.550000e+01
    endloop
  endfacet
  facet normal -5.971586e-01 8.021232e-01 0.000000e+00
    outer loop
      vertex   1.006250e+02 5.159696e+01 -4.550000e+01
      vertex   1.008578e+02 5.177027e+01 -4.700000e+01
      vertex   1.006250e+02 5.159696e+01 -4.700000e+01
    endloop
  endfacet
  facet normal -3.960798e-01 9.182161e-01 0.000000e+00
    outer loop
      vertex   1.006250e+02 5.159696e+01 -4.550000e+01
      vertex   1.006250e+02 5.159696e+01 -4.700000e+01
      vertex   1.003585e+02 5.148201e+01 -4.550000e+01
    endloop
  endfacet
  facet normal -3.960798e-01 9.182161e-01 0.000000e+00
    outer loop
      vertex   1.003585e+02 5.148201e+01 -4.550000e+01
      vertex   1.006250e+02 5.159696e+01 -4.700000e+01
      vertex   1.003585e+02 5.148201e+01 -4.700000e+01
    endloop
  endfacet
  facet normal -1.736482e-01 9.848078e-01 0.000000e+00
    outer loop
      vertex   1.003585e+02 5.148201e+01 -4.550000e+01
      vertex   1.003585e+02 5.148201e+01 -4.700000e+01
      vertex   1.000727e+02 5.143161e+01 -4.550000e+01
    endloop
  endfacet
  facet normal -1.736482e-01 9.848078e-01 0.000000e+00
    outer loop
      vertex   1.000727e+02 5.143161e+01 -4.550000e+01
      vertex   1.003585e+02 5.148201e+01 -4.700000e+01
      vertex   1.000727e+02 5.143161e+01 -4.700000e+01
    endloop
  endfacet
  facet normal 5.814483e-02 9.983082e-01 0.000000e+00
    outer loop
      vertex   1.000727e+02 5.143161e+01 -4.550000e+01
      vertex   1.000727e+02 5.143161e+01 -4.700000e+01
      vertex   9.978294e+01 5.144848e+01 -4.550000e+01
    endloop
  endfacet
  facet normal 5.814483e-02 9.983082e-01 0.000000e+00
    outer loop
      vertex   9.978294e+01 5.144848e+01 -4.550000e+01
      vertex   1.000727e+02 5.143161e+01 -4.700000e+01
      vertex   9.978294e+01 5.144848e+01 -4.700000e+01
    endloop
  endfacet
  facet normal 2.868032e-01 9.579895e-01 0.000000e+00
    outer loop
      vertex   9.978294e+01 5.144848e+01 -4.550000e+01
      vertex   9.978294e+01 5.144848e+01 -4.700000e+01
      vertex   9.950490e+01 5.153172e+01 -4.550000e+01
    endloop
  endfacet
  facet normal 2.868032e-01 9.579895e-01 0.000000e+00
    outer loop
      vertex   9.950490e+01 5.153172e+01 -4.550000e+01
      vertex   9.978294e+01 5.144848e+01 -4.700000e+01
      vertex   9.950490e+01 5.153172e+01 -4.700000e+01
    endloop
  endfacet
  facet normal 5.000000e-01 8.660254e-01 0.000000e+00
    outer loop
      vertex   9.950490e+01 5.153172e+01 -4.550000e+01
      vertex   9.950490e+01 5.153172e+01 -4.700000e+01
      vertex   9.925355e+01 5.167684e+01 -4.550000e+01
    endloop
  endfacet
  facet normal 5.000000e-01 8.660254e-01 0.000000e+00
    outer loop
      vertex   9.925355e+01 5.167684e+01 -4.550000e+01
      vertex   9.950490e+01 5.153172e+01 -4.700000e+01
      vertex   9.925355e+01 5.167684e+01 -4.700000e+01
    endloop
  endfacet
  facet normal 6.862416e-01 7.273736e-01 0.000000e+00
    outer loop
      vertex   9.925355e+01 5.167684e+01 -4.550000e+01
      vertex   9.925355e+01 5.167684e+01 -4.700000e+01
      vertex   9.904244e+01 5.187601e+01 -4.550000e+01
    endloop
  endfacet
  facet normal 6.862416e-01 7.273736e-01 0.000000e+00
    outer loop
      vertex   9.904244e+01 5.187601e+01 -4.550000e+01
      vertex   9.925355e+01 5.167684e+01 -4.700000e+01
      vertex   9.904244e+01 5.187601e+01 -4.700000e+01
    endloop
  endfacet
  facet normal 8.354878e-01 5.495090e-01 0.000000e+00
    outer loop
      vertex   9.904244e+01 5.187601e+01 -4.550000e+01
      vertex   9.904244e+01 5.187601e+01 -4.700000e+01
      vertex   9.888296e+01 5.211849e+01 -4.550000e+01
    endloop
  endfacet
  facet normal 8.354878e-01 5.495090e-01 0.000000e+00
    outer loop
      vertex   9.888296e+01 5.211849e+01 -4.550000e+01
      vertex   9.904244e+01 5.187601e+01 -4.700000e+01
      vertex   9.888296e+01 5.211849e+01 -4.700000e+01
    endloop
  endfacet
  facet normal 9.396926e-01 3.420201e-01 0.000000e+00
    outer loop
      vertex   9.888296e+01 5.211849e+01 -4.550000e+01
      vertex   9.888296e+01 5.211849e+01 -4.700000e+01
      vertex   9.878369e+01 5.239122e+01 -4.550000e+01
    endloop
  endfacet
  facet normal 9.396926e-01 3.420201e-01 0.000000e+00
    outer loop
      vertex   9.878369e+01 5.239122e+01 -4.550000e+01
      vertex   9.888296e+01 5.211849e+01 -4.700000e+01
      vertex   9.878369e+01 5.239122e+01 -4.700000e+01
    endloop
  endfacet
  facet normal 9.914449e-01 1.305262e-01 0.000000e+00
    outer loop
      vertex   9.951704e+01 4.987059e+01 -4.550000e+01
      vertex   9.951704e+01 4.987059e+01 -4.700000e+01
      vertex   9.950000e+01 5.000000e+01 -4.550000e+01
    endloop
  endfacet
  facet normal 9.914449e-01 1.305262e-01 0.000000e+00
    outer loop
      vertex   9.950000e+01 5.000000e+01 -4.550000e+01
      vertex   9.951704e+01 4.987059e+01 -4.700000e+01
      vertex   9.950000e+01 5.000000e+01 -4.700000e+01
    endloop
  endfacet
  facet normal 9.914449e-01 -1.305262e-01 0.000000e+00
    outer loop
      vertex   9.950000e+01 5.000000e+01 -4.550000e+01
      vertex   9.950000e+01 5.000000e+01 -4.700000e+01
      vertex   9.951704e+01 5.012941e+01 -4.550000e+01
    endloop
  endfacet
  facet normal 9.914449e-01 -1.305262e-01 0.000000e+00
    outer loop
      vertex   9.951704e+01 5.012941e+01 -4.550000e+01
      vertex   9.950000e+01 5.000000e+01 -4.700000e+01
      vertex   9.951704e+01 5.012941e+01 -4.700000e+01
    endloop
  endfacet
  facet normal 9.238795e-01 -3.826834e-01 0.000000e+00
    outer loop
      vertex   9.951704e+01 5.012941e+01 -4.550000e+01
      vertex   9.951704e+01 5.012941e+01 -4.700000e+01
      vertex   9.956699e+01 5.025000e+01 -4.550000e+01
    endloop
  endfacet
  facet normal 9.238795e-01 -3.826834e-01 0.000000e+00
    outer loop
      vertex   9.956699e+01 5.025000e+01 -4.550000e+01
      vertex   9.951704e+01 5.012941e+01 -4.700000e+01
      vertex   9.956699e+01 5.025000e+01 -4.700000e+01
    endloop
  endfacet
  facet normal 7.933533e-01 -6.087614e-01 0.000000e+00
    outer loop
      vertex   9.956699e+01 5.025000e+01 -4.550000e+01
      vertex   9.956699e+01 5.025000e+01 -4.700000e+01
      vertex   9.964645e+01 5.035355e+01 -4.550000e+01
    endloop
  endfacet
  facet normal 7.933533e-01 -6.087614e-01 0.000000e+00
    outer loop
      vertex   9.964645e+01 5.035355e+01 -4.550000e+01
      vertex   9.956699e+01 5.025000e+01 -4.700000e+01
      vertex   9.964645e+01 5.035355e+01 -4.700000e+01
    endloop
  endfacet
  facet normal 6.087614e-01 -7.933533e-01 0.000000e+00
    outer loop
      vertex   9.964645e+01 5.035355e+01 -4.550000e+01
      vertex   9.964645e+01 5.035355e+01 -4.700000e+01
      vertex   9.975000e+01 5.043301e+01 -4.550000e+01
    endloop
  endfacet
  facet normal 6.087614e-01 -7.933533e-01 0.000000e+00
    outer loop
      vertex   9.975000e+01 5.043301e+01 -4.550000e+01
      vertex   9.964645e+01 5.035355e+01 -4.700000e+01
      vertex   9.975000e+01 5.043301e+01 -4.700000e+01
    endloop
  endfacet
  facet normal 3.826834e-01 -9.238795e-01 0.000000e+00
    outer loop
      vertex   9.975000e+01 5.043301e+01 -4.550000e+01
      vertex   9.975000e+01 5.043301e+01 -4.700000e+01
      vertex   9.987059e+01 5.048296e+01 -4.550000e+01
    endloop
  endfacet
  facet normal 3.826834e-01 -9.238795e-01 0.000000e+00
    outer loop
      vertex   9.987059e+01 5.048296e+01 -4.550000e+01
      vertex   9.975000e+01 5.043301e+01 -4.700000e+01
      vertex   9.987059e+01 5.048296e+01 -4.700000e+01
    endloop
  endfacet
  facet normal 1.305262e-01 -9.914449e-01 0.000000e+00
    outer loop
      vertex   9.987059e+01 5.048296e+01 -4.550000e+01
      vertex   9.987059e+01 5.048296e+01 -4.700000e+01
      vertex   1.000000e+02 5.050000e+01 -4.550000e+01
    endloop
  endfacet
  facet normal 1.305262e-01 -9.914449e-01 0.000000e+00
    outer loop
      vertex   1.000000e+02 5.050000e+01 -4.550000e+01
      vertex   9.987059e+01 5.048296e+01 -4.700000e+01
      vertex   1.000000e+02 5.050000e+01 -4.700000e+01
    endloop
  endfacet
  facet normal -1.305262e-01 -9.914449e-01 -0.000000e+00
    outer loop
      vertex   1.000000e+02 5.050000e+01 -4.550000e+01
      vertex   1.000000e+02 5.050000e+01 -4.700000e+01
      vertex   1.001294e+02 5.048296e+01 -4.550000e+01
    endloop
  endfacet
  facet normal -1.305262e-01 -9.914449e-01 -0.000000e+00
    outer loop
      vertex   1.001294e+02 5.048296e+01 -4.550000e+01
      vertex   1.000000e+02 5.050000e+01 -4.700000e+01
      vertex   1.001294e+02 5.048296e+01 -4.700000e+01
    endloop
  endfacet
  facet normal -3.826834e-01 -9.238795e-01 -0.000000e+00
    outer loop
      vertex   1.001294e+02 5.048296e+01 -4.550000e+01
      vertex   1.001294e+02 5.048296e+01 -4.700000e+01
      vertex   1.002500e+02 5.043301e+01 -4.550000e+01
    endloop
  endfacet
  facet normal -3.826834e-01 -9.238795e-01 -0.000000e+00
    outer loop
      vertex   1.002500e+02 5.043301e+01 -4.550000e+01
      vertex   1.001294e+02 5.048296e+01 -4.700000e+01
      vertex   1.002500e+02 5.043301e+01 -4.700000e+01
    endloop
  endfacet
  facet normal -6.087614e-01 -7.933533e-01 -0.000000e+00
    outer loop
      vertex   1.002500e+02 5.043301e+01 -4.550000e+01
      vertex   1.002500e+02 5.043301e+01 -4.700000e+01
      vertex   1.003536e+02 5.035355e+01 -4.550000e+01
    endloop
  endfacet
  facet normal -6.087614e-01 -7.933533e-01 -0.000000e+00
    outer loop
      vertex   1.003536e+02 5.035355e+01 -4.550000e+01
      vertex   1.002500e+02 5.043301e+01 -4.700000e+01
      vertex   1.003536e+02 5.035355e+01 -4.700000e+01
    endloop
  endfacet
  facet normal -7.933533e-01 -6.087614e-01 -0.000000e+00
    outer loop
      vertex   1.003536e+02 5.035355e+01 -4.550000e+01
      vertex   1.003536e+02 5.035355e+01 -4.700000e+01
      vertex   1.004330e+02 5.025000e+01 -4.550000e+01
    endloop
  endfacet
  facet normal -7.933533e-01 -6.087614e-01 -0.000000e+00
    outer loop
      vertex   1.004330e+02 5.025000e+01 -4.550000e+01
      vertex   1.003536e+02 5.035355e+01 -4.700000e+01
      vertex   1.004330e+02 5.025000e+01 -4.700000e+01
    endloop
  endfacet
  facet normal -9.238795e-01 -3.826834e-01 -0.000000e+00
    outer loop
      vertex   1.004330e+02 5.025000e+01 -4.550000e+01
      vertex   1.004330e+02 5.025000e+01 -4.700000e+01
      vertex   1.004830e+02 5.012941e+01 -4.550000e+01
    endloop
  endfacet
  facet normal -9.238795e-01 -3.826834e-01 -0.000000e+00
    outer loop
      vertex   1.004830e+02 5.012941e+01 -4.550000e+01
      vertex   1.004330e+02 5.025000e+01 -4.700000e+01
      vertex   1.004830e+02 5.012941e+01 -4.700000e+01
    endloop
  endfacet
  facet normal -9.914449e-01 -1.305262e-01 -0.000000e+00
    outer loop
      vertex   1.004830e+02 5.012941e+01 -4.550000e+01
      vertex   1.004830e+02 5.012941e+01 -4.700000e+01
      vertex   1.005000e+02 5.000000e+01 -4.550000e+01
    endloop
  endfacet
  facet normal -9.914449e-01 -1.305262e-01 -0.000000e+00
    outer loop
      vertex   1.005000e+02 5.000000e+01 -4.550000e+01
      vertex   1.004830e+02 5.012941e+01 -4.700000e+01
      vertex   1.005000e+02 5.000000e+01 -4.700000e+01
    endloop
  endfacet
  facet normal -9.914449e-01 1.305262e-01 0.000000e+00
    outer loop
      vertex   1.005000e+02 5.000000e+01 -4.550000e+01
      vertex   1.005000e+02 5.000000e+01 -4.700000e+01
      vertex   1.004830e+02 4.987059e+01 -4.550000e+01
    endloop
  endfacet
  facet normal -9.914449e-01 1.305262e-01 0.000000e+00
    outer loop
      vertex   1.004830e+02 4.987059e+01 -4.550000e+01
      vertex   1.005000e+02 5.000000e+01 -4.700000e+01
      vertex   1.004830e+02 4.987059e+01 -4.700000e+01
    endloop
  endfacet
  facet normal -9.238795e-01 3.826834e-01 0.000000e+00
    outer loop
      vertex   1.004830e+02 4.987059e+01 -4.550000e+01
      vertex   1.004830e+02 4.987059e+01 -4.700000e+01
      vertex   1.004330e+02 4.975000e+01 -4.550000e+01
    endloop
  endfacet
  facet normal -9.238795e-01 3.826834e-01 0.000000e+00
    outer loop
      vertex   1.004330e+02 4.975000e+01 -4.550000e+01
      vertex   1.004830e+02 4.987059e+01 -4.700000e+01
      vertex   1.004330e+02 4.975000e+01 -4.700000e+01
    endloop
  endfacet
  facet normal -7.933533e-01 6.087614e-01 0.000000e+00
    outer loop
      vertex   1.004330e+02 4.975000e+01 -4.550000e+01
      vertex   1.004330e+02 4.975000e+01 -4.700000e+01
      vertex   1.003536e+02 4.964645e+01 -4.550000e+01
    endloop
  endfacet
  facet normal -7.933533e-01 6.087614e-01 0.000000e+00
    outer loop
      vertex   1.003536e+02 4.964645e+01 -4.550000e+01
      vertex   1.004330e+02 4.975000e+01 -4.700000e+01
      vertex   1.003536e+02 4.964645e+01 -4.700000e+01
    endloop
  endfacet
  facet normal -6.087614e-01 7.933533e-01 0.000000e+00
    outer loop
      vertex   1.003536e+02 4.964645e+01 -4.550000e+01
      vertex   1.003536e+02 4.964645e+01 -4.700000e+01
      vertex   1.002500e+02 4.956699e+01 -4.550000e+01
    endloop
  endfacet
  facet normal -6.087614e-01 7.933533e-01 0.000000e+00
    outer loop
      vertex   1.002500e+02 4.956699e+01 -4.550000e+01
      vertex   1.003536e+02 4.964645e+01 -4.700000e+01
      vertex   1.002500e+02 4.956699e+01 -4.700000e+01
    endloop
  endfacet
  facet normal -3.826834e-01 9.238795e-01 0.000000e+00
    outer loop
      vertex   1.002500e+02 4.956699e+01 -4.550000e+01
      vertex   1.002500e+02 4.956699e+01 -4.700000e+01
      vertex   1.001294e+02 4.951704e+01 -4.550000e+01
    endloop
  endfacet
  facet normal -3.826834e-01 9.238795e-01 0.000000e+00
    outer loop
      vertex   1.001294e+02 4.951704e+01 -4.550000e+01
      vertex   1.002500e+02 4.956699e+01 -4.700000e+01
      vertex   1.001294e+02 4.951704e+01 -4.700000e+01
    endloop
  endfacet
  facet normal -1.305262e-01 9.914449e-01 0.000000e+00
    outer loop
      vertex   1.001294e+02 4.951704e+01 -4.550000e+01
      vertex   1.001294e+02 4.951704e+01 -4.700000e+01
      vertex   1.000000e+02 4.950000e+01 -4.550000e+01
    endloop
  endfacet
  facet normal -1.305262e-01 9.914449e-01 0.000000e+00
    outer loop
      vertex   1.000000e+02 4.950000e+01 -4.550000e+01
      vertex   1.001294e+02 4.951704e+01 -4.700000e+01
      vertex   1.000000e+02 4.950000e+01 -4.700000e+01
    endloop
  endfacet
  facet normal 1.305262e-01 9.914449e-01 0.000000e+00
    outer loop
      vertex   1.000000e+02 4.950000e+01 -4.550000e+01
      vertex   1.000000e+02 4.950000e+01 -4.700000e+01
      vertex   9.987059e+01 4.951704e+01 -4.550000e+01
    endloop
  endfacet
  facet normal 1.305262e-01 9.914449e-01 0.000000e+00
    outer loop
      vertex   9.987059e+01 4.951704e+01 -4.550000e+01
      vertex   1.000000e+02 4.950000e+01 -4.700000e+01
      vertex   9.987059e+01 4.951704e+01 -4.700000e+01
    endloop
  endfacet
  facet normal 3.826834e-01 9.238795e-01 0.000000e+00
    outer loop
      vertex   9.987059e+01 4.951704e+01 -4.550000e+01
      vertex   9.987059e+01 4.951704e+01 -4.700000e+01
      vertex   9.975000e+01 4.956699e+01 -4.550000e+01
    endloop
  endfacet
  facet normal 3.826834e-01 9.238795e-01 0.000000e+00
    outer loop
      vertex   9.975000e+01 4.956699e+01 -4.550000e+01
      vertex   9.987059e+01 4.951704e+01 -4.700000e+01
      vertex   9.975000e+01 4.956699e+01 -4.700000e+01
    endloop
  endfacet
  facet normal 6.087614e-01 7.933533e-01 0.000000e+00
    outer loop
      vertex   9.975000e+01 4.956699e+01 -4.550000e+01
      vertex   9.975000e+01 4.956699e+01 -4.700000e+01
      vertex   9.964645e+01 4.964645e+01 -4.550000e+01
    endloop
  endfacet
  facet normal 6.087614e-01 7.933533e-01 0.000000e+00
    outer loop
      vertex   9.964645e+01 4.964645e+01 -4.550000e+01
      vertex   9.975000e+01 4.956699e+01 -4.700000e+01
      vertex   9.964645e+01 4.964645e+01 -4.700000e+01
    endloop
  endfacet
  facet normal 7.933533e-01 6.087614e-01 0.000000e+00
    outer loop
      vertex   9.964645e+01 4.964645e+01 -4.550000e+01
      vertex   9.964645e+01 4.964645e+01 -4.700000e+01
      vertex   9.956699e+01 4.975000e+01 -4.550000e+01
    endloop
  endfacet
  facet normal 7.933533e-01 6.087614e-01 0.000000e+00
    outer loop
      vertex   9.956699e+01 4.975000e+01 -4.550000e+01
      vertex   9.964645e+01 4.964645e+01 -4.700000e+01
      vertex   9.956699e+01 4.975000e+01 -4.700000e+01
    endloop
  endfacet
  facet normal 9.238795e-01 3.826834e-01 0.000000e+00
    outer loop
      vertex   9.956699e+01 4.975000e+01 -4.550000e+01
      vertex   9.956699e+01 4.975000e+01 -4.700000e+01
      vertex   9.951704e+01 4.987059e+01 -4.550000e+01
    endloop
  endfacet
  facet normal 9.238795e-01 3.826834e-01 0.000000e+00
    outer loop
      vertex   9.951704e+01 4.987059e+01 -4.550000e+01
      vertex   9.956699e+01 4.975000e+01 -4.700000e+01
      vertex   9.951704e+01 4.987059e+01 -4.700000e+01
    endloop
  endfacet
  facet normal 9.945219e-01 1.045285e-01 0.000000e+00
    outer loop
      vertex   8.853278e+01 4.968813e+01 -4.200000e+01
      vertex   8.850000e+01 5.000000e+01 -4.200000e+01
      vertex   8.850000e+01 5.000000e+01 -3.550000e+01
    endloop
  endfacet
  facet normal 9.945219e-01 -1.045285e-01 0.000000e+00
    outer loop
      vertex   8.850000e+01 5.000000e+01 -3.550000e+01
      vertex   8.850000e+01 5.000000e+01 -4.200000e+01
      vertex   8.853278e+01 5.031187e+01 -4.200000e+01
    endloop
  endfacet
  facet normal 9.941379e-01 -1.081190e-01 -1.742096e-04
    outer loop
      vertex   8.850000e+01 5.000000e+01 -3.550000e+01
      vertex   8.853278e+01 5.031187e+01 -4.200000e+01
      vertex   8.853507e+01 5.032246e+01 -3.550000e+01
    endloop
  endfacet
  facet normal 9.510565e-01 -3.090170e-01 1.682232e-04
    outer loop
      vertex   8.853507e+01 5.032246e+01 -3.550000e+01
      vertex   8.853278e+01 5.031187e+01 -4.200000e+01
      vertex   8.862968e+01 5.061010e+01 -4.200000e+01
    endloop
  endfacet
  facet normal 9.476531e-01 -3.193015e-01 -3.364443e-04
    outer loop
      vertex   8.853507e+01 5.032246e+01 -3.550000e+01
      vertex   8.862968e+01 5.061010e+01 -4.200000e+01
      vertex   8.863864e+01 5.062983e+01 -3.550000e+01
    endloop
  endfacet
  facet normal 8.660254e-01 -5.000000e-01 3.244672e-04
    outer loop
      vertex   8.863864e+01 5.062983e+01 -3.550000e+01
      vertex   8.862968e+01 5.061010e+01 -4.200000e+01
      vertex   8.878647e+01 5.088168e+01 -4.200000e+01
    endloop
  endfacet
  facet normal 8.568571e-01 -5.155538e-01 -4.866955e-04
    outer loop
      vertex   8.863864e+01 5.062983e+01 -3.550000e+01
      vertex   8.878647e+01 5.088168e+01 -4.200000e+01
      vertex   8.880586e+01 5.090776e+01 -3.550000e+01
    endloop
  endfacet
  facet normal 7.431447e-01 -6.691305e-01 4.687238e-04
    outer loop
      vertex   8.880586e+01 5.090776e+01 -3.550000e+01
      vertex   8.878647e+01 5.088168e+01 -4.200000e+01
      vertex   8.899630e+01 5.111472e+01 -4.200000e+01
    endloop
  endfacet
  facet normal 7.259954e-01 -6.876993e-01 -6.249555e-04
    outer loop
      vertex   8.880586e+01 5.090776e+01 -3.550000e+01
      vertex   8.899630e+01 5.111472e+01 -4.200000e+01
      vertex   8.902892e+01 5.114324e+01 -3.550000e+01
    endloop
  endfacet
  facet normal 5.877851e-01 -8.090168e-01 6.009854e-04
    outer loop
      vertex   8.902892e+01 5.114324e+01 -3.550000e+01
      vertex   8.899630e+01 5.111472e+01 -4.200000e+01
      vertex   8.925000e+01 5.129904e+01 -4.200000e+01
    endloop
  endfacet
  facet normal 5.611869e-01 -8.276888e-01 -7.512169e-04
    outer loop
      vertex   8.902892e+01 5.114324e+01 -3.550000e+01
      vertex   8.925000e+01 5.129904e+01 -4.200000e+01
      vertex   8.929739e+01 5.132527e+01 -3.550000e+01
    endloop
  endfacet
  facet normal 4.067365e-01 -9.135452e-01 7.212451e-04
    outer loop
      vertex   8.929739e+01 5.132527e+01 -3.550000e+01
      vertex   8.925000e+01 5.129904e+01 -4.200000e+01
      vertex   8.953647e+01 5.142658e+01 -4.200000e+01
    endloop
  endfacet
  facet normal 3.701380e-01 -9.289764e-01 -8.654734e-04
    outer loop
      vertex   8.929739e+01 5.132527e+01 -3.550000e+01
      vertex   8.953647e+01 5.142658e+01 -4.200000e+01
      vertex   8.959871e+01 5.144532e+01 -3.550000e+01
    endloop
  endfacet
  facet normal 2.079116e-01 -9.781473e-01 8.294968e-04
    outer loop
      vertex   8.959871e+01 5.144532e+01 -3.550000e+01
      vertex   8.953647e+01 5.142658e+01 -4.200000e+01
      vertex   8.984321e+01 5.149178e+01 -4.200000e+01
    endloop
  endfacet
  facet normal 1.617819e-01 -9.868261e-01 -9.677188e-04
    outer loop
      vertex   8.959871e+01 5.144532e+01 -3.550000e+01
      vertex   8.984321e+01 5.149178e+01 -4.200000e+01
      vertex   8.991879e+01 5.149780e+01 -3.550000e+01
    endloop
  endfacet
  facet normal 0.000000e+00 -9.999996e-01 9.257346e-04
    outer loop
      vertex   8.991879e+01 5.149780e+01 -3.550000e+01
      vertex   8.984321e+01 5.149178e+01 -4.200000e+01
      vertex   9.015679e+01 5.149178e+01 -4.200000e+01
    endloop
  endfacet
  facet normal -5.413888e-02 -9.985329e-01 -1.057948e-03
    outer loop
      vertex   8.991879e+01 5.149780e+01 -3.550000e+01
      vertex   9.015679e+01 5.149178e+01 -4.200000e+01
      vertex   9.024267e+01 5.148024e+01 -3.550000e+01
    endloop
  endfacet
  facet normal -2.079116e-01 -9.781471e-01 1.009954e-03
    outer loop
      vertex   9.024267e+01 5.148024e+01 -3.550000e+01
      vertex   9.015679e+01 5.149178e+01 -4.200000e+01
      vertex   9.046353e+01 5.142658e+01 -4.200000e+01
    endloop
  endfacet
  facet normal -2.675282e-01 -9.635494e-01 -1.136156e-03
    outer loop
      vertex   9.024267e+01 5.148024e+01 -3.550000e+01
      vertex   9.046353e+01 5.142658e+01 -4.200000e+01
      vertex   9.055521e+01 5.139347e+01 -3.550000e+01
    endloop
  endfacet
  facet normal -4.067364e-01 -9.135449e-01 1.082150e-03
    outer loop
      vertex   9.055521e+01 5.139347e+01 -3.550000e+01
      vertex   9.046353e+01 5.142658e+01 -4.200000e+01
      vertex   9.075000e+01 5.129904e+01 -4.200000e+01
    endloop
  endfacet
  facet normal -4.684081e-01 -8.835114e-01 -1.202339e-03
    outer loop
      vertex   9.055521e+01 5.139347e+01 -3.550000e+01
      vertex   9.075000e+01 5.129904e+01 -4.200000e+01
      vertex   9.084178e+01 5.124153e+01 -3.550000e+01
    endloop
  endfacet
  facet normal -5.877849e-01 -8.090165e-01 1.142319e-03
    outer loop
      vertex   9.084178e+01 5.124153e+01 -3.550000e+01
      vertex   9.075000e+01 5.129904e+01 -4.200000e+01
      vertex   9.100370e+01 5.111472e+01 -4.200000e+01
    endloop
  endfacet
  facet normal -6.473858e-01 -7.621615e-01 -1.256493e-03
    outer loop
      vertex   9.084178e+01 5.124153e+01 -3.550000e+01
      vertex   9.100370e+01 5.111472e+01 -4.200000e+01
      vertex   9.108899e+01 5.103155e+01 -3.550000e+01
    endloop
  endfacet
  facet normal -7.431443e-01 -6.691301e-01 1.190458e-03
    outer loop
      vertex   9.108899e+01 5.103155e+01 -3.550000e+01
      vertex   9.100370e+01 5.111472e+01 -4.200000e+01
      vertex   9.121353e+01 5.088168e+01 -4.200000e+01
    endloop
  endfacet
  facet normal -7.960924e-01 -6.051737e-01 -1.298616e-03
    outer loop
      vertex   9.108899e+01 5.103155e+01 -3.550000e+01
      vertex   9.121353e+01 5.088168e+01 -4.200000e+01
      vertex   9.128529e+01 5.077333e+01 -3.550000e+01
    endloop
  endfacet
  facet normal -8.660248e-01 -4.999996e-01 1.226564e-03
    outer loop
      vertex   9.128529e+01 5.077333e+01 -3.550000e+01
      vertex   9.121353e+01 5.088168e+01 -4.200000e+01
      vertex   9.137032e+01 5.061010e+01 -4.200000e+01
    endloop
  endfacet
  facet normal -9.075746e-01 -4.198887e-01 -1.328705e-03
    outer loop
      vertex   9.128529e+01 5.077333e+01 -3.550000e+01
      vertex   9.137032e+01 5.061010e+01 -4.200000e+01
      vertex   9.142148e+01 5.047895e+01 -3.550000e+01
    endloop
  endfacet
  facet normal -9.510558e-01 -3.090168e-01 1.250636e-03
    outer loop
      vertex   9.142148e+01 5.047895e+01 -3.550000e+01
      vertex   9.137032e+01 5.061010e+01 -4.200000e+01
      vertex   9.146722e+01 5.031187e+01 -4.200000e+01
    endloop
  endfacet
  facet normal -9.766197e-01 -2.149702e-01 -1.346760e-03
    outer loop
      vertex   9.142148e+01 5.047895e+01 -3.550000e+01
      vertex   9.146722e+01 5.031187e+01 -4.200000e+01
      vertex   9.149121e+01 5.016218e+01 -3.550000e+01
    endloop
  endfacet
  facet normal -9.945211e-01 -1.045284e-01 1.262672e-03
    outer loop
      vertex   9.149121e+01 5.016218e+01 -3.550000e+01
      vertex   9.146722e+01 5.031187e+01 -4.200000e+01
      vertex   9.150000e+01 5.000000e+01 -4.200000e+01
    endloop
  endfacet
  facet normal -9.999991e-01 -0.000000e+00 -1.352778e-03
    outer loop
      vertex   9.149121e+01 5.016218e+01 -3.550000e+01
      vertex   9.150000e+01 5.000000e+01 -4.200000e+01
      vertex   9.149121e+01 4.983782e+01 -3.550000e+01
    endloop
  endfacet
  facet normal -9.945211e-01 1.045284e-01 1.262672e-03
    outer loop
      vertex   9.149121e+01 4.983782e+01 -3.550000e+01
      vertex   9.150000e+01 5.000000e+01 -4.200000e+01
      vertex   9.146722e+01 4.968813e+01 -4.200000e+01
    endloop
  endfacet
  facet normal -9.766197e-01 2.149702e-01 -1.346760e-03
    outer loop
      vertex   9.149121e+01 4.983782e+01 -3.550000e+01
      vertex   9.146722e+01 4.968813e+01 -4.200000e+01
      vertex   9.142148e+01 4.952105e+01 -3.550000e+01
    endloop
  endfacet
  facet normal -9.510558e-01 3.090168e-01 1.250636e-03
    outer loop
      vertex   9.142148e+01 4.952105e+01 -3.550000e+01
      vertex   9.146722e+01 4.968813e+01 -4.200000e+01
      vertex   9.137032e+01 4.938990e+01 -4.200000e+01
    endloop
  endfacet
  facet normal -9.075746e-01 4.198887e-01 -1.328705e-03
    outer loop
      vertex   9.142148e+01 4.952105e+01 -3.550000e+01
      vertex   9.137032e+01 4.938990e+01 -4.200000e+01
      vertex   9.128529e+01 4.922667e+01 -3.550000e+01
    endloop
  endfacet
  facet normal -8.660248e-01 4.999996e-01 1.226564e-03
    outer loop
      vertex   9.128529e+01 4.922667e+01 -3.550000e+01
      vertex   9.137032e+01 4.938990e+01 -4.200000e+01
      vertex   9.121353e+01 4.911832e+01 -4.200000e+01
    endloop
  endfacet
  facet normal -7.960924e-01 6.051737e-01 -1.298616e-03
    outer loop
      vertex   9.128529e+01 4.922667e+01 -3.550000e+01
      vertex   9.121353e+01 4.911832e+01 -4.200000e+01
      vertex   9.108899e+01 4.896845e+01 -3.550000e+01
    endloop
  endfacet
  facet normal -7.431443e-01 6.691301e-01 1.190458e-03
    outer loop
      vertex   9.108899e+01 4.896845e+01 -3.550000e+01
      vertex   9.121353e+01 4.911832e+01 -4.200000e+01
      vertex   9.100370e+01 4.888528e+01 -4.200000e+01
    endloop
  endfacet
  facet normal -6.473858e-01 7.621615e-01 -1.256493e-03
    outer loop
      vertex   9.108899e+01 4.896845e+01 -3.550000e+01
      vertex   9.100370e+01 4.888528e+01 -4.200000e+01
      vertex   9.084178e+01 4.875847e+01 -3.550000e+01
    endloop
  endfacet
  facet normal -5.877849e-01 8.090165e-01 1.142319e-03
    outer loop
      vertex   9.084178e+01 4.875847e+01 -3.550000e+01
      vertex   9.100370e+01 4.888528e+01 -4.200000e+01
      vertex   9.075000e+01 4.870096e+01 -4.200000e+01
    endloop
  endfacet
  facet normal -4.684081e-01 8.835114e-01 -1.202339e-03
    outer loop
      vertex   9.084178e+01 4.875847e+01 -3.550000e+01
      vertex   9.075000e+01 4.870096e+01 -4.200000e+01
      vertex   9.055521e+01 4.860653e+01 -3.550000e+01
    endloop
  endfacet
  facet normal -4.067364e-01 9.135449e-01 1.082150e-03
    outer loop
      vertex   9.055521e+01 4.860653e+01 -3.550000e+01
      vertex   9.075000e+01 4.870096e+01 -4.200000e+01
      vertex   9.046353e+01 4.857342e+01 -4.200000e+01
    endloop
  endfacet
  facet normal -2.675282e-01 9.635494e-01 -1.136156e-03
    outer loop
      vertex   9.055521e+01 4.860653e+01 -3.550000e+01
      vertex   9.046353e+01 4.857342e+01 -4.200000e+01
      vertex   9.024267e+01 4.851976e+01 -3.550000e+01
    endloop
  endfacet
  facet normal -2.079116e-01 9.781471e-01 1.009954e-03
    outer loop
      vertex   9.024267e+01 4.851976e+01 -3.550000e+01
      vertex   9.046353e+01 4.857342e+01 -4.200000e+01
      vertex   9.015679e+01 4.850822e+01 -4.200000e+01
    endloop
  endfacet
  facet normal -5.413888e-02 9.985329e-01 -1.057948e-03
    outer loop
      vertex   9.024267e+01 4.851976e+01 -3.550000e+01
      vertex   9.015679e+01 4.850822e+01 -4.200000e+01
      vertex   8.991879e+01 4.850220e+01 -3.550000e+01
    endloop
  endfacet
  facet normal 0.000000e+00 9.999996e-01 9.257346e-04
    outer loop
      vertex   8.991879e+01 4.850220e+01 -3.550000e+01
      vertex   9.015679e+01 4.850822e+01 -4.200000e+01
      vertex   8.984321e+01 4.850822e+01 -4.200000e+01
    endloop
  endfacet
  facet normal 1.617819e-01 9.868261e-01 -9.677188e-04
    outer loop
      vertex   8.991879e+01 4.850220e+01 -3.550000e+01
      vertex   8.984321e+01 4.850822e+01 -4.200000e+01
      vertex   8.959871e+01 4.855468e+01 -3.550000e+01
    endloop
  endfacet
  facet normal 2.079116e-01 9.781473e-01 8.294968e-04
    outer loop
      vertex   8.959871e+01 4.855468e+01 -3.550000e+01
      vertex   8.984321e+01 4.850822e+01 -4.200000e+01
      vertex   8.953647e+01 4.857342e+01 -4.200000e+01
    endloop
  endfacet
  facet normal 3.701380e-01 9.289764e-01 -8.654734e-04
    outer loop
      vertex   8.959871e+01 4.855468e+01 -3.550000e+01
      vertex   8.953647e+01 4.857342e+01 -4.200000e+01
      vertex   8.929739e+01 4.867473e+01 -3.550000e+01
    endloop
  endfacet
  facet normal 4.067365e-01 9.135452e-01 7.212451e-04
    outer loop
      vertex   8.929739e+01 4.867473e+01 -3.550000e+01
      vertex   8.953647e+01 4.857342e+01 -4.200000e+01
      vertex   8.925000e+01 4.870096e+01 -4.200000e+01
    endloop
  endfacet
  facet normal 5.611869e-01 8.276888e-01 -7.512169e-04
    outer loop
      vertex   8.929739e+01 4.867473e+01 -3.550000e+01
      vertex   8.925000e+01 4.870096e+01 -4.200000e+01
      vertex   8.902892e+01 4.885676e+01 -3.550000e+01
    endloop
  endfacet
  facet normal 5.877851e-01 8.090168e-01 6.009854e-04
    outer loop
      vertex   8.902892e+01 4.885676e+01 -3.550000e+01
      vertex   8.925000e+01 4.870096e+01 -4.200000e+01
      vertex   8.899630e+01 4.888528e+01 -4.200000e+01
    endloop
  endfacet
  facet normal 7.259954e-01 6.876993e-01 -6.249555e-04
    outer loop
      vertex   8.902892e+01 4.885676e+01 -3.550000e+01
      vertex   8.899630e+01 4.888528e+01 -4.200000e+01
      vertex   8.880586e+01 4.909224e+01 -3.550000e+01
    endloop
  endfacet
  facet normal 7.431447e-01 6.691305e-01 4.687238e-04
    outer loop
      vertex   8.880586e+01 4.909224e+01 -3.550000e+01
      vertex   8.899630e+01 4.888528e+01 -4.200000e+01
      vertex   8.878647e+01 4.911832e+01 -4.200000e+01
    endloop
  endfacet
  facet normal 8.568571e-01 5.155538e-01 -4.866955e-04
    outer loop
      vertex   8.880586e+01 4.909224e+01 -3.550000e+01
      vertex   8.878647e+01 4.911832e+01 -4.200000e+01
      vertex   8.863864e+01 4.937017e+01 -3.550000e+01
    endloop
  endfacet
  facet normal 8.660254e-01 5.000000e-01 3.244672e-04
    outer loop
      vertex   8.863864e+01 4.937017e+01 -3.550000e+01
      vertex   8.878647e+01 4.911832e+01 -4.200000e+01
      vertex   8.862968e+01 4.938990e+01 -4.200000e+01
    endloop
  endfacet
  facet normal 9.476531e-01 3.193015e-01 -3.364443e-04
    outer loop
      vertex   8.863864e+01 4.937017e+01 -3.550000e+01
      vertex   8.862968e+01 4.938990e+01 -4.200000e+01
      vertex   8.853507e+01 4.967754e+01 -3.550000e+01
    endloop
  endfacet
  facet normal 9.510565e-01 3.090170e-01 1.682232e-04
    outer loop
      vertex   8.853507e+01 4.967754e+01 -3.550000e+01
      vertex   8.862968e+01 4.938990e+01 -4.200000e+01
      vertex   8.853278e+01 4.968813e+01 -4.200000e+01
    endloop
  endfacet
  facet normal 9.941379e-01 1.081190e-01 -1.742096e-04
    outer loop
      vertex   8.853507e+01 4.967754e+01 -3.550000e+01
      vertex   8.853278e+01 4.968813e+01 -4.200000e+01
      vertex   8.850000e+01 5.000000e+01 -3.550000e+01
    endloop
  endfacet
  facet normal 9.945219e-01 -1.045285e-01 0.000000e+00
    outer loop
      vertex   8.853278e+01 5.031187e+01 -9.500000e+00
      vertex   8.850000e+01 5.000000e+01 -9.500000e+00
      vertex   8.850000e+01 5.000000e+01 -1.600000e+01
    endloop
  endfacet
  facet normal 9.945219e-01 1.045285e-01 -0.000000e+00
    outer loop
      vertex   8.850000e+01 5.000000e+01 -1.600000e+01
      vertex   8.850000e+01 5.000000e+01 -9.500000e+00
      vertex   8.853278e+01 4.968813e+01 -9.500000e+00
    endloop
  endfacet
  facet normal 9.941379e-01 1.081190e-01 1.742096e-04
    outer loop
      vertex   8.850000e+01 5.000000e+01 -1.600000e+01
      vertex   8.853278e+01 4.968813e+01 -9.500000e+00
      vertex   8.853507e+01 4.967754e+01 -1.600000e+01
    endloop
  endfacet
  facet normal 9.510565e-01 3.090170e-01 -1.682232e-04
    outer loop
      vertex   8.853507e+01 4.967754e+01 -1.600000e+01
      vertex   8.853278e+01 4.968813e+01 -9.500000e+00
      vertex   8.862968e+01 4.938990e+01 -9.500000e+00
    endloop
  endfacet
  facet normal 9.476531e-01 3.193015e-01 3.364443e-04
    outer loop
      vertex   8.853507e+01 4.967754e+01 -1.600000e+01
      vertex   8.862968e+01 4.938990e+01 -9.500000e+00
      vertex   8.863864e+01 4.937017e+01 -1.600000e+01
    endloop
  endfacet
  facet normal 8.660254e-01 5.000000e-01 -3.244672e-04
    outer loop
      vertex   8.863864e+01 4.937017e+01 -1.600000e+01
      vertex   8.862968e+01 4.938990e+01 -9.500000e+00
      vertex   8.878647e+01 4.911832e+01 -9.500000e+00
    endloop
  endfacet
  facet normal 8.568571e-01 5.155538e-01 4.866955e-04
    outer loop
      vertex   8.863864e+01 4.937017e+01 -1.600000e+01
      vertex   8.878647e+01 4.911832e+01 -9.500000e+00
      vertex   8.880586e+01 4.909224e+01 -1.600000e+01
    endloop
  endfacet
  facet normal 7.431447e-01 6.691305e-01 -4.687238e-04
    outer loop
      vertex   8.880586e+01 4.909224e+01 -1.600000e+01
      vertex   8.878647e+01 4.911832e+01 -9.500000e+00
      vertex   8.899630e+01 4.888528e+01 -9.500000e+00
    endloop
  endfacet
  facet normal 7.259954e-01 6.876993e-01 6.249555e-04
    outer loop
      vertex   8.880586e+01 4.909224e+01 -1.600000e+01
      vertex   8.899630e+01 4.888528e+01 -9.500000e+00
      vertex   8.902892e+01 4.885676e+01 -1.600000e+01
    endloop
  endfacet
  facet normal 5.877851e-01 8.090168e-01 -6.009854e-04
    outer loop
      vertex   8.902892e+01 4.885676e+01 -1.600000e+01
      vertex   8.899630e+01 4.888528e+01 -9.500000e+00
      vertex   8.925000e+01 4.870096e+01 -9.500000e+00
    endloop
  endfacet
  facet normal 5.611869e-01 8.276888e-01 7.512169e-04
    outer loop
      vertex   8.902892e+01 4.885676e+01 -1.600000e+01
      vertex   8.925000e+01 4.870096e+01 -9.500000e+00
      vertex   8.929739e+01 4.867473e+01 -1.600000e+01
    endloop
  endfacet
  facet normal 4.067365e-01 9.135452e-01 -7.212451e-04
    outer loop
      vertex   8.929739e+01 4.867473e+01 -1.600000e+01
      vertex   8.925000e+01 4.870096e+01 -9.500000e+00
      vertex   8.953647e+01 4.857342e+01 -9.500000e+00
    endloop
  endfacet
  facet normal 3.701380e-01 9.289764e-01 8.654734e-04
    outer loop
      vertex   8.929739e+01 4.867473e+01 -1.600000e+01
      vertex   8.953647e+01 4.857342e+01 -9.500000e+00
      vertex   8.959871e+01 4.855468e+01 -1.600000e+01
    endloop
  endfacet
  facet normal 2.079116e-01 9.781473e-01 -8.294968e-04
    outer loop
      vertex   8.959871e+01 4.855468e+01 -1.600000e+01
      vertex   8.953647e+01 4.857342e+01 -9.500000e+00
      vertex   8.984321e+01 4.850822e+01 -9.500000e+00
    endloop
  endfacet
  facet normal 1.617819e-01 9.868261e-01 9.677188e-04
    outer loop
      vertex   8.959871e+01 4.855468e+01 -1.600000e+01
      vertex   8.984321e+01 4.850822e+01 -9.500000e+00
      vertex   8.991879e+01 4.850220e+01 -1.600000e+01
    endloop
  endfacet
  facet normal 0.000000e+00 9.999996e-01 -9.257346e-04
    outer loop
      vertex   8.991879e+01 4.850220e+01 -1.600000e+01
      vertex   8.984321e+01 4.850822e+01 -9.500000e+00
      vertex   9.015679e+01 4.850822e+01 -9.500000e+00
    endloop
  endfacet
  facet normal -5.413888e-02 9.985329e-01 1.057948e-03
    outer loop
      vertex   8.991879e+01 4.850220e+01 -1.600000e+01
      vertex   9.015679e+01 4.850822e+01 -9.500000e+00
      vertex   9.024267e+01 4.851976e+01 -1.600000e+01
    endloop
  endfacet
  facet normal -2.079116e-01 9.781471e-01 -1.009954e-03
    outer loop
      vertex   9.024267e+01 4.851976e+01 -1.600000e+01
      vertex   9.015679e+01 4.850822e+01 -9.500000e+00
      vertex   9.046353e+01 4.857342e+01 -9.500000e+00
    endloop
  endfacet
  facet normal -2.675282e-01 9.635494e-01 1.136156e-03
    outer loop
      vertex   9.024267e+01 4.851976e+01 -1.600000e+01
      vertex   9.046353e+01 4.857342e+01 -9.500000e+00
      vertex   9.055521e+01 4.860653e+01 -1.600000e+01
    endloop
  endfacet
  facet normal -4.067364e-01 9.135449e-01 -1.082150e-03
    outer loop
      vertex   9.055521e+01 4.860653e+01 -1.600000e+01
      vertex   9.046353e+01 4.857342e+01 -9.500000e+00
      vertex   9.075000e+01 4.870096e+01 -9.500000e+00
    endloop
  endfacet
  facet normal -4.684081e-01 8.835114e-01 1.202339e-03
    outer loop
      vertex   9.055521e+01 4.860653e+01 -1.600000e+01
      vertex   9.075000e+01 4.870096e+01 -9.500000e+00
      vertex   9.084178e+01 4.875847e+01 -1.600000e+01
    endloop
  endfacet
  facet normal -5.877849e-01 8.090165e-01 -1.142319e-03
    outer loop
      vertex   9.084178e+01 4.875847e+01 -1.600000e+01
      vertex   9.075000e+01 4.870096e+01 -9.500000e+00
      vertex   9.100370e+01 4.888528e+01 -9.500000e+00
    endloop
  endfacet
  facet normal -6.473858e-01 7.621615e-01 1.256493e-03
    outer loop
      vertex   9.084178e+01 4.875847e+01 -1.600000e+01
      vertex   9.100370e+01 4.888528e+01 -9.500000e+00
      vertex   9.108899e+01 4.896845e+01 -1.600000e+01
    endloop
  endfacet
  facet normal -7.431443e-01 6.691301e-01 -1.190458e-03
    outer loop
      vertex   9.108899e+01 4.896845e+01 -1.600000e+01
      vertex   9.100370e+01 4.888528e+01 -9.500000e+00
      vertex   9.121353e+01 4.911832e+01 -9.500000e+00
    endloop
  endfacet
  facet normal -7.960924e-01 6.051737e-01 1.298616e-03
    outer loop
      vertex   9.108899e+01 4.896845e+01 -1.600000e+01
      vertex   9.121353e+01 4.911832e+01 -9.500000e+00
      vertex   9.128529e+01 4.922667e+01 -1.600000e+01
    endloop
  endfacet
  facet normal -8.660248e-01 4.999996e-01 -1.226564e-03
    outer loop
      vertex   9.128529e+01 4.922667e+01 -1.600000e+01
      vertex   9.121353e+01 4.911832e+01 -9.500000e+00
      vertex   9.137032e+01 4.938990e+01 -9.500000e+00
    endloop
  endfacet
  facet normal -9.075746e-01 4.198887e-01 1.328705e-03
    outer loop
      vertex   9.128529e+01 4.922667e+01 -1.600000e+01
      vertex   9.137032e+01 4.938990e+01 -9.500000e+00
      vertex   9.142148e+01 4.952105e+01 -1.600000e+01
    endloop
  endfacet
  facet normal -9.510558e-01 3.090168e-01 -1.250636e-03
    outer loop
      vertex   9.142148e+01 4.952105e+01 -1.600000e+01
      vertex   9.137032e+01 4.938990e+01 -9.500000e+00
      vertex   9.146722e+01 4.968813e+01 -9.500000e+00
    endloop
  endfacet
  facet normal -9.766197e-01 2.149702e-01 1.346760e-03
    outer loop
      vertex   9.142148e+01 4.952105e+01 -1.600000e+01
      vertex   9.146722e+01 4.968813e+01 -9.500000e+00
      vertex   9.149121e+01 4.983782e+01 -1.600000e+01
    endloop
  endfacet
  facet normal -9.945211e-01 1.045284e-01 -1.262672e-03
    outer loop
      vertex   9.149121e+01 4.983782e+01 -1.600000e+01
      vertex   9.146722e+01 4.968813e+01 -9.500000e+00
      vertex   9.150000e+01 5.000000e+01 -9.500000e+00
    endloop
  endfacet
  facet normal -9.999991e-01 0.000000e+00 1.352778e-03
    outer loop
      vertex   9.149121e+01 4.983782e+01 -1.600000e+01
      vertex   9.150000e+01 5.000000e+01 -9.500000e+00
      vertex   9.149121e+01 5.016218e+01 -1.600000e+01
    endloop
  endfacet
  facet normal -9.945211e-01 -1.045284e-01 -1.262672e-03
    outer loop
      vertex   9.149121e+01 5.016218e+01 -1.600000e+01
      vertex   9.150000e+01 5.000000e+01 -9.500000e+00
      vertex   9.146722e+01 5.031187e+01 -9.500000e+00
    endloop
  endfacet
  facet normal -9.766197e-01 -2.149702e-01 1.346760e-03
    outer loop
      vertex   9.149121e+01 5.016218e+01 -1.600000e+01
      vertex   9.146722e+01 5.031187e+01 -9.500000e+00
      vertex   9.142148e+01 5.047895e+01 -1.600000e+01
    endloop
  endfacet
  facet normal -9.510558e-01 -3.090168e-01 -1.250636e-03
    outer loop
      vertex   9.142148e+01 5.047895e+01 -1.600000e+01
      vertex   9.146722e+01 5.031187e+01 -9.500000e+00
      vertex   9.137032e+01 5.061010e+01 -9.500000e+00
    endloop
  endfacet
  facet normal -9.075746e-01 -4.198887e-01 1.328705e-03
    outer loop
      vertex   9.142148e+01 5.047895e+01 -1.600000e+01
      vertex   9.137032e+01 5.061010e+01 -9.500000e+00
      vertex   9.128529e+01 5.077333e+01 -1.600000e+01
    endloop
  endfacet
  facet normal -8.660248e-01 -4.999996e-01 -1.226564e-03
    outer loop
      vertex   9.128529e+01 5.077333e+01 -1.600000e+01
      vertex   9.137032e+01 5.061010e+01 -9.500000e+00
      vertex   9.121353e+01 5.088168e+01 -9.500000e+00
    endloop
  endfacet
  facet normal -7.960924e-01 -6.051737e-01 1.298616e-03
    outer loop
      vertex   9.128529e+01 5.077333e+01 -1.600000e+01
      vertex   9.121353e+01 5.088168e+01 -9.500000e+00
      vertex   9.108899e+01 5.103155e+01 -1.600000e+01
    endloop
  endfacet
  facet normal -7.431443e-01 -6.691301e-01 -1.190458e-03
    outer loop
      vertex   9.108899e+01 5.103155e+01 -1.600000e+01
      vertex   9.121353e+01 5.088168e+01 -9.500000e+00
      vertex   9.100370e+01 5.111472e+01 -9.500000e+00
    endloop
  endfacet
  facet normal -6.473858e-01 -7.621615e-01 1.256493e-03
    outer loop
      vertex   9.108899e+01 5.103155e+01 -1.600000e+01
      vertex   9.100370e+01 5.111472e+01 -9.500000e+00
      vertex   9.084178e+01 5.124153e+01 -1.600000e+01
    endloop
  endfacet
  facet normal -5.877849e-01 -8.090165e-01 -1.142319e-03
    outer loop
      vertex   9.084178e+01 5.124153e+01 -1.600000e+01
      vertex   9.100370e+01 5.111472e+01 -9.500000e+00
      vertex   9.075000e+01 5.129904e+01 -9.500000e+00
    endloop
  endfacet
  facet normal -4.684081e-01 -8.835114e-01 1.202339e-03
    outer loop
      vertex   9.084178e+01 5.124153e+01 -1.600000e+01
      vertex   9.075000e+01 5.129904e+01 -9.500000e+00
      vertex   9.055521e+01 5.139347e+01 -1.600000e+01
    endloop
  endfacet
  facet normal -4.067364e-01 -9.135449e-01 -1.082150e-03
    outer loop
      vertex   9.055521e+01 5.139347e+01 -1.600000e+01
      vertex   9.075000e+01 5.129904e+01 -9.500000e+00
      vertex   9.046353e+01 5.142658e+01 -9.500000e+00
    endloop
  endfacet
  facet normal -2.675282e-01 -9.635494e-01 1.136156e-03
    outer loop
      vertex   9.055521e+01 5.139347e+01 -1.600000e+01
      vertex   9.046353e+01 5.142658e+01 -9.500000e+00
      vertex   9.024267e+01 5.148024e+01 -1.600000e+01
    endloop
  endfacet
  facet normal -2.079116e-01 -9.781471e-01 -1.009954e-03
    outer loop
      vertex   9.024267e+01 5.148024e+01 -1.600000e+01
      vertex   9.046353e+01 5.142658e+01 -9.500000e+00
      vertex   9.015679e+01 5.149178e+01 -9.500000e+00
    endloop
  endfacet
  facet normal -5.413888e-02 -9.985329e-01 1.057948e-03
    outer loop
      vertex   9.024267e+01 5.148024e+01 -1.600000e+01
      vertex   9.015679e+01 5.149178e+01 -9.500000e+00
      vertex   8.991879e+01 5.149780e+01 -1.600000e+01
    endloop
  endfacet
  facet normal 0.000000e+00 -9.999996e-01 -9.257346e-04
    outer loop
      vertex   8.991879e+01 5.149780e+01 -1.600000e+01
      vertex   9.015679e+01 5.149178e+01 -9.500000e+00
      vertex   8.984321e+01 5.149178e+01 -9.500000e+00
    endloop
  endfacet
  facet normal 1.617819e-01 -9.868261e-01 9.677188e-04
    outer loop
      vertex   8.991879e+01 5.149780e+01 -1.600000e+01
      vertex   8.984321e+01 5.149178e+01 -9.500000e+00
      vertex   8.959871e+01 5.144532e+01 -1.600000e+01
    endloop
  endfacet
  facet normal 2.079116e-01 -9.781473e-01 -8.294968e-04
    outer loop
      vertex   8.959871e+01 5.144532e+01 -1.600000e+01
      vertex   8.984321e+01 5.149178e+01 -9.500000e+00
      vertex   8.953647e+01 5.142658e+01 -9.500000e+00
    endloop
  endfacet
  facet normal 3.701380e-01 -9.289764e-01 8.654734e-04
    outer loop
      vertex   8.959871e+01 5.144532e+01 -1.600000e+01
      vertex   8.953647e+01 5.142658e+01 -9.500000e+00
      vertex   8.929739e+01 5.132527e+01 -1.600000e+01
    endloop
  endfacet
  facet normal 4.067365e-01 -9.135452e-01 -7.212451e-04
    outer loop
      vertex   8.929739e+01 5.132527e+01 -1.600000e+01
      vertex   8.953647e+01 5.142658e+01 -9.500000e+00
      vertex   8.925000e+01 5.129904e+01 -9.500000e+00
    endloop
  endfacet
  facet normal 5.611869e-01 -8.276888e-01 7.512169e-04
    outer loop
      vertex   8.929739e+01 5.132527e+01 -1.600000e+01
      vertex   8.925000e+01 5.129904e+01 -9.500000e+00
      vertex   8.902892e+01 5.114324e+01 -1.600000e+01
    endloop
  endfacet
  facet normal 5.877851e-01 -8.090168e-01 -6.009854e-04
    outer loop
      vertex   8.902892e+01 5.114324e+01 -1.600000e+01
      vertex   8.925000e+01 5.129904e+01 -9.500000e+00
      vertex   8.899630e+01 5.111472e+01 -9.500000e+00
    endloop
  endfacet
  facet normal 7.259954e-01 -6.876993e-01 6.249555e-04
    outer loop
      vertex   8.902892e+01 5.114324e+01 -1.600000e+01
      vertex   8.899630e+01 5.111472e+01 -9.500000e+00
      vertex   8.880586e+01 5.090776e+01 -1.600000e+01
    endloop
  endfacet
  facet normal 7.431447e-01 -6.691305e-01 -4.687238e-04
    outer loop
      vertex   8.880586e+01 5.090776e+01 -1.600000e+01
      vertex   8.899630e+01 5.111472e+01 -9.500000e+00
      vertex   8.878647e+01 5.088168e+01 -9.500000e+00
    endloop
  endfacet
  facet normal 8.568571e-01 -5.155538e-01 4.866955e-04
    outer loop
      vertex   8.880586e+01 5.090776e+01 -1.600000e+01
      vertex   8.878647e+01 5.088168e+01 -9.500000e+00
      vertex   8.863864e+01 5.062983e+01 -1.600000e+01
    endloop
  endfacet
  facet normal 8.660254e-01 -5.000000e-01 -3.244672e-04
    outer loop
      vertex   8.863864e+01 5.062983e+01 -1.600000e+01
      vertex   8.878647e+01 5.088168e+01 -9.500000e+00
      vertex   8.862968e+01 5.061010e+01 -9.500000e+00
    endloop
  endfacet
  facet normal 9.476531e-01 -3.193015e-01 3.364443e-04
    outer loop
      vertex   8.863864e+01 5.062983e+01 -1.600000e+01
      vertex   8.862968e+01 5.061010e+01 -9.500000e+00
      vertex   8.853507e+01 5.032246e+01 -1.600000e+01
    endloop
  endfacet
  facet normal 9.510565e-01 -3.090170e-01 -1.682232e-04
    outer loop
      vertex   8.853507e+01 5.032246e+01 -1.600000e+01
      vertex   8.862968e+01 5.061010e+01 -9.500000e+00
      vertex   8.853278e+01 5.031187e+01 -9.500000e+00
    endloop
  endfacet
  facet normal 9.941379e-01 -1.081190e-01 1.742096e-04
    outer loop
      vertex   8.853507e+01 5.032246e+01 -1.600000e+01
      vertex   8.853278e+01 5.031187e+01 -9.500000e+00
      vertex   8.850000e+01 5.000000e+01 -1.600000e+01
    endloop
  endfacet
  facet normal 9.941380e-01 1.081190e-01 -0.000000e+00
    outer loop
      vertex   8.850000e+01 5.000000e+01 -3.550000e+01
      vertex   8.850000e+01 5.000000e+01 -2.900000e+01
      vertex   8.853507e+01 4.967754e+01 -3.550000e+01
    endloop
  endfacet
  facet normal 9.941380e-01 1.081190e-01 -0.000000e+00
    outer loop
      vertex   8.853507e+01 4.967754e+01 -3.550000e+01
      vertex   8.850000e+01 5.000000e+01 -2.900000e+01
      vertex   8.853507e+01 4.967754e+01 -2.900000e+01
    endloop
  endfacet
  facet normal 9.476532e-01 3.193015e-01 -0.000000e+00
    outer loop
      vertex   8.853507e+01 4.967754e+01 -3.550000e+01
      vertex   8.853507e+01 4.967754e+01 -2.900000e+01
      vertex   8.863864e+01 4.937017e+01 -3.550000e+01
    endloop
  endfacet
  facet normal 9.476532e-01 3.193015e-01 -0.000000e+00
    outer loop
      vertex   8.863864e+01 4.937017e+01 -3.550000e+01
      vertex   8.853507e+01 4.967754e+01 -2.900000e+01
      vertex   8.863864e+01 4.937017e+01 -2.900000e+01
    endloop
  endfacet
  facet normal 8.568572e-01 5.155539e-01 -0.000000e+00
    outer loop
      vertex   8.863864e+01 4.937017e+01 -3.550000e+01
      vertex   8.863864e+01 4.937017e+01 -2.900000e+01
      vertex   8.880586e+01 4.909224e+01 -3.550000e+01
    endloop
  endfacet
  facet normal 8.568572e-01 5.155539e-01 -0.000000e+00
    outer loop
      vertex   8.880586e+01 4.909224e+01 -3.550000e+01
      vertex   8.863864e+01 4.937017e+01 -2.900000e+01
      vertex   8.880586e+01 4.909224e+01 -2.900000e+01
    endloop
  endfacet
  facet normal 7.259955e-01 6.876995e-01 -0.000000e+00
    outer loop
      vertex   8.880586e+01 4.909224e+01 -3.550000e+01
      vertex   8.880586e+01 4.909224e+01 -2.900000e+01
      vertex   8.902892e+01 4.885676e+01 -3.550000e+01
    endloop
  endfacet
  facet normal 7.259955e-01 6.876995e-01 -0.000000e+00
    outer loop
      vertex   8.902892e+01 4.885676e+01 -3.550000e+01
      vertex   8.880586e+01 4.909224e+01 -2.900000e+01
      vertex   8.902892e+01 4.885676e+01 -2.900000e+01
    endloop
  endfacet
  facet normal 5.611871e-01 8.276890e-01 -0.000000e+00
    outer loop
      vertex   8.902892e+01 4.885676e+01 -3.550000e+01
      vertex   8.902892e+01 4.885676e+01 -2.900000e+01
      vertex   8.929739e+01 4.867473e+01 -3.550000e+01
    endloop
  endfacet
  facet normal 5.611871e-01 8.276890e-01 -0.000000e+00
    outer loop
      vertex   8.929739e+01 4.867473e+01 -3.550000e+01
      vertex   8.902892e+01 4.885676e+01 -2.900000e+01
      vertex   8.929739e+01 4.867473e+01 -2.900000e+01
    endloop
  endfacet
  facet normal 3.701382e-01 9.289767e-01 -0.000000e+00
    outer loop
      vertex   8.929739e+01 4.867473e+01 -3.550000e+01
      vertex   8.929739e+01 4.867473e+01 -2.900000e+01
      vertex   8.959871e+01 4.855468e+01 -3.550000e+01
    endloop
  endfacet
  facet normal 3.701382e-01 9.289767e-01 -0.000000e+00
    outer loop
      vertex   8.959871e+01 4.855468e+01 -3.550000e+01
      vertex   8.929739e+01 4.867473e+01 -2.900000e+01
      vertex   8.959871e+01 4.855468e+01 -2.900000e+01
    endloop
  endfacet
  facet normal 1.617820e-01 9.868265e-01 -0.000000e+00
    outer loop
      vertex   8.959871e+01 4.855468e+01 -3.550000e+01
      vertex   8.959871e+01 4.855468e+01 -2.900000e+01
      vertex   8.991879e+01 4.850220e+01 -3.550000e+01
    endloop
  endfacet
  facet normal 1.617820e-01 9.868265e-01 -0.000000e+00
    outer loop
      vertex   8.991879e+01 4.850220e+01 -3.550000e+01
      vertex   8.959871e+01 4.855468e+01 -2.900000e+01
      vertex   8.991879e+01 4.850220e+01 -2.900000e+01
    endloop
  endfacet
  facet normal -5.413891e-02 9.985334e-01 0.000000e+00
    outer loop
      vertex   8.991879e+01 4.850220e+01 -3.550000e+01
      vertex   8.991879e+01 4.850220e+01 -2.900000e+01
      vertex   9.024267e+01 4.851976e+01 -3.550000e+01
    endloop
  endfacet
  facet normal -5.413891e-02 9.985334e-01 0.000000e+00
    outer loop
      vertex   9.024267e+01 4.851976e+01 -3.550000e+01
      vertex   8.991879e+01 4.850220e+01 -2.900000e+01
      vertex   9.024267e+01 4.851976e+01 -2.900000e+01
    endloop
  endfacet
  facet normal -2.675283e-01 9.635500e-01 0.000000e+00
    outer loop
      vertex   9.024267e+01 4.851976e+01 -3.550000e+01
      vertex   9.024267e+01 4.851976e+01 -2.900000e+01
      vertex   9.055521e+01 4.860653e+01 -3.550000e+01
    endloop
  endfacet
  facet normal -2.675283e-01 9.635500e-01 0.000000e+00
    outer loop
      vertex   9.055521e+01 4.860653e+01 -3.550000e+01
      vertex   9.024267e+01 4.851976e+01 -2.900000e+01
      vertex   9.055521e+01 4.860653e+01 -2.900000e+01
    endloop
  endfacet
  facet normal -4.684084e-01 8.835120e-01 0.000000e+00
    outer loop
      vertex   9.055521e+01 4.860653e+01 -3.550000e+01
      vertex   9.055521e+01 4.860653e+01 -2.900000e+01
      vertex   9.084178e+01 4.875847e+01 -3.550000e+01
    endloop
  endfacet
  facet normal -4.684084e-01 8.835120e-01 0.000000e+00
    outer loop
      vertex   9.084178e+01 4.875847e+01 -3.550000e+01
      vertex   9.055521e+01 4.860653e+01 -2.900000e+01
      vertex   9.084178e+01 4.875847e+01 -2.900000e+01
    endloop
  endfacet
  facet normal -6.473863e-01 7.621621e-01 0.000000e+00
    outer loop
      vertex   9.084178e+01 4.875847e+01 -3.550000e+01
      vertex   9.084178e+01 4.875847e+01 -2.900000e+01
      vertex   9.108899e+01 4.896845e+01 -3.550000e+01
    endloop
  endfacet
  facet normal -6.473863e-01 7.621621e-01 0.000000e+00
    outer loop
      vertex   9.108899e+01 4.896845e+01 -3.550000e+01
      vertex   9.084178e+01 4.875847e+01 -2.900000e+01
      vertex   9.108899e+01 4.896845e+01 -2.900000e+01
    endloop
  endfacet
  facet normal -7.960931e-01 6.051742e-01 0.000000e+00
    outer loop
      vertex   9.108899e+01 4.896845e+01 -3.550000e+01
      vertex   9.108899e+01 4.896845e+01 -2.900000e+01
      vertex   9.128529e+01 4.922667e+01 -3.550000e+01
    endloop
  endfacet
  facet normal -7.960931e-01 6.051742e-01 0.000000e+00
    outer loop
      vertex   9.128529e+01 4.922667e+01 -3.550000e+01
      vertex   9.108899e+01 4.896845e+01 -2.900000e+01
      vertex   9.128529e+01 4.922667e+01 -2.900000e+01
    endloop
  endfacet
  facet normal -9.075754e-01 4.198891e-01 0.000000e+00
    outer loop
      vertex   9.128529e+01 4.922667e+01 -3.550000e+01
      vertex   9.128529e+01 4.922667e+01 -2.900000e+01
      vertex   9.142148e+01 4.952105e+01 -3.550000e+01
    endloop
  endfacet
  facet normal -9.075754e-01 4.198891e-01 0.000000e+00
    outer loop
      vertex   9.142148e+01 4.952105e+01 -3.550000e+01
      vertex   9.128529e+01 4.922667e+01 -2.900000e+01
      vertex   9.142148e+01 4.952105e+01 -2.900000e+01
    endloop
  endfacet
  facet normal -9.766206e-01 2.149704e-01 0.000000e+00
    outer loop
      vertex   9.142148e+01 4.952105e+01 -3.550000e+01
      vertex   9.142148e+01 4.952105e+01 -2.900000e+01
      vertex   9.149121e+01 4.983782e+01 -3.550000e+01
    endloop
  endfacet
  facet normal -9.766206e-01 2.149704e-01 0.000000e+00
    outer loop
      vertex   9.149121e+01 4.983782e+01 -3.550000e+01
      vertex   9.142148e+01 4.952105e+01 -2.900000e+01
      vertex   9.149121e+01 4.983782e+01 -2.900000e+01
    endloop
  endfacet
  facet normal -1.000000e+00 0.000000e+00 0.000000e+00
    outer loop
      vertex   9.149121e+01 4.983782e+01 -3.550000e+01
      vertex   9.149121e+01 4.983782e+01 -2.900000e+01
      vertex   9.149121e+01 5.016218e+01 -3.550000e+01
    endloop
  endfacet
  facet normal -1.000000e+00 0.000000e+00 0.000000e+00
    outer loop
      vertex   9.149121e+01 5.016218e+01 -3.550000e+01
      vertex   9.149121e+01 4.983782e+01 -2.900000e+01
      vertex   9.149121e+01 5.016218e+01 -2.900000e+01
    endloop
  endfacet
  facet normal -9.766206e-01 -2.149704e-01 0.000000e+00
    outer loop
      vertex   9.149121e+01 5.016218e+01 -3.550000e+01
      vertex   9.149121e+01 5.016218e+01 -2.900000e+01
      vertex   9.142148e+01 5.047895e+01 -3.550000e+01
    endloop
  endfacet
  facet normal -9.766206e-01 -2.149704e-01 0.000000e+00
    outer loop
      vertex   9.142148e+01 5.047895e+01 -3.550000e+01
      vertex   9.149121e+01 5.016218e+01 -2.900000e+01
      vertex   9.142148e+01 5.047895e+01 -2.900000e+01
    endloop
  endfacet
  facet normal -9.075754e-01 -4.198891e-01 0.000000e+00
    outer loop
      vertex   9.142148e+01 5.047895e+01 -3.550000e+01
      vertex   9.142148e+01 5.047895e+01 -2.900000e+01
      vertex   9.128529e+01 5.077333e+01 -3.550000e+01
    endloop
  endfacet
  facet normal -9.075754e-01 -4.198891e-01 0.000000e+00
    outer loop
      vertex   9.128529e+01 5.077333e+01 -3.550000e+01
      vertex   9.142148e+01 5.047895e+01 -2.900000e+01
      vertex   9.128529e+01 5.077333e+01 -2.900000e+01
    endloop
  endfacet
  facet normal -7.960931e-01 -6.051742e-01 0.000000e+00
    outer loop
      vertex   9.128529e+01 5.077333e+01 -3.550000e+01
      vertex   9.128529e+01 5.077333e+01 -2.900000e+01
      vertex   9.108899e+01 5.103155e+01 -3.550000e+01
    endloop
  endfacet
  facet normal -7.960931e-01 -6.051742e-01 0.000000e+00
    outer loop
      vertex   9.108899e+01 5.103155e+01 -3.550000e+01
      vertex   9.128529e+01 5.077333e+01 -2.900000e+01
      vertex   9.108899e+01 5.103155e+01 -2.900000e+01
    endloop
  endfacet
  facet normal -6.473863e-01 -7.621621e-01 0.000000e+00
    outer loop
      vertex   9.108899e+01 5.103155e+01 -3.550000e+01
      vertex   9.108899e+01 5.103155e+01 -2.900000e+01
      vertex   9.084178e+01 5.124153e+01 -3.550000e+01
    endloop
  endfacet
  facet normal -6.473863e-01 -7.621621e-01 0.000000e+00
    outer loop
      vertex   9.084178e+01 5.124153e+01 -3.550000e+01
      vertex   9.108899e+01 5.103155e+01 -2.900000e+01
      vertex   9.084178e+01 5.124153e+01 -2.900000e+01
    endloop
  endfacet
  facet normal -4.684084e-01 -8.835120e-01 0.000000e+00
    outer loop
      vertex   9.084178e+01 5.124153e+01 -3.550000e+01
      vertex   9.084178e+01 5.124153e+01 -2.900000e+01
      vertex   9.055521e+01 5.139347e+01 -3.550000e+01
    endloop
  endfacet
  facet normal -4.684084e-01 -8.835120e-01 0.000000e+00
    outer loop
      vertex   9.055521e+01 5.139347e+01 -3.550000e+01
      vertex   9.084178e+01 5.124153e+01 -2.900000e+01
      vertex   9.055521e+01 5.139347e+01 -2.900000e+01
    endloop
  endfacet
  facet normal -2.675283e-01 -9.635500e-01 0.000000e+00
    outer loop
      vertex   9.055521e+01 5.139347e+01 -3.550000e+01
      vertex   9.055521e+01 5.139347e+01 -2.900000e+01
      vertex   9.024267e+01 5.148024e+01 -3.550000e+01
    endloop
  endfacet
  facet normal -2.675283e-01 -9.635500e-01 0.000000e+00
    outer loop
      vertex   9.024267e+01 5.148024e+01 -3.550000e+01
      vertex   9.055521e+01 5.139347e+01 -2.900000e+01
      vertex   9.024267e+01 5.148024e+01 -2.900000e+01
    endloop
  endfacet
  facet normal -5.413891e-02 -9.985334e-01 0.000000e+00
    outer loop
      vertex   9.024267e+01 5.148024e+01 -3.550000e+01
      vertex   9.024267e+01 5.148024e+01 -2.900000e+01
      vertex   8.991879e+01 5.149780e+01 -3.550000e+01
    endloop
  endfacet
  facet normal -5.413891e-02 -9.985334e-01 0.000000e+00
    outer loop
      vertex   8.991879e+01 5.149780e+01 -3.550000e+01
      vertex   9.024267e+01 5.148024e+01 -2.900000e+01
      vertex   8.991879e+01 5.149780e+01 -2.900000e+01
    endloop
  endfacet
  facet normal 1.617820e-01 -9.868265e-01 0.000000e+00
    outer loop
      vertex   8.991879e+01 5.149780e+01 -3.550000e+01
      vertex   8.991879e+01 5.149780e+01 -2.900000e+01
      vertex   8.959871e+01 5.144532e+01 -3.550000e+01
    endloop
  endfacet
  facet normal 1.617820e-01 -9.868265e-01 0.000000e+00
    outer loop
      vertex   8.959871e+01 5.144532e+01 -3.550000e+01
      vertex   8.991879e+01 5.149780e+01 -2.900000e+01
      vertex   8.959871e+01 5.144532e+01 -2.900000e+01
    endloop
  endfacet
  facet normal 3.701382e-01 -9.289767e-01 0.000000e+00
    outer loop
      vertex   8.959871e+01 5.144532e+01 -3.550000e+01
      vertex   8.959871e+01 5.144532e+01 -2.900000e+01
      vertex   8.929739e+01 5.132527e+01 -3.550000e+01
    endloop
  endfacet
  facet normal 3.701382e-01 -9.289767e-01 0.000000e+00
    outer loop
      vertex   8.929739e+01 5.132527e+01 -3.550000e+01
      vertex   8.959871e+01 5.144532e+01 -2.900000e+01
      vertex   8.929739e+01 5.132527e+01 -2.900000e+01
    endloop
  endfacet
  facet normal 5.611871e-01 -8.276890e-01 0.000000e+00
    outer loop
      vertex   8.929739e+01 5.132527e+01 -3.550000e+01
      vertex   8.929739e+01 5.132527e+01 -2.900000e+01
      vertex   8.902892e+01 5.114324e+01 -3.550000e+01
    endloop
  endfacet
  facet normal 5.611871e-01 -8.276890e-01 0.000000e+00
    outer loop
      vertex   8.902892e+01 5.114324e+01 -3.550000e+01
      vertex   8.929739e+01 5.132527e+01 -2.900000e+01
      vertex   8.902892e+01 5.114324e+01 -2.900000e+01
    endloop
  endfacet
  facet normal 7.259955e-01 -6.876995e-01 0.000000e+00
    outer loop
      vertex   8.902892e+01 5.114324e+01 -3.550000e+01
      vertex   8.902892e+01 5.114324e+01 -2.900000e+01
      vertex   8.880586e+01 5.090776e+01 -3.550000e+01
    endloop
  endfacet
  facet normal 7.259955e-01 -6.876995e-01 0.000000e+00
    outer loop
      vertex   8.880586e+01 5.090776e+01 -3.550000e+01
      vertex   8.902892e+01 5.114324e+01 -2.900000e+01
      vertex   8.880586e+01 5.090776e+01 -2.900000e+01
    endloop
  endfacet
  facet normal 8.568572e-01 -5.155539e-01 0.000000e+00
    outer loop
      vertex   8.880586e+01 5.090776e+01 -3.550000e+01
      vertex   8.880586e+01 5.090776e+01 -2.900000e+01
      vertex   8.863864e+01 5.062983e+01 -3.550000e+01
    endloop
  endfacet
  facet normal 8.568572e-01 -5.155539e-01 0.000000e+00
    outer loop
      vertex   8.863864e+01 5.062983e+01 -3.550000e+01
      vertex   8.880586e+01 5.090776e+01 -2.900000e+01
      vertex   8.863864e+01 5.062983e+01 -2.900000e+01
    endloop
  endfacet
  facet normal 9.476532e-01 -3.193015e-01 0.000000e+00
    outer loop
      vertex   8.863864e+01 5.062983e+01 -3.550000e+01
      vertex   8.863864e+01 5.062983e+01 -2.900000e+01
      vertex   8.853507e+01 5.032246e+01 -3.550000e+01
    endloop
  endfacet
  facet normal 9.476532e-01 -3.193015e-01 0.000000e+00
    outer loop
      vertex   8.853507e+01 5.032246e+01 -3.550000e+01
      vertex   8.863864e+01 5.062983e+01 -2.900000e+01
      vertex   8.853507e+01 5.032246e+01 -2.900000e+01
    endloop
  endfacet
  facet normal 9.941380e-01 -1.081190e-01 0.000000e+00
    outer loop
      vertex   8.853507e+01 5.032246e+01 -3.550000e+01
      vertex   8.853507e+01 5.032246e+01 -2.900000e+01
      vertex   8.850000e+01 5.000000e+01 -3.550000e+01
    endloop
  endfacet
  facet normal 9.941380e-01 -1.081190e-01 0.000000e+00
    outer loop
      vertex   8.850000e+01 5.000000e+01 -3.550000e+01
      vertex   8.853507e+01 5.032246e+01 -2.900000e+01
      vertex   8.850000e+01 5.000000e+01 -2.900000e+01
    endloop
  endfacet
  facet normal 9.941380e-01 1.081190e-01 -0.000000e+00
    outer loop
      vertex   8.850000e+01 5.000000e+01 -2.900000e+01
      vertex   8.850000e+01 5.000000e+01 -2.250000e+01
      vertex   8.853507e+01 4.967754e+01 -2.900000e+01
    endloop
  endfacet
  facet normal 9.941380e-01 1.081190e-01 -0.000000e+00
    outer loop
      vertex   8.853507e+01 4.967754e+01 -2.900000e+01
      vertex   8.850000e+01 5.000000e+01 -2.250000e+01
      vertex   8.853507e+01 4.967754e+01 -2.250000e+01
    endloop
  endfacet
  facet normal 9.476532e-01 3.193015e-01 -0.000000e+00
    outer loop
      vertex   8.853507e+01 4.967754e+01 -2.900000e+01
      vertex   8.853507e+01 4.967754e+01 -2.250000e+01
      vertex   8.863864e+01 4.937017e+01 -2.900000e+01
    endloop
  endfacet
  facet normal 9.476532e-01 3.193015e-01 -0.000000e+00
    outer loop
      vertex   8.863864e+01 4.937017e+01 -2.900000e+01
      vertex   8.853507e+01 4.967754e+01 -2.250000e+01
      vertex   8.863864e+01 4.937017e+01 -2.250000e+01
    endloop
  endfacet
  facet normal 8.568572e-01 5.155539e-01 -0.000000e+00
    outer loop
      vertex   8.863864e+01 4.937017e+01 -2.900000e+01
      vertex   8.863864e+01 4.937017e+01 -2.250000e+01
      vertex   8.880586e+01 4.909224e+01 -2.900000e+01
    endloop
  endfacet
  facet normal 8.568572e-01 5.155539e-01 -0.000000e+00
    outer loop
      vertex   8.880586e+01 4.909224e+01 -2.900000e+01
      vertex   8.863864e+01 4.937017e+01 -2.250000e+01
      vertex   8.880586e+01 4.909224e+01 -2.250000e+01
    endloop
  endfacet
  facet normal 7.259955e-01 6.876995e-01 -0.000000e+00
    outer loop
      vertex   8.880586e+01 4.909224e+01 -2.900000e+01
      vertex   8.880586e+01 4.909224e+01 -2.250000e+01
      vertex   8.902892e+01 4.885676e+01 -2.900000e+01
    endloop
  endfacet
  facet normal 7.259955e-01 6.876995e-01 -0.000000e+00
    outer loop
      vertex   8.902892e+01 4.885676e+01 -2.900000e+01
      vertex   8.880586e+01 4.909224e+01 -2.250000e+01
      vertex   8.902892e+01 4.885676e+01 -2.250000e+01
    endloop
  endfacet
  facet normal 5.611871e-01 8.276890e-01 -0.000000e+00
    outer loop
      vertex   8.902892e+01 4.885676e+01 -2.900000e+01
      vertex   8.902892e+01 4.885676e+01 -2.250000e+01
      vertex   8.929739e+01 4.867473e+01 -2.900000e+01
    endloop
  endfacet
  facet normal 5.611871e-01 8.276890e-01 -0.000000e+00
    outer loop
      vertex   8.929739e+01 4.867473e+01 -2.900000e+01
      vertex   8.902892e+01 4.885676e+01 -2.250000e+01
      vertex   8.929739e+01 4.867473e+01 -2.250000e+01
    endloop
  endfacet
  facet normal 3.701382e-01 9.289767e-01 -0.000000e+00
    outer loop
      vertex   8.929739e+01 4.867473e+01 -2.900000e+01
      vertex   8.929739e+01 4.867473e+01 -2.250000e+01
      vertex   8.959871e+01 4.855468e+01 -2.900000e+01
    endloop
  endfacet
  facet normal 3.701382e-01 9.289767e-01 -0.000000e+00
    outer loop
      vertex   8.959871e+01 4.855468e+01 -2.900000e+01
      vertex   8.929739e+01 4.867473e+01 -2.250000e+01
      vertex   8.959871e+01 4.855468e+01 -2.250000e+01
    endloop
  endfacet
  facet normal 1.617820e-01 9.868265e-01 -0.000000e+00
    outer loop
      vertex   8.959871e+01 4.855468e+01 -2.900000e+01
      vertex   8.959871e+01 4.855468e+01 -2.250000e+01
      vertex   8.991879e+01 4.850220e+01 -2.900000e+01
    endloop
  endfacet
  facet normal 1.617820e-01 9.868265e-01 -0.000000e+00
    outer loop
      vertex   8.991879e+01 4.850220e+01 -2.900000e+01
      vertex   8.959871e+01 4.855468e+01 -2.250000e+01
      vertex   8.991879e+01 4.850220e+01 -2.250000e+01
    endloop
  endfacet
  facet normal -5.413891e-02 9.985334e-01 0.000000e+00
    outer loop
      vertex   8.991879e+01 4.850220e+01 -2.900000e+01
      vertex   8.991879e+01 4.850220e+01 -2.250000e+01
      vertex   9.024267e+01 4.851976e+01 -2.900000e+01
    endloop
  endfacet
  facet normal -5.413891e-02 9.985334e-01 0.000000e+00
    outer loop
      vertex   9.024267e+01 4.851976e+01 -2.900000e+01
      vertex   8.991879e+01 4.850220e+01 -2.250000e+01
      vertex   9.024267e+01 4.851976e+01 -2.250000e+01
    endloop
  endfacet
  facet normal -2.675283e-01 9.635500e-01 0.000000e+00
    outer loop
      vertex   9.024267e+01 4.851976e+01 -2.900000e+01
      vertex   9.024267e+01 4.851976e+01 -2.250000e+01
      vertex   9.055521e+01 4.860653e+01 -2.900000e+01
    endloop
  endfacet
  facet normal -2.675283e-01 9.635500e-01 0.000000e+00
    outer loop
      vertex   9.055521e+01 4.860653e+01 -2.900000e+01
      vertex   9.024267e+01 4.851976e+01 -2.250000e+01
      vertex   9.055521e+01 4.860653e+01 -2.250000e+01
    endloop
  endfacet
  facet normal -4.684084e-01 8.835120e-01 0.000000e+00
    outer loop
      vertex   9.055521e+01 4.860653e+01 -2.900000e+01
      vertex   9.055521e+01 4.860653e+01 -2.250000e+01
      vertex   9.084178e+01 4.875847e+01 -2.900000e+01
    endloop
  endfacet
  facet normal -4.684084e-01 8.835120e-01 0.000000e+00
    outer loop
      vertex   9.084178e+01 4.875847e+01 -2.900000e+01
      vertex   9.055521e+01 4.860653e+01 -2.250000e+01
      vertex   9.084178e+01 4.875847e+01 -2.250000e+01
    endloop
  endfacet
  facet normal -6.473863e-01 7.621621e-01 0.000000e+00
    outer loop
      vertex   9.084178e+01 4.875847e+01 -2.900000e+01
      vertex   9.084178e+01 4.875847e+01 -2.250000e+01
      vertex   9.108899e+01 4.896845e+01 -2.900000e+01
    endloop
  endfacet
  facet normal -6.473863e-01 7.621621e-01 0.000000e+00
    outer loop
      vertex   9.108899e+01 4.896845e+01 -2.900000e+01
      vertex   9.084178e+01 4.875847e+01 -2.250000e+01
      vertex   9.108899e+01 4.896845e+01 -2.250000e+01
    endloop
  endfacet
  facet normal -7.960931e-01 6.051742e-01 0.000000e+00
    outer loop
      vertex   9.108899e+01 4.896845e+01 -2.900000e+01
      vertex   9.108899e+01 4.896845e+01 -2.250000e+01
      vertex   9.128529e+01 4.922667e+01 -2.900000e+01
    endloop
  endfacet
  facet normal -7.960931e-01 6.051742e-01 0.000000e+00
    outer loop
      vertex   9.128529e+01 4.922667e+01 -2.900000e+01
      vertex   9.108899e+01 4.896845e+01 -2.250000e+01
      vertex   9.128529e+01 4.922667e+01 -2.250000e+01
    endloop
  endfacet
  facet normal -9.075754e-01 4.198891e-01 0.000000e+00
    outer loop
      vertex   9.128529e+01 4.922667e+01 -2.900000e+01
      vertex   9.128529e+01 4.922667e+01 -2.250000e+01
      vertex   9.142148e+01 4.952105e+01 -2.900000e+01
    endloop
  endfacet
  facet normal -9.075754e-01 4.198891e-01 0.000000e+00
    outer loop
      vertex   9.142148e+01 4.952105e+01 -2.900000e+01
      vertex   9.128529e+01 4.922667e+01 -2.250000e+01
      vertex   9.142148e+01 4.952105e+01 -2.250000e+01
    endloop
  endfacet
  facet normal -9.766206e-01 2.149704e-01 0.000000e+00
    outer loop
      vertex   9.142148e+01 4.952105e+01 -2.900000e+01
      vertex   9.142148e+01 4.952105e+01 -2.250000e+01
      vertex   9.149121e+01 4.983782e+01 -2.900000e+01
    endloop
  endfacet
  facet normal -9.766206e-01 2.149704e-01 0.000000e+00
    outer loop
      vertex   9.149121e+01 4.983782e+01 -2.900000e+01
      vertex   9.142148e+01 4.952105e+01 -2.250000e+01
      vertex   9.149121e+01 4.983782e+01 -2.250000e+01
    endloop
  endfacet
  facet normal -1.000000e+00 0.000000e+00 0.000000e+00
    outer loop
      vertex   9.149121e+01 4.983782e+01 -2.900000e+01
      vertex   9.149121e+01 4.983782e+01 -2.250000e+01
      vertex   9.149121e+01 5.016218e+01 -2.900000e+01
    endloop
  endfacet
  facet normal -1.000000e+00 0.000000e+00 0.000000e+00
    outer loop
      vertex   9.149121e+01 5.016218e+01 -2.900000e+01
      vertex   9.149121e+01 4.983782e+01 -2.250000e+01
      vertex   9.149121e+01 5.016218e+01 -2.250000e+01
    endloop
  endfacet
  facet normal -9.766206e-01 -2.149704e-01 0.000000e+00
    outer loop
      vertex   9.149121e+01 5.016218e+01 -2.900000e+01
      vertex   9.149121e+01 5.016218e+01 -2.250000e+01
      vertex   9.142148e+01 5.047895e+01 -2.900000e+01
    endloop
  endfacet
  facet normal -9.766206e-01 -2.149704e-01 0.000000e+00
    outer loop
      vertex   9.142148e+01 5.047895e+01 -2.900000e+01
      vertex   9.149121e+01 5.016218e+01 -2.250000e+01
      vertex   9.142148e+01 5.047895e+01 -2.250000e+01
    endloop
  endfacet
  facet normal -9.075754e-01 -4.198891e-01 0.000000e+00
    outer loop
      vertex   9.142148e+01 5.047895e+01 -2.900000e+01
      vertex   9.142148e+01 5.047895e+01 -2.250000e+01
      vertex   9.128529e+01 5.077333e+01 -2.900000e+01
    endloop
  endfacet
  facet normal -9.075754e-01 -4.198891e-01 0.000000e+00
    outer loop
      vertex   9.128529e+01 5.077333e+01 -2.900000e+01
      vertex   9.142148e+01 5.047895e+01 -2.250000e+01
      vertex   9.128529e+01 5.077333e+01 -2.250000e+01
    endloop
  endfacet
  facet normal -7.960931e-01 -6.051742e-01 0.000000e+00
    outer loop
      vertex   9.128529e+01 5.077333e+01 -2.900000e+01
      vertex   9.128529e+01 5.077333e+01 -2.250000e+01
      vertex   9.108899e+01 5.103155e+01 -2.900000e+01
    endloop
  endfacet
  facet normal -7.960931e-01 -6.051742e-01 0.000000e+00
    outer loop
      vertex   9.108899e+01 5.103155e+01 -2.900000e+01
      vertex   9.128529e+01 5.077333e+01 -2.250000e+01
      vertex   9.108899e+01 5.103155e+01 -2.250000e+01
    endloop
  endfacet
  facet normal -6.473863e-01 -7.621621e-01 0.000000e+00
    outer loop
      vertex   9.108899e+01 5.103155e+01 -2.900000e+01
      vertex   9.108899e+01 5.103155e+01 -2.250000e+01
      vertex   9.084178e+01 5.124153e+01 -2.900000e+01
    endloop
  endfacet
  facet normal -6.473863e-01 -7.621621e-01 0.000000e+00
    outer loop
      vertex   9.084178e+01 5.124153e+01 -2.900000e+01
      vertex   9.108899e+01 5.103155e+01 -2.250000e+01
      vertex   9.084178e+01 5.124153e+01 -2.250000e+01
    endloop
  endfacet
  facet normal -4.684084e-01 -8.835120e-01 0.000000e+00
    outer loop
      vertex   9.084178e+01 5.124153e+01 -2.900000e+01
      vertex   9.084178e+01 5.124153e+01 -2.250000e+01
      vertex   9.055521e+01 5.139347e+01 -2.900000e+01
    endloop
  endfacet
  facet normal -4.684084e-01 -8.835120e-01 0.000000e+00
    outer loop
      vertex   9.055521e+01 5.139347e+01 -2.900000e+01
      vertex   9.084178e+01 5.124153e+01 -2.250000e+01
      vertex   9.055521e+01 5.139347e+01 -2.250000e+01
    endloop
  endfacet
  facet normal -2.675283e-01 -9.635500e-01 0.000000e+00
    outer loop
      vertex   9.055521e+01 5.139347e+01 -2.900000e+01
      vertex   9.055521e+01 5.139347e+01 -2.250000e+01
      vertex   9.024267e+01 5.148024e+01 -2.900000e+01
    endloop
  endfacet
  facet normal -2.675283e-01 -9.635500e-01 0.000000e+00
    outer loop
      vertex   9.024267e+01 5.148024e+01 -2.900000e+01
      vertex   9.055521e+01 5.139347e+01 -2.250000e+01
      vertex   9.024267e+01 5.148024e+01 -2.250000e+01
    endloop
  endfacet
  facet normal -5.413891e-02 -9.985334e-01 0.000000e+00
    outer loop
      vertex   9.024267e+01 5.148024e+01 -2.900000e+01
      vertex   9.024267e+01 5.148024e+01 -2.250000e+01
      vertex   8.991879e+01 5.149780e+01 -2.900000e+01
    endloop
  endfacet
  facet normal -5.413891e-02 -9.985334e-01 0.000000e+00
    outer loop
      vertex   8.991879e+01 5.149780e+01 -2.900000e+01
      vertex   9.024267e+01 5.148024e+01 -2.250000e+01
      vertex   8.991879e+01 5.149780e+01 -2.250000e+01
    endloop
  endfacet
  facet normal 1.617820e-01 -9.868265e-01 0.000000e+00
    outer loop
      vertex   8.991879e+01 5.149780e+01 -2.900000e+01
      vertex   8.991879e+01 5.149780e+01 -2.250000e+01
      vertex   8.959871e+01 5.144532e+01 -2.900000e+01
    endloop
  endfacet
  facet normal 1.617820e-01 -9.868265e-01 0.000000e+00
    outer loop
      vertex   8.959871e+01 5.144532e+01 -2.900000e+01
      vertex   8.991879e+01 5.149780e+01 -2.250000e+01
      vertex   8.959871e+01 5.144532e+01 -2.250000e+01
    endloop
  endfacet
  facet normal 3.701382e-01 -9.289767e-01 0.000000e+00
    outer loop
      vertex   8.959871e+01 5.144532e+01 -2.900000e+01
      vertex   8.959871e+01 5.144532e+01 -2.250000e+01
      vertex   8.929739e+01 5.132527e+01 -2.900000e+01
    endloop
  endfacet
  facet normal 3.701382e-01 -9.289767e-01 0.000000e+00
    outer loop
      vertex   8.929739e+01 5.132527e+01 -2.900000e+01
      vertex   8.959871e+01 5.144532e+01 -2.250000e+01
      vertex   8.929739e+01 5.132527e+01 -2.250000e+01
    endloop
  endfacet
  facet normal 5.611871e-01 -8.276890e-01 0.000000e+00
    outer loop
      vertex   8.929739e+01 5.132527e+01 -2.900000e+01
      vertex   8.929739e+01 5.132527e+01 -2.250000e+01
      vertex   8.902892e+01 5.114324e+01 -2.900000e+01
    endloop
  endfacet
  facet normal 5.611871e-01 -8.276890e-01 0.000000e+00
    outer loop
      vertex   8.902892e+01 5.114324e+01 -2.900000e+01
      vertex   8.929739e+01 5.132527e+01 -2.250000e+01
      vertex   8.902892e+01 5.114324e+01 -2.250000e+01
    endloop
  endfacet
  facet normal 7.259955e-01 -6.876995e-01 0.000000e+00
    outer loop
      vertex   8.902892e+01 5.114324e+01 -2.900000e+01
      vertex   8.902892e+01 5.114324e+01 -2.250000e+01
      vertex   8.880586e+01 5.090776e+01 -2.900000e+01
    endloop
  endfacet
  facet normal 7.259955e-01 -6.876995e-01 0.000000e+00
    outer loop
      vertex   8.880586e+01 5.090776e+01 -2.900000e+01
      vertex   8.902892e+01 5.114324e+01 -2.250000e+01
      vertex   8.880586e+01 5.090776e+01 -2.250000e+01
    endloop
  endfacet
  facet normal 8.568572e-01 -5.155539e-01 0.000000e+00
    outer loop
      vertex   8.880586e+01 5.090776e+01 -2.900000e+01
      vertex   8.880586e+01 5.090776e+01 -2.250000e+01
      vertex   8.863864e+01 5.062983e+01 -2.900000e+01
    endloop
  endfacet
  facet normal 8.568572e-01 -5.155539e-01 0.000000e+00
    outer loop
      vertex   8.863864e+01 5.062983e+01 -2.900000e+01
      vertex   8.880586e+01 5.090776e+01 -2.250000e+01
      vertex   8.863864e+01 5.062983e+01 -2.250000e+01
    endloop
  endfacet
  facet normal 9.476532e-01 -3.193015e-01 0.000000e+00
    outer loop
      vertex   8.863864e+01 5.062983e+01 -2.900000e+01
      vertex   8.863864e+01 5.062983e+01 -2.250000e+01
      vertex   8.853507e+01 5.032246e+01 -2.900000e+01
    endloop
  endfacet
  facet normal 9.476532e-01 -3.193015e-01 0.000000e+00
    outer loop
      vertex   8.853507e+01 5.032246e+01 -2.900000e+01
      vertex   8.863864e+01 5.062983e+01 -2.250000e+01
      vertex   8.853507e+01 5.032246e+01 -2.250000e+01
    endloop
  endfacet
  facet normal 9.941380e-01 -1.081190e-01 0.000000e+00
    outer loop
      vertex   8.853507e+01 5.032246e+01 -2.900000e+01
      vertex   8.853507e+01 5.032246e+01 -2.250000e+01
      vertex   8.850000e+01 5.000000e+01 -2.900000e+01
    endloop
  endfacet
  facet normal 9.941380e-01 -1.081190e-01 0.000000e+00
    outer loop
      vertex   8.850000e+01 5.000000e+01 -2.900000e+01
      vertex   8.853507e+01 5.032246e+01 -2.250000e+01
      vertex   8.850000e+01 5.000000e+01 -2.250000e+01
    endloop
  endfacet
  facet normal 9.941380e-01 1.081190e-01 -0.000000e+00
    outer loop
      vertex   8.850000e+01 5.000000e+01 -2.250000e+01
      vertex   8.850000e+01 5.000000e+01 -1.600000e+01
      vertex   8.853507e+01 4.967754e+01 -2.250000e+01
    endloop
  endfacet
  facet normal 9.941380e-01 1.081190e-01 -0.000000e+00
    outer loop
      vertex   8.853507e+01 4.967754e+01 -2.250000e+01
      vertex   8.850000e+01 5.000000e+01 -1.600000e+01
      vertex   8.853507e+01 4.967754e+01 -1.600000e+01
    endloop
  endfacet
  facet normal 9.476532e-01 3.193015e-01 -0.000000e+00
    outer loop
      vertex   8.853507e+01 4.967754e+01 -2.250000e+01
      vertex   8.853507e+01 4.967754e+01 -1.600000e+01
      vertex   8.863864e+01 4.937017e+01 -2.250000e+01
    endloop
  endfacet
  facet normal 9.476532e-01 3.193015e-01 -0.000000e+00
    outer loop
      vertex   8.863864e+01 4.937017e+01 -2.250000e+01
      vertex   8.853507e+01 4.967754e+01 -1.600000e+01
      vertex   8.863864e+01 4.937017e+01 -1.600000e+01
    endloop
  endfacet
  facet normal 8.568572e-01 5.155539e-01 -0.000000e+00
    outer loop
      vertex   8.863864e+01 4.937017e+01 -2.250000e+01
      vertex   8.863864e+01 4.937017e+01 -1.600000e+01
      vertex   8.880586e+01 4.909224e+01 -2.250000e+01
    endloop
  endfacet
  facet normal 8.568572e-01 5.155539e-01 -0.000000e+00
    outer loop
      vertex   8.880586e+01 4.909224e+01 -2.250000e+01
      vertex   8.863864e+01 4.937017e+01 -1.600000e+01
      vertex   8.880586e+01 4.909224e+01 -1.600000e+01
    endloop
  endfacet
  facet normal 7.259955e-01 6.876995e-01 -0.000000e+00
    outer loop
      vertex   8.880586e+01 4.909224e+01 -2.250000e+01
      vertex   8.880586e+01 4.909224e+01 -1.600000e+01
      vertex   8.902892e+01 4.885676e+01 -2.250000e+01
    endloop
  endfacet
  facet normal 7.259955e-01 6.876995e-01 -0.000000e+00
    outer loop
      vertex   8.902892e+01 4.885676e+01 -2.250000e+01
      vertex   8.880586e+01 4.909224e+01 -1.600000e+01
      vertex   8.902892e+01 4.885676e+01 -1.600000e+01
    endloop
  endfacet
  facet normal 5.611871e-01 8.276890e-01 -0.000000e+00
    outer loop
      vertex   8.902892e+01 4.885676e+01 -2.250000e+01
      vertex   8.902892e+01 4.885676e+01 -1.600000e+01
      vertex   8.929739e+01 4.867473e+01 -2.250000e+01
    endloop
  endfacet
  facet normal 5.611871e-01 8.276890e-01 -0.000000e+00
    outer loop
      vertex   8.929739e+01 4.867473e+01 -2.250000e+01
      vertex   8.902892e+01 4.885676e+01 -1.600000e+01
      vertex   8.929739e+01 4.867473e+01 -1.600000e+01
    endloop
  endfacet
  facet normal 3.701382e-01 9.289767e-01 -0.000000e+00
    outer loop
      vertex   8.929739e+01 4.867473e+01 -2.250000e+01
      vertex   8.929739e+01 4.867473e+01 -1.600000e+01
      vertex   8.959871e+01 4.855468e+01 -2.250000e+01
    endloop
  endfacet
  facet normal 3.701382e-01 9.289767e-01 -0.000000e+00
    outer loop
      vertex   8.959871e+01 4.855468e+01 -2.250000e+01
      vertex   8.929739e+01 4.867473e+01 -1.600000e+01
      vertex   8.959871e+01 4.855468e+01 -1.600000e+01
    endloop
  endfacet
  facet normal 1.617820e-01 9.868265e-01 -0.000000e+00
    outer loop
      vertex   8.959871e+01 4.855468e+01 -2.250000e+01
      vertex   8.959871e+01 4.855468e+01 -1.600000e+01
      vertex   8.991879e+01 4.850220e+01 -2.250000e+01
    endloop
  endfacet
  facet normal 1.617820e-01 9.868265e-01 -0.000000e+00
    outer loop
      vertex   8.991879e+01 4.850220e+01 -2.250000e+01
      vertex   8.959871e+01 4.855468e+01 -1.600000e+01
      vertex   8.991879e+01 4.850220e+01 -1.600000e+01
    endloop
  endfacet
  facet normal -5.413891e-02 9.985334e-01 0.000000e+00
    outer loop
      vertex   8.991879e+01 4.850220e+01 -2.250000e+01
      vertex   8.991879e+01 4.850220e+01 -1.600000e+01
      vertex   9.024267e+01 4.851976e+01 -2.250000e+01
    endloop
  endfacet
  facet normal -5.413891e-02 9.985334e-01 0.000000e+00
    outer loop
      vertex   9.024267e+01 4.851976e+01 -2.250000e+01
      vertex   8.991879e+01 4.850220e+01 -1.600000e+01
      vertex   9.024267e+01 4.851976e+01 -1.600000e+01
    endloop
  endfacet
  facet normal -2.675283e-01 9.635500e-01 0.000000e+00
    outer loop
      vertex   9.024267e+01 4.851976e+01 -2.250000e+01
      vertex   9.024267e+01 4.851976e+01 -1.600000e+01
      vertex   9.055521e+01 4.860653e+01 -2.250000e+01
    endloop
  endfacet
  facet normal -2.675283e-01 9.635500e-01 0.000000e+00
    outer loop
      vertex   9.055521e+01 4.860653e+01 -2.250000e+01
      vertex   9.024267e+01 4.851976e+01 -1.600000e+01
      vertex   9.055521e+01 4.860653e+01 -1.600000e+01
    endloop
  endfacet
  facet normal -4.684084e-01 8.835120e-01 0.000000e+00
    outer loop
      vertex   9.055521e+01 4.860653e+01 -2.250000e+01
      vertex   9.055521e+01 4.860653e+01 -1.600000e+01
      vertex   9.084178e+01 4.875847e+01 -2.250000e+01
    endloop
  endfacet
  facet normal -4.684084e-01 8.835120e-01 0.000000e+00
    outer loop
      vertex   9.084178e+01 4.875847e+01 -2.250000e+01
      vertex   9.055521e+01 4.860653e+01 -1.600000e+01
      vertex   9.084178e+01 4.875847e+01 -1.600000e+01
    endloop
  endfacet
  facet normal -6.473863e-01 7.621621e-01 0.000000e+00
    outer loop
      vertex   9.084178e+01 4.875847e+01 -2.250000e+01
      vertex   9.084178e+01 4.875847e+01 -1.600000e+01
      vertex   9.108899e+01 4.896845e+01 -2.250000e+01
    endloop
  endfacet
  facet normal -6.473863e-01 7.621621e-01 0.000000e+00
    outer loop
      vertex   9.108899e+01 4.896845e+01 -2.250000e+01
      vertex   9.084178e+01 4.875847e+01 -1.600000e+01
      vertex   9.108899e+01 4.896845e+01 -1.600000e+01
    endloop
  endfacet
  facet normal -7.960931e-01 6.051742e-01 0.000000e+00
    outer loop
      vertex   9.108899e+01 4.896845e+01 -2.250000e+01
      vertex   9.108899e+01 4.896845e+01 -1.600000e+01
      vertex   9.128529e+01 4.922667e+01 -2.250000e+01
    endloop
  endfacet
  facet normal -7.960931e-01 6.051742e-01 0.000000e+00
    outer loop
      vertex   9.128529e+01 4.922667e+01 -2.250000e+01
      vertex   9.108899e+01 4.896845e+01 -1.600000e+01
      vertex   9.128529e+01 4.922667e+01 -1.600000e+01
    endloop
  endfacet
  facet normal -9.075754e-01 4.198891e-01 0.000000e+00
    outer loop
      vertex   9.128529e+01 4.922667e+01 -2.250000e+01
      vertex   9.128529e+01 4.922667e+01 -1.600000e+01
      vertex   9.142148e+01 4.952105e+01 -2.250000e+01
    endloop
  endfacet
  facet normal -9.075754e-01 4.198891e-01 0.000000e+00
    outer loop
      vertex   9.142148e+01 4.952105e+01 -2.250000e+01
      vertex   9.128529e+01 4.922667e+01 -1.600000e+01
      vertex   9.142148e+01 4.952105e+01 -1.600000e+01
    endloop
  endfacet
  facet normal -9.766206e-01 2.149704e-01 0.000000e+00
    outer loop
      vertex   9.142148e+01 4.952105e+01 -2.250000e+01
      vertex   9.142148e+01 4.952105e+01 -1.600000e+01
      vertex   9.149121e+01 4.983782e+01 -2.250000e+01
    endloop
  endfacet
  facet normal -9.766206e-01 2.149704e-01 0.000000e+00
    outer loop
      vertex   9.149121e+01 4.983782e+01 -2.250000e+01
      vertex   9.142148e+01 4.952105e+01 -1.600000e+01
      vertex   9.149121e+01 4.983782e+01 -1.600000e+01
    endloop
  endfacet
  facet normal -1.000000e+00 0.000000e+00 0.000000e+00
    outer loop
      vertex   9.149121e+01 4.983782e+01 -2.250000e+01
      vertex   9.149121e+01 4.983782e+01 -1.600000e+01
      vertex   9.149121e+01 5.016218e+01 -2.250000e+01
    endloop
  endfacet
  facet normal -1.000000e+00 0.000000e+00 0.000000e+00
    outer loop
      vertex   9.149121e+01 5.016218e+01 -2.250000e+01
      vertex   9.149121e+01 4.983782e+01 -1.600000e+01
      vertex   9.149121e+01 5.016218e+01 -1.600000e+01
    endloop
  endfacet
  facet normal -9.766206e-01 -2.149704e-01 0.000000e+00
    outer loop
      vertex   9.149121e+01 5.016218e+01 -2.250000e+01
      vertex   9.149121e+01 5.016218e+01 -1.600000e+01
      vertex   9.142148e+01 5.047895e+01 -2.250000e+01
    endloop
  endfacet
  facet normal -9.766206e-01 -2.149704e-01 0.000000e+00
    outer loop
      vertex   9.142148e+01 5.047895e+01 -2.250000e+01
      vertex   9.149121e+01 5.016218e+01 -1.600000e+01
      vertex   9.142148e+01 5.047895e+01 -1.600000e+01
    endloop
  endfacet
  facet normal -9.075754e-01 -4.198891e-01 0.000000e+00
    outer loop
      vertex   9.142148e+01 5.047895e+01 -2.250000e+01
      vertex   9.142148e+01 5.047895e+01 -1.600000e+01
      vertex   9.128529e+01 5.077333e+01 -2.250000e+01
    endloop
  endfacet
  facet normal -9.075754e-01 -4.198891e-01 0.000000e+00
    outer loop
      vertex   9.128529e+01 5.077333e+01 -2.250000e+01
      vertex   9.142148e+01 5.047895e+01 -1.600000e+01
      vertex   9.128529e+01 5.077333e+01 -1.600000e+01
    endloop
  endfacet
  facet normal -7.960931e-01 -6.051742e-01 0.000000e+00
    outer loop
      vertex   9.128529e+01 5.077333e+01 -2.250000e+01
      vertex   9.128529e+01 5.077333e+01 -1.600000e+01
      vertex   9.108899e+01 5.103155e+01 -2.250000e+01
    endloop
  endfacet
  facet normal -7.960931e-01 -6.051742e-01 0.000000e+00
    outer loop
      vertex   9.108899e+01 5.103155e+01 -2.250000e+01
      vertex   9.128529e+01 5.077333e+01 -1.600000e+01
      vertex   9.108899e+01 5.103155e+01 -1.600000e+01
    endloop
  endfacet
  facet normal -6.473863e-01 -7.621621e-01 0.000000e+00
    outer loop
      vertex   9.108899e+01 5.103155e+01 -2.250000e+01
      vertex   9.108899e+01 5.103155e+01 -1.600000e+01
      vertex   9.084178e+01 5.124153e+01 -2.250000e+01
    endloop
  endfacet
  facet normal -6.473863e-01 -7.621621e-01 0.000000e+00
    outer loop
      vertex   9.084178e+01 5.124153e+01 -2.250000e+01
      vertex   9.108899e+01 5.103155e+01 -1.600000e+01
      vertex   9.084178e+01 5.124153e+01 -1.600000e+01
    endloop
  endfacet
  facet normal -4.684084e-01 -8.835120e-01 0.000000e+00
    outer loop
      vertex   9.084178e+01 5.124153e+01 -2.250000e+01
      vertex   9.084178e+01 5.124153e+01 -1.600000e+01
      vertex   9.055521e+01 5.139347e+01 -2.250000e+01
    endloop
  endfacet
  facet normal -4.684084e-01 -8.835120e-01 0.000000e+00
    outer loop
      vertex   9.055521e+01 5.139347e+01 -2.250000e+01
      vertex   9.084178e+01 5.124153e+01 -1.600000e+01
      vertex   9.055521e+01 5.139347e+01 -1.600000e+01
    endloop
  endfacet
  facet normal -2.675283e-01 -9.635500e-01 0.000000e+00
    outer loop
      vertex   9.055521e+01 5.139347e+01 -2.250000e+01
      vertex   9.055521e+01 5.139347e+01 -1.600000e+01
      vertex   9.024267e+01 5.148024e+01 -2.250000e+01
    endloop
  endfacet
  facet normal -2.675283e-01 -9.635500e-01 0.000000e+00
    outer loop
      vertex   9.024267e+01 5.148024e+01 -2.250000e+01
      vertex   9.055521e+01 5.139347e+01 -1.600000e+01
      vertex   9.024267e+01 5.148024e+01 -1.600000e+01
    endloop
  endfacet
  facet normal -5.413891e-02 -9.985334e-01 0.000000e+00
    outer loop
      vertex   9.024267e+01 5.148024e+01 -2.250000e+01
      vertex   9.024267e+01 5.148024e+01 -1.600000e+01
      vertex   8.991879e+01 5.149780e+01 -2.250000e+01
    endloop
  endfacet
  facet normal -5.413891e-02 -9.985334e-01 0.000000e+00
    outer loop
      vertex   8.991879e+01 5.149780e+01 -2.250000e+01
      vertex   9.024267e+01 5.148024e+01 -1.600000e+01
      vertex   8.991879e+01 5.149780e+01 -1.600000e+01
    endloop
  endfacet
  facet normal 1.617820e-01 -9.868265e-01 0.000000e+00
    outer loop
      vertex   8.991879e+01 5.149780e+01 -2.250000e+01
      vertex   8.991879e+01 5.149780e+01 -1.600000e+01
      vertex   8.959871e+01 5.144532e+01 -2.250000e+01
    endloop
  endfacet
  facet normal 1.617820e-01 -9.868265e-01 0.000000e+00
    outer loop
      vertex   8.959871e+01 5.144532e+01 -2.250000e+01
      vertex   8.991879e+01 5.149780e+01 -1.600000e+01
      vertex   8.959871e+01 5.144532e+01 -1.600000e+01
    endloop
  endfacet
  facet normal 3.701382e-01 -9.289767e-01 0.000000e+00
    outer loop
      vertex   8.959871e+01 5.144532e+01 -2.250000e+01
      vertex   8.959871e+01 5.144532e+01 -1.600000e+01
      vertex   8.929739e+01 5.132527e+01 -2.250000e+01
    endloop
  endfacet
  facet normal 3.701382e-01 -9.289767e-01 0.000000e+00
    outer loop
      vertex   8.929739e+01 5.132527e+01 -2.250000e+01
      vertex   8.959871e+01 5.144532e+01 -1.600000e+01
      vertex   8.929739e+01 5.132527e+01 -1.600000e+01
    endloop
  endfacet
  facet normal 5.611871e-01 -8.276890e-01 0.000000e+00
    outer loop
      vertex   8.929739e+01 5.132527e+01 -2.250000e+01
      vertex   8.929739e+01 5.132527e+01 -1.600000e+01
      vertex   8.902892e+01 5.114324e+01 -2.250000e+01
    endloop
  endfacet
  facet normal 5.611871e-01 -8.276890e-01 0.000000e+00
    outer loop
      vertex   8.902892e+01 5.114324e+01 -2.250000e+01
      vertex   8.929739e+01 5.132527e+01 -1.600000e+01
      vertex   8.902892e+01 5.114324e+01 -1.600000e+01
    endloop
  endfacet
  facet normal 7.259955e-01 -6.876995e-01 0.000000e+00
    outer loop
      vertex   8.902892e+01 5.114324e+01 -2.250000e+01
      vertex   8.902892e+01 5.114324e+01 -1.600000e+01
      vertex   8.880586e+01 5.090776e+01 -2.250000e+01
    endloop
  endfacet
  facet normal 7.259955e-01 -6.876995e-01 0.000000e+00
    outer loop
      vertex   8.880586e+01 5.090776e+01 -2.250000e+01
      vertex   8.902892e+01 5.114324e+01 -1.600000e+01
      vertex   8.880586e+01 5.090776e+01 -1.600000e+01
    endloop
  endfacet
  facet normal 8.568572e-01 -5.155539e-01 0.000000e+00
    outer loop
      vertex   8.880586e+01 5.090776e+01 -2.250000e+01
      vertex   8.880586e+01 5.090776e+01 -1.600000e+01
      vertex   8.863864e+01 5.062983e+01 -2.250000e+01
    endloop
  endfacet
  facet normal 8.568572e-01 -5.155539e-01 0.000000e+00
    outer loop
      vertex   8.863864e+01 5.062983e+01 -2.250000e+01
      vertex   8.880586e+01 5.090776e+01 -1.600000e+01
      vertex   8.863864e+01 5.062983e+01 -1.600000e+01
    endloop
  endfacet
  facet normal 9.476532e-01 -3.193015e-01 0.000000e+00
    outer loop
      vertex   8.863864e+01 5.062983e+01 -2.250000e+01
      vertex   8.863864e+01 5.062983e+01 -1.600000e+01
      vertex   8.853507e+01 5.032246e+01 -2.250000e+01
    endloop
  endfacet
  facet normal 9.476532e-01 -3.193015e-01 0.000000e+00
    outer loop
      vertex   8.853507e+01 5.032246e+01 -2.250000e+01
      vertex   8.863864e+01 5.062983e+01 -1.600000e+01
      vertex   8.853507e+01 5.032246e+01 -1.600000e+01
    endloop
  endfacet
  facet normal 9.941380e-01 -1.081190e-01 0.000000e+00
    outer loop
      vertex   8.853507e+01 5.032246e+01 -2.250000e+01
      vertex   8.853507e+01 5.032246e+01 -1.600000e+01
      vertex   8.850000e+01 5.000000e+01 -2.250000e+01
    endloop
  endfacet
  facet normal 9.941380e-01 -1.081190e-01 0.000000e+00
    outer loop
      vertex   8.850000e+01 5.000000e+01 -2.250000e+01
      vertex   8.853507e+01 5.032246e+01 -1.600000e+01
      vertex   8.850000e+01 5.000000e+01 -1.600000e+01
    endloop
  endfacet
  facet normal -9.993171e-01 3.695150e-02 0.000000e+00
    outer loop
      vertex   7.743165e+01 5.093075e+01 -4.550000e+01
      vertex   7.743165e+01 5.093075e+01 -4.700000e+01
      vertex   7.739724e+01 5.000000e+01 -4.550000e+01
    endloop
  endfacet
  facet normal -9.993171e-01 3.695150e-02 0.000000e+00
    outer loop
      vertex   7.739724e+01 5.000000e+01 -4.550000e+01
      vertex   7.743165e+01 5.093075e+01 -4.700000e+01
      vertex   7.739724e+01 5.000000e+01 -4.700000e+01
    endloop
  endfacet
  facet normal -9.993171e-01 -3.695150e-02 -0.000000e+00
    outer loop
      vertex   7.739724e+01 5.000000e+01 -4.550000e+01
      vertex   7.739724e+01 5.000000e+01 -4.700000e+01
      vertex   7.743165e+01 4.906925e+01 -4.550000e+01
    endloop
  endfacet
  facet normal -9.993171e-01 -3.695150e-02 -0.000000e+00
    outer loop
      vertex   7.743165e+01 4.906925e+01 -4.550000e+01
      vertex   7.739724e+01 5.000000e+01 -4.700000e+01
      vertex   7.743165e+01 4.906925e+01 -4.700000e+01
    endloop
  endfacet
  facet normal -9.938591e-01 -1.106527e-01 -0.000000e+00
    outer loop
      vertex   7.743165e+01 4.906925e+01 -4.550000e+01
      vertex   7.743165e+01 4.906925e+01 -4.700000e+01
      vertex   7.753471e+01 4.814359e+01 -4.550000e+01
    endloop
  endfacet
  facet normal -9.938591e-01 -1.106527e-01 -5.241564e-16
    outer loop
      vertex   7.753471e+01 4.814359e+01 -4.550000e+01
      vertex   7.743165e+01 4.906925e+01 -4.700000e+01
      vertex   7.753471e+01 4.814359e+01 -4.700000e+01
    endloop
  endfacet
  facet normal -9.829731e-01 -1.837495e-01 -8.704126e-16
    outer loop
      vertex   7.753471e+01 4.814359e+01 -4.550000e+01
      vertex   7.753471e+01 4.814359e+01 -4.700000e+01
      vertex   7.770586e+01 4.722807e+01 -4.550000e+01
    endloop
  endfacet
  facet normal -9.829731e-01 -1.837495e-01 -8.704126e-16
    outer loop
      vertex   7.770586e+01 4.722807e+01 -4.550000e+01
      vertex   7.753471e+01 4.814359e+01 -4.700000e+01
      vertex   7.770586e+01 4.722807e+01 -4.700000e+01
    endloop
  endfacet
  facet normal -9.667184e-01 -2.558428e-01 -1.211915e-15
    outer loop
      vertex   7.770586e+01 4.722807e+01 -4.550000e+01
      vertex   7.770586e+01 4.722807e+01 -4.700000e+01
      vertex   7.794414e+01 4.632768e+01 -4.550000e+01
    endloop
  endfacet
  facet normal -9.667184e-01 -2.558428e-01 -0.000000e+00
    outer loop
      vertex   7.794414e+01 4.632768e+01 -4.550000e+01
      vertex   7.770586e+01 4.722807e+01 -4.700000e+01
      vertex   7.794414e+01 4.632768e+01 -4.700000e+01
    endloop
  endfacet
  facet normal -9.451838e-01 -3.265387e-01 -0.000000e+00
    outer loop
      vertex   7.794414e+01 4.632768e+01 -4.550000e+01
      vertex   7.794414e+01 4.632768e+01 -4.700000e+01
      vertex   7.824827e+01 4.544736e+01 -4.550000e+01
    endloop
  endfacet
  facet normal -9.451838e-01 -3.265387e-01 -0.000000e+00
    outer loop
      vertex   7.824827e+01 4.544736e+01 -4.550000e+01
      vertex   7.794414e+01 4.632768e+01 -4.700000e+01
      vertex   7.824827e+01 4.544736e+01 -4.700000e+01
    endloop
  endfacet
  facet normal -9.184870e-01 -3.954512e-01 -0.000000e+00
    outer loop
      vertex   7.824827e+01 4.544736e+01 -4.550000e+01
      vertex   7.824827e+01 4.544736e+01 -4.700000e+01
      vertex   7.861659e+01 4.459190e+01 -4.550000e+01
    endloop
  endfacet
  facet normal -9.184870e-01 -3.954512e-01 -0.000000e+00
    outer loop
      vertex   7.861659e+01 4.459190e+01 -4.550000e+01
      vertex   7.824827e+01 4.544736e+01 -4.700000e+01
      vertex   7.861659e+01 4.459190e+01 -4.700000e+01
    endloop
  endfacet
  facet normal -8.867737e-01 -4.622039e-01 -0.000000e+00
    outer loop
      vertex   7.861659e+01 4.459190e+01 -4.550000e+01
      vertex   7.861659e+01 4.459190e+01 -4.700000e+01
      vertex   7.904708e+01 4.376597e+01 -4.550000e+01
    endloop
  endfacet
  facet normal -8.867737e-01 -4.622039e-01 -4.378875e-15
    outer loop
      vertex   7.904708e+01 4.376597e+01 -4.550000e+01
      vertex   7.861659e+01 4.459190e+01 -4.700000e+01
      vertex   7.904708e+01 4.376597e+01 -4.700000e+01
    endloop
  endfacet
  facet normal -8.502171e-01 -5.264322e-01 -4.987367e-15
    outer loop
      vertex   7.904708e+01 4.376597e+01 -4.550000e+01
      vertex   7.904708e+01 4.376597e+01 -4.700000e+01
      vertex   7.953739e+01 4.297409e+01 -4.550000e+01
    endloop
  endfacet
  facet normal -8.502171e-01 -5.264322e-01 -0.000000e+00
    outer loop
      vertex   7.953739e+01 4.297409e+01 -4.550000e+01
      vertex   7.904708e+01 4.376597e+01 -4.700000e+01
      vertex   7.953739e+01 4.297409e+01 -4.700000e+01
    endloop
  endfacet
  facet normal -8.090170e-01 -5.877853e-01 -0.000000e+00
    outer loop
      vertex   7.953739e+01 4.297409e+01 -4.550000e+01
      vertex   7.953739e+01 4.297409e+01 -4.700000e+01
      vertex   8.008484e+01 4.222059e+01 -4.550000e+01
    endloop
  endfacet
  facet normal -8.090170e-01 -5.877853e-01 -0.000000e+00
    outer loop
      vertex   8.008484e+01 4.222059e+01 -4.550000e+01
      vertex   7.953739e+01 4.297409e+01 -4.700000e+01
      vertex   8.008484e+01 4.222059e+01 -4.700000e+01
    endloop
  endfacet
  facet normal -7.633983e-01 -6.459281e-01 -0.000000e+00
    outer loop
      vertex   8.008484e+01 4.222059e+01 -4.550000e+01
      vertex   8.008484e+01 4.222059e+01 -4.700000e+01
      vertex   8.068645e+01 4.150957e+01 -4.550000e+01
    endloop
  endfacet
  facet normal -7.633983e-01 -6.459281e-01 -0.000000e+00
    outer loop
      vertex   8.068645e+01 4.150957e+01 -4.550000e+01
      vertex   8.008484e+01 4.222059e+01 -4.700000e+01
      vertex   8.068645e+01 4.150957e+01 -4.700000e+01
    endloop
  endfacet
  facet normal -7.136102e-01 -7.005430e-01 -0.000000e+00
    outer loop
      vertex   8.068645e+01 4.150957e+01 -4.550000e+01
      vertex   8.068645e+01 4.150957e+01 -4.700000e+01
      vertex   8.133892e+01 4.084493e+01 -4.550000e+01
    endloop
  endfacet
  facet normal -7.136102e-01 -7.005430e-01 -0.000000e+00
    outer loop
      vertex   8.133892e+01 4.084493e+01 -4.550000e+01
      vertex   8.068645e+01 4.150957e+01 -4.700000e+01
      vertex   8.133892e+01 4.084493e+01 -4.700000e+01
    endloop
  endfacet
  facet normal -6.599245e-01 -7.513319e-01 -0.000000e+00
    outer loop
      vertex   8.133892e+01 4.084493e+01 -4.550000e+01
      vertex   8.133892e+01 4.084493e+01 -4.700000e+01
      vertex   8.203870e+01 4.023029e+01 -4.550000e+01
    endloop
  endfacet
  facet normal -6.599245e-01 -7.513319e-01 -0.000000e+00
    outer loop
      vertex   8.203870e+01 4.023029e+01 -4.550000e+01
      vertex   8.133892e+01 4.084493e+01 -4.700000e+01
      vertex   8.203870e+01 4.023029e+01 -4.700000e+01
    endloop
  endfacet
  facet normal -6.026346e-01 -7.980172e-01 -0.000000e+00
    outer loop
      vertex   8.203870e+01 4.023029e+01 -4.550000e+01
      vertex   8.203870e+01 4.023029e+01 -4.700000e+01
      vertex   8.278196e+01 3.966901e+01 -4.550000e+01
    endloop
  endfacet
  facet normal -6.026346e-01 -7.980172e-01 -0.000000e+00
    outer loop
      vertex   8.278196e+01 3.966901e+01 -4.550000e+01
      vertex   8.203870e+01 4.023029e+01 -4.700000e+01
      vertex   8.278196e+01 3.966901e+01 -4.700000e+01
    endloop
  endfacet
  facet normal -5.420534e-01 -8.403441e-01 -0.000000e+00
    outer loop
      vertex   8.278196e+01 3.966901e+01 -4.550000e+01
      vertex   8.278196e+01 3.966901e+01 -4.700000e+01
      vertex   8.356464e+01 3.916415e+01 -4.550000e+01
    endloop
  endfacet
  facet normal -5.420534e-01 -8.403441e-01 -0.000000e+00
    outer loop
      vertex   8.356464e+01 3.916415e+01 -4.550000e+01
      vertex   8.278196e+01 3.966901e+01 -4.700000e+01
      vertex   8.356464e+01 3.916415e+01 -4.700000e+01
    endloop
  endfacet
  facet normal -4.785116e-01 -8.780812e-01 -0.000000e+00
    outer loop
      vertex   8.356464e+01 3.916415e+01 -4.550000e+01
      vertex   8.356464e+01 3.916415e+01 -4.700000e+01
      vertex   8.438247e+01 3.871847e+01 -4.550000e+01
    endloop
  endfacet
  facet normal -4.785116e-01 -8.780812e-01 9.066745e-15
    outer loop
      vertex   8.438247e+01 3.871847e+01 -4.550000e+01
      vertex   8.356464e+01 3.916415e+01 -4.700000e+01
      vertex   8.438247e+01 3.871847e+01 -4.700000e+01
    endloop
  endfacet
  facet normal -4.123563e-01 -9.110226e-01 7.813248e-15
    outer loop
      vertex   8.438247e+01 3.871847e+01 -4.550000e+01
      vertex   8.438247e+01 3.871847e+01 -4.700000e+01
      vertex   8.523098e+01 3.833441e+01 -4.550000e+01
    endloop
  endfacet
  facet normal -4.123563e-01 -9.110226e-01 -4.315470e-15
    outer loop
      vertex   8.523098e+01 3.833441e+01 -4.550000e+01
      vertex   8.438247e+01 3.871847e+01 -4.700000e+01
      vertex   8.523098e+01 3.833441e+01 -4.700000e+01
    endloop
  endfacet
  facet normal -3.439489e-01 -9.389884e-01 -4.447942e-15
    outer loop
      vertex   8.523098e+01 3.833441e+01 -4.550000e+01
      vertex   8.523098e+01 3.833441e+01 -4.700000e+01
      vertex   8.610553e+01 3.801406e+01 -4.550000e+01
    endloop
  endfacet
  facet normal -3.439489e-01 -9.389884e-01 -0.000000e+00
    outer loop
      vertex   8.610553e+01 3.801406e+01 -4.550000e+01
      vertex   8.523098e+01 3.833441e+01 -4.700000e+01
      vertex   8.610553e+01 3.801406e+01 -4.700000e+01
    endloop
  endfacet
  facet normal -2.736630e-01 -9.618256e-01 -0.000000e+00
    outer loop
      vertex   8.610553e+01 3.801406e+01 -4.550000e+01
      vertex   8.610553e+01 3.801406e+01 -4.700000e+01
      vertex   8.700136e+01 3.775918e+01 -4.550000e+01
    endloop
  endfacet
  facet normal -2.736630e-01 -9.618256e-01 -0.000000e+00
    outer loop
      vertex   8.700136e+01 3.775918e+01 -4.550000e+01
      vertex   8.610553e+01 3.801406e+01 -4.700000e+01
      vertex   8.700136e+01 3.775918e+01 -4.700000e+01
    endloop
  endfacet
  facet normal -2.018824e-01 -9.794098e-01 -0.000000e+00
    outer loop
      vertex   8.700136e+01 3.775918e+01 -4.550000e+01
      vertex   8.700136e+01 3.775918e+01 -4.700000e+01
      vertex   8.791356e+01 3.757115e+01 -4.550000e+01
    endloop
  endfacet
  facet normal -2.018824e-01 -9.794098e-01 -0.000000e+00
    outer loop
      vertex   8.791356e+01 3.757115e+01 -4.550000e+01
      vertex   8.700136e+01 3.775918e+01 -4.700000e+01
      vertex   8.791356e+01 3.757115e+01 -4.700000e+01
    endloop
  endfacet
  facet normal -1.289992e-01 -9.916447e-01 -0.000000e+00
    outer loop
      vertex   8.791356e+01 3.757115e+01 -4.550000e+01
      vertex   8.791356e+01 3.757115e+01 -4.700000e+01
      vertex   8.883716e+01 3.745100e+01 -4.550000e+01
    endloop
  endfacet
  facet normal -1.289992e-01 -9.916447e-01 -0.000000e+00
    outer loop
      vertex   8.883716e+01 3.745100e+01 -4.550000e+01
      vertex   8.791356e+01 3.757115e+01 -4.700000e+01
      vertex   8.883716e+01 3.745100e+01 -4.700000e+01
    endloop
  endfacet
  facet normal -5.541147e-02 -9.984636e-01 -0.000000e+00
    outer loop
      vertex   8.883716e+01 3.745100e+01 -4.550000e+01
      vertex   8.883716e+01 3.745100e+01 -4.700000e+01
      vertex   8.976711e+01 3.739939e+01 -4.550000e+01
    endloop
  endfacet
  facet normal -5.541147e-02 -9.984636e-01 -0.000000e+00
    outer loop
      vertex   8.976711e+01 3.739939e+01 -4.550000e+01
      vertex   8.883716e+01 3.745100e+01 -4.700000e+01
      vertex   8.976711e+01 3.739939e+01 -4.700000e+01
    endloop
  endfacet
  facet normal 1.847890e-02 -9.998293e-01 0.000000e+00
    outer loop
      vertex   8.976711e+01 3.739939e+01 -4.550000e+01
      vertex   8.976711e+01 3.739939e+01 -4.700000e+01
      vertex   9.069834e+01 3.741660e+01 -4.550000e+01
    endloop
  endfacet
  facet normal 1.847890e-02 -9.998293e-01 0.000000e+00
    outer loop
      vertex   9.069834e+01 3.741660e+01 -4.550000e+01
      vertex   8.976711e+01 3.739939e+01 -4.700000e+01
      vertex   9.069834e+01 3.741660e+01 -4.700000e+01
    endloop
  endfacet
  facet normal 9.226836e-02 -9.957342e-01 0.000000e+00
    outer loop
      vertex   9.069834e+01 3.741660e+01 -4.550000e+01
      vertex   9.069834e+01 3.741660e+01 -4.700000e+01
      vertex   9.162575e+01 3.750254e+01 -4.550000e+01
    endloop
  endfacet
  facet normal 9.226836e-02 -9.957342e-01 -2.968462e-15
    outer loop
      vertex   9.162575e+01 3.750254e+01 -4.550000e+01
      vertex   9.069834e+01 3.741660e+01 -4.700000e+01
      vertex   9.162575e+01 3.750254e+01 -4.700000e+01
    endloop
  endfacet
  facet normal 1.655539e-01 -9.862007e-01 -1.534702e-15
    outer loop
      vertex   9.162575e+01 3.750254e+01 -4.550000e+01
      vertex   9.162575e+01 3.750254e+01 -4.700000e+01
      vertex   9.254428e+01 3.765673e+01 -4.550000e+01
    endloop
  endfacet
  facet normal 1.655539e-01 -9.862007e-01 0.000000e+00
    outer loop
      vertex   9.254428e+01 3.765673e+01 -4.550000e+01
      vertex   9.162575e+01 3.750254e+01 -4.700000e+01
      vertex   9.254428e+01 3.765673e+01 -4.700000e+01
    endloop
  endfacet
  facet normal 2.379352e-01 -9.712810e-01 0.000000e+00
    outer loop
      vertex   9.254428e+01 3.765673e+01 -4.550000e+01
      vertex   9.254428e+01 3.765673e+01 -4.700000e+01
      vertex   9.344891e+01 3.787834e+01 -4.550000e+01
    endloop
  endfacet
  facet normal 2.379352e-01 -9.712810e-01 0.000000e+00
    outer loop
      vertex   9.344891e+01 3.787834e+01 -4.550000e+01
      vertex   9.254428e+01 3.765673e+01 -4.700000e+01
      vertex   9.344891e+01 3.787834e+01 -4.700000e+01
    endloop
  endfacet
  facet normal 3.090170e-01 -9.510565e-01 0.000000e+00
    outer loop
      vertex   9.344891e+01 3.787834e+01 -4.550000e+01
      vertex   9.344891e+01 3.787834e+01 -4.700000e+01
      vertex   9.433471e+01 3.816615e+01 -4.550000e+01
    endloop
  endfacet
  facet normal 3.090170e-01 -9.510565e-01 0.000000e+00
    outer loop
      vertex   9.433471e+01 3.816615e+01 -4.550000e+01
      vertex   9.344891e+01 3.787834e+01 -4.700000e+01
      vertex   9.433471e+01 3.816615e+01 -4.700000e+01
    endloop
  endfacet
  facet normal 3.784111e-01 -9.256377e-01 0.000000e+00
    outer loop
      vertex   9.433471e+01 3.816615e+01 -4.550000e+01
      vertex   9.433471e+01 3.816615e+01 -4.700000e+01
      vertex   9.519683e+01 3.851860e+01 -4.550000e+01
    endloop
  endfacet
  facet normal 3.784111e-01 -9.256377e-01 0.000000e+00
    outer loop
      vertex   9.519683e+01 3.851860e+01 -4.550000e+01
      vertex   9.433471e+01 3.816615e+01 -4.700000e+01
      vertex   9.519683e+01 3.851860e+01 -4.700000e+01
    endloop
  endfacet
  facet normal 4.457384e-01 -8.951633e-01 0.000000e+00
    outer loop
      vertex   9.519683e+01 3.851860e+01 -4.550000e+01
      vertex   9.519683e+01 3.851860e+01 -4.700000e+01
      vertex   9.603057e+01 3.893375e+01 -4.550000e+01
    endloop
  endfacet
  facet normal 4.457384e-01 -8.951633e-01 0.000000e+00
    outer loop
      vertex   9.603057e+01 3.893375e+01 -4.550000e+01
      vertex   9.519683e+01 3.851860e+01 -4.700000e+01
      vertex   9.603057e+01 3.893375e+01 -4.700000e+01
    endloop
  endfacet
  facet normal 5.106312e-01 -8.597999e-01 0.000000e+00
    outer loop
      vertex   9.603057e+01 3.893375e+01 -4.550000e+01
      vertex   9.603057e+01 3.893375e+01 -4.700000e+01
      vertex   9.683137e+01 3.940934e+01 -4.550000e+01
    endloop
  endfacet
  facet normal 5.106312e-01 -8.597999e-01 0.000000e+00
    outer loop
      vertex   9.683137e+01 3.940934e+01 -4.550000e+01
      vertex   9.603057e+01 3.893375e+01 -4.700000e+01
      vertex   9.683137e+01 3.940934e+01 -4.700000e+01
    endloop
  endfacet
  facet normal 5.727351e-01 -8.197405e-01 0.000000e+00
    outer loop
      vertex   9.683137e+01 3.940934e+01 -4.550000e+01
      vertex   9.683137e+01 3.940934e+01 -4.700000e+01
      vertex   9.759486e+01 3.994278e+01 -4.550000e+01
    endloop
  endfacet
  facet normal 5.727351e-01 -8.197405e-01 0.000000e+00
    outer loop
      vertex   9.759486e+01 3.994278e+01 -4.550000e+01
      vertex   9.683137e+01 3.940934e+01 -4.700000e+01
      vertex   9.759486e+01 3.994278e+01 -4.700000e+01
    endloop
  endfacet
  facet normal 6.317110e-01 -7.752040e-01 0.000000e+00
    outer loop
      vertex   9.759486e+01 3.994278e+01 -4.550000e+01
      vertex   9.759486e+01 3.994278e+01 -4.700000e+01
      vertex   9.831687e+01 4.053114e+01 -4.550000e+01
    endloop
  endfacet
  facet normal 6.317110e-01 -7.752040e-01 0.000000e+00
    outer loop
      vertex   9.831687e+01 4.053114e+01 -4.550000e+01
      vertex   9.759486e+01 3.994278e+01 -4.700000e+01
      vertex   9.831687e+01 4.053114e+01 -4.700000e+01
    endloop
  endfacet
  facet normal 6.872367e-01 -7.264336e-01 0.000000e+00
    outer loop
      vertex   9.831687e+01 4.053114e+01 -4.550000e+01
      vertex   9.831687e+01 4.053114e+01 -4.700000e+01
      vertex   9.899346e+01 4.117122e+01 -4.550000e+01
    endloop
  endfacet
  facet normal 6.872367e-01 -7.264336e-01 0.000000e+00
    outer loop
      vertex   9.899346e+01 4.117122e+01 -4.550000e+01
      vertex   9.831687e+01 4.053114e+01 -4.700000e+01
      vertex   9.899346e+01 4.117122e+01 -4.700000e+01
    endloop
  endfacet
  facet normal 7.390089e-01 -6.736956e-01 0.000000e+00
    outer loop
      vertex   9.899346e+01 4.117122e+01 -4.550000e+01
      vertex   9.899346e+01 4.117122e+01 -4.700000e+01
      vertex   9.962093e+01 4.185952e+01 -4.550000e+01
    endloop
  endfacet
  facet normal 7.390089e-01 -6.736956e-01 0.000000e+00
    outer loop
      vertex   9.962093e+01 4.185952e+01 -4.550000e+01
      vertex   9.899346e+01 4.117122e+01 -4.700000e+01
      vertex   9.962093e+01 4.185952e+01 -4.700000e+01
    endloop
  endfacet
  facet normal 7.867449e-01 -6.172782e-01 0.000000e+00
    outer loop
      vertex   9.962093e+01 4.185952e+01 -4.550000e+01
      vertex   9.962093e+01 4.185952e+01 -4.700000e+01
      vertex   1.001958e+02 4.259228e+01 -4.550000e+01
    endloop
  endfacet
  facet normal 7.867449e-01 -6.172782e-01 0.000000e+00
    outer loop
      vertex   1.001958e+02 4.259228e+01 -4.550000e+01
      vertex   9.962093e+01 4.185952e+01 -4.700000e+01
      vertex   1.001958e+02 4.259228e+01 -4.700000e+01
    endloop
  endfacet
  facet normal 8.301840e-01 -5.574894e-01 0.000000e+00
    outer loop
      vertex   1.001958e+02 4.259228e+01 -4.550000e+01
      vertex   1.001958e+02 4.259228e+01 -4.700000e+01
      vertex   1.007151e+02 4.336550e+01 -4.550000e+01
    endloop
  endfacet
  facet normal 8.301840e-01 -5.574894e-01 2.640800e-15
    outer loop
      vertex   1.007151e+02 4.336550e+01 -4.550000e+01
      vertex   1.001958e+02 4.259228e+01 -4.700000e+01
      vertex   1.007151e+02 4.336550e+01 -4.700000e+01
    endloop
  endfacet
  facet normal 8.690889e-01 -4.946558e-01 2.343161e-15
    outer loop
      vertex   1.007151e+02 4.336550e+01 -4.550000e+01
      vertex   1.007151e+02 4.336550e+01 -4.700000e+01
      vertex   1.011758e+02 4.417495e+01 -4.550000e+01
    endloop
  endfacet
  facet normal 8.690889e-01 -4.946558e-01 0.000000e+00
    outer loop
      vertex   1.011758e+02 4.417495e+01 -4.550000e+01
      vertex   1.007151e+02 4.336550e+01 -4.700000e+01
      vertex   1.011758e+02 4.417495e+01 -4.700000e+01
    endloop
  endfacet
  facet normal 9.032472e-01 -4.291206e-01 0.000000e+00
    outer loop
      vertex   1.011758e+02 4.417495e+01 -4.550000e+01
      vertex   1.011758e+02 4.417495e+01 -4.700000e+01
      vertex   1.015755e+02 4.501622e+01 -4.550000e+01
    endloop
  endfacet
  facet normal 9.032472e-01 -4.291206e-01 -8.557276e-15
    outer loop
      vertex   1.015755e+02 4.501622e+01 -4.550000e+01
      vertex   1.011758e+02 4.417495e+01 -4.700000e+01
      vertex   1.015755e+02 4.501622e+01 -4.700000e+01
    endloop
  endfacet
  facet normal 9.324722e-01 -3.612417e-01 -8.834152e-15
    outer loop
      vertex   1.015755e+02 4.501622e+01 -4.550000e+01
      vertex   1.015755e+02 4.501622e+01 -4.700000e+01
      vertex   1.019119e+02 4.588471e+01 -4.550000e+01
    endloop
  endfacet
  facet normal 9.324722e-01 -3.612417e-01 0.000000e+00
    outer loop
      vertex   1.019119e+02 4.588471e+01 -4.550000e+01
      vertex   1.015755e+02 4.501622e+01 -4.700000e+01
      vertex   1.019119e+02 4.588471e+01 -4.700000e+01
    endloop
  endfacet
  facet normal 9.566044e-01 -2.913897e-01 0.000000e+00
    outer loop
      vertex   1.019119e+02 4.588471e+01 -4.550000e+01
      vertex   1.019119e+02 4.588471e+01 -4.700000e+01
      vertex   1.021833e+02 4.677567e+01 -4.550000e+01
    endloop
  endfacet
  facet normal 9.566044e-01 -2.913897e-01 0.000000e+00
    outer loop
      vertex   1.021833e+02 4.677567e+01 -4.550000e+01
      vertex   1.019119e+02 4.588471e+01 -4.700000e+01
      vertex   1.021833e+02 4.677567e+01 -4.700000e+01
    endloop
  endfacet
  facet normal 9.755120e-01 -2.199464e-01 0.000000e+00
    outer loop
      vertex   1.021833e+02 4.677567e+01 -4.550000e+01
      vertex   1.021833e+02 4.677567e+01 -4.700000e+01
      vertex   1.023882e+02 4.768425e+01 -4.550000e+01
    endloop
  endfacet
  facet normal 9.755120e-01 -2.199464e-01 0.000000e+00
    outer loop
      vertex   1.023882e+02 4.768425e+01 -4.550000e+01
      vertex   1.021833e+02 4.677567e+01 -4.700000e+01
      vertex   1.023882e+02 4.768425e+01 -4.700000e+01
    endloop
  endfacet
  facet normal 9.890916e-01 -1.473017e-01 0.000000e+00
    outer loop
      vertex   1.023882e+02 4.768425e+01 -4.550000e+01
      vertex   1.023882e+02 4.768425e+01 -4.700000e+01
      vertex   1.025254e+02 4.860547e+01 -4.550000e+01
    endloop
  endfacet
  facet normal 9.890916e-01 -1.473017e-01 0.000000e+00
    outer loop
      vertex   1.025254e+02 4.860547e+01 -4.550000e+01
      vertex   1.023882e+02 4.768425e+01 -4.700000e+01
      vertex   1.025254e+02 4.860547e+01 -4.700000e+01
    endloop
  endfacet
  facet normal 9.972692e-01 -7.385253e-02 0.000000e+00
    outer loop
      vertex   1.025254e+02 4.860547e+01 -4.550000e+01
      vertex   1.025254e+02 4.860547e+01 -4.700000e+01
      vertex   1.025942e+02 4.953431e+01 -4.550000e+01
    endloop
  endfacet
  facet normal 9.972692e-01 -7.385253e-02 0.000000e+00
    outer loop
      vertex   1.025942e+02 4.953431e+01 -4.550000e+01
      vertex   1.025254e+02 4.860547e+01 -4.700000e+01
      vertex   1.025942e+02 4.953431e+01 -4.700000e+01
    endloop
  endfacet
  facet normal 1.000000e+00 -0.000000e+00 0.000000e+00
    outer loop
      vertex   1.025942e+02 4.953431e+01 -4.550000e+01
      vertex   1.025942e+02 4.953431e+01 -4.700000e+01
      vertex   1.025942e+02 5.046569e+01 -4.550000e+01
    endloop
  endfacet
  facet normal 1.000000e+00 0.000000e+00 0.000000e+00
    outer loop
      vertex   1.025942e+02 5.046569e+01 -4.550000e+01
      vertex   1.025942e+02 4.953431e+01 -4.700000e+01
      vertex   1.025942e+02 5.046569e+01 -4.700000e+01
    endloop
  endfacet
  facet normal 9.972692e-01 7.385253e-02 0.000000e+00
    outer loop
      vertex   1.025942e+02 5.046569e+01 -4.550000e+01
      vertex   1.025942e+02 5.046569e+01 -4.700000e+01
      vertex   1.025254e+02 5.139453e+01 -4.550000e+01
    endloop
  endfacet
  facet normal 9.972692e-01 7.385253e-02 0.000000e+00
    outer loop
      vertex   1.025254e+02 5.139453e+01 -4.550000e+01
      vertex   1.025942e+02 5.046569e+01 -4.700000e+01
      vertex   1.025254e+02 5.139453e+01 -4.700000e+01
    endloop
  endfacet
  facet normal 9.890916e-01 1.473017e-01 0.000000e+00
    outer loop
      vertex   1.025254e+02 5.139453e+01 -4.550000e+01
      vertex   1.025254e+02 5.139453e+01 -4.700000e+01
      vertex   1.023882e+02 5.231575e+01 -4.550000e+01
    endloop
  endfacet
  facet normal 9.890916e-01 1.473017e-01 0.000000e+00
    outer loop
      vertex   1.023882e+02 5.231575e+01 -4.550000e+01
      vertex   1.025254e+02 5.139453e+01 -4.700000e+01
      vertex   1.023882e+02 5.231575e+01 -4.700000e+01
    endloop
  endfacet
  facet normal 9.755120e-01 2.199464e-01 0.000000e+00
    outer loop
      vertex   1.023882e+02 5.231575e+01 -4.550000e+01
      vertex   1.023882e+02 5.231575e+01 -4.700000e+01
      vertex   1.021833e+02 5.322433e+01 -4.550000e+01
    endloop
  endfacet
  facet normal 9.755120e-01 2.199464e-01 0.000000e+00
    outer loop
      vertex   1.021833e+02 5.322433e+01 -4.550000e+01
      vertex   1.023882e+02 5.231575e+01 -4.700000e+01
      vertex   1.021833e+02 5.322433e+01 -4.700000e+01
    endloop
  endfacet
  facet normal 9.566044e-01 2.913897e-01 0.000000e+00
    outer loop
      vertex   1.021833e+02 5.322433e+01 -4.550000e+01
      vertex   1.021833e+02 5.322433e+01 -4.700000e+01
      vertex   1.019119e+02 5.411529e+01 -4.550000e+01
    endloop
  endfacet
  facet normal 9.566044e-01 2.913897e-01 0.000000e+00
    outer loop
      vertex   1.019119e+02 5.411529e+01 -4.550000e+01
      vertex   1.021833e+02 5.322433e+01 -4.700000e+01
      vertex   1.019119e+02 5.411529e+01 -4.700000e+01
    endloop
  endfacet
  facet normal 9.324722e-01 3.612417e-01 0.000000e+00
    outer loop
      vertex   1.019119e+02 5.411529e+01 -4.550000e+01
      vertex   1.019119e+02 5.411529e+01 -4.700000e+01
      vertex   1.015755e+02 5.498378e+01 -4.550000e+01
    endloop
  endfacet
  facet normal 9.324722e-01 3.612417e-01 8.834152e-15
    outer loop
      vertex   1.015755e+02 5.498378e+01 -4.550000e+01
      vertex   1.019119e+02 5.411529e+01 -4.700000e+01
      vertex   1.015755e+02 5.498378e+01 -4.700000e+01
    endloop
  endfacet
  facet normal 9.032472e-01 4.291206e-01 8.557276e-15
    outer loop
      vertex   1.015755e+02 5.498378e+01 -4.550000e+01
      vertex   1.015755e+02 5.498378e+01 -4.700000e+01
      vertex   1.011758e+02 5.582505e+01 -4.550000e+01
    endloop
  endfacet
  facet normal 9.032472e-01 4.291206e-01 0.000000e+00
    outer loop
      vertex   1.011758e+02 5.582505e+01 -4.550000e+01
      vertex   1.015755e+02 5.498378e+01 -4.700000e+01
      vertex   1.011758e+02 5.582505e+01 -4.700000e+01
    endloop
  endfacet
  facet normal 8.690889e-01 4.946558e-01 0.000000e+00
    outer loop
      vertex   1.011758e+02 5.582505e+01 -4.550000e+01
      vertex   1.011758e+02 5.582505e+01 -4.700000e+01
      vertex   1.007151e+02 5.663450e+01 -4.550000e+01
    endloop
  endfacet
  facet normal 8.690889e-01 4.946558e-01 -2.343161e-15
    outer loop
      vertex   1.007151e+02 5.663450e+01 -4.550000e+01
      vertex   1.011758e+02 5.582505e+01 -4.700000e+01
      vertex   1.007151e+02 5.663450e+01 -4.700000e+01
    endloop
  endfacet
  facet normal 8.301840e-01 5.574894e-01 -2.640800e-15
    outer loop
      vertex   1.007151e+02 5.663450e+01 -4.550000e+01
      vertex   1.007151e+02 5.663450e+01 -4.700000e+01
      vertex   1.001958e+02 5.740772e+01 -4.550000e+01
    endloop
  endfacet
  facet normal 8.301840e-01 5.574894e-01 0.000000e+00
    outer loop
      vertex   1.001958e+02 5.740772e+01 -4.550000e+01
      vertex   1.007151e+02 5.663450e+01 -4.700000e+01
      vertex   1.001958e+02 5.740772e+01 -4.700000e+01
    endloop
  endfacet
  facet normal 7.867449e-01 6.172782e-01 0.000000e+00
    outer loop
      vertex   1.001958e+02 5.740772e+01 -4.550000e+01
      vertex   1.001958e+02 5.740772e+01 -4.700000e+01
      vertex   9.962093e+01 5.814048e+01 -4.550000e+01
    endloop
  endfacet
  facet normal 7.867449e-01 6.172782e-01 0.000000e+00
    outer loop
      vertex   9.962093e+01 5.814048e+01 -4.550000e+01
      vertex   1.001958e+02 5.740772e+01 -4.700000e+01
      vertex   9.962093e+01 5.814048e+01 -4.700000e+01
    endloop
  endfacet
  facet normal 7.390089e-01 6.736956e-01 0.000000e+00
    outer loop
      vertex   9.962093e+01 5.814048e+01 -4.550000e+01
      vertex   9.962093e+01 5.814048e+01 -4.700000e+01
      vertex   9.899346e+01 5.882878e+01 -4.550000e+01
    endloop
  endfacet
  facet normal 7.390089e-01 6.736956e-01 0.000000e+00
    outer loop
      vertex   9.899346e+01 5.882878e+01 -4.550000e+01
      vertex   9.962093e+01 5.814048e+01 -4.700000e+01
      vertex   9.899346e+01 5.882878e+01 -4.700000e+01
    endloop
  endfacet
  facet normal 6.872367e-01 7.264336e-01 0.000000e+00
    outer loop
      vertex   9.899346e+01 5.882878e+01 -4.550000e+01
      vertex   9.899346e+01 5.882878e+01 -4.700000e+01
      vertex   9.831687e+01 5.946886e+01 -4.550000e+01
    endloop
  endfacet
  facet normal 6.872367e-01 7.264336e-01 0.000000e+00
    outer loop
      vertex   9.831687e+01 5.946886e+01 -4.550000e+01
      vertex   9.899346e+01 5.882878e+01 -4.700000e+01
      vertex   9.831687e+01 5.946886e+01 -4.700000e+01
    endloop
  endfacet
  facet normal 6.317110e-01 7.752040e-01 0.000000e+00
    outer loop
      vertex   9.831687e+01 5.946886e+01 -4.550000e+01
      vertex   9.831687e+01 5.946886e+01 -4.700000e+01
      vertex   9.759486e+01 6.005722e+01 -4.550000e+01
    endloop
  endfacet
  facet normal 6.317110e-01 7.752040e-01 0.000000e+00
    outer loop
      vertex   9.759486e+01 6.005722e+01 -4.550000e+01
      vertex   9.831687e+01 5.946886e+01 -4.700000e+01
      vertex   9.759486e+01 6.005722e+01 -4.700000e+01
    endloop
  endfacet
  facet normal 5.727351e-01 8.197405e-01 0.000000e+00
    outer loop
      vertex   9.759486e+01 6.005722e+01 -4.550000e+01
      vertex   9.759486e+01 6.005722e+01 -4.700000e+01
      vertex   9.683137e+01 6.059066e+01 -4.550000e+01
    endloop
  endfacet
  facet normal 5.727351e-01 8.197405e-01 0.000000e+00
    outer loop
      vertex   9.683137e+01 6.059066e+01 -4.550000e+01
      vertex   9.759486e+01 6.005722e+01 -4.700000e+01
      vertex   9.683137e+01 6.059066e+01 -4.700000e+01
    endloop
  endfacet
  facet normal 5.106312e-01 8.597999e-01 0.000000e+00
    outer loop
      vertex   9.683137e+01 6.059066e+01 -4.550000e+01
      vertex   9.683137e+01 6.059066e+01 -4.700000e+01
      vertex   9.603057e+01 6.106625e+01 -4.550000e+01
    endloop
  endfacet
  facet normal 5.106312e-01 8.597999e-01 0.000000e+00
    outer loop
      vertex   9.603057e+01 6.106625e+01 -4.550000e+01
      vertex   9.683137e+01 6.059066e+01 -4.700000e+01
      vertex   9.603057e+01 6.106625e+01 -4.700000e+01
    endloop
  endfacet
  facet normal 4.457384e-01 8.951633e-01 0.000000e+00
    outer loop
      vertex   9.603057e+01 6.106625e+01 -4.550000e+01
      vertex   9.603057e+01 6.106625e+01 -4.700000e+01
      vertex   9.519683e+01 6.148140e+01 -4.550000e+01
    endloop
  endfacet
  facet normal 4.457384e-01 8.951633e-01 4.240345e-15
    outer loop
      vertex   9.519683e+01 6.148140e+01 -4.550000e+01
      vertex   9.603057e+01 6.106625e+01 -4.700000e+01
      vertex   9.519683e+01 6.148140e+01 -4.700000e+01
    endloop
  endfacet
  facet normal 3.784111e-01 9.256377e-01 4.384701e-15
    outer loop
      vertex   9.519683e+01 6.148140e+01 -4.550000e+01
      vertex   9.519683e+01 6.148140e+01 -4.700000e+01
      vertex   9.433471e+01 6.183385e+01 -4.550000e+01
    endloop
  endfacet
  facet normal 3.784111e-01 9.256377e-01 0.000000e+00
    outer loop
      vertex   9.433471e+01 6.183385e+01 -4.550000e+01
      vertex   9.519683e+01 6.148140e+01 -4.700000e+01
      vertex   9.433471e+01 6.183385e+01 -4.700000e+01
    endloop
  endfacet
  facet normal 3.090170e-01 9.510565e-01 0.000000e+00
    outer loop
      vertex   9.433471e+01 6.183385e+01 -4.550000e+01
      vertex   9.433471e+01 6.183385e+01 -4.700000e+01
      vertex   9.344891e+01 6.212166e+01 -4.550000e+01
    endloop
  endfacet
  facet normal 3.090170e-01 9.510565e-01 0.000000e+00
    outer loop
      vertex   9.344891e+01 6.212166e+01 -4.550000e+01
      vertex   9.433471e+01 6.183385e+01 -4.700000e+01
      vertex   9.344891e+01 6.212166e+01 -4.700000e+01
    endloop
  endfacet
  facet normal 2.379352e-01 9.712810e-01 0.000000e+00
    outer loop
      vertex   9.344891e+01 6.212166e+01 -4.550000e+01
      vertex   9.344891e+01 6.212166e+01 -4.700000e+01
      vertex   9.254428e+01 6.234327e+01 -4.550000e+01
    endloop
  endfacet
  facet normal 2.379352e-01 9.712810e-01 0.000000e+00
    outer loop
      vertex   9.254428e+01 6.234327e+01 -4.550000e+01
      vertex   9.344891e+01 6.212166e+01 -4.700000e+01
      vertex   9.254428e+01 6.234327e+01 -4.700000e+01
    endloop
  endfacet
  facet normal 1.655539e-01 9.862007e-01 0.000000e+00
    outer loop
      vertex   9.254428e+01 6.234327e+01 -4.550000e+01
      vertex   9.254428e+01 6.234327e+01 -4.700000e+01
      vertex   9.162575e+01 6.249746e+01 -4.550000e+01
    endloop
  endfacet
  facet normal 1.655539e-01 9.862007e-01 1.534702e-15
    outer loop
      vertex   9.162575e+01 6.249746e+01 -4.550000e+01
      vertex   9.254428e+01 6.234327e+01 -4.700000e+01
      vertex   9.162575e+01 6.249746e+01 -4.700000e+01
    endloop
  endfacet
  facet normal 9.226836e-02 9.957342e-01 2.968462e-15
    outer loop
      vertex   9.162575e+01 6.249746e+01 -4.550000e+01
      vertex   9.162575e+01 6.249746e+01 -4.700000e+01
      vertex   9.069834e+01 6.258340e+01 -4.550000e+01
    endloop
  endfacet
  facet normal 9.226836e-02 9.957342e-01 0.000000e+00
    outer loop
      vertex   9.069834e+01 6.258340e+01 -4.550000e+01
      vertex   9.162575e+01 6.249746e+01 -4.700000e+01
      vertex   9.069834e+01 6.258340e+01 -4.700000e+01
    endloop
  endfacet
  facet normal 1.847890e-02 9.998293e-01 0.000000e+00
    outer loop
      vertex   9.069834e+01 6.258340e+01 -4.550000e+01
      vertex   9.069834e+01 6.258340e+01 -4.700000e+01
      vertex   8.976711e+01 6.260061e+01 -4.550000e+01
    endloop
  endfacet
  facet normal 1.847890e-02 9.998293e-01 0.000000e+00
    outer loop
      vertex   8.976711e+01 6.260061e+01 -4.550000e+01
      vertex   9.069834e+01 6.258340e+01 -4.700000e+01
      vertex   8.976711e+01 6.260061e+01 -4.700000e+01
    endloop
  endfacet
  facet normal -5.541147e-02 9.984636e-01 0.000000e+00
    outer loop
      vertex   8.976711e+01 6.260061e+01 -4.550000e+01
      vertex   8.976711e+01 6.260061e+01 -4.700000e+01
      vertex   8.883716e+01 6.254900e+01 -4.550000e+01
    endloop
  endfacet
  facet normal -5.541147e-02 9.984636e-01 0.000000e+00
    outer loop
      vertex   8.883716e+01 6.254900e+01 -4.550000e+01
      vertex   8.976711e+01 6.260061e+01 -4.700000e+01
      vertex   8.883716e+01 6.254900e+01 -4.700000e+01
    endloop
  endfacet
  facet normal -1.289992e-01 9.916447e-01 0.000000e+00
    outer loop
      vertex   8.883716e+01 6.254900e+01 -4.550000e+01
      vertex   8.883716e+01 6.254900e+01 -4.700000e+01
      vertex   8.791356e+01 6.242885e+01 -4.550000e+01
    endloop
  endfacet
  facet normal -1.289992e-01 9.916447e-01 0.000000e+00
    outer loop
      vertex   8.791356e+01 6.242885e+01 -4.550000e+01
      vertex   8.883716e+01 6.254900e+01 -4.700000e+01
      vertex   8.791356e+01 6.242885e+01 -4.700000e+01
    endloop
  endfacet
  facet normal -2.018824e-01 9.794098e-01 0.000000e+00
    outer loop
      vertex   8.791356e+01 6.242885e+01 -4.550000e+01
      vertex   8.791356e+01 6.242885e+01 -4.700000e+01
      vertex   8.700136e+01 6.224082e+01 -4.550000e+01
    endloop
  endfacet
  facet normal -2.018824e-01 9.794098e-01 0.000000e+00
    outer loop
      vertex   8.700136e+01 6.224082e+01 -4.550000e+01
      vertex   8.791356e+01 6.242885e+01 -4.700000e+01
      vertex   8.700136e+01 6.224082e+01 -4.700000e+01
    endloop
  endfacet
  facet normal -2.736630e-01 9.618256e-01 0.000000e+00
    outer loop
      vertex   8.700136e+01 6.224082e+01 -4.550000e+01
      vertex   8.700136e+01 6.224082e+01 -4.700000e+01
      vertex   8.610553e+01 6.198594e+01 -4.550000e+01
    endloop
  endfacet
  facet normal -2.736630e-01 9.618256e-01 0.000000e+00
    outer loop
      vertex   8.610553e+01 6.198594e+01 -4.550000e+01
      vertex   8.700136e+01 6.224082e+01 -4.700000e+01
      vertex   8.610553e+01 6.198594e+01 -4.700000e+01
    endloop
  endfacet
  facet normal -3.439489e-01 9.389884e-01 0.000000e+00
    outer loop
      vertex   8.610553e+01 6.198594e+01 -4.550000e+01
      vertex   8.610553e+01 6.198594e+01 -4.700000e+01
      vertex   8.523098e+01 6.166559e+01 -4.550000e+01
    endloop
  endfacet
  facet normal -3.439489e-01 9.389884e-01 4.447942e-15
    outer loop
      vertex   8.523098e+01 6.166559e+01 -4.550000e+01
      vertex   8.610553e+01 6.198594e+01 -4.700000e+01
      vertex   8.523098e+01 6.166559e+01 -4.700000e+01
    endloop
  endfacet
  facet normal -4.123563e-01 9.110226e-01 4.315470e-15
    outer loop
      vertex   8.523098e+01 6.166559e+01 -4.550000e+01
      vertex   8.523098e+01 6.166559e+01 -4.700000e+01
      vertex   8.438247e+01 6.128153e+01 -4.550000e+01
    endloop
  endfacet
  facet normal -4.123563e-01 9.110226e-01 -7.813248e-15
    outer loop
      vertex   8.438247e+01 6.128153e+01 -4.550000e+01
      vertex   8.523098e+01 6.166559e+01 -4.700000e+01
      vertex   8.438247e+01 6.128153e+01 -4.700000e+01
    endloop
  endfacet
  facet normal -4.785116e-01 8.780812e-01 -9.066745e-15
    outer loop
      vertex   8.438247e+01 6.128153e+01 -4.550000e+01
      vertex   8.438247e+01 6.128153e+01 -4.700000e+01
      vertex   8.356464e+01 6.083585e+01 -4.550000e+01
    endloop
  endfacet
  facet normal -4.785116e-01 8.780812e-01 0.000000e+00
    outer loop
      vertex   8.356464e+01 6.083585e+01 -4.550000e+01
      vertex   8.438247e+01 6.128153e+01 -4.700000e+01
      vertex   8.356464e+01 6.083585e+01 -4.700000e+01
    endloop
  endfacet
  facet normal -5.420534e-01 8.403441e-01 0.000000e+00
    outer loop
      vertex   8.356464e+01 6.083585e+01 -4.550000e+01
      vertex   8.356464e+01 6.083585e+01 -4.700000e+01
      vertex   8.278196e+01 6.033099e+01 -4.550000e+01
    endloop
  endfacet
  facet normal -5.420534e-01 8.403441e-01 0.000000e+00
    outer loop
      vertex   8.278196e+01 6.033099e+01 -4.550000e+01
      vertex   8.356464e+01 6.083585e+01 -4.700000e+01
      vertex   8.278196e+01 6.033099e+01 -4.700000e+01
    endloop
  endfacet
  facet normal -6.026346e-01 7.980172e-01 0.000000e+00
    outer loop
      vertex   8.278196e+01 6.033099e+01 -4.550000e+01
      vertex   8.278196e+01 6.033099e+01 -4.700000e+01
      vertex   8.203870e+01 5.976971e+01 -4.550000e+01
    endloop
  endfacet
  facet normal -6.026346e-01 7.980172e-01 0.000000e+00
    outer loop
      vertex   8.203870e+01 5.976971e+01 -4.550000e+01
      vertex   8.278196e+01 6.033099e+01 -4.700000e+01
      vertex   8.203870e+01 5.976971e+01 -4.700000e+01
    endloop
  endfacet
  facet normal -6.599245e-01 7.513319e-01 0.000000e+00
    outer loop
      vertex   8.203870e+01 5.976971e+01 -4.550000e+01
      vertex   8.203870e+01 5.976971e+01 -4.700000e+01
      vertex   8.133892e+01 5.915507e+01 -4.550000e+01
    endloop
  endfacet
  facet normal -6.599245e-01 7.513319e-01 0.000000e+00
    outer loop
      vertex   8.133892e+01 5.915507e+01 -4.550000e+01
      vertex   8.203870e+01 5.976971e+01 -4.700000e+01
      vertex   8.133892e+01 5.915507e+01 -4.700000e+01
    endloop
  endfacet
  facet normal -7.136102e-01 7.005430e-01 0.000000e+00
    outer loop
      vertex   8.133892e+01 5.915507e+01 -4.550000e+01
      vertex   8.133892e+01 5.915507e+01 -4.700000e+01
      vertex   8.068645e+01 5.849043e+01 -4.550000e+01
    endloop
  endfacet
  facet normal -7.136102e-01 7.005430e-01 0.000000e+00
    outer loop
      vertex   8.068645e+01 5.849043e+01 -4.550000e+01
      vertex   8.133892e+01 5.915507e+01 -4.700000e+01
      vertex   8.068645e+01 5.849043e+01 -4.700000e+01
    endloop
  endfacet
  facet normal -7.633983e-01 6.459281e-01 0.000000e+00
    outer loop
      vertex   8.068645e+01 5.849043e+01 -4.550000e+01
      vertex   8.068645e+01 5.849043e+01 -4.700000e+01
      vertex   8.008484e+01 5.777941e+01 -4.550000e+01
    endloop
  endfacet
  facet normal -7.633983e-01 6.459281e-01 0.000000e+00
    outer loop
      vertex   8.008484e+01 5.777941e+01 -4.550000e+01
      vertex   8.068645e+01 5.849043e+01 -4.700000e+01
      vertex   8.008484e+01 5.777941e+01 -4.700000e+01
    endloop
  endfacet
  facet normal -8.090170e-01 5.877853e-01 0.000000e+00
    outer loop
      vertex   8.008484e+01 5.777941e+01 -4.550000e+01
      vertex   8.008484e+01 5.777941e+01 -4.700000e+01
      vertex   7.953739e+01 5.702591e+01 -4.550000e+01
    endloop
  endfacet
  facet normal -8.090170e-01 5.877853e-01 0.000000e+00
    outer loop
      vertex   7.953739e+01 5.702591e+01 -4.550000e+01
      vertex   8.008484e+01 5.777941e+01 -4.700000e+01
      vertex   7.953739e+01 5.702591e+01 -4.700000e+01
    endloop
  endfacet
  facet normal -8.502171e-01 5.264322e-01 0.000000e+00
    outer loop
      vertex   7.953739e+01 5.702591e+01 -4.550000e+01
      vertex   7.953739e+01 5.702591e+01 -4.700000e+01
      vertex   7.904708e+01 5.623403e+01 -4.550000e+01
    endloop
  endfacet
  facet normal -8.502171e-01 5.264322e-01 4.987367e-15
    outer loop
      vertex   7.904708e+01 5.623403e+01 -4.550000e+01
      vertex   7.953739e+01 5.702591e+01 -4.700000e+01
      vertex   7.904708e+01 5.623403e+01 -4.700000e+01
    endloop
  endfacet
  facet normal -8.867737e-01 4.622039e-01 4.378875e-15
    outer loop
      vertex   7.904708e+01 5.623403e+01 -4.550000e+01
      vertex   7.904708e+01 5.623403e+01 -4.700000e+01
      vertex   7.861659e+01 5.540810e+01 -4.550000e+01
    endloop
  endfacet
  facet normal -8.867737e-01 4.622039e-01 0.000000e+00
    outer loop
      vertex   7.861659e+01 5.540810e+01 -4.550000e+01
      vertex   7.904708e+01 5.623403e+01 -4.700000e+01
      vertex   7.861659e+01 5.540810e+01 -4.700000e+01
    endloop
  endfacet
  facet normal -9.184870e-01 3.954512e-01 0.000000e+00
    outer loop
      vertex   7.861659e+01 5.540810e+01 -4.550000e+01
      vertex   7.861659e+01 5.540810e+01 -4.700000e+01
      vertex   7.824827e+01 5.455264e+01 -4.550000e+01
    endloop
  endfacet
  facet normal -9.184870e-01 3.954512e-01 0.000000e+00
    outer loop
      vertex   7.824827e+01 5.455264e+01 -4.550000e+01
      vertex   7.861659e+01 5.540810e+01 -4.700000e+01
      vertex   7.824827e+01 5.455264e+01 -4.700000e+01
    endloop
  endfacet
  facet normal -9.451838e-01 3.265387e-01 0.000000e+00
    outer loop
      vertex   7.824827e+01 5.455264e+01 -4.550000e+01
      vertex   7.824827e+01 5.455264e+01 -4.700000e+01
      vertex   7.794414e+01 5.367232e+01 -4.550000e+01
    endloop
  endfacet
  facet normal -9.451838e-01 3.265387e-01 0.000000e+00
    outer loop
      vertex   7.794414e+01 5.367232e+01 -4.550000e+01
      vertex   7.824827e+01 5.455264e+01 -4.700000e+01
      vertex   7.794414e+01 5.367232e+01 -4.700000e+01
    endloop
  endfacet
  facet normal -9.667184e-01 2.558428e-01 0.000000e+00
    outer loop
      vertex   7.794414e+01 5.367232e+01 -4.550000e+01
      vertex   7.794414e+01 5.367232e+01 -4.700000e+01
      vertex   7.770586e+01 5.277193e+01 -4.550000e+01
    endloop
  endfacet
  facet normal -9.667184e-01 2.558428e-01 1.211915e-15
    outer loop
      vertex   7.770586e+01 5.277193e+01 -4.550000e+01
      vertex   7.794414e+01 5.367232e+01 -4.700000e+01
      vertex   7.770586e+01 5.277193e+01 -4.700000e+01
    endloop
  endfacet
  facet normal -9.829731e-01 1.837495e-01 8.704126e-16
    outer loop
      vertex   7.770586e+01 5.277193e+01 -4.550000e+01
      vertex   7.770586e+01 5.277193e+01 -4.700000e+01
      vertex   7.753471e+01 5.185641e+01 -4.550000e+01
    endloop
  endfacet
  facet normal -9.829731e-01 1.837495e-01 8.704126e-16
    outer loop
      vertex   7.753471e+01 5.185641e+01 -4.550000e+01
      vertex   7.770586e+01 5.277193e+01 -4.700000e+01
      vertex   7.753471e+01 5.185641e+01 -4.700000e+01
    endloop
  endfacet
  facet normal -9.938591e-01 1.106527e-01 5.241564e-16
    outer loop
      vertex   7.753471e+01 5.185641e+01 -4.550000e+01
      vertex   7.753471e+01 5.185641e+01 -4.700000e+01
      vertex   7.743165e+01 5.093075e+01 -4.550000e+01
    endloop
  endfacet
  facet normal -9.938591e-01 1.106527e-01 0.000000e+00
    outer loop
      vertex   7.743165e+01 5.093075e+01 -4.550000e+01
      vertex   7.753471e+01 5.185641e+01 -4.700000e+01
      vertex   7.743165e+01 5.093075e+01 -4.700000e+01
    endloop
  endfacet
  facet normal -0.000000e+00 0.000000e+00 -1.000000e+00
    outer loop
      vertex   8.728386e+01 4.956981e+01 -4.700000e+01
      vertex   8.111704e+01 4.788151e+01 -4.700000e+01
      vertex   8.725000e+01 5.000000e+01 -4.700000e+01
    endloop
  endfacet
  facet normal 0.000000e+00 0.000000e+00 -1.000000e+00
    outer loop
      vertex   8.725000e+01 5.000000e+01 -4.700000e+01
      vertex   8.111704e+01 4.788151e+01 -4.700000e+01
      vertex   8.095756e+01 4.812399e+01 -4.700000e+01
    endloop
  endfacet
  facet normal -0.000000e+00 0.000000e+00 -1.000000e+00
    outer loop
      vertex   8.725000e+01 5.000000e+01 -4.700000e+01
      vertex   8.095756e+01 4.812399e+01 -4.700000e+01
      vertex   8.108253e+01 5.205449e+01 -4.700000e+01
    endloop
  endfacet
  facet normal 0.000000e+00 0.000000e+00 -1.000000e+00
    outer loop
      vertex   8.108253e+01 5.205449e+01 -4.700000e+01
      vertex   8.095756e+01 4.812399e+01 -4.700000e+01
      vertex   8.090922e+01 5.182169e+01 -4.700000e+01
    endloop
  endfacet
  facet normal 0.000000e+00 -0.000000e+00 -1.000000e+00
    outer loop
      vertex   8.090922e+01 5.182169e+01 -4.700000e+01
      vertex   8.095756e+01 4.812399e+01 -4.700000e+01
      vertex   8.074645e+01 4.832316e+01 -4.700000e+01
    endloop
  endfacet
  facet normal 0.000000e+00 0.000000e+00 -1.000000e+00
    outer loop
      vertex   8.090922e+01 5.182169e+01 -4.700000e+01
      vertex   8.074645e+01 4.832316e+01 -4.700000e+01
      vertex   8.068689e+01 5.163513e+01 -4.700000e+01
    endloop
  endfacet
  facet normal 0.000000e+00 -0.000000e+00 -1.000000e+00
    outer loop
      vertex   8.068689e+01 5.163513e+01 -4.700000e+01
      vertex   8.074645e+01 4.832316e+01 -4.700000e+01
      vertex   8.049510e+01 4.846828e+01 -4.700000e+01
    endloop
  endfacet
  facet normal 0.000000e+00 0.000000e+00 -1.000000e+00
    outer loop
      vertex   8.068689e+01 5.163513e+01 -4.700000e+01
      vertex   8.049510e+01 4.846828e+01 -4.700000e+01
      vertex   8.042753e+01 5.150488e+01 -4.700000e+01
    endloop
  endfacet
  facet normal 0.000000e+00 -0.000000e+00 -1.000000e+00
    outer loop
      vertex   8.042753e+01 5.150488e+01 -4.700000e+01
      vertex   8.049510e+01 4.846828e+01 -4.700000e+01
      vertex   8.021706e+01 4.855152e+01 -4.700000e+01
    endloop
  endfacet
  facet normal 0.000000e+00 0.000000e+00 -1.000000e+00
    outer loop
      vertex   8.042753e+01 5.150488e+01 -4.700000e+01
      vertex   8.021706e+01 4.855152e+01 -4.700000e+01
      vertex   8.014512e+01 5.143794e+01 -4.700000e+01
    endloop
  endfacet
  facet normal 0.000000e+00 -0.000000e+00 -1.000000e+00
    outer loop
      vertex   8.014512e+01 5.143794e+01 -4.700000e+01
      vertex   8.021706e+01 4.855152e+01 -4.700000e+01
      vertex   7.992732e+01 4.856839e+01 -4.700000e+01
    endloop
  endfacet
  facet normal -0.000000e+00 0.000000e+00 -1.000000e+00
    outer loop
      vertex   8.014512e+01 5.143794e+01 -4.700000e+01
      vertex   7.992732e+01 4.856839e+01 -4.700000e+01
      vertex   7.985488e+01 5.143794e+01 -4.700000e+01
    endloop
  endfacet
  facet normal 0.000000e+00 -0.000000e+00 -1.000000e+00
    outer loop
      vertex   7.985488e+01 5.143794e+01 -4.700000e+01
      vertex   7.992732e+01 4.856839e+01 -4.700000e+01
      vertex   7.964150e+01 4.851799e+01 -4.700000e+01
    endloop
  endfacet
  facet normal -0.000000e+00 0.000000e+00 -1.000000e+00
    outer loop
      vertex   7.985488e+01 5.143794e+01 -4.700000e+01
      vertex   7.964150e+01 4.851799e+01 -4.700000e+01
      vertex   7.957247e+01 5.150488e+01 -4.700000e+01
    endloop
  endfacet
  facet normal 0.000000e+00 -0.000000e+00 -1.000000e+00
    outer loop
      vertex   7.957247e+01 5.150488e+01 -4.700000e+01
      vertex   7.964150e+01 4.851799e+01 -4.700000e+01
      vertex   7.739724e+01 5.000000e+01 -4.700000e+01
    endloop
  endfacet
  facet normal -0.000000e+00 0.000000e+00 -1.000000e+00
    outer loop
      vertex   7.957247e+01 5.150488e+01 -4.700000e+01
      vertex   7.739724e+01 5.000000e+01 -4.700000e+01
      vertex   7.931311e+01 5.163513e+01 -4.700000e+01
    endloop
  endfacet
  facet normal 0.000000e+00 0.000000e+00 -1.000000e+00
    outer loop
      vertex   7.931311e+01 5.163513e+01 -4.700000e+01
      vertex   7.739724e+01 5.000000e+01 -4.700000e+01
      vertex   7.743165e+01 5.093075e+01 -4.700000e+01
    endloop
  endfacet
  facet normal -0.000000e+00 0.000000e+00 -1.000000e+00
    outer loop
      vertex   7.931311e+01 5.163513e+01 -4.700000e+01
      vertex   7.743165e+01 5.093075e+01 -4.700000e+01
      vertex   7.909078e+01 5.182169e+01 -4.700000e+01
    endloop
  endfacet
  facet normal -0.000000e+00 0.000000e+00 -1.000000e+00
    outer loop
      vertex   7.909078e+01 5.182169e+01 -4.700000e+01
      vertex   7.743165e+01 5.093075e+01 -4.700000e+01
      vertex   7.753471e+01 5.185641e+01 -4.700000e+01
    endloop
  endfacet
  facet normal 0.000000e+00 0.000000e+00 -1.000000e+00
    outer loop
      vertex   7.909078e+01 5.182169e+01 -4.700000e+01
      vertex   7.753471e+01 5.185641e+01 -4.700000e+01
      vertex   7.891747e+01 5.205449e+01 -4.700000e+01
    endloop
  endfacet
  facet normal -0.000000e+00 0.000000e+00 -1.000000e+00
    outer loop
      vertex   7.891747e+01 5.205449e+01 -4.700000e+01
      vertex   7.753471e+01 5.185641e+01 -4.700000e+01
      vertex   7.880251e+01 5.232099e+01 -4.700000e+01
    endloop
  endfacet
  facet normal -0.000000e+00 0.000000e+00 -1.000000e+00
    outer loop
      vertex   7.880251e+01 5.232099e+01 -4.700000e+01
      vertex   7.753471e+01 5.185641e+01 -4.700000e+01
      vertex   7.770586e+01 5.277193e+01 -4.700000e+01
    endloop
  endfacet
  facet normal 0.000000e+00 0.000000e+00 -1.000000e+00
    outer loop
      vertex   7.880251e+01 5.232099e+01 -4.700000e+01
      vertex   7.770586e+01 5.277193e+01 -4.700000e+01
      vertex   7.875211e+01 5.260681e+01 -4.700000e+01
    endloop
  endfacet
  facet normal 0.000000e+00 0.000000e+00 -1.000000e+00
    outer loop
      vertex   7.875211e+01 5.260681e+01 -4.700000e+01
      vertex   7.770586e+01 5.277193e+01 -4.700000e+01
      vertex   7.876899e+01 5.289655e+01 -4.700000e+01
    endloop
  endfacet
  facet normal -0.000000e+00 0.000000e+00 -1.000000e+00
    outer loop
      vertex   7.876899e+01 5.289655e+01 -4.700000e+01
      vertex   7.770586e+01 5.277193e+01 -4.700000e+01
      vertex   7.794414e+01 5.367232e+01 -4.700000e+01
    endloop
  endfacet
  facet normal 0.000000e+00 0.000000e+00 -1.000000e+00
    outer loop
      vertex   7.876899e+01 5.289655e+01 -4.700000e+01
      vertex   7.794414e+01 5.367232e+01 -4.700000e+01
      vertex   7.885223e+01 5.317459e+01 -4.700000e+01
    endloop
  endfacet
  facet normal 0.000000e+00 0.000000e+00 -1.000000e+00
    outer loop
      vertex   7.885223e+01 5.317459e+01 -4.700000e+01
      vertex   7.794414e+01 5.367232e+01 -4.700000e+01
      vertex   7.899735e+01 5.342594e+01 -4.700000e+01
    endloop
  endfacet
  facet normal 0.000000e+00 0.000000e+00 -1.000000e+00
    outer loop
      vertex   7.899735e+01 5.342594e+01 -4.700000e+01
      vertex   7.794414e+01 5.367232e+01 -4.700000e+01
      vertex   7.824827e+01 5.455264e+01 -4.700000e+01
    endloop
  endfacet
  facet normal 0.000000e+00 0.000000e+00 -1.000000e+00
    outer loop
      vertex   7.899735e+01 5.342594e+01 -4.700000e+01
      vertex   7.824827e+01 5.455264e+01 -4.700000e+01
      vertex   7.919652e+01 5.363705e+01 -4.700000e+01
    endloop
  endfacet
  facet normal 0.000000e+00 0.000000e+00 -1.000000e+00
    outer loop
      vertex   7.919652e+01 5.363705e+01 -4.700000e+01
      vertex   7.824827e+01 5.455264e+01 -4.700000e+01
      vertex   7.943900e+01 5.379653e+01 -4.700000e+01
    endloop
  endfacet
  facet normal 0.000000e+00 0.000000e+00 -1.000000e+00
    outer loop
      vertex   7.943900e+01 5.379653e+01 -4.700000e+01
      vertex   7.824827e+01 5.455264e+01 -4.700000e+01
      vertex   7.861659e+01 5.540810e+01 -4.700000e+01
    endloop
  endfacet
  facet normal 0.000000e+00 0.000000e+00 -1.000000e+00
    outer loop
      vertex   7.943900e+01 5.379653e+01 -4.700000e+01
      vertex   7.861659e+01 5.540810e+01 -4.700000e+01
      vertex   7.971173e+01 5.389580e+01 -4.700000e+01
    endloop
  endfacet
  facet normal 0.000000e+00 0.000000e+00 -1.000000e+00
    outer loop
      vertex   7.971173e+01 5.389580e+01 -4.700000e+01
      vertex   7.861659e+01 5.540810e+01 -4.700000e+01
      vertex   8.000000e+01 5.392949e+01 -4.700000e+01
    endloop
  endfacet
  facet normal 0.000000e+00 0.000000e+00 -1.000000e+00
    outer loop
      vertex   8.000000e+01 5.392949e+01 -4.700000e+01
      vertex   7.861659e+01 5.540810e+01 -4.700000e+01
      vertex   7.904708e+01 5.623403e+01 -4.700000e+01
    endloop
  endfacet
  facet normal 0.000000e+00 0.000000e+00 -1.000000e+00
    outer loop
      vertex   8.000000e+01 5.392949e+01 -4.700000e+01
      vertex   7.904708e+01 5.623403e+01 -4.700000e+01
      vertex   8.028827e+01 5.389580e+01 -4.700000e+01
    endloop
  endfacet
  facet normal 0.000000e+00 0.000000e+00 -1.000000e+00
    outer loop
      vertex   8.028827e+01 5.389580e+01 -4.700000e+01
      vertex   7.904708e+01 5.623403e+01 -4.700000e+01
      vertex   8.172194e+01 5.651702e+01 -4.700000e+01
    endloop
  endfacet
  facet normal 0.000000e+00 0.000000e+00 -1.000000e+00
    outer loop
      vertex   8.028827e+01 5.389580e+01 -4.700000e+01
      vertex   8.172194e+01 5.651702e+01 -4.700000e+01
      vertex   8.193304e+01 5.631785e+01 -4.700000e+01
    endloop
  endfacet
  facet normal 0.000000e+00 0.000000e+00 -1.000000e+00
    outer loop
      vertex   8.111704e+01 4.788151e+01 -4.700000e+01
      vertex   8.728386e+01 4.956981e+01 -4.700000e+01
      vertex   8.121631e+01 4.760878e+01 -4.700000e+01
    endloop
  endfacet
  facet normal 0.000000e+00 0.000000e+00 -1.000000e+00
    outer loop
      vertex   8.121631e+01 4.760878e+01 -4.700000e+01
      vertex   8.728386e+01 4.956981e+01 -4.700000e+01
      vertex   8.738459e+01 4.915020e+01 -4.700000e+01
    endloop
  endfacet
  facet normal 0.000000e+00 0.000000e+00 -1.000000e+00
    outer loop
      vertex   8.121631e+01 4.760878e+01 -4.700000e+01
      vertex   8.738459e+01 4.915020e+01 -4.700000e+01
      vertex   8.125000e+01 4.732051e+01 -4.700000e+01
    endloop
  endfacet
  facet normal 0.000000e+00 0.000000e+00 -1.000000e+00
    outer loop
      vertex   8.125000e+01 4.732051e+01 -4.700000e+01
      vertex   8.738459e+01 4.915020e+01 -4.700000e+01
      vertex   8.754973e+01 4.875153e+01 -4.700000e+01
    endloop
  endfacet
  facet normal 0.000000e+00 0.000000e+00 -1.000000e+00
    outer loop
      vertex   8.125000e+01 4.732051e+01 -4.700000e+01
      vertex   8.754973e+01 4.875153e+01 -4.700000e+01
      vertex   8.310702e+01 4.385411e+01 -4.700000e+01
    endloop
  endfacet
  facet normal 0.000000e+00 0.000000e+00 -1.000000e+00
    outer loop
      vertex   8.310702e+01 4.385411e+01 -4.700000e+01
      vertex   8.754973e+01 4.875153e+01 -4.700000e+01
      vertex   8.336638e+01 4.372385e+01 -4.700000e+01
    endloop
  endfacet
  facet normal 0.000000e+00 0.000000e+00 -1.000000e+00
    outer loop
      vertex   8.336638e+01 4.372385e+01 -4.700000e+01
      vertex   8.754973e+01 4.875153e+01 -4.700000e+01
      vertex   8.777520e+01 4.838359e+01 -4.700000e+01
    endloop
  endfacet
  facet normal 0.000000e+00 0.000000e+00 -1.000000e+00
    outer loop
      vertex   8.336638e+01 4.372385e+01 -4.700000e+01
      vertex   8.777520e+01 4.838359e+01 -4.700000e+01
      vertex   8.805546e+01 4.805546e+01 -4.700000e+01
    endloop
  endfacet
  facet normal 0.000000e+00 0.000000e+00 -1.000000e+00
    outer loop
      vertex   8.336638e+01 4.372385e+01 -4.700000e+01
      vertex   8.805546e+01 4.805546e+01 -4.700000e+01
      vertex   8.358871e+01 4.353729e+01 -4.700000e+01
    endloop
  endfacet
  facet normal 0.000000e+00 0.000000e+00 -1.000000e+00
    outer loop
      vertex   8.358871e+01 4.353729e+01 -4.700000e+01
      vertex   8.805546e+01 4.805546e+01 -4.700000e+01
      vertex   8.838359e+01 4.777520e+01 -4.700000e+01
    endloop
  endfacet
  facet normal 0.000000e+00 0.000000e+00 -1.000000e+00
    outer loop
      vertex   8.358871e+01 4.353729e+01 -4.700000e+01
      vertex   8.838359e+01 4.777520e+01 -4.700000e+01
      vertex   8.376202e+01 4.330449e+01 -4.700000e+01
    endloop
  endfacet
  facet normal 0.000000e+00 0.000000e+00 -1.000000e+00
    outer loop
      vertex   8.376202e+01 4.330449e+01 -4.700000e+01
      vertex   8.838359e+01 4.777520e+01 -4.700000e+01
      vertex   8.875153e+01 4.754973e+01 -4.700000e+01
    endloop
  endfacet
  facet normal 0.000000e+00 0.000000e+00 -1.000000e+00
    outer loop
      vertex   8.376202e+01 4.330449e+01 -4.700000e+01
      vertex   8.875153e+01 4.754973e+01 -4.700000e+01
      vertex   8.710345e+01 4.123101e+01 -4.700000e+01
    endloop
  endfacet
  facet normal 0.000000e+00 0.000000e+00 -1.000000e+00
    outer loop
      vertex   8.710345e+01 4.123101e+01 -4.700000e+01
      vertex   8.875153e+01 4.754973e+01 -4.700000e+01
      vertex   8.739319e+01 4.124789e+01 -4.700000e+01
    endloop
  endfacet
  facet normal 0.000000e+00 0.000000e+00 -1.000000e+00
    outer loop
      vertex   8.739319e+01 4.124789e+01 -4.700000e+01
      vertex   8.875153e+01 4.754973e+01 -4.700000e+01
      vertex   8.915020e+01 4.738459e+01 -4.700000e+01
    endloop
  endfacet
  facet normal 0.000000e+00 0.000000e+00 -1.000000e+00
    outer loop
      vertex   8.739319e+01 4.124789e+01 -4.700000e+01
      vertex   8.915020e+01 4.738459e+01 -4.700000e+01
      vertex   8.767901e+01 4.119749e+01 -4.700000e+01
    endloop
  endfacet
  facet normal 0.000000e+00 0.000000e+00 -1.000000e+00
    outer loop
      vertex   8.767901e+01 4.119749e+01 -4.700000e+01
      vertex   8.915020e+01 4.738459e+01 -4.700000e+01
      vertex   8.956981e+01 4.728386e+01 -4.700000e+01
    endloop
  endfacet
  facet normal 0.000000e+00 0.000000e+00 -1.000000e+00
    outer loop
      vertex   8.767901e+01 4.119749e+01 -4.700000e+01
      vertex   8.956981e+01 4.728386e+01 -4.700000e+01
      vertex   8.794551e+01 4.108253e+01 -4.700000e+01
    endloop
  endfacet
  facet normal 0.000000e+00 0.000000e+00 -1.000000e+00
    outer loop
      vertex   8.794551e+01 4.108253e+01 -4.700000e+01
      vertex   8.956981e+01 4.728386e+01 -4.700000e+01
      vertex   9.000000e+01 4.725000e+01 -4.700000e+01
    endloop
  endfacet
  facet normal 0.000000e+00 0.000000e+00 -1.000000e+00
    outer loop
      vertex   8.794551e+01 4.108253e+01 -4.700000e+01
      vertex   9.000000e+01 4.725000e+01 -4.700000e+01
      vertex   9.187601e+01 4.095756e+01 -4.700000e+01
    endloop
  endfacet
  facet normal 0.000000e+00 0.000000e+00 -1.000000e+00
    outer loop
      vertex   9.187601e+01 4.095756e+01 -4.700000e+01
      vertex   9.000000e+01 4.725000e+01 -4.700000e+01
      vertex   9.211849e+01 4.111704e+01 -4.700000e+01
    endloop
  endfacet
  facet normal 0.000000e+00 0.000000e+00 -1.000000e+00
    outer loop
      vertex   9.211849e+01 4.111704e+01 -4.700000e+01
      vertex   9.000000e+01 4.725000e+01 -4.700000e+01
      vertex   9.043019e+01 4.728386e+01 -4.700000e+01
    endloop
  endfacet
  facet normal 0.000000e+00 0.000000e+00 -1.000000e+00
    outer loop
      vertex   9.211849e+01 4.111704e+01 -4.700000e+01
      vertex   9.043019e+01 4.728386e+01 -4.700000e+01
      vertex   9.239122e+01 4.121631e+01 -4.700000e+01
    endloop
  endfacet
  facet normal 0.000000e+00 0.000000e+00 -1.000000e+00
    outer loop
      vertex   9.239122e+01 4.121631e+01 -4.700000e+01
      vertex   9.043019e+01 4.728386e+01 -4.700000e+01
      vertex   9.084980e+01 4.738459e+01 -4.700000e+01
    endloop
  endfacet
  facet normal 0.000000e+00 0.000000e+00 -1.000000e+00
    outer loop
      vertex   9.239122e+01 4.121631e+01 -4.700000e+01
      vertex   9.084980e+01 4.738459e+01 -4.700000e+01
      vertex   9.267949e+01 4.125000e+01 -4.700000e+01
    endloop
  endfacet
  facet normal 0.000000e+00 0.000000e+00 -1.000000e+00
    outer loop
      vertex   9.267949e+01 4.125000e+01 -4.700000e+01
      vertex   9.084980e+01 4.738459e+01 -4.700000e+01
      vertex   9.124847e+01 4.754973e+01 -4.700000e+01
    endloop
  endfacet
  facet normal 0.000000e+00 0.000000e+00 -1.000000e+00
    outer loop
      vertex   9.267949e+01 4.125000e+01 -4.700000e+01
      vertex   9.124847e+01 4.754973e+01 -4.700000e+01
      vertex   9.614589e+01 4.310702e+01 -4.700000e+01
    endloop
  endfacet
  facet normal 0.000000e+00 0.000000e+00 -1.000000e+00
    outer loop
      vertex   9.614589e+01 4.310702e+01 -4.700000e+01
      vertex   9.124847e+01 4.754973e+01 -4.700000e+01
      vertex   9.627615e+01 4.336638e+01 -4.700000e+01
    endloop
  endfacet
  facet normal 0.000000e+00 0.000000e+00 -1.000000e+00
    outer loop
      vertex   9.627615e+01 4.336638e+01 -4.700000e+01
      vertex   9.124847e+01 4.754973e+01 -4.700000e+01
      vertex   9.161641e+01 4.777520e+01 -4.700000e+01
    endloop
  endfacet
  facet normal 0.000000e+00 0.000000e+00 -1.000000e+00
    outer loop
      vertex   9.627615e+01 4.336638e+01 -4.700000e+01
      vertex   9.161641e+01 4.777520e+01 -4.700000e+01
      vertex   9.194454e+01 4.805546e+01 -4.700000e+01
    endloop
  endfacet
  facet normal 0.000000e+00 0.000000e+00 -1.000000e+00
    outer loop
      vertex   9.627615e+01 4.336638e+01 -4.700000e+01
      vertex   9.194454e+01 4.805546e+01 -4.700000e+01
      vertex   9.646271e+01 4.358871e+01 -4.700000e+01
    endloop
  endfacet
  facet normal 0.000000e+00 0.000000e+00 -1.000000e+00
    outer loop
      vertex   9.646271e+01 4.358871e+01 -4.700000e+01
      vertex   9.194454e+01 4.805546e+01 -4.700000e+01
      vertex   9.222480e+01 4.838359e+01 -4.700000e+01
    endloop
  endfacet
  facet normal 0.000000e+00 0.000000e+00 -1.000000e+00
    outer loop
      vertex   9.646271e+01 4.358871e+01 -4.700000e+01
      vertex   9.222480e+01 4.838359e+01 -4.700000e+01
      vertex   9.669551e+01 4.376202e+01 -4.700000e+01
    endloop
  endfacet
  facet normal 0.000000e+00 0.000000e+00 -1.000000e+00
    outer loop
      vertex   9.669551e+01 4.376202e+01 -4.700000e+01
      vertex   9.222480e+01 4.838359e+01 -4.700000e+01
      vertex   9.245027e+01 4.875153e+01 -4.700000e+01
    endloop
  endfacet
  facet normal 0.000000e+00 0.000000e+00 -1.000000e+00
    outer loop
      vertex   9.669551e+01 4.376202e+01 -4.700000e+01
      vertex   9.245027e+01 4.875153e+01 -4.700000e+01
      vertex   9.876899e+01 4.710345e+01 -4.700000e+01
    endloop
  endfacet
  facet normal 0.000000e+00 0.000000e+00 -1.000000e+00
    outer loop
      vertex   9.876899e+01 4.710345e+01 -4.700000e+01
      vertex   9.245027e+01 4.875153e+01 -4.700000e+01
      vertex   9.875211e+01 4.739319e+01 -4.700000e+01
    endloop
  endfacet
  facet normal 0.000000e+00 0.000000e+00 -1.000000e+00
    outer loop
      vertex   9.875211e+01 4.739319e+01 -4.700000e+01
      vertex   9.245027e+01 4.875153e+01 -4.700000e+01
      vertex   9.261541e+01 4.915020e+01 -4.700000e+01
    endloop
  endfacet
  facet normal 0.000000e+00 0.000000e+00 -1.000000e+00
    outer loop
      vertex   9.875211e+01 4.739319e+01 -4.700000e+01
      vertex   9.261541e+01 4.915020e+01 -4.700000e+01
      vertex   9.880251e+01 4.767901e+01 -4.700000e+01
    endloop
  endfacet
  facet normal 0.000000e+00 0.000000e+00 -1.000000e+00
    outer loop
      vertex   9.880251e+01 4.767901e+01 -4.700000e+01
      vertex   9.261541e+01 4.915020e+01 -4.700000e+01
      vertex   9.271614e+01 4.956981e+01 -4.700000e+01
    endloop
  endfacet
  facet normal 0.000000e+00 0.000000e+00 -1.000000e+00
    outer loop
      vertex   9.880251e+01 4.767901e+01 -4.700000e+01
      vertex   9.271614e+01 4.956981e+01 -4.700000e+01
      vertex   9.891747e+01 4.794551e+01 -4.700000e+01
    endloop
  endfacet
  facet normal 0.000000e+00 0.000000e+00 -1.000000e+00
    outer loop
      vertex   9.891747e+01 4.794551e+01 -4.700000e+01
      vertex   9.271614e+01 4.956981e+01 -4.700000e+01
      vertex   9.275000e+01 5.000000e+01 -4.700000e+01
    endloop
  endfacet
  facet normal 0.000000e+00 0.000000e+00 -1.000000e+00
    outer loop
      vertex   9.891747e+01 4.794551e+01 -4.700000e+01
      vertex   9.275000e+01 5.000000e+01 -4.700000e+01
      vertex   9.950000e+01 5.000000e+01 -4.700000e+01
    endloop
  endfacet
  facet normal 0.000000e+00 0.000000e+00 -1.000000e+00
    outer loop
      vertex   9.950000e+01 5.000000e+01 -4.700000e+01
      vertex   9.275000e+01 5.000000e+01 -4.700000e+01
      vertex   9.888296e+01 5.211849e+01 -4.700000e+01
    endloop
  endfacet
  facet normal 0.000000e+00 0.000000e+00 -1.000000e+00
    outer loop
      vertex   9.950000e+01 5.000000e+01 -4.700000e+01
      vertex   9.888296e+01 5.211849e+01 -4.700000e+01
      vertex   9.904244e+01 5.187601e+01 -4.700000e+01
    endloop
  endfacet
  facet normal 0.000000e+00 0.000000e+00 -1.000000e+00
    outer loop
      vertex   9.275000e+01 5.000000e+01 -4.700000e+01
      vertex   9.271614e+01 5.043019e+01 -4.700000e+01
      vertex   9.888296e+01 5.211849e+01 -4.700000e+01
    endloop
  endfacet
  facet normal -0.000000e+00 0.000000e+00 -1.000000e+00
    outer loop
      vertex   9.888296e+01 5.211849e+01 -4.700000e+01
      vertex   9.271614e+01 5.043019e+01 -4.700000e+01
      vertex   9.878369e+01 5.239122e+01 -4.700000e+01
    endloop
  endfacet
  facet normal 0.000000e+00 0.000000e+00 -1.000000e+00
    outer loop
      vertex   9.878369e+01 5.239122e+01 -4.700000e+01
      vertex   9.271614e+01 5.043019e+01 -4.700000e+01
      vertex   9.261541e+01 5.084980e+01 -4.700000e+01
    endloop
  endfacet
  facet normal -0.000000e+00 0.000000e+00 -1.000000e+00
    outer loop
      vertex   9.878369e+01 5.239122e+01 -4.700000e+01
      vertex   9.261541e+01 5.084980e+01 -4.700000e+01
      vertex   9.875000e+01 5.267949e+01 -4.700000e+01
    endloop
  endfacet
  facet normal 0.000000e+00 0.000000e+00 -1.000000e+00
    outer loop
      vertex   9.875000e+01 5.267949e+01 -4.700000e+01
      vertex   9.261541e+01 5.084980e+01 -4.700000e+01
      vertex   9.245027e+01 5.124847e+01 -4.700000e+01
    endloop
  endfacet
  facet normal -0.000000e+00 0.000000e+00 -1.000000e+00
    outer loop
      vertex   9.875000e+01 5.267949e+01 -4.700000e+01
      vertex   9.245027e+01 5.124847e+01 -4.700000e+01
      vertex   9.689298e+01 5.614589e+01 -4.700000e+01
    endloop
  endfacet
  facet normal -0.000000e+00 0.000000e+00 -1.000000e+00
    outer loop
      vertex   9.689298e+01 5.614589e+01 -4.700000e+01
      vertex   9.245027e+01 5.124847e+01 -4.700000e+01
      vertex   9.663362e+01 5.627615e+01 -4.700000e+01
    endloop
  endfacet
  facet normal 0.000000e+00 0.000000e+00 -1.000000e+00
    outer loop
      vertex   9.663362e+01 5.627615e+01 -4.700000e+01
      vertex   9.245027e+01 5.124847e+01 -4.700000e+01
      vertex   9.222480e+01 5.161641e+01 -4.700000e+01
    endloop
  endfacet
  facet normal 0.000000e+00 0.000000e+00 -1.000000e+00
    outer loop
      vertex   9.663362e+01 5.627615e+01 -4.700000e+01
      vertex   9.222480e+01 5.161641e+01 -4.700000e+01
      vertex   9.194454e+01 5.194454e+01 -4.700000e+01
    endloop
  endfacet
  facet normal -0.000000e+00 0.000000e+00 -1.000000e+00
    outer loop
      vertex   9.663362e+01 5.627615e+01 -4.700000e+01
      vertex   9.194454e+01 5.194454e+01 -4.700000e+01
      vertex   9.641129e+01 5.646271e+01 -4.700000e+01
    endloop
  endfacet
  facet normal 0.000000e+00 0.000000e+00 -1.000000e+00
    outer loop
      vertex   9.641129e+01 5.646271e+01 -4.700000e+01
      vertex   9.194454e+01 5.194454e+01 -4.700000e+01
      vertex   9.161641e+01 5.222480e+01 -4.700000e+01
    endloop
  endfacet
  facet normal -0.000000e+00 0.000000e+00 -1.000000e+00
    outer loop
      vertex   9.641129e+01 5.646271e+01 -4.700000e+01
      vertex   9.161641e+01 5.222480e+01 -4.700000e+01
      vertex   9.623798e+01 5.669551e+01 -4.700000e+01
    endloop
  endfacet
  facet normal 0.000000e+00 0.000000e+00 -1.000000e+00
    outer loop
      vertex   9.623798e+01 5.669551e+01 -4.700000e+01
      vertex   9.161641e+01 5.222480e+01 -4.700000e+01
      vertex   9.124847e+01 5.245027e+01 -4.700000e+01
    endloop
  endfacet
  facet normal -0.000000e+00 0.000000e+00 -1.000000e+00
    outer loop
      vertex   9.623798e+01 5.669551e+01 -4.700000e+01
      vertex   9.124847e+01 5.245027e+01 -4.700000e+01
      vertex   9.289655e+01 5.876899e+01 -4.700000e+01
    endloop
  endfacet
  facet normal 0.000000e+00 0.000000e+00 -1.000000e+00
    outer loop
      vertex   9.289655e+01 5.876899e+01 -4.700000e+01
      vertex   9.124847e+01 5.245027e+01 -4.700000e+01
      vertex   9.260681e+01 5.875211e+01 -4.700000e+01
    endloop
  endfacet
  facet normal 0.000000e+00 0.000000e+00 -1.000000e+00
    outer loop
      vertex   9.260681e+01 5.875211e+01 -4.700000e+01
      vertex   9.124847e+01 5.245027e+01 -4.700000e+01
      vertex   9.084980e+01 5.261541e+01 -4.700000e+01
    endloop
  endfacet
  facet normal -0.000000e+00 0.000000e+00 -1.000000e+00
    outer loop
      vertex   9.260681e+01 5.875211e+01 -4.700000e+01
      vertex   9.084980e+01 5.261541e+01 -4.700000e+01
      vertex   9.232099e+01 5.880251e+01 -4.700000e+01
    endloop
  endfacet
  facet normal 0.000000e+00 0.000000e+00 -1.000000e+00
    outer loop
      vertex   9.232099e+01 5.880251e+01 -4.700000e+01
      vertex   9.084980e+01 5.261541e+01 -4.700000e+01
      vertex   9.043019e+01 5.271614e+01 -4.700000e+01
    endloop
  endfacet
  facet normal -0.000000e+00 0.000000e+00 -1.000000e+00
    outer loop
      vertex   9.232099e+01 5.880251e+01 -4.700000e+01
      vertex   9.043019e+01 5.271614e+01 -4.700000e+01
      vertex   9.205449e+01 5.891747e+01 -4.700000e+01
    endloop
  endfacet
  facet normal 0.000000e+00 0.000000e+00 -1.000000e+00
    outer loop
      vertex   9.205449e+01 5.891747e+01 -4.700000e+01
      vertex   9.043019e+01 5.271614e+01 -4.700000e+01
      vertex   9.000000e+01 5.275000e+01 -4.700000e+01
    endloop
  endfacet
  facet normal -0.000000e+00 0.000000e+00 -1.000000e+00
    outer loop
      vertex   9.205449e+01 5.891747e+01 -4.700000e+01
      vertex   9.000000e+01 5.275000e+01 -4.700000e+01
      vertex   8.812399e+01 5.904244e+01 -4.700000e+01
    endloop
  endfacet
  facet normal 0.000000e+00 -0.000000e+00 -1.000000e+00
    outer loop
      vertex   8.812399e+01 5.904244e+01 -4.700000e+01
      vertex   9.000000e+01 5.275000e+01 -4.700000e+01
      vertex   8.788151e+01 5.888296e+01 -4.700000e+01
    endloop
  endfacet
  facet normal 0.000000e+00 0.000000e+00 -1.000000e+00
    outer loop
      vertex   8.788151e+01 5.888296e+01 -4.700000e+01
      vertex   9.000000e+01 5.275000e+01 -4.700000e+01
      vertex   8.956981e+01 5.271614e+01 -4.700000e+01
    endloop
  endfacet
  facet normal 0.000000e+00 -0.000000e+00 -1.000000e+00
    outer loop
      vertex   8.788151e+01 5.888296e+01 -4.700000e+01
      vertex   8.956981e+01 5.271614e+01 -4.700000e+01
      vertex   8.760878e+01 5.878369e+01 -4.700000e+01
    endloop
  endfacet
  facet normal 0.000000e+00 0.000000e+00 -1.000000e+00
    outer loop
      vertex   8.760878e+01 5.878369e+01 -4.700000e+01
      vertex   8.956981e+01 5.271614e+01 -4.700000e+01
      vertex   8.915020e+01 5.261541e+01 -4.700000e+01
    endloop
  endfacet
  facet normal 0.000000e+00 -0.000000e+00 -1.000000e+00
    outer loop
      vertex   8.760878e+01 5.878369e+01 -4.700000e+01
      vertex   8.915020e+01 5.261541e+01 -4.700000e+01
      vertex   8.732051e+01 5.875000e+01 -4.700000e+01
    endloop
  endfacet
  facet normal 0.000000e+00 0.000000e+00 -1.000000e+00
    outer loop
      vertex   8.732051e+01 5.875000e+01 -4.700000e+01
      vertex   8.915020e+01 5.261541e+01 -4.700000e+01
      vertex   8.875153e+01 5.245027e+01 -4.700000e+01
    endloop
  endfacet
  facet normal 0.000000e+00 -0.000000e+00 -1.000000e+00
    outer loop
      vertex   8.732051e+01 5.875000e+01 -4.700000e+01
      vertex   8.875153e+01 5.245027e+01 -4.700000e+01
      vertex   8.385411e+01 5.689298e+01 -4.700000e+01
    endloop
  endfacet
  facet normal 0.000000e+00 -0.000000e+00 -1.000000e+00
    outer loop
      vertex   8.385411e+01 5.689298e+01 -4.700000e+01
      vertex   8.875153e+01 5.245027e+01 -4.700000e+01
      vertex   8.372385e+01 5.663362e+01 -4.700000e+01
    endloop
  endfacet
  facet normal 0.000000e+00 0.000000e+00 -1.000000e+00
    outer loop
      vertex   8.372385e+01 5.663362e+01 -4.700000e+01
      vertex   8.875153e+01 5.245027e+01 -4.700000e+01
      vertex   8.838359e+01 5.222480e+01 -4.700000e+01
    endloop
  endfacet
  facet normal 0.000000e+00 0.000000e+00 -1.000000e+00
    outer loop
      vertex   8.372385e+01 5.663362e+01 -4.700000e+01
      vertex   8.838359e+01 5.222480e+01 -4.700000e+01
      vertex   8.805546e+01 5.194454e+01 -4.700000e+01
    endloop
  endfacet
  facet normal 0.000000e+00 -0.000000e+00 -1.000000e+00
    outer loop
      vertex   8.372385e+01 5.663362e+01 -4.700000e+01
      vertex   8.805546e+01 5.194454e+01 -4.700000e+01
      vertex   8.353729e+01 5.641129e+01 -4.700000e+01
    endloop
  endfacet
  facet normal 0.000000e+00 0.000000e+00 -1.000000e+00
    outer loop
      vertex   8.353729e+01 5.641129e+01 -4.700000e+01
      vertex   8.805546e+01 5.194454e+01 -4.700000e+01
      vertex   8.777520e+01 5.161641e+01 -4.700000e+01
    endloop
  endfacet
  facet normal 0.000000e+00 -0.000000e+00 -1.000000e+00
    outer loop
      vertex   8.353729e+01 5.641129e+01 -4.700000e+01
      vertex   8.777520e+01 5.161641e+01 -4.700000e+01
      vertex   8.330449e+01 5.623798e+01 -4.700000e+01
    endloop
  endfacet
  facet normal 0.000000e+00 0.000000e+00 -1.000000e+00
    outer loop
      vertex   8.330449e+01 5.623798e+01 -4.700000e+01
      vertex   8.777520e+01 5.161641e+01 -4.700000e+01
      vertex   8.754973e+01 5.124847e+01 -4.700000e+01
    endloop
  endfacet
  facet normal 0.000000e+00 -0.000000e+00 -1.000000e+00
    outer loop
      vertex   8.330449e+01 5.623798e+01 -4.700000e+01
      vertex   8.754973e+01 5.124847e+01 -4.700000e+01
      vertex   8.123101e+01 5.289655e+01 -4.700000e+01
    endloop
  endfacet
  facet normal 0.000000e+00 0.000000e+00 -1.000000e+00
    outer loop
      vertex   8.123101e+01 5.289655e+01 -4.700000e+01
      vertex   8.754973e+01 5.124847e+01 -4.700000e+01
      vertex   8.124789e+01 5.260681e+01 -4.700000e+01
    endloop
  endfacet
  facet normal 0.000000e+00 0.000000e+00 -1.000000e+00
    outer loop
      vertex   8.124789e+01 5.260681e+01 -4.700000e+01
      vertex   8.754973e+01 5.124847e+01 -4.700000e+01
      vertex   8.738459e+01 5.084980e+01 -4.700000e+01
    endloop
  endfacet
  facet normal 0.000000e+00 -0.000000e+00 -1.000000e+00
    outer loop
      vertex   8.124789e+01 5.260681e+01 -4.700000e+01
      vertex   8.738459e+01 5.084980e+01 -4.700000e+01
      vertex   8.119749e+01 5.232099e+01 -4.700000e+01
    endloop
  endfacet
  facet normal 0.000000e+00 0.000000e+00 -1.000000e+00
    outer loop
      vertex   8.119749e+01 5.232099e+01 -4.700000e+01
      vertex   8.738459e+01 5.084980e+01 -4.700000e+01
      vertex   8.728386e+01 5.043019e+01 -4.700000e+01
    endloop
  endfacet
  facet normal 0.000000e+00 -0.000000e+00 -1.000000e+00
    outer loop
      vertex   8.119749e+01 5.232099e+01 -4.700000e+01
      vertex   8.728386e+01 5.043019e+01 -4.700000e+01
      vertex   8.108253e+01 5.205449e+01 -4.700000e+01
    endloop
  endfacet
  facet normal 0.000000e+00 0.000000e+00 -1.000000e+00
    outer loop
      vertex   8.108253e+01 5.205449e+01 -4.700000e+01
      vertex   8.728386e+01 5.043019e+01 -4.700000e+01
      vertex   8.725000e+01 5.000000e+01 -4.700000e+01
    endloop
  endfacet
  facet normal 0.000000e+00 0.000000e+00 -1.000000e+00
    outer loop
      vertex   9.669551e+01 4.376202e+01 -4.700000e+01
      vertex   9.876899e+01 4.710345e+01 -4.700000e+01
      vertex   9.696200e+01 4.387698e+01 -4.700000e+01
    endloop
  endfacet
  facet normal 0.000000e+00 0.000000e+00 -1.000000e+00
    outer loop
      vertex   9.696200e+01 4.387698e+01 -4.700000e+01
      vertex   9.876899e+01 4.710345e+01 -4.700000e+01
      vertex   9.885223e+01 4.682541e+01 -4.700000e+01
    endloop
  endfacet
  facet normal 0.000000e+00 0.000000e+00 -1.000000e+00
    outer loop
      vertex   9.696200e+01 4.387698e+01 -4.700000e+01
      vertex   9.885223e+01 4.682541e+01 -4.700000e+01
      vertex   9.724783e+01 4.392738e+01 -4.700000e+01
    endloop
  endfacet
  facet normal 0.000000e+00 0.000000e+00 -1.000000e+00
    outer loop
      vertex   9.724783e+01 4.392738e+01 -4.700000e+01
      vertex   9.885223e+01 4.682541e+01 -4.700000e+01
      vertex   9.899735e+01 4.657406e+01 -4.700000e+01
    endloop
  endfacet
  facet normal 0.000000e+00 0.000000e+00 -1.000000e+00
    outer loop
      vertex   9.724783e+01 4.392738e+01 -4.700000e+01
      vertex   9.899735e+01 4.657406e+01 -4.700000e+01
      vertex   9.753757e+01 4.391050e+01 -4.700000e+01
    endloop
  endfacet
  facet normal 0.000000e+00 0.000000e+00 -1.000000e+00
    outer loop
      vertex   9.753757e+01 4.391050e+01 -4.700000e+01
      vertex   9.899735e+01 4.657406e+01 -4.700000e+01
      vertex   9.919652e+01 4.636295e+01 -4.700000e+01
    endloop
  endfacet
  facet normal 0.000000e+00 0.000000e+00 -1.000000e+00
    outer loop
      vertex   9.753757e+01 4.391050e+01 -4.700000e+01
      vertex   9.919652e+01 4.636295e+01 -4.700000e+01
      vertex   9.781561e+01 4.382726e+01 -4.700000e+01
    endloop
  endfacet
  facet normal 0.000000e+00 0.000000e+00 -1.000000e+00
    outer loop
      vertex   9.781561e+01 4.382726e+01 -4.700000e+01
      vertex   9.919652e+01 4.636295e+01 -4.700000e+01
      vertex   9.943900e+01 4.620347e+01 -4.700000e+01
    endloop
  endfacet
  facet normal 0.000000e+00 0.000000e+00 -1.000000e+00
    outer loop
      vertex   9.781561e+01 4.382726e+01 -4.700000e+01
      vertex   9.943900e+01 4.620347e+01 -4.700000e+01
      vertex   9.806696e+01 4.368215e+01 -4.700000e+01
    endloop
  endfacet
  facet normal 0.000000e+00 0.000000e+00 -1.000000e+00
    outer loop
      vertex   9.806696e+01 4.368215e+01 -4.700000e+01
      vertex   9.943900e+01 4.620347e+01 -4.700000e+01
      vertex   9.971173e+01 4.610420e+01 -4.700000e+01
    endloop
  endfacet
  facet normal 0.000000e+00 0.000000e+00 -1.000000e+00
    outer loop
      vertex   9.806696e+01 4.368215e+01 -4.700000e+01
      vertex   9.971173e+01 4.610420e+01 -4.700000e+01
      vertex   9.827806e+01 4.348298e+01 -4.700000e+01
    endloop
  endfacet
  facet normal 0.000000e+00 0.000000e+00 -1.000000e+00
    outer loop
      vertex   9.827806e+01 4.348298e+01 -4.700000e+01
      vertex   9.971173e+01 4.610420e+01 -4.700000e+01
      vertex   1.007151e+02 4.336550e+01 -4.700000e+01
    endloop
  endfacet
  facet normal 0.000000e+00 0.000000e+00 -1.000000e+00
    outer loop
      vertex   9.827806e+01 4.348298e+01 -4.700000e+01
      vertex   1.007151e+02 4.336550e+01 -4.700000e+01
      vertex   9.843755e+01 4.324049e+01 -4.700000e+01
    endloop
  endfacet
  facet normal 0.000000e+00 0.000000e+00 -1.000000e+00
    outer loop
      vertex   9.843755e+01 4.324049e+01 -4.700000e+01
      vertex   1.007151e+02 4.336550e+01 -4.700000e+01
      vertex   1.001958e+02 4.259228e+01 -4.700000e+01
    endloop
  endfacet
  facet normal 0.000000e+00 0.000000e+00 -1.000000e+00
    outer loop
      vertex   9.843755e+01 4.324049e+01 -4.700000e+01
      vertex   1.001958e+02 4.259228e+01 -4.700000e+01
      vertex   9.853681e+01 4.296776e+01 -4.700000e+01
    endloop
  endfacet
  facet normal 0.000000e+00 0.000000e+00 -1.000000e+00
    outer loop
      vertex   9.853681e+01 4.296776e+01 -4.700000e+01
      vertex   1.001958e+02 4.259228e+01 -4.700000e+01
      vertex   9.857051e+01 4.267949e+01 -4.700000e+01
    endloop
  endfacet
  facet normal 0.000000e+00 0.000000e+00 -1.000000e+00
    outer loop
      vertex   9.857051e+01 4.267949e+01 -4.700000e+01
      vertex   1.001958e+02 4.259228e+01 -4.700000e+01
      vertex   9.962093e+01 4.185952e+01 -4.700000e+01
    endloop
  endfacet
  facet normal 0.000000e+00 -0.000000e+00 -1.000000e+00
    outer loop
      vertex   9.857051e+01 4.267949e+01 -4.700000e+01
      vertex   9.962093e+01 4.185952e+01 -4.700000e+01
      vertex   9.853681e+01 4.239122e+01 -4.700000e+01
    endloop
  endfacet
  facet normal 0.000000e+00 -0.000000e+00 -1.000000e+00
    outer loop
      vertex   9.853681e+01 4.239122e+01 -4.700000e+01
      vertex   9.962093e+01 4.185952e+01 -4.700000e+01
      vertex   9.843755e+01 4.211849e+01 -4.700000e+01
    endloop
  endfacet
  facet normal 0.000000e+00 0.000000e+00 -1.000000e+00
    outer loop
      vertex   9.843755e+01 4.211849e+01 -4.700000e+01
      vertex   9.962093e+01 4.185952e+01 -4.700000e+01
      vertex   9.899346e+01 4.117122e+01 -4.700000e+01
    endloop
  endfacet
  facet normal 0.000000e+00 -0.000000e+00 -1.000000e+00
    outer loop
      vertex   9.843755e+01 4.211849e+01 -4.700000e+01
      vertex   9.899346e+01 4.117122e+01 -4.700000e+01
      vertex   9.827806e+01 4.187601e+01 -4.700000e+01
    endloop
  endfacet
  facet normal 0.000000e+00 -0.000000e+00 -1.000000e+00
    outer loop
      vertex   9.827806e+01 4.187601e+01 -4.700000e+01
      vertex   9.899346e+01 4.117122e+01 -4.700000e+01
      vertex   9.806696e+01 4.167684e+01 -4.700000e+01
    endloop
  endfacet
  facet normal 0.000000e+00 0.000000e+00 -1.000000e+00
    outer loop
      vertex   9.806696e+01 4.167684e+01 -4.700000e+01
      vertex   9.899346e+01 4.117122e+01 -4.700000e+01
      vertex   9.831687e+01 4.053114e+01 -4.700000e+01
    endloop
  endfacet
  facet normal 0.000000e+00 -0.000000e+00 -1.000000e+00
    outer loop
      vertex   9.806696e+01 4.167684e+01 -4.700000e+01
      vertex   9.831687e+01 4.053114e+01 -4.700000e+01
      vertex   9.781561e+01 4.153172e+01 -4.700000e+01
    endloop
  endfacet
  facet normal 0.000000e+00 -0.000000e+00 -1.000000e+00
    outer loop
      vertex   9.781561e+01 4.153172e+01 -4.700000e+01
      vertex   9.831687e+01 4.053114e+01 -4.700000e+01
      vertex   9.753757e+01 4.144848e+01 -4.700000e+01
    endloop
  endfacet
  facet normal 0.000000e+00 0.000000e+00 -1.000000e+00
    outer loop
      vertex   9.753757e+01 4.144848e+01 -4.700000e+01
      vertex   9.831687e+01 4.053114e+01 -4.700000e+01
      vertex   9.759486e+01 3.994278e+01 -4.700000e+01
    endloop
  endfacet
  facet normal 0.000000e+00 -0.000000e+00 -1.000000e+00
    outer loop
      vertex   9.753757e+01 4.144848e+01 -4.700000e+01
      vertex   9.759486e+01 3.994278e+01 -4.700000e+01
      vertex   9.724783e+01 4.143161e+01 -4.700000e+01
    endloop
  endfacet
  facet normal -0.000000e+00 -0.000000e+00 -1.000000e+00
    outer loop
      vertex   9.724783e+01 4.143161e+01 -4.700000e+01
      vertex   9.759486e+01 3.994278e+01 -4.700000e+01
      vertex   9.696200e+01 4.148201e+01 -4.700000e+01
    endloop
  endfacet
  facet normal 0.000000e+00 -0.000000e+00 -1.000000e+00
    outer loop
      vertex   9.696200e+01 4.148201e+01 -4.700000e+01
      vertex   9.759486e+01 3.994278e+01 -4.700000e+01
      vertex   9.683137e+01 3.940934e+01 -4.700000e+01
    endloop
  endfacet
  facet normal -0.000000e+00 0.000000e+00 -1.000000e+00
    outer loop
      vertex   9.696200e+01 4.148201e+01 -4.700000e+01
      vertex   9.683137e+01 3.940934e+01 -4.700000e+01
      vertex   9.669551e+01 4.159696e+01 -4.700000e+01
    endloop
  endfacet
  facet normal 0.000000e+00 -0.000000e+00 -1.000000e+00
    outer loop
      vertex   9.669551e+01 4.159696e+01 -4.700000e+01
      vertex   9.683137e+01 3.940934e+01 -4.700000e+01
      vertex   9.603057e+01 3.893375e+01 -4.700000e+01
    endloop
  endfacet
  facet normal -0.000000e+00 0.000000e+00 -1.000000e+00
    outer loop
      vertex   9.669551e+01 4.159696e+01 -4.700000e+01
      vertex   9.603057e+01 3.893375e+01 -4.700000e+01
      vertex   9.646271e+01 4.177027e+01 -4.700000e+01
    endloop
  endfacet
  facet normal 0.000000e+00 0.000000e+00 -1.000000e+00
    outer loop
      vertex   9.646271e+01 4.177027e+01 -4.700000e+01
      vertex   9.603057e+01 3.893375e+01 -4.700000e+01
      vertex   9.391050e+01 4.021706e+01 -4.700000e+01
    endloop
  endfacet
  facet normal 0.000000e+00 0.000000e+00 -1.000000e+00
    outer loop
      vertex   9.646271e+01 4.177027e+01 -4.700000e+01
      vertex   9.391050e+01 4.021706e+01 -4.700000e+01
      vertex   9.382726e+01 4.049510e+01 -4.700000e+01
    endloop
  endfacet
  facet normal 0.000000e+00 0.000000e+00 -1.000000e+00
    outer loop
      vertex   1.007151e+02 4.336550e+01 -4.700000e+01
      vertex   9.971173e+01 4.610420e+01 -4.700000e+01
      vertex   1.011758e+02 4.417495e+01 -4.700000e+01
    endloop
  endfacet
  facet normal 0.000000e+00 0.000000e+00 -1.000000e+00
    outer loop
      vertex   1.011758e+02 4.417495e+01 -4.700000e+01
      vertex   9.971173e+01 4.610420e+01 -4.700000e+01
      vertex   1.000000e+02 4.607051e+01 -4.700000e+01
    endloop
  endfacet
  facet normal 0.000000e+00 0.000000e+00 -1.000000e+00
    outer loop
      vertex   1.011758e+02 4.417495e+01 -4.700000e+01
      vertex   1.000000e+02 4.607051e+01 -4.700000e+01
      vertex   1.002883e+02 4.610420e+01 -4.700000e+01
    endloop
  endfacet
  facet normal 0.000000e+00 0.000000e+00 -1.000000e+00
    outer loop
      vertex   1.011758e+02 4.417495e+01 -4.700000e+01
      vertex   1.002883e+02 4.610420e+01 -4.700000e+01
      vertex   1.015755e+02 4.501622e+01 -4.700000e+01
    endloop
  endfacet
  facet normal 0.000000e+00 0.000000e+00 -1.000000e+00
    outer loop
      vertex   1.015755e+02 4.501622e+01 -4.700000e+01
      vertex   1.002883e+02 4.610420e+01 -4.700000e+01
      vertex   1.005610e+02 4.620347e+01 -4.700000e+01
    endloop
  endfacet
  facet normal 0.000000e+00 0.000000e+00 -1.000000e+00
    outer loop
      vertex   1.015755e+02 4.501622e+01 -4.700000e+01
      vertex   1.005610e+02 4.620347e+01 -4.700000e+01
      vertex   1.008035e+02 4.636295e+01 -4.700000e+01
    endloop
  endfacet
  facet normal 0.000000e+00 0.000000e+00 -1.000000e+00
    outer loop
      vertex   1.015755e+02 4.501622e+01 -4.700000e+01
      vertex   1.008035e+02 4.636295e+01 -4.700000e+01
      vertex   1.019119e+02 4.588471e+01 -4.700000e+01
    endloop
  endfacet
  facet normal 0.000000e+00 0.000000e+00 -1.000000e+00
    outer loop
      vertex   1.019119e+02 4.588471e+01 -4.700000e+01
      vertex   1.008035e+02 4.636295e+01 -4.700000e+01
      vertex   1.010027e+02 4.657406e+01 -4.700000e+01
    endloop
  endfacet
  facet normal 0.000000e+00 0.000000e+00 -1.000000e+00
    outer loop
      vertex   1.019119e+02 4.588471e+01 -4.700000e+01
      vertex   1.010027e+02 4.657406e+01 -4.700000e+01
      vertex   1.011478e+02 4.682541e+01 -4.700000e+01
    endloop
  endfacet
  facet normal 0.000000e+00 0.000000e+00 -1.000000e+00
    outer loop
      vertex   1.019119e+02 4.588471e+01 -4.700000e+01
      vertex   1.011478e+02 4.682541e+01 -4.700000e+01
      vertex   1.021833e+02 4.677567e+01 -4.700000e+01
    endloop
  endfacet
  facet normal 0.000000e+00 0.000000e+00 -1.000000e+00
    outer loop
      vertex   1.021833e+02 4.677567e+01 -4.700000e+01
      vertex   1.011478e+02 4.682541e+01 -4.700000e+01
      vertex   1.012310e+02 4.710345e+01 -4.700000e+01
    endloop
  endfacet
  facet normal 0.000000e+00 0.000000e+00 -1.000000e+00
    outer loop
      vertex   1.021833e+02 4.677567e+01 -4.700000e+01
      vertex   1.012310e+02 4.710345e+01 -4.700000e+01
      vertex   1.012479e+02 4.739319e+01 -4.700000e+01
    endloop
  endfacet
  facet normal 0.000000e+00 0.000000e+00 -1.000000e+00
    outer loop
      vertex   1.021833e+02 4.677567e+01 -4.700000e+01
      vertex   1.012479e+02 4.739319e+01 -4.700000e+01
      vertex   1.023882e+02 4.768425e+01 -4.700000e+01
    endloop
  endfacet
  facet normal 0.000000e+00 0.000000e+00 -1.000000e+00
    outer loop
      vertex   1.023882e+02 4.768425e+01 -4.700000e+01
      vertex   1.012479e+02 4.739319e+01 -4.700000e+01
      vertex   1.011975e+02 4.767901e+01 -4.700000e+01
    endloop
  endfacet
  facet normal -0.000000e+00 0.000000e+00 -1.000000e+00
    outer loop
      vertex   1.023882e+02 4.768425e+01 -4.700000e+01
      vertex   1.011975e+02 4.767901e+01 -4.700000e+01
      vertex   1.010825e+02 4.794551e+01 -4.700000e+01
    endloop
  endfacet
  facet normal 0.000000e+00 0.000000e+00 -1.000000e+00
    outer loop
      vertex   1.023882e+02 4.768425e+01 -4.700000e+01
      vertex   1.010825e+02 4.794551e+01 -4.700000e+01
      vertex   1.025254e+02 4.860547e+01 -4.700000e+01
    endloop
  endfacet
  facet normal 0.000000e+00 0.000000e+00 -1.000000e+00
    outer loop
      vertex   1.025254e+02 4.860547e+01 -4.700000e+01
      vertex   1.010825e+02 4.794551e+01 -4.700000e+01
      vertex   1.009092e+02 4.817831e+01 -4.700000e+01
    endloop
  endfacet
  facet normal -0.000000e+00 0.000000e+00 -1.000000e+00
    outer loop
      vertex   1.025254e+02 4.860547e+01 -4.700000e+01
      vertex   1.009092e+02 4.817831e+01 -4.700000e+01
      vertex   1.025942e+02 4.953431e+01 -4.700000e+01
    endloop
  endfacet
  facet normal 0.000000e+00 0.000000e+00 -1.000000e+00
    outer loop
      vertex   1.025942e+02 4.953431e+01 -4.700000e+01
      vertex   1.009092e+02 4.817831e+01 -4.700000e+01
      vertex   1.006869e+02 4.836487e+01 -4.700000e+01
    endloop
  endfacet
  facet normal -0.000000e+00 0.000000e+00 -1.000000e+00
    outer loop
      vertex   1.025942e+02 4.953431e+01 -4.700000e+01
      vertex   1.006869e+02 4.836487e+01 -4.700000e+01
      vertex   1.004330e+02 4.975000e+01 -4.700000e+01
    endloop
  endfacet
  facet normal 0.000000e+00 -0.000000e+00 -1.000000e+00
    outer loop
      vertex   1.004330e+02 4.975000e+01 -4.700000e+01
      vertex   1.006869e+02 4.836487e+01 -4.700000e+01
      vertex   1.003536e+02 4.964645e+01 -4.700000e+01
    endloop
  endfacet
  facet normal 0.000000e+00 0.000000e+00 -1.000000e+00
    outer loop
      vertex   1.003536e+02 4.964645e+01 -4.700000e+01
      vertex   1.006869e+02 4.836487e+01 -4.700000e+01
      vertex   1.004275e+02 4.849512e+01 -4.700000e+01
    endloop
  endfacet
  facet normal 0.000000e+00 -0.000000e+00 -1.000000e+00
    outer loop
      vertex   1.003536e+02 4.964645e+01 -4.700000e+01
      vertex   1.004275e+02 4.849512e+01 -4.700000e+01
      vertex   1.002500e+02 4.956699e+01 -4.700000e+01
    endloop
  endfacet
  facet normal 0.000000e+00 -0.000000e+00 -1.000000e+00
    outer loop
      vertex   1.002500e+02 4.956699e+01 -4.700000e+01
      vertex   1.004275e+02 4.849512e+01 -4.700000e+01
      vertex   1.001451e+02 4.856206e+01 -4.700000e+01
    endloop
  endfacet
  facet normal 0.000000e+00 0.000000e+00 -1.000000e+00
    outer loop
      vertex   1.002500e+02 4.956699e+01 -4.700000e+01
      vertex   1.001451e+02 4.856206e+01 -4.700000e+01
      vertex   1.001294e+02 4.951704e+01 -4.700000e+01
    endloop
  endfacet
  facet normal 0.000000e+00 -0.000000e+00 -1.000000e+00
    outer loop
      vertex   1.001294e+02 4.951704e+01 -4.700000e+01
      vertex   1.001451e+02 4.856206e+01 -4.700000e+01
      vertex   1.000000e+02 4.950000e+01 -4.700000e+01
    endloop
  endfacet
  facet normal 0.000000e+00 -0.000000e+00 -1.000000e+00
    outer loop
      vertex   1.000000e+02 4.950000e+01 -4.700000e+01
      vertex   1.001451e+02 4.856206e+01 -4.700000e+01
      vertex   9.985488e+01 4.856206e+01 -4.700000e+01
    endloop
  endfacet
  facet normal -0.000000e+00 0.000000e+00 -1.000000e+00
    outer loop
      vertex   1.000000e+02 4.950000e+01 -4.700000e+01
      vertex   9.985488e+01 4.856206e+01 -4.700000e+01
      vertex   9.987059e+01 4.951704e+01 -4.700000e+01
    endloop
  endfacet
  facet normal -0.000000e+00 0.000000e+00 -1.000000e+00
    outer loop
      vertex   9.987059e+01 4.951704e+01 -4.700000e+01
      vertex   9.985488e+01 4.856206e+01 -4.700000e+01
      vertex   9.975000e+01 4.956699e+01 -4.700000e+01
    endloop
  endfacet
  facet normal 0.000000e+00 -0.000000e+00 -1.000000e+00
    outer loop
      vertex   9.975000e+01 4.956699e+01 -4.700000e+01
      vertex   9.985488e+01 4.856206e+01 -4.700000e+01
      vertex   9.957247e+01 4.849512e+01 -4.700000e+01
    endloop
  endfacet
  facet normal -0.000000e+00 0.000000e+00 -1.000000e+00
    outer loop
      vertex   9.975000e+01 4.956699e+01 -4.700000e+01
      vertex   9.957247e+01 4.849512e+01 -4.700000e+01
      vertex   9.964645e+01 4.964645e+01 -4.700000e+01
    endloop
  endfacet
  facet normal 0.000000e+00 0.000000e+00 -1.000000e+00
    outer loop
      vertex   9.964645e+01 4.964645e+01 -4.700000e+01
      vertex   9.957247e+01 4.849512e+01 -4.700000e+01
      vertex   9.931311e+01 4.836487e+01 -4.700000e+01
    endloop
  endfacet
  facet normal -0.000000e+00 0.000000e+00 -1.000000e+00
    outer loop
      vertex   9.964645e+01 4.964645e+01 -4.700000e+01
      vertex   9.931311e+01 4.836487e+01 -4.700000e+01
      vertex   9.956699e+01 4.975000e+01 -4.700000e+01
    endloop
  endfacet
  facet normal 0.000000e+00 0.000000e+00 -1.000000e+00
    outer loop
      vertex   9.956699e+01 4.975000e+01 -4.700000e+01
      vertex   9.931311e+01 4.836487e+01 -4.700000e+01
      vertex   9.909078e+01 4.817831e+01 -4.700000e+01
    endloop
  endfacet
  facet normal -0.000000e+00 0.000000e+00 -1.000000e+00
    outer loop
      vertex   9.956699e+01 4.975000e+01 -4.700000e+01
      vertex   9.909078e+01 4.817831e+01 -4.700000e+01
      vertex   9.951704e+01 4.987059e+01 -4.700000e+01
    endloop
  endfacet
  facet normal -0.000000e+00 0.000000e+00 -1.000000e+00
    outer loop
      vertex   9.951704e+01 4.987059e+01 -4.700000e+01
      vertex   9.909078e+01 4.817831e+01 -4.700000e+01
      vertex   9.950000e+01 5.000000e+01 -4.700000e+01
    endloop
  endfacet
  facet normal 0.000000e+00 0.000000e+00 -1.000000e+00
    outer loop
      vertex   9.950000e+01 5.000000e+01 -4.700000e+01
      vertex   9.909078e+01 4.817831e+01 -4.700000e+01
      vertex   9.891747e+01 4.794551e+01 -4.700000e+01
    endloop
  endfacet
  facet normal 0.000000e+00 0.000000e+00 -1.000000e+00
    outer loop
      vertex   9.267949e+01 4.125000e+01 -4.700000e+01
      vertex   9.614589e+01 4.310702e+01 -4.700000e+01
      vertex   9.296776e+01 4.121631e+01 -4.700000e+01
    endloop
  endfacet
  facet normal 0.000000e+00 0.000000e+00 -1.000000e+00
    outer loop
      vertex   9.296776e+01 4.121631e+01 -4.700000e+01
      vertex   9.614589e+01 4.310702e+01 -4.700000e+01
      vertex   9.607896e+01 4.282461e+01 -4.700000e+01
    endloop
  endfacet
  facet normal 0.000000e+00 0.000000e+00 -1.000000e+00
    outer loop
      vertex   9.296776e+01 4.121631e+01 -4.700000e+01
      vertex   9.607896e+01 4.282461e+01 -4.700000e+01
      vertex   9.324049e+01 4.111704e+01 -4.700000e+01
    endloop
  endfacet
  facet normal 0.000000e+00 0.000000e+00 -1.000000e+00
    outer loop
      vertex   9.324049e+01 4.111704e+01 -4.700000e+01
      vertex   9.607896e+01 4.282461e+01 -4.700000e+01
      vertex   9.607896e+01 4.253438e+01 -4.700000e+01
    endloop
  endfacet
  facet normal 0.000000e+00 0.000000e+00 -1.000000e+00
    outer loop
      vertex   9.324049e+01 4.111704e+01 -4.700000e+01
      vertex   9.607896e+01 4.253438e+01 -4.700000e+01
      vertex   9.348298e+01 4.095756e+01 -4.700000e+01
    endloop
  endfacet
  facet normal 0.000000e+00 0.000000e+00 -1.000000e+00
    outer loop
      vertex   9.348298e+01 4.095756e+01 -4.700000e+01
      vertex   9.607896e+01 4.253438e+01 -4.700000e+01
      vertex   9.614589e+01 4.225197e+01 -4.700000e+01
    endloop
  endfacet
  facet normal 0.000000e+00 0.000000e+00 -1.000000e+00
    outer loop
      vertex   9.348298e+01 4.095756e+01 -4.700000e+01
      vertex   9.614589e+01 4.225197e+01 -4.700000e+01
      vertex   9.368215e+01 4.074645e+01 -4.700000e+01
    endloop
  endfacet
  facet normal 0.000000e+00 0.000000e+00 -1.000000e+00
    outer loop
      vertex   9.368215e+01 4.074645e+01 -4.700000e+01
      vertex   9.614589e+01 4.225197e+01 -4.700000e+01
      vertex   9.627615e+01 4.199261e+01 -4.700000e+01
    endloop
  endfacet
  facet normal 0.000000e+00 0.000000e+00 -1.000000e+00
    outer loop
      vertex   9.368215e+01 4.074645e+01 -4.700000e+01
      vertex   9.627615e+01 4.199261e+01 -4.700000e+01
      vertex   9.382726e+01 4.049510e+01 -4.700000e+01
    endloop
  endfacet
  facet normal 0.000000e+00 0.000000e+00 -1.000000e+00
    outer loop
      vertex   9.382726e+01 4.049510e+01 -4.700000e+01
      vertex   9.627615e+01 4.199261e+01 -4.700000e+01
      vertex   9.646271e+01 4.177027e+01 -4.700000e+01
    endloop
  endfacet
  facet normal 0.000000e+00 0.000000e+00 -1.000000e+00
    outer loop
      vertex   8.794551e+01 4.108253e+01 -4.700000e+01
      vertex   9.187601e+01 4.095756e+01 -4.700000e+01
      vertex   8.817831e+01 4.090922e+01 -4.700000e+01
    endloop
  endfacet
  facet normal 0.000000e+00 0.000000e+00 -1.000000e+00
    outer loop
      vertex   8.817831e+01 4.090922e+01 -4.700000e+01
      vertex   9.187601e+01 4.095756e+01 -4.700000e+01
      vertex   9.167684e+01 4.074645e+01 -4.700000e+01
    endloop
  endfacet
  facet normal 0.000000e+00 0.000000e+00 -1.000000e+00
    outer loop
      vertex   8.817831e+01 4.090922e+01 -4.700000e+01
      vertex   9.167684e+01 4.074645e+01 -4.700000e+01
      vertex   8.836487e+01 4.068689e+01 -4.700000e+01
    endloop
  endfacet
  facet normal 0.000000e+00 0.000000e+00 -1.000000e+00
    outer loop
      vertex   8.836487e+01 4.068689e+01 -4.700000e+01
      vertex   9.167684e+01 4.074645e+01 -4.700000e+01
      vertex   9.153172e+01 4.049510e+01 -4.700000e+01
    endloop
  endfacet
  facet normal 0.000000e+00 0.000000e+00 -1.000000e+00
    outer loop
      vertex   8.836487e+01 4.068689e+01 -4.700000e+01
      vertex   9.153172e+01 4.049510e+01 -4.700000e+01
      vertex   8.849512e+01 4.042753e+01 -4.700000e+01
    endloop
  endfacet
  facet normal 0.000000e+00 0.000000e+00 -1.000000e+00
    outer loop
      vertex   8.849512e+01 4.042753e+01 -4.700000e+01
      vertex   9.153172e+01 4.049510e+01 -4.700000e+01
      vertex   9.144848e+01 4.021706e+01 -4.700000e+01
    endloop
  endfacet
  facet normal 0.000000e+00 0.000000e+00 -1.000000e+00
    outer loop
      vertex   8.849512e+01 4.042753e+01 -4.700000e+01
      vertex   9.144848e+01 4.021706e+01 -4.700000e+01
      vertex   8.856206e+01 4.014512e+01 -4.700000e+01
    endloop
  endfacet
  facet normal 0.000000e+00 0.000000e+00 -1.000000e+00
    outer loop
      vertex   8.856206e+01 4.014512e+01 -4.700000e+01
      vertex   9.144848e+01 4.021706e+01 -4.700000e+01
      vertex   9.143161e+01 3.992732e+01 -4.700000e+01
    endloop
  endfacet
  facet normal 0.000000e+00 0.000000e+00 -1.000000e+00
    outer loop
      vertex   8.856206e+01 4.014512e+01 -4.700000e+01
      vertex   9.143161e+01 3.992732e+01 -4.700000e+01
      vertex   8.856206e+01 3.985488e+01 -4.700000e+01
    endloop
  endfacet
  facet normal 0.000000e+00 0.000000e+00 -1.000000e+00
    outer loop
      vertex   8.856206e+01 3.985488e+01 -4.700000e+01
      vertex   9.143161e+01 3.992732e+01 -4.700000e+01
      vertex   9.148201e+01 3.964150e+01 -4.700000e+01
    endloop
  endfacet
  facet normal 0.000000e+00 -0.000000e+00 -1.000000e+00
    outer loop
      vertex   8.856206e+01 3.985488e+01 -4.700000e+01
      vertex   9.148201e+01 3.964150e+01 -4.700000e+01
      vertex   8.849512e+01 3.957247e+01 -4.700000e+01
    endloop
  endfacet
  facet normal 0.000000e+00 0.000000e+00 -1.000000e+00
    outer loop
      vertex   8.849512e+01 3.957247e+01 -4.700000e+01
      vertex   9.148201e+01 3.964150e+01 -4.700000e+01
      vertex   8.976711e+01 3.739939e+01 -4.700000e+01
    endloop
  endfacet
  facet normal 0.000000e+00 -0.000000e+00 -1.000000e+00
    outer loop
      vertex   8.849512e+01 3.957247e+01 -4.700000e+01
      vertex   8.976711e+01 3.739939e+01 -4.700000e+01
      vertex   8.836487e+01 3.931311e+01 -4.700000e+01
    endloop
  endfacet
  facet normal 0.000000e+00 0.000000e+00 -1.000000e+00
    outer loop
      vertex   8.836487e+01 3.931311e+01 -4.700000e+01
      vertex   8.976711e+01 3.739939e+01 -4.700000e+01
      vertex   8.883716e+01 3.745100e+01 -4.700000e+01
    endloop
  endfacet
  facet normal 0.000000e+00 -0.000000e+00 -1.000000e+00
    outer loop
      vertex   8.836487e+01 3.931311e+01 -4.700000e+01
      vertex   8.883716e+01 3.745100e+01 -4.700000e+01
      vertex   8.817831e+01 3.909078e+01 -4.700000e+01
    endloop
  endfacet
  facet normal 0.000000e+00 -0.000000e+00 -1.000000e+00
    outer loop
      vertex   8.817831e+01 3.909078e+01 -4.700000e+01
      vertex   8.883716e+01 3.745100e+01 -4.700000e+01
      vertex   8.794551e+01 3.891747e+01 -4.700000e+01
    endloop
  endfacet
  facet normal 0.000000e+00 -0.000000e+00 -1.000000e+00
    outer loop
      vertex   8.794551e+01 3.891747e+01 -4.700000e+01
      vertex   8.883716e+01 3.745100e+01 -4.700000e+01
      vertex   8.791356e+01 3.757115e+01 -4.700000e+01
    endloop
  endfacet
  facet normal 0.000000e+00 0.000000e+00 -1.000000e+00
    outer loop
      vertex   8.794551e+01 3.891747e+01 -4.700000e+01
      vertex   8.791356e+01 3.757115e+01 -4.700000e+01
      vertex   8.767901e+01 3.880251e+01 -4.700000e+01
    endloop
  endfacet
  facet normal 0.000000e+00 -0.000000e+00 -1.000000e+00
    outer loop
      vertex   8.767901e+01 3.880251e+01 -4.700000e+01
      vertex   8.791356e+01 3.757115e+01 -4.700000e+01
      vertex   8.739319e+01 3.875211e+01 -4.700000e+01
    endloop
  endfacet
  facet normal 0.000000e+00 -0.000000e+00 -1.000000e+00
    outer loop
      vertex   8.739319e+01 3.875211e+01 -4.700000e+01
      vertex   8.791356e+01 3.757115e+01 -4.700000e+01
      vertex   8.700136e+01 3.775918e+01 -4.700000e+01
    endloop
  endfacet
  facet normal -0.000000e+00 0.000000e+00 -1.000000e+00
    outer loop
      vertex   8.739319e+01 3.875211e+01 -4.700000e+01
      vertex   8.700136e+01 3.775918e+01 -4.700000e+01
      vertex   8.710345e+01 3.876899e+01 -4.700000e+01
    endloop
  endfacet
  facet normal -0.000000e+00 0.000000e+00 -1.000000e+00
    outer loop
      vertex   8.710345e+01 3.876899e+01 -4.700000e+01
      vertex   8.700136e+01 3.775918e+01 -4.700000e+01
      vertex   8.682541e+01 3.885223e+01 -4.700000e+01
    endloop
  endfacet
  facet normal 0.000000e+00 -0.000000e+00 -1.000000e+00
    outer loop
      vertex   8.682541e+01 3.885223e+01 -4.700000e+01
      vertex   8.700136e+01 3.775918e+01 -4.700000e+01
      vertex   8.610553e+01 3.801406e+01 -4.700000e+01
    endloop
  endfacet
  facet normal -0.000000e+00 0.000000e+00 -1.000000e+00
    outer loop
      vertex   8.682541e+01 3.885223e+01 -4.700000e+01
      vertex   8.610553e+01 3.801406e+01 -4.700000e+01
      vertex   8.657406e+01 3.899735e+01 -4.700000e+01
    endloop
  endfacet
  facet normal -0.000000e+00 0.000000e+00 -1.000000e+00
    outer loop
      vertex   8.657406e+01 3.899735e+01 -4.700000e+01
      vertex   8.610553e+01 3.801406e+01 -4.700000e+01
      vertex   8.636295e+01 3.919652e+01 -4.700000e+01
    endloop
  endfacet
  facet normal 0.000000e+00 0.000000e+00 -1.000000e+00
    outer loop
      vertex   8.636295e+01 3.919652e+01 -4.700000e+01
      vertex   8.610553e+01 3.801406e+01 -4.700000e+01
      vertex   8.523098e+01 3.833441e+01 -4.700000e+01
    endloop
  endfacet
  facet normal -0.000000e+00 0.000000e+00 -1.000000e+00
    outer loop
      vertex   8.636295e+01 3.919652e+01 -4.700000e+01
      vertex   8.523098e+01 3.833441e+01 -4.700000e+01
      vertex   8.620347e+01 3.943900e+01 -4.700000e+01
    endloop
  endfacet
  facet normal -0.000000e+00 0.000000e+00 -1.000000e+00
    outer loop
      vertex   8.620347e+01 3.943900e+01 -4.700000e+01
      vertex   8.523098e+01 3.833441e+01 -4.700000e+01
      vertex   8.610420e+01 3.971173e+01 -4.700000e+01
    endloop
  endfacet
  facet normal 0.000000e+00 0.000000e+00 -1.000000e+00
    outer loop
      vertex   8.610420e+01 3.971173e+01 -4.700000e+01
      vertex   8.523098e+01 3.833441e+01 -4.700000e+01
      vertex   8.438247e+01 3.871847e+01 -4.700000e+01
    endloop
  endfacet
  facet normal -0.000000e+00 0.000000e+00 -1.000000e+00
    outer loop
      vertex   8.610420e+01 3.971173e+01 -4.700000e+01
      vertex   8.438247e+01 3.871847e+01 -4.700000e+01
      vertex   8.607051e+01 4.000000e+01 -4.700000e+01
    endloop
  endfacet
  facet normal 0.000000e+00 0.000000e+00 -1.000000e+00
    outer loop
      vertex   8.607051e+01 4.000000e+01 -4.700000e+01
      vertex   8.438247e+01 3.871847e+01 -4.700000e+01
      vertex   8.356464e+01 3.916415e+01 -4.700000e+01
    endloop
  endfacet
  facet normal -0.000000e+00 0.000000e+00 -1.000000e+00
    outer loop
      vertex   8.607051e+01 4.000000e+01 -4.700000e+01
      vertex   8.356464e+01 3.916415e+01 -4.700000e+01
      vertex   8.610420e+01 4.028827e+01 -4.700000e+01
    endloop
  endfacet
  facet normal -0.000000e+00 0.000000e+00 -1.000000e+00
    outer loop
      vertex   8.610420e+01 4.028827e+01 -4.700000e+01
      vertex   8.356464e+01 3.916415e+01 -4.700000e+01
      vertex   8.348298e+01 4.172194e+01 -4.700000e+01
    endloop
  endfacet
  facet normal 0.000000e+00 0.000000e+00 -1.000000e+00
    outer loop
      vertex   8.610420e+01 4.028827e+01 -4.700000e+01
      vertex   8.348298e+01 4.172194e+01 -4.700000e+01
      vertex   8.368215e+01 4.193304e+01 -4.700000e+01
    endloop
  endfacet
  facet normal 0.000000e+00 -0.000000e+00 -1.000000e+00
    outer loop
      vertex   9.148201e+01 3.964150e+01 -4.700000e+01
      vertex   9.159696e+01 3.937500e+01 -4.700000e+01
      vertex   8.976711e+01 3.739939e+01 -4.700000e+01
    endloop
  endfacet
  facet normal 0.000000e+00 0.000000e+00 -1.000000e+00
    outer loop
      vertex   8.976711e+01 3.739939e+01 -4.700000e+01
      vertex   9.159696e+01 3.937500e+01 -4.700000e+01
      vertex   9.069834e+01 3.741660e+01 -4.700000e+01
    endloop
  endfacet
  facet normal 0.000000e+00 0.000000e+00 -1.000000e+00
    outer loop
      vertex   9.069834e+01 3.741660e+01 -4.700000e+01
      vertex   9.159696e+01 3.937500e+01 -4.700000e+01
      vertex   9.177027e+01 3.914220e+01 -4.700000e+01
    endloop
  endfacet
  facet normal 0.000000e+00 0.000000e+00 -1.000000e+00
    outer loop
      vertex   9.069834e+01 3.741660e+01 -4.700000e+01
      vertex   9.177027e+01 3.914220e+01 -4.700000e+01
      vertex   9.162575e+01 3.750254e+01 -4.700000e+01
    endloop
  endfacet
  facet normal 0.000000e+00 0.000000e+00 -1.000000e+00
    outer loop
      vertex   9.162575e+01 3.750254e+01 -4.700000e+01
      vertex   9.177027e+01 3.914220e+01 -4.700000e+01
      vertex   9.199261e+01 3.895564e+01 -4.700000e+01
    endloop
  endfacet
  facet normal 0.000000e+00 0.000000e+00 -1.000000e+00
    outer loop
      vertex   9.162575e+01 3.750254e+01 -4.700000e+01
      vertex   9.199261e+01 3.895564e+01 -4.700000e+01
      vertex   9.225197e+01 3.882538e+01 -4.700000e+01
    endloop
  endfacet
  facet normal 0.000000e+00 0.000000e+00 -1.000000e+00
    outer loop
      vertex   9.162575e+01 3.750254e+01 -4.700000e+01
      vertex   9.225197e+01 3.882538e+01 -4.700000e+01
      vertex   9.254428e+01 3.765673e+01 -4.700000e+01
    endloop
  endfacet
  facet normal 0.000000e+00 0.000000e+00 -1.000000e+00
    outer loop
      vertex   9.254428e+01 3.765673e+01 -4.700000e+01
      vertex   9.225197e+01 3.882538e+01 -4.700000e+01
      vertex   9.253438e+01 3.875845e+01 -4.700000e+01
    endloop
  endfacet
  facet normal 0.000000e+00 0.000000e+00 -1.000000e+00
    outer loop
      vertex   9.254428e+01 3.765673e+01 -4.700000e+01
      vertex   9.253438e+01 3.875845e+01 -4.700000e+01
      vertex   9.282461e+01 3.875845e+01 -4.700000e+01
    endloop
  endfacet
  facet normal 0.000000e+00 0.000000e+00 -1.000000e+00
    outer loop
      vertex   9.254428e+01 3.765673e+01 -4.700000e+01
      vertex   9.282461e+01 3.875845e+01 -4.700000e+01
      vertex   9.344891e+01 3.787834e+01 -4.700000e+01
    endloop
  endfacet
  facet normal 0.000000e+00 0.000000e+00 -1.000000e+00
    outer loop
      vertex   9.344891e+01 3.787834e+01 -4.700000e+01
      vertex   9.282461e+01 3.875845e+01 -4.700000e+01
      vertex   9.310702e+01 3.882538e+01 -4.700000e+01
    endloop
  endfacet
  facet normal 0.000000e+00 0.000000e+00 -1.000000e+00
    outer loop
      vertex   9.344891e+01 3.787834e+01 -4.700000e+01
      vertex   9.310702e+01 3.882538e+01 -4.700000e+01
      vertex   9.336638e+01 3.895564e+01 -4.700000e+01
    endloop
  endfacet
  facet normal 0.000000e+00 0.000000e+00 -1.000000e+00
    outer loop
      vertex   9.344891e+01 3.787834e+01 -4.700000e+01
      vertex   9.336638e+01 3.895564e+01 -4.700000e+01
      vertex   9.433471e+01 3.816615e+01 -4.700000e+01
    endloop
  endfacet
  facet normal 0.000000e+00 0.000000e+00 -1.000000e+00
    outer loop
      vertex   9.433471e+01 3.816615e+01 -4.700000e+01
      vertex   9.336638e+01 3.895564e+01 -4.700000e+01
      vertex   9.358871e+01 3.914220e+01 -4.700000e+01
    endloop
  endfacet
  facet normal 0.000000e+00 0.000000e+00 -1.000000e+00
    outer loop
      vertex   9.433471e+01 3.816615e+01 -4.700000e+01
      vertex   9.358871e+01 3.914220e+01 -4.700000e+01
      vertex   9.376202e+01 3.937500e+01 -4.700000e+01
    endloop
  endfacet
  facet normal 0.000000e+00 0.000000e+00 -1.000000e+00
    outer loop
      vertex   9.433471e+01 3.816615e+01 -4.700000e+01
      vertex   9.376202e+01 3.937500e+01 -4.700000e+01
      vertex   9.519683e+01 3.851860e+01 -4.700000e+01
    endloop
  endfacet
  facet normal 0.000000e+00 0.000000e+00 -1.000000e+00
    outer loop
      vertex   9.519683e+01 3.851860e+01 -4.700000e+01
      vertex   9.376202e+01 3.937500e+01 -4.700000e+01
      vertex   9.387698e+01 3.964150e+01 -4.700000e+01
    endloop
  endfacet
  facet normal 0.000000e+00 0.000000e+00 -1.000000e+00
    outer loop
      vertex   9.519683e+01 3.851860e+01 -4.700000e+01
      vertex   9.387698e+01 3.964150e+01 -4.700000e+01
      vertex   9.392738e+01 3.992732e+01 -4.700000e+01
    endloop
  endfacet
  facet normal 0.000000e+00 0.000000e+00 -1.000000e+00
    outer loop
      vertex   9.519683e+01 3.851860e+01 -4.700000e+01
      vertex   9.392738e+01 3.992732e+01 -4.700000e+01
      vertex   9.603057e+01 3.893375e+01 -4.700000e+01
    endloop
  endfacet
  facet normal 0.000000e+00 0.000000e+00 -1.000000e+00
    outer loop
      vertex   9.603057e+01 3.893375e+01 -4.700000e+01
      vertex   9.392738e+01 3.992732e+01 -4.700000e+01
      vertex   9.391050e+01 4.021706e+01 -4.700000e+01
    endloop
  endfacet
  facet normal 0.000000e+00 0.000000e+00 -1.000000e+00
    outer loop
      vertex   8.376202e+01 4.330449e+01 -4.700000e+01
      vertex   8.710345e+01 4.123101e+01 -4.700000e+01
      vertex   8.387698e+01 4.303800e+01 -4.700000e+01
    endloop
  endfacet
  facet normal 0.000000e+00 0.000000e+00 -1.000000e+00
    outer loop
      vertex   8.387698e+01 4.303800e+01 -4.700000e+01
      vertex   8.710345e+01 4.123101e+01 -4.700000e+01
      vertex   8.682541e+01 4.114777e+01 -4.700000e+01
    endloop
  endfacet
  facet normal 0.000000e+00 0.000000e+00 -1.000000e+00
    outer loop
      vertex   8.387698e+01 4.303800e+01 -4.700000e+01
      vertex   8.682541e+01 4.114777e+01 -4.700000e+01
      vertex   8.392738e+01 4.275217e+01 -4.700000e+01
    endloop
  endfacet
  facet normal 0.000000e+00 0.000000e+00 -1.000000e+00
    outer loop
      vertex   8.392738e+01 4.275217e+01 -4.700000e+01
      vertex   8.682541e+01 4.114777e+01 -4.700000e+01
      vertex   8.657406e+01 4.100265e+01 -4.700000e+01
    endloop
  endfacet
  facet normal 0.000000e+00 -0.000000e+00 -1.000000e+00
    outer loop
      vertex   8.392738e+01 4.275217e+01 -4.700000e+01
      vertex   8.657406e+01 4.100265e+01 -4.700000e+01
      vertex   8.391050e+01 4.246243e+01 -4.700000e+01
    endloop
  endfacet
  facet normal 0.000000e+00 0.000000e+00 -1.000000e+00
    outer loop
      vertex   8.391050e+01 4.246243e+01 -4.700000e+01
      vertex   8.657406e+01 4.100265e+01 -4.700000e+01
      vertex   8.636295e+01 4.080348e+01 -4.700000e+01
    endloop
  endfacet
  facet normal 0.000000e+00 -0.000000e+00 -1.000000e+00
    outer loop
      vertex   8.391050e+01 4.246243e+01 -4.700000e+01
      vertex   8.636295e+01 4.080348e+01 -4.700000e+01
      vertex   8.382726e+01 4.218439e+01 -4.700000e+01
    endloop
  endfacet
  facet normal 0.000000e+00 0.000000e+00 -1.000000e+00
    outer loop
      vertex   8.382726e+01 4.218439e+01 -4.700000e+01
      vertex   8.636295e+01 4.080348e+01 -4.700000e+01
      vertex   8.620347e+01 4.056100e+01 -4.700000e+01
    endloop
  endfacet
  facet normal 0.000000e+00 -0.000000e+00 -1.000000e+00
    outer loop
      vertex   8.382726e+01 4.218439e+01 -4.700000e+01
      vertex   8.620347e+01 4.056100e+01 -4.700000e+01
      vertex   8.368215e+01 4.193304e+01 -4.700000e+01
    endloop
  endfacet
  facet normal 0.000000e+00 0.000000e+00 -1.000000e+00
    outer loop
      vertex   8.368215e+01 4.193304e+01 -4.700000e+01
      vertex   8.620347e+01 4.056100e+01 -4.700000e+01
      vertex   8.610420e+01 4.028827e+01 -4.700000e+01
    endloop
  endfacet
  facet normal 0.000000e+00 -0.000000e+00 -1.000000e+00
    outer loop
      vertex   8.125000e+01 4.732051e+01 -4.700000e+01
      vertex   8.310702e+01 4.385411e+01 -4.700000e+01
      vertex   8.121631e+01 4.703224e+01 -4.700000e+01
    endloop
  endfacet
  facet normal 0.000000e+00 0.000000e+00 -1.000000e+00
    outer loop
      vertex   8.121631e+01 4.703224e+01 -4.700000e+01
      vertex   8.310702e+01 4.385411e+01 -4.700000e+01
      vertex   8.282461e+01 4.392104e+01 -4.700000e+01
    endloop
  endfacet
  facet normal 0.000000e+00 -0.000000e+00 -1.000000e+00
    outer loop
      vertex   8.121631e+01 4.703224e+01 -4.700000e+01
      vertex   8.282461e+01 4.392104e+01 -4.700000e+01
      vertex   8.111704e+01 4.675951e+01 -4.700000e+01
    endloop
  endfacet
  facet normal 0.000000e+00 0.000000e+00 -1.000000e+00
    outer loop
      vertex   8.111704e+01 4.675951e+01 -4.700000e+01
      vertex   8.282461e+01 4.392104e+01 -4.700000e+01
      vertex   8.253438e+01 4.392104e+01 -4.700000e+01
    endloop
  endfacet
  facet normal 0.000000e+00 -0.000000e+00 -1.000000e+00
    outer loop
      vertex   8.111704e+01 4.675951e+01 -4.700000e+01
      vertex   8.253438e+01 4.392104e+01 -4.700000e+01
      vertex   8.095756e+01 4.651702e+01 -4.700000e+01
    endloop
  endfacet
  facet normal 0.000000e+00 0.000000e+00 -1.000000e+00
    outer loop
      vertex   8.095756e+01 4.651702e+01 -4.700000e+01
      vertex   8.253438e+01 4.392104e+01 -4.700000e+01
      vertex   8.225197e+01 4.385411e+01 -4.700000e+01
    endloop
  endfacet
  facet normal 0.000000e+00 -0.000000e+00 -1.000000e+00
    outer loop
      vertex   8.095756e+01 4.651702e+01 -4.700000e+01
      vertex   8.225197e+01 4.385411e+01 -4.700000e+01
      vertex   8.074645e+01 4.631785e+01 -4.700000e+01
    endloop
  endfacet
  facet normal 0.000000e+00 0.000000e+00 -1.000000e+00
    outer loop
      vertex   8.074645e+01 4.631785e+01 -4.700000e+01
      vertex   8.225197e+01 4.385411e+01 -4.700000e+01
      vertex   8.199261e+01 4.372385e+01 -4.700000e+01
    endloop
  endfacet
  facet normal 0.000000e+00 -0.000000e+00 -1.000000e+00
    outer loop
      vertex   8.074645e+01 4.631785e+01 -4.700000e+01
      vertex   8.199261e+01 4.372385e+01 -4.700000e+01
      vertex   8.049510e+01 4.617274e+01 -4.700000e+01
    endloop
  endfacet
  facet normal 0.000000e+00 0.000000e+00 -1.000000e+00
    outer loop
      vertex   8.049510e+01 4.617274e+01 -4.700000e+01
      vertex   8.199261e+01 4.372385e+01 -4.700000e+01
      vertex   8.177027e+01 4.353729e+01 -4.700000e+01
    endloop
  endfacet
  facet normal 0.000000e+00 -0.000000e+00 -1.000000e+00
    outer loop
      vertex   8.049510e+01 4.617274e+01 -4.700000e+01
      vertex   8.177027e+01 4.353729e+01 -4.700000e+01
      vertex   8.021706e+01 4.608950e+01 -4.700000e+01
    endloop
  endfacet
  facet normal 0.000000e+00 -0.000000e+00 -1.000000e+00
    outer loop
      vertex   8.021706e+01 4.608950e+01 -4.700000e+01
      vertex   8.177027e+01 4.353729e+01 -4.700000e+01
      vertex   7.904708e+01 4.376597e+01 -4.700000e+01
    endloop
  endfacet
  facet normal 0.000000e+00 0.000000e+00 -1.000000e+00
    outer loop
      vertex   8.021706e+01 4.608950e+01 -4.700000e+01
      vertex   7.904708e+01 4.376597e+01 -4.700000e+01
      vertex   7.992732e+01 4.607262e+01 -4.700000e+01
    endloop
  endfacet
  facet normal 0.000000e+00 0.000000e+00 -1.000000e+00
    outer loop
      vertex   7.992732e+01 4.607262e+01 -4.700000e+01
      vertex   7.904708e+01 4.376597e+01 -4.700000e+01
      vertex   7.861659e+01 4.459190e+01 -4.700000e+01
    endloop
  endfacet
  facet normal -0.000000e+00 0.000000e+00 -1.000000e+00
    outer loop
      vertex   7.992732e+01 4.607262e+01 -4.700000e+01
      vertex   7.861659e+01 4.459190e+01 -4.700000e+01
      vertex   7.964150e+01 4.612302e+01 -4.700000e+01
    endloop
  endfacet
  facet normal -0.000000e+00 0.000000e+00 -1.000000e+00
    outer loop
      vertex   7.964150e+01 4.612302e+01 -4.700000e+01
      vertex   7.861659e+01 4.459190e+01 -4.700000e+01
      vertex   7.937500e+01 4.623798e+01 -4.700000e+01
    endloop
  endfacet
  facet normal 0.000000e+00 0.000000e+00 -1.000000e+00
    outer loop
      vertex   7.937500e+01 4.623798e+01 -4.700000e+01
      vertex   7.861659e+01 4.459190e+01 -4.700000e+01
      vertex   7.824827e+01 4.544736e+01 -4.700000e+01
    endloop
  endfacet
  facet normal -0.000000e+00 0.000000e+00 -1.000000e+00
    outer loop
      vertex   7.937500e+01 4.623798e+01 -4.700000e+01
      vertex   7.824827e+01 4.544736e+01 -4.700000e+01
      vertex   7.914220e+01 4.641129e+01 -4.700000e+01
    endloop
  endfacet
  facet normal 0.000000e+00 0.000000e+00 -1.000000e+00
    outer loop
      vertex   7.914220e+01 4.641129e+01 -4.700000e+01
      vertex   7.824827e+01 4.544736e+01 -4.700000e+01
      vertex   7.794414e+01 4.632768e+01 -4.700000e+01
    endloop
  endfacet
  facet normal -0.000000e+00 0.000000e+00 -1.000000e+00
    outer loop
      vertex   7.914220e+01 4.641129e+01 -4.700000e+01
      vertex   7.794414e+01 4.632768e+01 -4.700000e+01
      vertex   7.895564e+01 4.663362e+01 -4.700000e+01
    endloop
  endfacet
  facet normal -0.000000e+00 0.000000e+00 -1.000000e+00
    outer loop
      vertex   7.895564e+01 4.663362e+01 -4.700000e+01
      vertex   7.794414e+01 4.632768e+01 -4.700000e+01
      vertex   7.882538e+01 4.689298e+01 -4.700000e+01
    endloop
  endfacet
  facet normal -0.000000e+00 0.000000e+00 -1.000000e+00
    outer loop
      vertex   7.882538e+01 4.689298e+01 -4.700000e+01
      vertex   7.794414e+01 4.632768e+01 -4.700000e+01
      vertex   7.770586e+01 4.722807e+01 -4.700000e+01
    endloop
  endfacet
  facet normal 0.000000e+00 0.000000e+00 -1.000000e+00
    outer loop
      vertex   7.882538e+01 4.689298e+01 -4.700000e+01
      vertex   7.770586e+01 4.722807e+01 -4.700000e+01
      vertex   7.875845e+01 4.717539e+01 -4.700000e+01
    endloop
  endfacet
  facet normal 0.000000e+00 0.000000e+00 -1.000000e+00
    outer loop
      vertex   7.875845e+01 4.717539e+01 -4.700000e+01
      vertex   7.770586e+01 4.722807e+01 -4.700000e+01
      vertex   7.875845e+01 4.746562e+01 -4.700000e+01
    endloop
  endfacet
  facet normal -0.000000e+00 0.000000e+00 -1.000000e+00
    outer loop
      vertex   7.875845e+01 4.746562e+01 -4.700000e+01
      vertex   7.770586e+01 4.722807e+01 -4.700000e+01
      vertex   7.882538e+01 4.774803e+01 -4.700000e+01
    endloop
  endfacet
  facet normal -0.000000e+00 0.000000e+00 -1.000000e+00
    outer loop
      vertex   7.882538e+01 4.774803e+01 -4.700000e+01
      vertex   7.770586e+01 4.722807e+01 -4.700000e+01
      vertex   7.753471e+01 4.814359e+01 -4.700000e+01
    endloop
  endfacet
  facet normal 0.000000e+00 0.000000e+00 -1.000000e+00
    outer loop
      vertex   7.882538e+01 4.774803e+01 -4.700000e+01
      vertex   7.753471e+01 4.814359e+01 -4.700000e+01
      vertex   7.895564e+01 4.800739e+01 -4.700000e+01
    endloop
  endfacet
  facet normal 0.000000e+00 0.000000e+00 -1.000000e+00
    outer loop
      vertex   7.895564e+01 4.800739e+01 -4.700000e+01
      vertex   7.753471e+01 4.814359e+01 -4.700000e+01
      vertex   7.743165e+01 4.906925e+01 -4.700000e+01
    endloop
  endfacet
  facet normal 0.000000e+00 0.000000e+00 -1.000000e+00
    outer loop
      vertex   7.895564e+01 4.800739e+01 -4.700000e+01
      vertex   7.743165e+01 4.906925e+01 -4.700000e+01
      vertex   7.914220e+01 4.822973e+01 -4.700000e+01
    endloop
  endfacet
  facet normal 0.000000e+00 0.000000e+00 -1.000000e+00
    outer loop
      vertex   7.914220e+01 4.822973e+01 -4.700000e+01
      vertex   7.743165e+01 4.906925e+01 -4.700000e+01
      vertex   7.937500e+01 4.840304e+01 -4.700000e+01
    endloop
  endfacet
  facet normal 0.000000e+00 0.000000e+00 -1.000000e+00
    outer loop
      vertex   7.937500e+01 4.840304e+01 -4.700000e+01
      vertex   7.743165e+01 4.906925e+01 -4.700000e+01
      vertex   7.739724e+01 5.000000e+01 -4.700000e+01
    endloop
  endfacet
  facet normal 0.000000e+00 0.000000e+00 -1.000000e+00
    outer loop
      vertex   7.937500e+01 4.840304e+01 -4.700000e+01
      vertex   7.739724e+01 5.000000e+01 -4.700000e+01
      vertex   7.964150e+01 4.851799e+01 -4.700000e+01
    endloop
  endfacet
  facet normal -0.000000e+00 0.000000e+00 -1.000000e+00
    outer loop
      vertex   8.177027e+01 4.353729e+01 -4.700000e+01
      vertex   8.159696e+01 4.330449e+01 -4.700000e+01
      vertex   7.904708e+01 4.376597e+01 -4.700000e+01
    endloop
  endfacet
  facet normal 0.000000e+00 0.000000e+00 -1.000000e+00
    outer loop
      vertex   7.904708e+01 4.376597e+01 -4.700000e+01
      vertex   8.159696e+01 4.330449e+01 -4.700000e+01
      vertex   7.953739e+01 4.297409e+01 -4.700000e+01
    endloop
  endfacet
  facet normal 0.000000e+00 0.000000e+00 -1.000000e+00
    outer loop
      vertex   7.953739e+01 4.297409e+01 -4.700000e+01
      vertex   8.159696e+01 4.330449e+01 -4.700000e+01
      vertex   8.148201e+01 4.303800e+01 -4.700000e+01
    endloop
  endfacet
  facet normal 0.000000e+00 0.000000e+00 -1.000000e+00
    outer loop
      vertex   7.953739e+01 4.297409e+01 -4.700000e+01
      vertex   8.148201e+01 4.303800e+01 -4.700000e+01
      vertex   8.008484e+01 4.222059e+01 -4.700000e+01
    endloop
  endfacet
  facet normal 0.000000e+00 0.000000e+00 -1.000000e+00
    outer loop
      vertex   8.008484e+01 4.222059e+01 -4.700000e+01
      vertex   8.148201e+01 4.303800e+01 -4.700000e+01
      vertex   8.143161e+01 4.275217e+01 -4.700000e+01
    endloop
  endfacet
  facet normal 0.000000e+00 0.000000e+00 -1.000000e+00
    outer loop
      vertex   8.008484e+01 4.222059e+01 -4.700000e+01
      vertex   8.143161e+01 4.275217e+01 -4.700000e+01
      vertex   8.144848e+01 4.246243e+01 -4.700000e+01
    endloop
  endfacet
  facet normal 0.000000e+00 0.000000e+00 -1.000000e+00
    outer loop
      vertex   8.008484e+01 4.222059e+01 -4.700000e+01
      vertex   8.144848e+01 4.246243e+01 -4.700000e+01
      vertex   8.068645e+01 4.150957e+01 -4.700000e+01
    endloop
  endfacet
  facet normal 0.000000e+00 0.000000e+00 -1.000000e+00
    outer loop
      vertex   8.068645e+01 4.150957e+01 -4.700000e+01
      vertex   8.144848e+01 4.246243e+01 -4.700000e+01
      vertex   8.153172e+01 4.218439e+01 -4.700000e+01
    endloop
  endfacet
  facet normal 0.000000e+00 0.000000e+00 -1.000000e+00
    outer loop
      vertex   8.068645e+01 4.150957e+01 -4.700000e+01
      vertex   8.153172e+01 4.218439e+01 -4.700000e+01
      vertex   8.167684e+01 4.193304e+01 -4.700000e+01
    endloop
  endfacet
  facet normal 0.000000e+00 0.000000e+00 -1.000000e+00
    outer loop
      vertex   8.068645e+01 4.150957e+01 -4.700000e+01
      vertex   8.167684e+01 4.193304e+01 -4.700000e+01
      vertex   8.133892e+01 4.084493e+01 -4.700000e+01
    endloop
  endfacet
  facet normal 0.000000e+00 0.000000e+00 -1.000000e+00
    outer loop
      vertex   8.133892e+01 4.084493e+01 -4.700000e+01
      vertex   8.167684e+01 4.193304e+01 -4.700000e+01
      vertex   8.187601e+01 4.172194e+01 -4.700000e+01
    endloop
  endfacet
  facet normal 0.000000e+00 0.000000e+00 -1.000000e+00
    outer loop
      vertex   8.133892e+01 4.084493e+01 -4.700000e+01
      vertex   8.187601e+01 4.172194e+01 -4.700000e+01
      vertex   8.211849e+01 4.156245e+01 -4.700000e+01
    endloop
  endfacet
  facet normal 0.000000e+00 0.000000e+00 -1.000000e+00
    outer loop
      vertex   8.133892e+01 4.084493e+01 -4.700000e+01
      vertex   8.211849e+01 4.156245e+01 -4.700000e+01
      vertex   8.203870e+01 4.023029e+01 -4.700000e+01
    endloop
  endfacet
  facet normal 0.000000e+00 0.000000e+00 -1.000000e+00
    outer loop
      vertex   8.203870e+01 4.023029e+01 -4.700000e+01
      vertex   8.211849e+01 4.156245e+01 -4.700000e+01
      vertex   8.239122e+01 4.146319e+01 -4.700000e+01
    endloop
  endfacet
  facet normal 0.000000e+00 0.000000e+00 -1.000000e+00
    outer loop
      vertex   8.203870e+01 4.023029e+01 -4.700000e+01
      vertex   8.239122e+01 4.146319e+01 -4.700000e+01
      vertex   8.267949e+01 4.142949e+01 -4.700000e+01
    endloop
  endfacet
  facet normal 0.000000e+00 0.000000e+00 -1.000000e+00
    outer loop
      vertex   8.203870e+01 4.023029e+01 -4.700000e+01
      vertex   8.267949e+01 4.142949e+01 -4.700000e+01
      vertex   8.278196e+01 3.966901e+01 -4.700000e+01
    endloop
  endfacet
  facet normal 0.000000e+00 0.000000e+00 -1.000000e+00
    outer loop
      vertex   8.278196e+01 3.966901e+01 -4.700000e+01
      vertex   8.267949e+01 4.142949e+01 -4.700000e+01
      vertex   8.296776e+01 4.146319e+01 -4.700000e+01
    endloop
  endfacet
  facet normal 0.000000e+00 0.000000e+00 -1.000000e+00
    outer loop
      vertex   8.278196e+01 3.966901e+01 -4.700000e+01
      vertex   8.296776e+01 4.146319e+01 -4.700000e+01
      vertex   8.324049e+01 4.156245e+01 -4.700000e+01
    endloop
  endfacet
  facet normal 0.000000e+00 0.000000e+00 -1.000000e+00
    outer loop
      vertex   8.278196e+01 3.966901e+01 -4.700000e+01
      vertex   8.324049e+01 4.156245e+01 -4.700000e+01
      vertex   8.356464e+01 3.916415e+01 -4.700000e+01
    endloop
  endfacet
  facet normal 0.000000e+00 0.000000e+00 -1.000000e+00
    outer loop
      vertex   8.356464e+01 3.916415e+01 -4.700000e+01
      vertex   8.324049e+01 4.156245e+01 -4.700000e+01
      vertex   8.348298e+01 4.172194e+01 -4.700000e+01
    endloop
  endfacet
  facet normal 0.000000e+00 0.000000e+00 -1.000000e+00
    outer loop
      vertex   8.330449e+01 5.623798e+01 -4.700000e+01
      vertex   8.123101e+01 5.289655e+01 -4.700000e+01
      vertex   8.303800e+01 5.612302e+01 -4.700000e+01
    endloop
  endfacet
  facet normal 0.000000e+00 0.000000e+00 -1.000000e+00
    outer loop
      vertex   8.303800e+01 5.612302e+01 -4.700000e+01
      vertex   8.123101e+01 5.289655e+01 -4.700000e+01
      vertex   8.114777e+01 5.317459e+01 -4.700000e+01
    endloop
  endfacet
  facet normal 0.000000e+00 0.000000e+00 -1.000000e+00
    outer loop
      vertex   8.303800e+01 5.612302e+01 -4.700000e+01
      vertex   8.114777e+01 5.317459e+01 -4.700000e+01
      vertex   8.275217e+01 5.607262e+01 -4.700000e+01
    endloop
  endfacet
  facet normal 0.000000e+00 0.000000e+00 -1.000000e+00
    outer loop
      vertex   8.275217e+01 5.607262e+01 -4.700000e+01
      vertex   8.114777e+01 5.317459e+01 -4.700000e+01
      vertex   8.100265e+01 5.342594e+01 -4.700000e+01
    endloop
  endfacet
  facet normal -0.000000e+00 0.000000e+00 -1.000000e+00
    outer loop
      vertex   8.275217e+01 5.607262e+01 -4.700000e+01
      vertex   8.100265e+01 5.342594e+01 -4.700000e+01
      vertex   8.246243e+01 5.608950e+01 -4.700000e+01
    endloop
  endfacet
  facet normal 0.000000e+00 0.000000e+00 -1.000000e+00
    outer loop
      vertex   8.246243e+01 5.608950e+01 -4.700000e+01
      vertex   8.100265e+01 5.342594e+01 -4.700000e+01
      vertex   8.080348e+01 5.363705e+01 -4.700000e+01
    endloop
  endfacet
  facet normal -0.000000e+00 0.000000e+00 -1.000000e+00
    outer loop
      vertex   8.246243e+01 5.608950e+01 -4.700000e+01
      vertex   8.080348e+01 5.363705e+01 -4.700000e+01
      vertex   8.218439e+01 5.617274e+01 -4.700000e+01
    endloop
  endfacet
  facet normal 0.000000e+00 0.000000e+00 -1.000000e+00
    outer loop
      vertex   8.218439e+01 5.617274e+01 -4.700000e+01
      vertex   8.080348e+01 5.363705e+01 -4.700000e+01
      vertex   8.056100e+01 5.379653e+01 -4.700000e+01
    endloop
  endfacet
  facet normal -0.000000e+00 0.000000e+00 -1.000000e+00
    outer loop
      vertex   8.218439e+01 5.617274e+01 -4.700000e+01
      vertex   8.056100e+01 5.379653e+01 -4.700000e+01
      vertex   8.193304e+01 5.631785e+01 -4.700000e+01
    endloop
  endfacet
  facet normal 0.000000e+00 0.000000e+00 -1.000000e+00
    outer loop
      vertex   8.193304e+01 5.631785e+01 -4.700000e+01
      vertex   8.056100e+01 5.379653e+01 -4.700000e+01
      vertex   8.028827e+01 5.389580e+01 -4.700000e+01
    endloop
  endfacet
  facet normal -0.000000e+00 0.000000e+00 -1.000000e+00
    outer loop
      vertex   8.732051e+01 5.875000e+01 -4.700000e+01
      vertex   8.385411e+01 5.689298e+01 -4.700000e+01
      vertex   8.703224e+01 5.878369e+01 -4.700000e+01
    endloop
  endfacet
  facet normal 0.000000e+00 0.000000e+00 -1.000000e+00
    outer loop
      vertex   8.703224e+01 5.878369e+01 -4.700000e+01
      vertex   8.385411e+01 5.689298e+01 -4.700000e+01
      vertex   8.392104e+01 5.717539e+01 -4.700000e+01
    endloop
  endfacet
  facet normal -0.000000e+00 0.000000e+00 -1.000000e+00
    outer loop
      vertex   8.703224e+01 5.878369e+01 -4.700000e+01
      vertex   8.392104e+01 5.717539e+01 -4.700000e+01
      vertex   8.675951e+01 5.888296e+01 -4.700000e+01
    endloop
  endfacet
  facet normal 0.000000e+00 0.000000e+00 -1.000000e+00
    outer loop
      vertex   8.675951e+01 5.888296e+01 -4.700000e+01
      vertex   8.392104e+01 5.717539e+01 -4.700000e+01
      vertex   8.392104e+01 5.746562e+01 -4.700000e+01
    endloop
  endfacet
  facet normal -0.000000e+00 0.000000e+00 -1.000000e+00
    outer loop
      vertex   8.675951e+01 5.888296e+01 -4.700000e+01
      vertex   8.392104e+01 5.746562e+01 -4.700000e+01
      vertex   8.651702e+01 5.904244e+01 -4.700000e+01
    endloop
  endfacet
  facet normal 0.000000e+00 0.000000e+00 -1.000000e+00
    outer loop
      vertex   8.651702e+01 5.904244e+01 -4.700000e+01
      vertex   8.392104e+01 5.746562e+01 -4.700000e+01
      vertex   8.385411e+01 5.774803e+01 -4.700000e+01
    endloop
  endfacet
  facet normal -0.000000e+00 0.000000e+00 -1.000000e+00
    outer loop
      vertex   8.651702e+01 5.904244e+01 -4.700000e+01
      vertex   8.385411e+01 5.774803e+01 -4.700000e+01
      vertex   8.631785e+01 5.925355e+01 -4.700000e+01
    endloop
  endfacet
  facet normal 0.000000e+00 0.000000e+00 -1.000000e+00
    outer loop
      vertex   8.631785e+01 5.925355e+01 -4.700000e+01
      vertex   8.385411e+01 5.774803e+01 -4.700000e+01
      vertex   8.372385e+01 5.800739e+01 -4.700000e+01
    endloop
  endfacet
  facet normal -0.000000e+00 0.000000e+00 -1.000000e+00
    outer loop
      vertex   8.631785e+01 5.925355e+01 -4.700000e+01
      vertex   8.372385e+01 5.800739e+01 -4.700000e+01
      vertex   8.617274e+01 5.950490e+01 -4.700000e+01
    endloop
  endfacet
  facet normal 0.000000e+00 0.000000e+00 -1.000000e+00
    outer loop
      vertex   8.617274e+01 5.950490e+01 -4.700000e+01
      vertex   8.372385e+01 5.800739e+01 -4.700000e+01
      vertex   8.353729e+01 5.822973e+01 -4.700000e+01
    endloop
  endfacet
  facet normal -0.000000e+00 0.000000e+00 -1.000000e+00
    outer loop
      vertex   8.617274e+01 5.950490e+01 -4.700000e+01
      vertex   8.353729e+01 5.822973e+01 -4.700000e+01
      vertex   8.608950e+01 5.978294e+01 -4.700000e+01
    endloop
  endfacet
  facet normal -0.000000e+00 0.000000e+00 -1.000000e+00
    outer loop
      vertex   8.608950e+01 5.978294e+01 -4.700000e+01
      vertex   8.353729e+01 5.822973e+01 -4.700000e+01
      vertex   8.356464e+01 6.083585e+01 -4.700000e+01
    endloop
  endfacet
  facet normal 0.000000e+00 0.000000e+00 -1.000000e+00
    outer loop
      vertex   8.608950e+01 5.978294e+01 -4.700000e+01
      vertex   8.356464e+01 6.083585e+01 -4.700000e+01
      vertex   8.607262e+01 6.007268e+01 -4.700000e+01
    endloop
  endfacet
  facet normal 0.000000e+00 0.000000e+00 -1.000000e+00
    outer loop
      vertex   8.607262e+01 6.007268e+01 -4.700000e+01
      vertex   8.356464e+01 6.083585e+01 -4.700000e+01
      vertex   8.438247e+01 6.128153e+01 -4.700000e+01
    endloop
  endfacet
  facet normal 0.000000e+00 0.000000e+00 -1.000000e+00
    outer loop
      vertex   8.607262e+01 6.007268e+01 -4.700000e+01
      vertex   8.438247e+01 6.128153e+01 -4.700000e+01
      vertex   8.612302e+01 6.035850e+01 -4.700000e+01
    endloop
  endfacet
  facet normal 0.000000e+00 0.000000e+00 -1.000000e+00
    outer loop
      vertex   8.612302e+01 6.035850e+01 -4.700000e+01
      vertex   8.438247e+01 6.128153e+01 -4.700000e+01
      vertex   8.523098e+01 6.166559e+01 -4.700000e+01
    endloop
  endfacet
  facet normal 0.000000e+00 0.000000e+00 -1.000000e+00
    outer loop
      vertex   8.612302e+01 6.035850e+01 -4.700000e+01
      vertex   8.523098e+01 6.166559e+01 -4.700000e+01
      vertex   8.623798e+01 6.062500e+01 -4.700000e+01
    endloop
  endfacet
  facet normal 0.000000e+00 0.000000e+00 -1.000000e+00
    outer loop
      vertex   8.623798e+01 6.062500e+01 -4.700000e+01
      vertex   8.523098e+01 6.166559e+01 -4.700000e+01
      vertex   8.641129e+01 6.085780e+01 -4.700000e+01
    endloop
  endfacet
  facet normal 0.000000e+00 0.000000e+00 -1.000000e+00
    outer loop
      vertex   8.641129e+01 6.085780e+01 -4.700000e+01
      vertex   8.523098e+01 6.166559e+01 -4.700000e+01
      vertex   8.610553e+01 6.198594e+01 -4.700000e+01
    endloop
  endfacet
  facet normal 0.000000e+00 0.000000e+00 -1.000000e+00
    outer loop
      vertex   8.641129e+01 6.085780e+01 -4.700000e+01
      vertex   8.610553e+01 6.198594e+01 -4.700000e+01
      vertex   8.663362e+01 6.104436e+01 -4.700000e+01
    endloop
  endfacet
  facet normal 0.000000e+00 0.000000e+00 -1.000000e+00
    outer loop
      vertex   8.663362e+01 6.104436e+01 -4.700000e+01
      vertex   8.610553e+01 6.198594e+01 -4.700000e+01
      vertex   8.689298e+01 6.117462e+01 -4.700000e+01
    endloop
  endfacet
  facet normal 0.000000e+00 0.000000e+00 -1.000000e+00
    outer loop
      vertex   8.689298e+01 6.117462e+01 -4.700000e+01
      vertex   8.610553e+01 6.198594e+01 -4.700000e+01
      vertex   8.700136e+01 6.224082e+01 -4.700000e+01
    endloop
  endfacet
  facet normal 0.000000e+00 0.000000e+00 -1.000000e+00
    outer loop
      vertex   8.689298e+01 6.117462e+01 -4.700000e+01
      vertex   8.700136e+01 6.224082e+01 -4.700000e+01
      vertex   8.717539e+01 6.124155e+01 -4.700000e+01
    endloop
  endfacet
  facet normal 0.000000e+00 0.000000e+00 -1.000000e+00
    outer loop
      vertex   8.717539e+01 6.124155e+01 -4.700000e+01
      vertex   8.700136e+01 6.224082e+01 -4.700000e+01
      vertex   8.746562e+01 6.124155e+01 -4.700000e+01
    endloop
  endfacet
  facet normal 0.000000e+00 0.000000e+00 -1.000000e+00
    outer loop
      vertex   8.746562e+01 6.124155e+01 -4.700000e+01
      vertex   8.700136e+01 6.224082e+01 -4.700000e+01
      vertex   8.791356e+01 6.242885e+01 -4.700000e+01
    endloop
  endfacet
  facet normal 0.000000e+00 0.000000e+00 -1.000000e+00
    outer loop
      vertex   8.746562e+01 6.124155e+01 -4.700000e+01
      vertex   8.791356e+01 6.242885e+01 -4.700000e+01
      vertex   8.774803e+01 6.117462e+01 -4.700000e+01
    endloop
  endfacet
  facet normal 0.000000e+00 0.000000e+00 -1.000000e+00
    outer loop
      vertex   8.774803e+01 6.117462e+01 -4.700000e+01
      vertex   8.791356e+01 6.242885e+01 -4.700000e+01
      vertex   8.800739e+01 6.104436e+01 -4.700000e+01
    endloop
  endfacet
  facet normal 0.000000e+00 0.000000e+00 -1.000000e+00
    outer loop
      vertex   8.800739e+01 6.104436e+01 -4.700000e+01
      vertex   8.791356e+01 6.242885e+01 -4.700000e+01
      vertex   8.883716e+01 6.254900e+01 -4.700000e+01
    endloop
  endfacet
  facet normal 0.000000e+00 0.000000e+00 -1.000000e+00
    outer loop
      vertex   8.800739e+01 6.104436e+01 -4.700000e+01
      vertex   8.883716e+01 6.254900e+01 -4.700000e+01
      vertex   8.822973e+01 6.085780e+01 -4.700000e+01
    endloop
  endfacet
  facet normal 0.000000e+00 0.000000e+00 -1.000000e+00
    outer loop
      vertex   8.822973e+01 6.085780e+01 -4.700000e+01
      vertex   8.883716e+01 6.254900e+01 -4.700000e+01
      vertex   8.840304e+01 6.062500e+01 -4.700000e+01
    endloop
  endfacet
  facet normal 0.000000e+00 0.000000e+00 -1.000000e+00
    outer loop
      vertex   8.840304e+01 6.062500e+01 -4.700000e+01
      vertex   8.883716e+01 6.254900e+01 -4.700000e+01
      vertex   8.976711e+01 6.260061e+01 -4.700000e+01
    endloop
  endfacet
  facet normal 0.000000e+00 0.000000e+00 -1.000000e+00
    outer loop
      vertex   8.840304e+01 6.062500e+01 -4.700000e+01
      vertex   8.976711e+01 6.260061e+01 -4.700000e+01
      vertex   8.851799e+01 6.035850e+01 -4.700000e+01
    endloop
  endfacet
  facet normal 0.000000e+00 0.000000e+00 -1.000000e+00
    outer loop
      vertex   8.851799e+01 6.035850e+01 -4.700000e+01
      vertex   8.976711e+01 6.260061e+01 -4.700000e+01
      vertex   9.150488e+01 6.042753e+01 -4.700000e+01
    endloop
  endfacet
  facet normal 0.000000e+00 0.000000e+00 -1.000000e+00
    outer loop
      vertex   8.851799e+01 6.035850e+01 -4.700000e+01
      vertex   9.150488e+01 6.042753e+01 -4.700000e+01
      vertex   9.143794e+01 6.014512e+01 -4.700000e+01
    endloop
  endfacet
  facet normal 0.000000e+00 0.000000e+00 -1.000000e+00
    outer loop
      vertex   8.353729e+01 5.822973e+01 -4.700000e+01
      vertex   8.330449e+01 5.840304e+01 -4.700000e+01
      vertex   8.356464e+01 6.083585e+01 -4.700000e+01
    endloop
  endfacet
  facet normal 0.000000e+00 0.000000e+00 -1.000000e+00
    outer loop
      vertex   8.356464e+01 6.083585e+01 -4.700000e+01
      vertex   8.330449e+01 5.840304e+01 -4.700000e+01
      vertex   8.278196e+01 6.033099e+01 -4.700000e+01
    endloop
  endfacet
  facet normal 0.000000e+00 0.000000e+00 -1.000000e+00
    outer loop
      vertex   8.278196e+01 6.033099e+01 -4.700000e+01
      vertex   8.330449e+01 5.840304e+01 -4.700000e+01
      vertex   8.303800e+01 5.851799e+01 -4.700000e+01
    endloop
  endfacet
  facet normal 0.000000e+00 -0.000000e+00 -1.000000e+00
    outer loop
      vertex   8.278196e+01 6.033099e+01 -4.700000e+01
      vertex   8.303800e+01 5.851799e+01 -4.700000e+01
      vertex   8.275217e+01 5.856839e+01 -4.700000e+01
    endloop
  endfacet
  facet normal 0.000000e+00 0.000000e+00 -1.000000e+00
    outer loop
      vertex   8.278196e+01 6.033099e+01 -4.700000e+01
      vertex   8.275217e+01 5.856839e+01 -4.700000e+01
      vertex   8.203870e+01 5.976971e+01 -4.700000e+01
    endloop
  endfacet
  facet normal 0.000000e+00 0.000000e+00 -1.000000e+00
    outer loop
      vertex   8.203870e+01 5.976971e+01 -4.700000e+01
      vertex   8.275217e+01 5.856839e+01 -4.700000e+01
      vertex   8.246243e+01 5.855152e+01 -4.700000e+01
    endloop
  endfacet
  facet normal 0.000000e+00 0.000000e+00 -1.000000e+00
    outer loop
      vertex   8.203870e+01 5.976971e+01 -4.700000e+01
      vertex   8.246243e+01 5.855152e+01 -4.700000e+01
      vertex   8.218439e+01 5.846828e+01 -4.700000e+01
    endloop
  endfacet
  facet normal 0.000000e+00 -0.000000e+00 -1.000000e+00
    outer loop
      vertex   8.203870e+01 5.976971e+01 -4.700000e+01
      vertex   8.218439e+01 5.846828e+01 -4.700000e+01
      vertex   8.133892e+01 5.915507e+01 -4.700000e+01
    endloop
  endfacet
  facet normal 0.000000e+00 0.000000e+00 -1.000000e+00
    outer loop
      vertex   8.133892e+01 5.915507e+01 -4.700000e+01
      vertex   8.218439e+01 5.846828e+01 -4.700000e+01
      vertex   8.193304e+01 5.832316e+01 -4.700000e+01
    endloop
  endfacet
  facet normal 0.000000e+00 0.000000e+00 -1.000000e+00
    outer loop
      vertex   8.133892e+01 5.915507e+01 -4.700000e+01
      vertex   8.193304e+01 5.832316e+01 -4.700000e+01
      vertex   8.172194e+01 5.812399e+01 -4.700000e+01
    endloop
  endfacet
  facet normal 0.000000e+00 -0.000000e+00 -1.000000e+00
    outer loop
      vertex   8.133892e+01 5.915507e+01 -4.700000e+01
      vertex   8.172194e+01 5.812399e+01 -4.700000e+01
      vertex   8.068645e+01 5.849043e+01 -4.700000e+01
    endloop
  endfacet
  facet normal 0.000000e+00 0.000000e+00 -1.000000e+00
    outer loop
      vertex   8.068645e+01 5.849043e+01 -4.700000e+01
      vertex   8.172194e+01 5.812399e+01 -4.700000e+01
      vertex   8.156245e+01 5.788151e+01 -4.700000e+01
    endloop
  endfacet
  facet normal 0.000000e+00 0.000000e+00 -1.000000e+00
    outer loop
      vertex   8.068645e+01 5.849043e+01 -4.700000e+01
      vertex   8.156245e+01 5.788151e+01 -4.700000e+01
      vertex   8.146319e+01 5.760878e+01 -4.700000e+01
    endloop
  endfacet
  facet normal 0.000000e+00 -0.000000e+00 -1.000000e+00
    outer loop
      vertex   8.068645e+01 5.849043e+01 -4.700000e+01
      vertex   8.146319e+01 5.760878e+01 -4.700000e+01
      vertex   8.008484e+01 5.777941e+01 -4.700000e+01
    endloop
  endfacet
  facet normal 0.000000e+00 0.000000e+00 -1.000000e+00
    outer loop
      vertex   8.008484e+01 5.777941e+01 -4.700000e+01
      vertex   8.146319e+01 5.760878e+01 -4.700000e+01
      vertex   8.142949e+01 5.732051e+01 -4.700000e+01
    endloop
  endfacet
  facet normal 0.000000e+00 0.000000e+00 -1.000000e+00
    outer loop
      vertex   8.008484e+01 5.777941e+01 -4.700000e+01
      vertex   8.142949e+01 5.732051e+01 -4.700000e+01
      vertex   8.146319e+01 5.703224e+01 -4.700000e+01
    endloop
  endfacet
  facet normal 0.000000e+00 -0.000000e+00 -1.000000e+00
    outer loop
      vertex   8.008484e+01 5.777941e+01 -4.700000e+01
      vertex   8.146319e+01 5.703224e+01 -4.700000e+01
      vertex   7.953739e+01 5.702591e+01 -4.700000e+01
    endloop
  endfacet
  facet normal 0.000000e+00 0.000000e+00 -1.000000e+00
    outer loop
      vertex   7.953739e+01 5.702591e+01 -4.700000e+01
      vertex   8.146319e+01 5.703224e+01 -4.700000e+01
      vertex   8.156245e+01 5.675951e+01 -4.700000e+01
    endloop
  endfacet
  facet normal 0.000000e+00 -0.000000e+00 -1.000000e+00
    outer loop
      vertex   7.953739e+01 5.702591e+01 -4.700000e+01
      vertex   8.156245e+01 5.675951e+01 -4.700000e+01
      vertex   7.904708e+01 5.623403e+01 -4.700000e+01
    endloop
  endfacet
  facet normal 0.000000e+00 0.000000e+00 -1.000000e+00
    outer loop
      vertex   7.904708e+01 5.623403e+01 -4.700000e+01
      vertex   8.156245e+01 5.675951e+01 -4.700000e+01
      vertex   8.172194e+01 5.651702e+01 -4.700000e+01
    endloop
  endfacet
  facet normal 0.000000e+00 0.000000e+00 -1.000000e+00
    outer loop
      vertex   9.205449e+01 5.891747e+01 -4.700000e+01
      vertex   8.812399e+01 5.904244e+01 -4.700000e+01
      vertex   9.182169e+01 5.909078e+01 -4.700000e+01
    endloop
  endfacet
  facet normal -0.000000e+00 0.000000e+00 -1.000000e+00
    outer loop
      vertex   9.182169e+01 5.909078e+01 -4.700000e+01
      vertex   8.812399e+01 5.904244e+01 -4.700000e+01
      vertex   8.832316e+01 5.925355e+01 -4.700000e+01
    endloop
  endfacet
  facet normal 0.000000e+00 0.000000e+00 -1.000000e+00
    outer loop
      vertex   9.182169e+01 5.909078e+01 -4.700000e+01
      vertex   8.832316e+01 5.925355e+01 -4.700000e+01
      vertex   9.163513e+01 5.931311e+01 -4.700000e+01
    endloop
  endfacet
  facet normal -0.000000e+00 0.000000e+00 -1.000000e+00
    outer loop
      vertex   9.163513e+01 5.931311e+01 -4.700000e+01
      vertex   8.832316e+01 5.925355e+01 -4.700000e+01
      vertex   8.846828e+01 5.950490e+01 -4.700000e+01
    endloop
  endfacet
  facet normal 0.000000e+00 0.000000e+00 -1.000000e+00
    outer loop
      vertex   9.163513e+01 5.931311e+01 -4.700000e+01
      vertex   8.846828e+01 5.950490e+01 -4.700000e+01
      vertex   9.150488e+01 5.957247e+01 -4.700000e+01
    endloop
  endfacet
  facet normal -0.000000e+00 0.000000e+00 -1.000000e+00
    outer loop
      vertex   9.150488e+01 5.957247e+01 -4.700000e+01
      vertex   8.846828e+01 5.950490e+01 -4.700000e+01
      vertex   8.855152e+01 5.978294e+01 -4.700000e+01
    endloop
  endfacet
  facet normal 0.000000e+00 0.000000e+00 -1.000000e+00
    outer loop
      vertex   9.150488e+01 5.957247e+01 -4.700000e+01
      vertex   8.855152e+01 5.978294e+01 -4.700000e+01
      vertex   9.143794e+01 5.985488e+01 -4.700000e+01
    endloop
  endfacet
  facet normal -0.000000e+00 0.000000e+00 -1.000000e+00
    outer loop
      vertex   9.143794e+01 5.985488e+01 -4.700000e+01
      vertex   8.855152e+01 5.978294e+01 -4.700000e+01
      vertex   8.856839e+01 6.007268e+01 -4.700000e+01
    endloop
  endfacet
  facet normal 0.000000e+00 0.000000e+00 -1.000000e+00
    outer loop
      vertex   9.143794e+01 5.985488e+01 -4.700000e+01
      vertex   8.856839e+01 6.007268e+01 -4.700000e+01
      vertex   9.143794e+01 6.014512e+01 -4.700000e+01
    endloop
  endfacet
  facet normal -0.000000e+00 0.000000e+00 -1.000000e+00
    outer loop
      vertex   9.143794e+01 6.014512e+01 -4.700000e+01
      vertex   8.856839e+01 6.007268e+01 -4.700000e+01
      vertex   8.851799e+01 6.035850e+01 -4.700000e+01
    endloop
  endfacet
  facet normal 0.000000e+00 0.000000e+00 -1.000000e+00
    outer loop
      vertex   9.623798e+01 5.669551e+01 -4.700000e+01
      vertex   9.289655e+01 5.876899e+01 -4.700000e+01
      vertex   9.612302e+01 5.696200e+01 -4.700000e+01
    endloop
  endfacet
  facet normal 0.000000e+00 0.000000e+00 -1.000000e+00
    outer loop
      vertex   9.612302e+01 5.696200e+01 -4.700000e+01
      vertex   9.289655e+01 5.876899e+01 -4.700000e+01
      vertex   9.317459e+01 5.885223e+01 -4.700000e+01
    endloop
  endfacet
  facet normal 0.000000e+00 0.000000e+00 -1.000000e+00
    outer loop
      vertex   9.612302e+01 5.696200e+01 -4.700000e+01
      vertex   9.317459e+01 5.885223e+01 -4.700000e+01
      vertex   9.607262e+01 5.724783e+01 -4.700000e+01
    endloop
  endfacet
  facet normal 0.000000e+00 0.000000e+00 -1.000000e+00
    outer loop
      vertex   9.607262e+01 5.724783e+01 -4.700000e+01
      vertex   9.317459e+01 5.885223e+01 -4.700000e+01
      vertex   9.342594e+01 5.899735e+01 -4.700000e+01
    endloop
  endfacet
  facet normal 0.000000e+00 0.000000e+00 -1.000000e+00
    outer loop
      vertex   9.607262e+01 5.724783e+01 -4.700000e+01
      vertex   9.342594e+01 5.899735e+01 -4.700000e+01
      vertex   9.608950e+01 5.753757e+01 -4.700000e+01
    endloop
  endfacet
  facet normal 0.000000e+00 0.000000e+00 -1.000000e+00
    outer loop
      vertex   9.608950e+01 5.753757e+01 -4.700000e+01
      vertex   9.342594e+01 5.899735e+01 -4.700000e+01
      vertex   9.363705e+01 5.919652e+01 -4.700000e+01
    endloop
  endfacet
  facet normal 0.000000e+00 0.000000e+00 -1.000000e+00
    outer loop
      vertex   9.608950e+01 5.753757e+01 -4.700000e+01
      vertex   9.363705e+01 5.919652e+01 -4.700000e+01
      vertex   9.617274e+01 5.781561e+01 -4.700000e+01
    endloop
  endfacet
  facet normal 0.000000e+00 0.000000e+00 -1.000000e+00
    outer loop
      vertex   9.617274e+01 5.781561e+01 -4.700000e+01
      vertex   9.363705e+01 5.919652e+01 -4.700000e+01
      vertex   9.379653e+01 5.943900e+01 -4.700000e+01
    endloop
  endfacet
  facet normal 0.000000e+00 0.000000e+00 -1.000000e+00
    outer loop
      vertex   9.617274e+01 5.781561e+01 -4.700000e+01
      vertex   9.379653e+01 5.943900e+01 -4.700000e+01
      vertex   9.631785e+01 5.806696e+01 -4.700000e+01
    endloop
  endfacet
  facet normal 0.000000e+00 0.000000e+00 -1.000000e+00
    outer loop
      vertex   9.631785e+01 5.806696e+01 -4.700000e+01
      vertex   9.379653e+01 5.943900e+01 -4.700000e+01
      vertex   9.389580e+01 5.971173e+01 -4.700000e+01
    endloop
  endfacet
  facet normal 0.000000e+00 0.000000e+00 -1.000000e+00
    outer loop
      vertex   9.631785e+01 5.806696e+01 -4.700000e+01
      vertex   9.389580e+01 5.971173e+01 -4.700000e+01
      vertex   9.651702e+01 5.827806e+01 -4.700000e+01
    endloop
  endfacet
  facet normal 0.000000e+00 0.000000e+00 -1.000000e+00
    outer loop
      vertex   9.651702e+01 5.827806e+01 -4.700000e+01
      vertex   9.389580e+01 5.971173e+01 -4.700000e+01
      vertex   9.603057e+01 6.106625e+01 -4.700000e+01
    endloop
  endfacet
  facet normal 0.000000e+00 0.000000e+00 -1.000000e+00
    outer loop
      vertex   9.651702e+01 5.827806e+01 -4.700000e+01
      vertex   9.603057e+01 6.106625e+01 -4.700000e+01
      vertex   9.683137e+01 6.059066e+01 -4.700000e+01
    endloop
  endfacet
  facet normal 0.000000e+00 0.000000e+00 -1.000000e+00
    outer loop
      vertex   9.389580e+01 5.971173e+01 -4.700000e+01
      vertex   9.392949e+01 6.000000e+01 -4.700000e+01
      vertex   9.603057e+01 6.106625e+01 -4.700000e+01
    endloop
  endfacet
  facet normal 0.000000e+00 0.000000e+00 -1.000000e+00
    outer loop
      vertex   9.603057e+01 6.106625e+01 -4.700000e+01
      vertex   9.392949e+01 6.000000e+01 -4.700000e+01
      vertex   9.389580e+01 6.028827e+01 -4.700000e+01
    endloop
  endfacet
  facet normal -0.000000e+00 0.000000e+00 -1.000000e+00
    outer loop
      vertex   9.603057e+01 6.106625e+01 -4.700000e+01
      vertex   9.389580e+01 6.028827e+01 -4.700000e+01
      vertex   9.519683e+01 6.148140e+01 -4.700000e+01
    endloop
  endfacet
  facet normal 0.000000e+00 0.000000e+00 -1.000000e+00
    outer loop
      vertex   9.519683e+01 6.148140e+01 -4.700000e+01
      vertex   9.389580e+01 6.028827e+01 -4.700000e+01
      vertex   9.379653e+01 6.056100e+01 -4.700000e+01
    endloop
  endfacet
  facet normal -0.000000e+00 0.000000e+00 -1.000000e+00
    outer loop
      vertex   9.519683e+01 6.148140e+01 -4.700000e+01
      vertex   9.379653e+01 6.056100e+01 -4.700000e+01
      vertex   9.433471e+01 6.183385e+01 -4.700000e+01
    endloop
  endfacet
  facet normal 0.000000e+00 0.000000e+00 -1.000000e+00
    outer loop
      vertex   9.433471e+01 6.183385e+01 -4.700000e+01
      vertex   9.379653e+01 6.056100e+01 -4.700000e+01
      vertex   9.363705e+01 6.080348e+01 -4.700000e+01
    endloop
  endfacet
  facet normal 0.000000e+00 0.000000e+00 -1.000000e+00
    outer loop
      vertex   9.433471e+01 6.183385e+01 -4.700000e+01
      vertex   9.363705e+01 6.080348e+01 -4.700000e+01
      vertex   9.342594e+01 6.100265e+01 -4.700000e+01
    endloop
  endfacet
  facet normal -0.000000e+00 0.000000e+00 -1.000000e+00
    outer loop
      vertex   9.433471e+01 6.183385e+01 -4.700000e+01
      vertex   9.342594e+01 6.100265e+01 -4.700000e+01
      vertex   9.344891e+01 6.212166e+01 -4.700000e+01
    endloop
  endfacet
  facet normal 0.000000e+00 0.000000e+00 -1.000000e+00
    outer loop
      vertex   9.344891e+01 6.212166e+01 -4.700000e+01
      vertex   9.342594e+01 6.100265e+01 -4.700000e+01
      vertex   9.317459e+01 6.114777e+01 -4.700000e+01
    endloop
  endfacet
  facet normal 0.000000e+00 0.000000e+00 -1.000000e+00
    outer loop
      vertex   9.344891e+01 6.212166e+01 -4.700000e+01
      vertex   9.317459e+01 6.114777e+01 -4.700000e+01
      vertex   9.289655e+01 6.123101e+01 -4.700000e+01
    endloop
  endfacet
  facet normal -0.000000e+00 0.000000e+00 -1.000000e+00
    outer loop
      vertex   9.344891e+01 6.212166e+01 -4.700000e+01
      vertex   9.289655e+01 6.123101e+01 -4.700000e+01
      vertex   9.254428e+01 6.234327e+01 -4.700000e+01
    endloop
  endfacet
  facet normal 0.000000e+00 0.000000e+00 -1.000000e+00
    outer loop
      vertex   9.254428e+01 6.234327e+01 -4.700000e+01
      vertex   9.289655e+01 6.123101e+01 -4.700000e+01
      vertex   9.260681e+01 6.124789e+01 -4.700000e+01
    endloop
  endfacet
  facet normal 0.000000e+00 -0.000000e+00 -1.000000e+00
    outer loop
      vertex   9.254428e+01 6.234327e+01 -4.700000e+01
      vertex   9.260681e+01 6.124789e+01 -4.700000e+01
      vertex   9.232099e+01 6.119749e+01 -4.700000e+01
    endloop
  endfacet
  facet normal -0.000000e+00 0.000000e+00 -1.000000e+00
    outer loop
      vertex   9.254428e+01 6.234327e+01 -4.700000e+01
      vertex   9.232099e+01 6.119749e+01 -4.700000e+01
      vertex   9.162575e+01 6.249746e+01 -4.700000e+01
    endloop
  endfacet
  facet normal 0.000000e+00 0.000000e+00 -1.000000e+00
    outer loop
      vertex   9.162575e+01 6.249746e+01 -4.700000e+01
      vertex   9.232099e+01 6.119749e+01 -4.700000e+01
      vertex   9.205449e+01 6.108253e+01 -4.700000e+01
    endloop
  endfacet
  facet normal 0.000000e+00 0.000000e+00 -1.000000e+00
    outer loop
      vertex   9.162575e+01 6.249746e+01 -4.700000e+01
      vertex   9.205449e+01 6.108253e+01 -4.700000e+01
      vertex   9.182169e+01 6.090922e+01 -4.700000e+01
    endloop
  endfacet
  facet normal -0.000000e+00 -0.000000e+00 -1.000000e+00
    outer loop
      vertex   9.162575e+01 6.249746e+01 -4.700000e+01
      vertex   9.182169e+01 6.090922e+01 -4.700000e+01
      vertex   9.069834e+01 6.258340e+01 -4.700000e+01
    endloop
  endfacet
  facet normal 0.000000e+00 0.000000e+00 -1.000000e+00
    outer loop
      vertex   9.069834e+01 6.258340e+01 -4.700000e+01
      vertex   9.182169e+01 6.090922e+01 -4.700000e+01
      vertex   9.163513e+01 6.068689e+01 -4.700000e+01
    endloop
  endfacet
  facet normal 0.000000e+00 0.000000e+00 -1.000000e+00
    outer loop
      vertex   9.069834e+01 6.258340e+01 -4.700000e+01
      vertex   9.163513e+01 6.068689e+01 -4.700000e+01
      vertex   9.150488e+01 6.042753e+01 -4.700000e+01
    endloop
  endfacet
  facet normal 0.000000e+00 0.000000e+00 -1.000000e+00
    outer loop
      vertex   9.875000e+01 5.267949e+01 -4.700000e+01
      vertex   9.689298e+01 5.614589e+01 -4.700000e+01
      vertex   9.878369e+01 5.296776e+01 -4.700000e+01
    endloop
  endfacet
  facet normal 0.000000e+00 0.000000e+00 -1.000000e+00
    outer loop
      vertex   9.878369e+01 5.296776e+01 -4.700000e+01
      vertex   9.689298e+01 5.614589e+01 -4.700000e+01
      vertex   9.717539e+01 5.607896e+01 -4.700000e+01
    endloop
  endfacet
  facet normal 0.000000e+00 0.000000e+00 -1.000000e+00
    outer loop
      vertex   9.878369e+01 5.296776e+01 -4.700000e+01
      vertex   9.717539e+01 5.607896e+01 -4.700000e+01
      vertex   9.888296e+01 5.324049e+01 -4.700000e+01
    endloop
  endfacet
  facet normal 0.000000e+00 0.000000e+00 -1.000000e+00
    outer loop
      vertex   9.888296e+01 5.324049e+01 -4.700000e+01
      vertex   9.717539e+01 5.607896e+01 -4.700000e+01
      vertex   9.746562e+01 5.607896e+01 -4.700000e+01
    endloop
  endfacet
  facet normal 0.000000e+00 0.000000e+00 -1.000000e+00
    outer loop
      vertex   9.888296e+01 5.324049e+01 -4.700000e+01
      vertex   9.746562e+01 5.607896e+01 -4.700000e+01
      vertex   9.904244e+01 5.348298e+01 -4.700000e+01
    endloop
  endfacet
  facet normal 0.000000e+00 0.000000e+00 -1.000000e+00
    outer loop
      vertex   9.904244e+01 5.348298e+01 -4.700000e+01
      vertex   9.746562e+01 5.607896e+01 -4.700000e+01
      vertex   9.774803e+01 5.614589e+01 -4.700000e+01
    endloop
  endfacet
  facet normal 0.000000e+00 0.000000e+00 -1.000000e+00
    outer loop
      vertex   9.904244e+01 5.348298e+01 -4.700000e+01
      vertex   9.774803e+01 5.614589e+01 -4.700000e+01
      vertex   9.925355e+01 5.368215e+01 -4.700000e+01
    endloop
  endfacet
  facet normal 0.000000e+00 0.000000e+00 -1.000000e+00
    outer loop
      vertex   9.925355e+01 5.368215e+01 -4.700000e+01
      vertex   9.774803e+01 5.614589e+01 -4.700000e+01
      vertex   9.800739e+01 5.627615e+01 -4.700000e+01
    endloop
  endfacet
  facet normal 0.000000e+00 0.000000e+00 -1.000000e+00
    outer loop
      vertex   9.925355e+01 5.368215e+01 -4.700000e+01
      vertex   9.800739e+01 5.627615e+01 -4.700000e+01
      vertex   9.950490e+01 5.382726e+01 -4.700000e+01
    endloop
  endfacet
  facet normal 0.000000e+00 0.000000e+00 -1.000000e+00
    outer loop
      vertex   9.950490e+01 5.382726e+01 -4.700000e+01
      vertex   9.800739e+01 5.627615e+01 -4.700000e+01
      vertex   9.822973e+01 5.646271e+01 -4.700000e+01
    endloop
  endfacet
  facet normal 0.000000e+00 0.000000e+00 -1.000000e+00
    outer loop
      vertex   9.950490e+01 5.382726e+01 -4.700000e+01
      vertex   9.822973e+01 5.646271e+01 -4.700000e+01
      vertex   9.978294e+01 5.391050e+01 -4.700000e+01
    endloop
  endfacet
  facet normal 0.000000e+00 0.000000e+00 -1.000000e+00
    outer loop
      vertex   9.978294e+01 5.391050e+01 -4.700000e+01
      vertex   9.822973e+01 5.646271e+01 -4.700000e+01
      vertex   1.007151e+02 5.663450e+01 -4.700000e+01
    endloop
  endfacet
  facet normal 0.000000e+00 0.000000e+00 -1.000000e+00
    outer loop
      vertex   9.978294e+01 5.391050e+01 -4.700000e+01
      vertex   1.007151e+02 5.663450e+01 -4.700000e+01
      vertex   1.011758e+02 5.582505e+01 -4.700000e+01
    endloop
  endfacet
  facet normal 0.000000e+00 0.000000e+00 -1.000000e+00
    outer loop
      vertex   9.822973e+01 5.646271e+01 -4.700000e+01
      vertex   9.840304e+01 5.669551e+01 -4.700000e+01
      vertex   1.007151e+02 5.663450e+01 -4.700000e+01
    endloop
  endfacet
  facet normal 0.000000e+00 0.000000e+00 -1.000000e+00
    outer loop
      vertex   1.007151e+02 5.663450e+01 -4.700000e+01
      vertex   9.840304e+01 5.669551e+01 -4.700000e+01
      vertex   9.851799e+01 5.696200e+01 -4.700000e+01
    endloop
  endfacet
  facet normal 0.000000e+00 0.000000e+00 -1.000000e+00
    outer loop
      vertex   1.007151e+02 5.663450e+01 -4.700000e+01
      vertex   9.851799e+01 5.696200e+01 -4.700000e+01
      vertex   1.001958e+02 5.740772e+01 -4.700000e+01
    endloop
  endfacet
  facet normal 0.000000e+00 0.000000e+00 -1.000000e+00
    outer loop
      vertex   1.001958e+02 5.740772e+01 -4.700000e+01
      vertex   9.851799e+01 5.696200e+01 -4.700000e+01
      vertex   9.856839e+01 5.724783e+01 -4.700000e+01
    endloop
  endfacet
  facet normal -0.000000e+00 0.000000e+00 -1.000000e+00
    outer loop
      vertex   1.001958e+02 5.740772e+01 -4.700000e+01
      vertex   9.856839e+01 5.724783e+01 -4.700000e+01
      vertex   9.962093e+01 5.814048e+01 -4.700000e+01
    endloop
  endfacet
  facet normal 0.000000e+00 0.000000e+00 -1.000000e+00
    outer loop
      vertex   9.962093e+01 5.814048e+01 -4.700000e+01
      vertex   9.856839e+01 5.724783e+01 -4.700000e+01
      vertex   9.855152e+01 5.753757e+01 -4.700000e+01
    endloop
  endfacet
  facet normal 0.000000e+00 0.000000e+00 -1.000000e+00
    outer loop
      vertex   9.962093e+01 5.814048e+01 -4.700000e+01
      vertex   9.855152e+01 5.753757e+01 -4.700000e+01
      vertex   9.846828e+01 5.781561e+01 -4.700000e+01
    endloop
  endfacet
  facet normal -0.000000e+00 0.000000e+00 -1.000000e+00
    outer loop
      vertex   9.962093e+01 5.814048e+01 -4.700000e+01
      vertex   9.846828e+01 5.781561e+01 -4.700000e+01
      vertex   9.899346e+01 5.882878e+01 -4.700000e+01
    endloop
  endfacet
  facet normal 0.000000e+00 0.000000e+00 -1.000000e+00
    outer loop
      vertex   9.899346e+01 5.882878e+01 -4.700000e+01
      vertex   9.846828e+01 5.781561e+01 -4.700000e+01
      vertex   9.832316e+01 5.806696e+01 -4.700000e+01
    endloop
  endfacet
  facet normal 0.000000e+00 0.000000e+00 -1.000000e+00
    outer loop
      vertex   9.899346e+01 5.882878e+01 -4.700000e+01
      vertex   9.832316e+01 5.806696e+01 -4.700000e+01
      vertex   9.812399e+01 5.827806e+01 -4.700000e+01
    endloop
  endfacet
  facet normal -0.000000e+00 0.000000e+00 -1.000000e+00
    outer loop
      vertex   9.899346e+01 5.882878e+01 -4.700000e+01
      vertex   9.812399e+01 5.827806e+01 -4.700000e+01
      vertex   9.831687e+01 5.946886e+01 -4.700000e+01
    endloop
  endfacet
  facet normal 0.000000e+00 0.000000e+00 -1.000000e+00
    outer loop
      vertex   9.831687e+01 5.946886e+01 -4.700000e+01
      vertex   9.812399e+01 5.827806e+01 -4.700000e+01
      vertex   9.788151e+01 5.843755e+01 -4.700000e+01
    endloop
  endfacet
  facet normal 0.000000e+00 0.000000e+00 -1.000000e+00
    outer loop
      vertex   9.831687e+01 5.946886e+01 -4.700000e+01
      vertex   9.788151e+01 5.843755e+01 -4.700000e+01
      vertex   9.760878e+01 5.853681e+01 -4.700000e+01
    endloop
  endfacet
  facet normal -0.000000e+00 0.000000e+00 -1.000000e+00
    outer loop
      vertex   9.831687e+01 5.946886e+01 -4.700000e+01
      vertex   9.760878e+01 5.853681e+01 -4.700000e+01
      vertex   9.759486e+01 6.005722e+01 -4.700000e+01
    endloop
  endfacet
  facet normal 0.000000e+00 -0.000000e+00 -1.000000e+00
    outer loop
      vertex   9.759486e+01 6.005722e+01 -4.700000e+01
      vertex   9.760878e+01 5.853681e+01 -4.700000e+01
      vertex   9.732051e+01 5.857051e+01 -4.700000e+01
    endloop
  endfacet
  facet normal 0.000000e+00 0.000000e+00 -1.000000e+00
    outer loop
      vertex   9.759486e+01 6.005722e+01 -4.700000e+01
      vertex   9.732051e+01 5.857051e+01 -4.700000e+01
      vertex   9.703224e+01 5.853681e+01 -4.700000e+01
    endloop
  endfacet
  facet normal -0.000000e+00 0.000000e+00 -1.000000e+00
    outer loop
      vertex   9.759486e+01 6.005722e+01 -4.700000e+01
      vertex   9.703224e+01 5.853681e+01 -4.700000e+01
      vertex   9.683137e+01 6.059066e+01 -4.700000e+01
    endloop
  endfacet
  facet normal 0.000000e+00 -0.000000e+00 -1.000000e+00
    outer loop
      vertex   9.683137e+01 6.059066e+01 -4.700000e+01
      vertex   9.703224e+01 5.853681e+01 -4.700000e+01
      vertex   9.675951e+01 5.843755e+01 -4.700000e+01
    endloop
  endfacet
  facet normal 0.000000e+00 0.000000e+00 -1.000000e+00
    outer loop
      vertex   9.683137e+01 6.059066e+01 -4.700000e+01
      vertex   9.675951e+01 5.843755e+01 -4.700000e+01
      vertex   9.651702e+01 5.827806e+01 -4.700000e+01
    endloop
  endfacet
  facet normal 0.000000e+00 0.000000e+00 -1.000000e+00
    outer loop
      vertex   9.950000e+01 5.000000e+01 -4.700000e+01
      vertex   9.904244e+01 5.187601e+01 -4.700000e+01
      vertex   9.951704e+01 5.012941e+01 -4.700000e+01
    endloop
  endfacet
  facet normal 0.000000e+00 0.000000e+00 -1.000000e+00
    outer loop
      vertex   9.951704e+01 5.012941e+01 -4.700000e+01
      vertex   9.904244e+01 5.187601e+01 -4.700000e+01
      vertex   9.925355e+01 5.167684e+01 -4.700000e+01
    endloop
  endfacet
  facet normal 0.000000e+00 0.000000e+00 -1.000000e+00
    outer loop
      vertex   9.951704e+01 5.012941e+01 -4.700000e+01
      vertex   9.925355e+01 5.167684e+01 -4.700000e+01
      vertex   9.956699e+01 5.025000e+01 -4.700000e+01
    endloop
  endfacet
  facet normal 0.000000e+00 0.000000e+00 -1.000000e+00
    outer loop
      vertex   9.956699e+01 5.025000e+01 -4.700000e+01
      vertex   9.925355e+01 5.167684e+01 -4.700000e+01
      vertex   9.964645e+01 5.035355e+01 -4.700000e+01
    endloop
  endfacet
  facet normal 0.000000e+00 0.000000e+00 -1.000000e+00
    outer loop
      vertex   9.964645e+01 5.035355e+01 -4.700000e+01
      vertex   9.925355e+01 5.167684e+01 -4.700000e+01
      vertex   9.950490e+01 5.153172e+01 -4.700000e+01
    endloop
  endfacet
  facet normal 0.000000e+00 0.000000e+00 -1.000000e+00
    outer loop
      vertex   9.964645e+01 5.035355e+01 -4.700000e+01
      vertex   9.950490e+01 5.153172e+01 -4.700000e+01
      vertex   9.975000e+01 5.043301e+01 -4.700000e+01
    endloop
  endfacet
  facet normal 0.000000e+00 0.000000e+00 -1.000000e+00
    outer loop
      vertex   9.975000e+01 5.043301e+01 -4.700000e+01
      vertex   9.950490e+01 5.153172e+01 -4.700000e+01
      vertex   9.978294e+01 5.144848e+01 -4.700000e+01
    endloop
  endfacet
  facet normal 0.000000e+00 0.000000e+00 -1.000000e+00
    outer loop
      vertex   9.975000e+01 5.043301e+01 -4.700000e+01
      vertex   9.978294e+01 5.144848e+01 -4.700000e+01
      vertex   9.987059e+01 5.048296e+01 -4.700000e+01
    endloop
  endfacet
  facet normal 0.000000e+00 0.000000e+00 -1.000000e+00
    outer loop
      vertex   9.987059e+01 5.048296e+01 -4.700000e+01
      vertex   9.978294e+01 5.144848e+01 -4.700000e+01
      vertex   1.000000e+02 5.050000e+01 -4.700000e+01
    endloop
  endfacet
  facet normal 0.000000e+00 0.000000e+00 -1.000000e+00
    outer loop
      vertex   1.000000e+02 5.050000e+01 -4.700000e+01
      vertex   9.978294e+01 5.144848e+01 -4.700000e+01
      vertex   1.000727e+02 5.143161e+01 -4.700000e+01
    endloop
  endfacet
  facet normal 0.000000e+00 0.000000e+00 -1.000000e+00
    outer loop
      vertex   1.000000e+02 5.050000e+01 -4.700000e+01
      vertex   1.000727e+02 5.143161e+01 -4.700000e+01
      vertex   1.001294e+02 5.048296e+01 -4.700000e+01
    endloop
  endfacet
  facet normal 0.000000e+00 0.000000e+00 -1.000000e+00
    outer loop
      vertex   1.001294e+02 5.048296e+01 -4.700000e+01
      vertex   1.000727e+02 5.143161e+01 -4.700000e+01
      vertex   1.003585e+02 5.148201e+01 -4.700000e+01
    endloop
  endfacet
  facet normal 0.000000e+00 0.000000e+00 -1.000000e+00
    outer loop
      vertex   1.001294e+02 5.048296e+01 -4.700000e+01
      vertex   1.003585e+02 5.148201e+01 -4.700000e+01
      vertex   1.002500e+02 5.043301e+01 -4.700000e+01
    endloop
  endfacet
  facet normal 0.000000e+00 0.000000e+00 -1.000000e+00
    outer loop
      vertex   1.002500e+02 5.043301e+01 -4.700000e+01
      vertex   1.003585e+02 5.148201e+01 -4.700000e+01
      vertex   1.003536e+02 5.035355e+01 -4.700000e+01
    endloop
  endfacet
  facet normal 0.000000e+00 0.000000e+00 -1.000000e+00
    outer loop
      vertex   1.003536e+02 5.035355e+01 -4.700000e+01
      vertex   1.003585e+02 5.148201e+01 -4.700000e+01
      vertex   1.006250e+02 5.159696e+01 -4.700000e+01
    endloop
  endfacet
  facet normal 0.000000e+00 0.000000e+00 -1.000000e+00
    outer loop
      vertex   1.003536e+02 5.035355e+01 -4.700000e+01
      vertex   1.006250e+02 5.159696e+01 -4.700000e+01
      vertex   1.004330e+02 5.025000e+01 -4.700000e+01
    endloop
  endfacet
  facet normal 0.000000e+00 0.000000e+00 -1.000000e+00
    outer loop
      vertex   1.004330e+02 5.025000e+01 -4.700000e+01
      vertex   1.006250e+02 5.159696e+01 -4.700000e+01
      vertex   1.008578e+02 5.177027e+01 -4.700000e+01
    endloop
  endfacet
  facet normal 0.000000e+00 0.000000e+00 -1.000000e+00
    outer loop
      vertex   1.004330e+02 5.025000e+01 -4.700000e+01
      vertex   1.008578e+02 5.177027e+01 -4.700000e+01
      vertex   1.025254e+02 5.139453e+01 -4.700000e+01
    endloop
  endfacet
  facet normal 0.000000e+00 0.000000e+00 -1.000000e+00
    outer loop
      vertex   1.025254e+02 5.139453e+01 -4.700000e+01
      vertex   1.008578e+02 5.177027e+01 -4.700000e+01
      vertex   1.010444e+02 5.199261e+01 -4.700000e+01
    endloop
  endfacet
  facet normal 0.000000e+00 0.000000e+00 -1.000000e+00
    outer loop
      vertex   1.025254e+02 5.139453e+01 -4.700000e+01
      vertex   1.010444e+02 5.199261e+01 -4.700000e+01
      vertex   1.011746e+02 5.225197e+01 -4.700000e+01
    endloop
  endfacet
  facet normal 0.000000e+00 0.000000e+00 -1.000000e+00
    outer loop
      vertex   1.025254e+02 5.139453e+01 -4.700000e+01
      vertex   1.011746e+02 5.225197e+01 -4.700000e+01
      vertex   1.023882e+02 5.231575e+01 -4.700000e+01
    endloop
  endfacet
  facet normal -0.000000e+00 0.000000e+00 -1.000000e+00
    outer loop
      vertex   1.023882e+02 5.231575e+01 -4.700000e+01
      vertex   1.011746e+02 5.225197e+01 -4.700000e+01
      vertex   1.012415e+02 5.253438e+01 -4.700000e+01
    endloop
  endfacet
  facet normal 0.000000e+00 0.000000e+00 -1.000000e+00
    outer loop
      vertex   1.023882e+02 5.231575e+01 -4.700000e+01
      vertex   1.012415e+02 5.253438e+01 -4.700000e+01
      vertex   1.012415e+02 5.282461e+01 -4.700000e+01
    endloop
  endfacet
  facet normal 0.000000e+00 0.000000e+00 -1.000000e+00
    outer loop
      vertex   1.023882e+02 5.231575e+01 -4.700000e+01
      vertex   1.012415e+02 5.282461e+01 -4.700000e+01
      vertex   1.021833e+02 5.322433e+01 -4.700000e+01
    endloop
  endfacet
  facet normal 0.000000e+00 0.000000e+00 -1.000000e+00
    outer loop
      vertex   1.021833e+02 5.322433e+01 -4.700000e+01
      vertex   1.012415e+02 5.282461e+01 -4.700000e+01
      vertex   1.011746e+02 5.310702e+01 -4.700000e+01
    endloop
  endfacet
  facet normal -0.000000e+00 0.000000e+00 -1.000000e+00
    outer loop
      vertex   1.021833e+02 5.322433e+01 -4.700000e+01
      vertex   1.011746e+02 5.310702e+01 -4.700000e+01
      vertex   1.010444e+02 5.336638e+01 -4.700000e+01
    endloop
  endfacet
  facet normal 0.000000e+00 0.000000e+00 -1.000000e+00
    outer loop
      vertex   1.021833e+02 5.322433e+01 -4.700000e+01
      vertex   1.010444e+02 5.336638e+01 -4.700000e+01
      vertex   1.019119e+02 5.411529e+01 -4.700000e+01
    endloop
  endfacet
  facet normal 0.000000e+00 0.000000e+00 -1.000000e+00
    outer loop
      vertex   1.019119e+02 5.411529e+01 -4.700000e+01
      vertex   1.010444e+02 5.336638e+01 -4.700000e+01
      vertex   1.008578e+02 5.358871e+01 -4.700000e+01
    endloop
  endfacet
  facet normal 0.000000e+00 0.000000e+00 -1.000000e+00
    outer loop
      vertex   1.019119e+02 5.411529e+01 -4.700000e+01
      vertex   1.008578e+02 5.358871e+01 -4.700000e+01
      vertex   1.006250e+02 5.376202e+01 -4.700000e+01
    endloop
  endfacet
  facet normal -0.000000e+00 0.000000e+00 -1.000000e+00
    outer loop
      vertex   1.019119e+02 5.411529e+01 -4.700000e+01
      vertex   1.006250e+02 5.376202e+01 -4.700000e+01
      vertex   1.015755e+02 5.498378e+01 -4.700000e+01
    endloop
  endfacet
  facet normal 0.000000e+00 0.000000e+00 -1.000000e+00
    outer loop
      vertex   1.015755e+02 5.498378e+01 -4.700000e+01
      vertex   1.006250e+02 5.376202e+01 -4.700000e+01
      vertex   1.003585e+02 5.387698e+01 -4.700000e+01
    endloop
  endfacet
  facet normal -0.000000e+00 0.000000e+00 -1.000000e+00
    outer loop
      vertex   1.015755e+02 5.498378e+01 -4.700000e+01
      vertex   1.003585e+02 5.387698e+01 -4.700000e+01
      vertex   1.011758e+02 5.582505e+01 -4.700000e+01
    endloop
  endfacet
  facet normal 0.000000e+00 0.000000e+00 -1.000000e+00
    outer loop
      vertex   1.011758e+02 5.582505e+01 -4.700000e+01
      vertex   1.003585e+02 5.387698e+01 -4.700000e+01
      vertex   1.000727e+02 5.392738e+01 -4.700000e+01
    endloop
  endfacet
  facet normal 0.000000e+00 0.000000e+00 -1.000000e+00
    outer loop
      vertex   1.011758e+02 5.582505e+01 -4.700000e+01
      vertex   1.000727e+02 5.392738e+01 -4.700000e+01
      vertex   9.978294e+01 5.391050e+01 -4.700000e+01
    endloop
  endfacet
  facet normal 0.000000e+00 0.000000e+00 -1.000000e+00
    outer loop
      vertex   1.004330e+02 4.975000e+01 -4.700000e+01
      vertex   1.004830e+02 4.987059e+01 -4.700000e+01
      vertex   1.025942e+02 4.953431e+01 -4.700000e+01
    endloop
  endfacet
  facet normal 0.000000e+00 0.000000e+00 -1.000000e+00
    outer loop
      vertex   1.025942e+02 4.953431e+01 -4.700000e+01
      vertex   1.004830e+02 4.987059e+01 -4.700000e+01
      vertex   1.005000e+02 5.000000e+01 -4.700000e+01
    endloop
  endfacet
  facet normal 0.000000e+00 0.000000e+00 -1.000000e+00
    outer loop
      vertex   1.025942e+02 4.953431e+01 -4.700000e+01
      vertex   1.005000e+02 5.000000e+01 -4.700000e+01
      vertex   1.025942e+02 5.046569e+01 -4.700000e+01
    endloop
  endfacet
  facet normal 0.000000e+00 0.000000e+00 -1.000000e+00
    outer loop
      vertex   1.025942e+02 5.046569e+01 -4.700000e+01
      vertex   1.005000e+02 5.000000e+01 -4.700000e+01
      vertex   1.004830e+02 5.012941e+01 -4.700000e+01
    endloop
  endfacet
  facet normal 0.000000e+00 0.000000e+00 -1.000000e+00
    outer loop
      vertex   1.025942e+02 5.046569e+01 -4.700000e+01
      vertex   1.004830e+02 5.012941e+01 -4.700000e+01
      vertex   1.004330e+02 5.025000e+01 -4.700000e+01
    endloop
  endfacet
  facet normal 0.000000e+00 0.000000e+00 -1.000000e+00
    outer loop
      vertex   8.976711e+01 6.260061e+01 -4.700000e+01
      vertex   9.069834e+01 6.258340e+01 -4.700000e+01
      vertex   9.150488e+01 6.042753e+01 -4.700000e+01
    endloop
  endfacet
  facet normal 0.000000e+00 -0.000000e+00 -1.000000e+00
    outer loop
      vertex   1.025254e+02 5.139453e+01 -4.700000e+01
      vertex   1.025942e+02 5.046569e+01 -4.700000e+01
      vertex   1.004330e+02 5.025000e+01 -4.700000e+01
    endloop
  endfacet
  facet normal 0.000000e+00 0.000000e+00 1.000000e+00
    outer loop
      vertex   8.303478e+01 5.069697e+01 -4.550000e+01
      vertex   8.068689e+01 5.163513e+01 -4.550000e+01
      vertex   8.300000e+01 5.000000e+01 -4.550000e+01
    endloop
  endfacet
  facet normal 0.000000e+00 0.000000e+00 1.000000e+00
    outer loop
      vertex   8.300000e+01 5.000000e+01 -4.550000e+01
      vertex   8.068689e+01 5.163513e+01 -4.550000e+01
      vertex   8.042753e+01 5.150488e+01 -4.550000e+01
    endloop
  endfacet
  facet normal 0.000000e+00 0.000000e+00 1.000000e+00
    outer loop
      vertex   8.300000e+01 5.000000e+01 -4.550000e+01
      vertex   8.042753e+01 5.150488e+01 -4.550000e+01
      vertex   8.049510e+01 4.846828e+01 -4.550000e+01
    endloop
  endfacet
  facet normal 0.000000e+00 0.000000e+00 1.000000e+00
    outer loop
      vertex   8.049510e+01 4.846828e+01 -4.550000e+01
      vertex   8.042753e+01 5.150488e+01 -4.550000e+01
      vertex   8.021706e+01 4.855152e+01 -4.550000e+01
    endloop
  endfacet
  facet normal 0.000000e+00 -0.000000e+00 1.000000e+00
    outer loop
      vertex   8.021706e+01 4.855152e+01 -4.550000e+01
      vertex   8.042753e+01 5.150488e+01 -4.550000e+01
      vertex   8.014512e+01 5.143794e+01 -4.550000e+01
    endloop
  endfacet
  facet normal 0.000000e+00 0.000000e+00 1.000000e+00
    outer loop
      vertex   8.021706e+01 4.855152e+01 -4.550000e+01
      vertex   8.014512e+01 5.143794e+01 -4.550000e+01
      vertex   7.992732e+01 4.856839e+01 -4.550000e+01
    endloop
  endfacet
  facet normal 0.000000e+00 -0.000000e+00 1.000000e+00
    outer loop
      vertex   7.992732e+01 4.856839e+01 -4.550000e+01
      vertex   8.014512e+01 5.143794e+01 -4.550000e+01
      vertex   7.985488e+01 5.143794e+01 -4.550000e+01
    endloop
  endfacet
  facet normal 0.000000e+00 0.000000e+00 1.000000e+00
    outer loop
      vertex   7.992732e+01 4.856839e+01 -4.550000e+01
      vertex   7.985488e+01 5.143794e+01 -4.550000e+01
      vertex   7.964150e+01 4.851799e+01 -4.550000e+01
    endloop
  endfacet
  facet normal 0.000000e+00 -0.000000e+00 1.000000e+00
    outer loop
      vertex   7.964150e+01 4.851799e+01 -4.550000e+01
      vertex   7.985488e+01 5.143794e+01 -4.550000e+01
      vertex   7.957247e+01 5.150488e+01 -4.550000e+01
    endloop
  endfacet
  facet normal 0.000000e+00 0.000000e+00 1.000000e+00
    outer loop
      vertex   7.964150e+01 4.851799e+01 -4.550000e+01
      vertex   7.957247e+01 5.150488e+01 -4.550000e+01
      vertex   7.739724e+01 5.000000e+01 -4.550000e+01
    endloop
  endfacet
  facet normal 0.000000e+00 0.000000e+00 1.000000e+00
    outer loop
      vertex   7.739724e+01 5.000000e+01 -4.550000e+01
      vertex   7.957247e+01 5.150488e+01 -4.550000e+01
      vertex   7.931311e+01 5.163513e+01 -4.550000e+01
    endloop
  endfacet
  facet normal 0.000000e+00 0.000000e+00 1.000000e+00
    outer loop
      vertex   7.739724e+01 5.000000e+01 -4.550000e+01
      vertex   7.931311e+01 5.163513e+01 -4.550000e+01
      vertex   7.743165e+01 5.093075e+01 -4.550000e+01
    endloop
  endfacet
  facet normal 0.000000e+00 0.000000e+00 1.000000e+00
    outer loop
      vertex   7.743165e+01 5.093075e+01 -4.550000e+01
      vertex   7.931311e+01 5.163513e+01 -4.550000e+01
      vertex   7.909078e+01 5.182169e+01 -4.550000e+01
    endloop
  endfacet
  facet normal 0.000000e+00 0.000000e+00 1.000000e+00
    outer loop
      vertex   7.743165e+01 5.093075e+01 -4.550000e+01
      vertex   7.909078e+01 5.182169e+01 -4.550000e+01
      vertex   7.753471e+01 5.185641e+01 -4.550000e+01
    endloop
  endfacet
  facet normal -0.000000e+00 0.000000e+00 1.000000e+00
    outer loop
      vertex   7.753471e+01 5.185641e+01 -4.550000e+01
      vertex   7.909078e+01 5.182169e+01 -4.550000e+01
      vertex   7.891747e+01 5.205449e+01 -4.550000e+01
    endloop
  endfacet
  facet normal 0.000000e+00 0.000000e+00 1.000000e+00
    outer loop
      vertex   7.753471e+01 5.185641e+01 -4.550000e+01
      vertex   7.891747e+01 5.205449e+01 -4.550000e+01
      vertex   7.880251e+01 5.232099e+01 -4.550000e+01
    endloop
  endfacet
  facet normal -0.000000e+00 0.000000e+00 1.000000e+00
    outer loop
      vertex   8.068689e+01 5.163513e+01 -4.550000e+01
      vertex   8.303478e+01 5.069697e+01 -4.550000e+01
      vertex   8.090922e+01 5.182169e+01 -4.550000e+01
    endloop
  endfacet
  facet normal 0.000000e+00 0.000000e+00 1.000000e+00
    outer loop
      vertex   8.090922e+01 5.182169e+01 -4.550000e+01
      vertex   8.303478e+01 5.069697e+01 -4.550000e+01
      vertex   8.313879e+01 5.138702e+01 -4.550000e+01
    endloop
  endfacet
  facet normal -0.000000e+00 0.000000e+00 1.000000e+00
    outer loop
      vertex   8.090922e+01 5.182169e+01 -4.550000e+01
      vertex   8.313879e+01 5.138702e+01 -4.550000e+01
      vertex   8.108253e+01 5.205449e+01 -4.550000e+01
    endloop
  endfacet
  facet normal -0.000000e+00 0.000000e+00 1.000000e+00
    outer loop
      vertex   8.108253e+01 5.205449e+01 -4.550000e+01
      vertex   8.313879e+01 5.138702e+01 -4.550000e+01
      vertex   8.119749e+01 5.232099e+01 -4.550000e+01
    endloop
  endfacet
  facet normal 0.000000e+00 0.000000e+00 1.000000e+00
    outer loop
      vertex   8.119749e+01 5.232099e+01 -4.550000e+01
      vertex   8.313879e+01 5.138702e+01 -4.550000e+01
      vertex   8.331099e+01 5.206329e+01 -4.550000e+01
    endloop
  endfacet
  facet normal -0.000000e+00 0.000000e+00 1.000000e+00
    outer loop
      vertex   8.119749e+01 5.232099e+01 -4.550000e+01
      vertex   8.331099e+01 5.206329e+01 -4.550000e+01
      vertex   8.124789e+01 5.260681e+01 -4.550000e+01
    endloop
  endfacet
  facet normal -0.000000e+00 0.000000e+00 1.000000e+00
    outer loop
      vertex   8.124789e+01 5.260681e+01 -4.550000e+01
      vertex   8.331099e+01 5.206329e+01 -4.550000e+01
      vertex   8.354967e+01 5.271904e+01 -4.550000e+01
    endloop
  endfacet
  facet normal 0.000000e+00 -0.000000e+00 1.000000e+00
    outer loop
      vertex   8.124789e+01 5.260681e+01 -4.550000e+01
      vertex   8.354967e+01 5.271904e+01 -4.550000e+01
      vertex   8.123101e+01 5.289655e+01 -4.550000e+01
    endloop
  endfacet
  facet normal -0.000000e+00 -0.000000e+00 1.000000e+00
    outer loop
      vertex   8.123101e+01 5.289655e+01 -4.550000e+01
      vertex   8.354967e+01 5.271904e+01 -4.550000e+01
      vertex   8.114777e+01 5.317459e+01 -4.550000e+01
    endloop
  endfacet
  facet normal -0.000000e+00 0.000000e+00 1.000000e+00
    outer loop
      vertex   8.114777e+01 5.317459e+01 -4.550000e+01
      vertex   8.354967e+01 5.271904e+01 -4.550000e+01
      vertex   8.385245e+01 5.334778e+01 -4.550000e+01
    endloop
  endfacet
  facet normal 0.000000e+00 -0.000000e+00 1.000000e+00
    outer loop
      vertex   8.114777e+01 5.317459e+01 -4.550000e+01
      vertex   8.385245e+01 5.334778e+01 -4.550000e+01
      vertex   8.100265e+01 5.342594e+01 -4.550000e+01
    endloop
  endfacet
  facet normal -0.000000e+00 0.000000e+00 1.000000e+00
    outer loop
      vertex   8.100265e+01 5.342594e+01 -4.550000e+01
      vertex   8.385245e+01 5.334778e+01 -4.550000e+01
      vertex   8.246243e+01 5.608950e+01 -4.550000e+01
    endloop
  endfacet
  facet normal 0.000000e+00 -0.000000e+00 1.000000e+00
    outer loop
      vertex   8.100265e+01 5.342594e+01 -4.550000e+01
      vertex   8.246243e+01 5.608950e+01 -4.550000e+01
      vertex   8.080348e+01 5.363705e+01 -4.550000e+01
    endloop
  endfacet
  facet normal 0.000000e+00 0.000000e+00 1.000000e+00
    outer loop
      vertex   8.080348e+01 5.363705e+01 -4.550000e+01
      vertex   8.246243e+01 5.608950e+01 -4.550000e+01
      vertex   8.218439e+01 5.617274e+01 -4.550000e+01
    endloop
  endfacet
  facet normal 0.000000e+00 -0.000000e+00 1.000000e+00
    outer loop
      vertex   8.080348e+01 5.363705e+01 -4.550000e+01
      vertex   8.218439e+01 5.617274e+01 -4.550000e+01
      vertex   8.056100e+01 5.379653e+01 -4.550000e+01
    endloop
  endfacet
  facet normal 0.000000e+00 0.000000e+00 1.000000e+00
    outer loop
      vertex   8.056100e+01 5.379653e+01 -4.550000e+01
      vertex   8.218439e+01 5.617274e+01 -4.550000e+01
      vertex   8.193304e+01 5.631785e+01 -4.550000e+01
    endloop
  endfacet
  facet normal 0.000000e+00 -0.000000e+00 1.000000e+00
    outer loop
      vertex   8.056100e+01 5.379653e+01 -4.550000e+01
      vertex   8.193304e+01 5.631785e+01 -4.550000e+01
      vertex   8.028827e+01 5.389580e+01 -4.550000e+01
    endloop
  endfacet
  facet normal 0.000000e+00 0.000000e+00 1.000000e+00
    outer loop
      vertex   8.028827e+01 5.389580e+01 -4.550000e+01
      vertex   8.193304e+01 5.631785e+01 -4.550000e+01
      vertex   8.172194e+01 5.651702e+01 -4.550000e+01
    endloop
  endfacet
  facet normal 0.000000e+00 -0.000000e+00 1.000000e+00
    outer loop
      vertex   8.028827e+01 5.389580e+01 -4.550000e+01
      vertex   8.172194e+01 5.651702e+01 -4.550000e+01
      vertex   7.904708e+01 5.623403e+01 -4.550000e+01
    endloop
  endfacet
  facet normal 0.000000e+00 0.000000e+00 1.000000e+00
    outer loop
      vertex   7.904708e+01 5.623403e+01 -4.550000e+01
      vertex   8.172194e+01 5.651702e+01 -4.550000e+01
      vertex   8.156245e+01 5.675951e+01 -4.550000e+01
    endloop
  endfacet
  facet normal 0.000000e+00 0.000000e+00 1.000000e+00
    outer loop
      vertex   7.904708e+01 5.623403e+01 -4.550000e+01
      vertex   8.156245e+01 5.675951e+01 -4.550000e+01
      vertex   7.953739e+01 5.702591e+01 -4.550000e+01
    endloop
  endfacet
  facet normal -0.000000e+00 0.000000e+00 1.000000e+00
    outer loop
      vertex   7.953739e+01 5.702591e+01 -4.550000e+01
      vertex   8.156245e+01 5.675951e+01 -4.550000e+01
      vertex   8.146319e+01 5.703224e+01 -4.550000e+01
    endloop
  endfacet
  facet normal 0.000000e+00 0.000000e+00 1.000000e+00
    outer loop
      vertex   7.953739e+01 5.702591e+01 -4.550000e+01
      vertex   8.146319e+01 5.703224e+01 -4.550000e+01
      vertex   8.008484e+01 5.777941e+01 -4.550000e+01
    endloop
  endfacet
  facet normal 0.000000e+00 0.000000e+00 1.000000e+00
    outer loop
      vertex   8.008484e+01 5.777941e+01 -4.550000e+01
      vertex   8.146319e+01 5.703224e+01 -4.550000e+01
      vertex   8.142949e+01 5.732051e+01 -4.550000e+01
    endloop
  endfacet
  facet normal 0.000000e+00 0.000000e+00 1.000000e+00
    outer loop
      vertex   8.008484e+01 5.777941e+01 -4.550000e+01
      vertex   8.142949e+01 5.732051e+01 -4.550000e+01
      vertex   8.146319e+01 5.760878e+01 -4.550000e+01
    endloop
  endfacet
  facet normal 0.000000e+00 0.000000e+00 1.000000e+00
    outer loop
      vertex   8.246243e+01 5.608950e+01 -4.550000e+01
      vertex   8.385245e+01 5.334778e+01 -4.550000e+01
      vertex   8.275217e+01 5.607262e+01 -4.550000e+01
    endloop
  endfacet
  facet normal 0.000000e+00 0.000000e+00 1.000000e+00
    outer loop
      vertex   8.275217e+01 5.607262e+01 -4.550000e+01
      vertex   8.385245e+01 5.334778e+01 -4.550000e+01
      vertex   8.421633e+01 5.394324e+01 -4.550000e+01
    endloop
  endfacet
  facet normal -0.000000e+00 0.000000e+00 1.000000e+00
    outer loop
      vertex   8.275217e+01 5.607262e+01 -4.550000e+01
      vertex   8.421633e+01 5.394324e+01 -4.550000e+01
      vertex   8.303800e+01 5.612302e+01 -4.550000e+01
    endloop
  endfacet
  facet normal 0.000000e+00 0.000000e+00 1.000000e+00
    outer loop
      vertex   8.303800e+01 5.612302e+01 -4.550000e+01
      vertex   8.421633e+01 5.394324e+01 -4.550000e+01
      vertex   8.463769e+01 5.449951e+01 -4.550000e+01
    endloop
  endfacet
  facet normal -0.000000e+00 0.000000e+00 1.000000e+00
    outer loop
      vertex   8.303800e+01 5.612302e+01 -4.550000e+01
      vertex   8.463769e+01 5.449951e+01 -4.550000e+01
      vertex   8.330449e+01 5.623798e+01 -4.550000e+01
    endloop
  endfacet
  facet normal -0.000000e+00 0.000000e+00 1.000000e+00
    outer loop
      vertex   8.330449e+01 5.623798e+01 -4.550000e+01
      vertex   8.463769e+01 5.449951e+01 -4.550000e+01
      vertex   8.353729e+01 5.641129e+01 -4.550000e+01
    endloop
  endfacet
  facet normal 0.000000e+00 0.000000e+00 1.000000e+00
    outer loop
      vertex   8.353729e+01 5.641129e+01 -4.550000e+01
      vertex   8.463769e+01 5.449951e+01 -4.550000e+01
      vertex   8.511234e+01 5.501107e+01 -4.550000e+01
    endloop
  endfacet
  facet normal -0.000000e+00 0.000000e+00 1.000000e+00
    outer loop
      vertex   8.353729e+01 5.641129e+01 -4.550000e+01
      vertex   8.511234e+01 5.501107e+01 -4.550000e+01
      vertex   8.372385e+01 5.663362e+01 -4.550000e+01
    endloop
  endfacet
  facet normal 0.000000e+00 0.000000e+00 1.000000e+00
    outer loop
      vertex   8.372385e+01 5.663362e+01 -4.550000e+01
      vertex   8.511234e+01 5.501107e+01 -4.550000e+01
      vertex   8.563557e+01 5.547282e+01 -4.550000e+01
    endloop
  endfacet
  facet normal -0.000000e+00 0.000000e+00 1.000000e+00
    outer loop
      vertex   8.372385e+01 5.663362e+01 -4.550000e+01
      vertex   8.563557e+01 5.547282e+01 -4.550000e+01
      vertex   8.385411e+01 5.689298e+01 -4.550000e+01
    endloop
  endfacet
  facet normal 0.000000e+00 0.000000e+00 1.000000e+00
    outer loop
      vertex   8.385411e+01 5.689298e+01 -4.550000e+01
      vertex   8.563557e+01 5.547282e+01 -4.550000e+01
      vertex   8.620218e+01 5.588018e+01 -4.550000e+01
    endloop
  endfacet
  facet normal -0.000000e+00 0.000000e+00 1.000000e+00
    outer loop
      vertex   8.385411e+01 5.689298e+01 -4.550000e+01
      vertex   8.620218e+01 5.588018e+01 -4.550000e+01
      vertex   8.392104e+01 5.717539e+01 -4.550000e+01
    endloop
  endfacet
  facet normal -0.000000e+00 0.000000e+00 1.000000e+00
    outer loop
      vertex   8.392104e+01 5.717539e+01 -4.550000e+01
      vertex   8.620218e+01 5.588018e+01 -4.550000e+01
      vertex   8.392104e+01 5.746562e+01 -4.550000e+01
    endloop
  endfacet
  facet normal 0.000000e+00 0.000000e+00 1.000000e+00
    outer loop
      vertex   8.392104e+01 5.746562e+01 -4.550000e+01
      vertex   8.620218e+01 5.588018e+01 -4.550000e+01
      vertex   8.680653e+01 5.622910e+01 -4.550000e+01
    endloop
  endfacet
  facet normal -0.000000e+00 0.000000e+00 1.000000e+00
    outer loop
      vertex   8.392104e+01 5.746562e+01 -4.550000e+01
      vertex   8.680653e+01 5.622910e+01 -4.550000e+01
      vertex   8.651702e+01 5.904244e+01 -4.550000e+01
    endloop
  endfacet
  facet normal 0.000000e+00 0.000000e+00 1.000000e+00
    outer loop
      vertex   8.651702e+01 5.904244e+01 -4.550000e+01
      vertex   8.680653e+01 5.622910e+01 -4.550000e+01
      vertex   8.675951e+01 5.888296e+01 -4.550000e+01
    endloop
  endfacet
  facet normal 0.000000e+00 0.000000e+00 1.000000e+00
    outer loop
      vertex   8.675951e+01 5.888296e+01 -4.550000e+01
      vertex   8.680653e+01 5.622910e+01 -4.550000e+01
      vertex   8.703224e+01 5.878369e+01 -4.550000e+01
    endloop
  endfacet
  facet normal 0.000000e+00 0.000000e+00 1.000000e+00
    outer loop
      vertex   8.703224e+01 5.878369e+01 -4.550000e+01
      vertex   8.680653e+01 5.622910e+01 -4.550000e+01
      vertex   8.744261e+01 5.651612e+01 -4.550000e+01
    endloop
  endfacet
  facet normal 0.000000e+00 0.000000e+00 1.000000e+00
    outer loop
      vertex   8.703224e+01 5.878369e+01 -4.550000e+01
      vertex   8.744261e+01 5.651612e+01 -4.550000e+01
      vertex   8.732051e+01 5.875000e+01 -4.550000e+01
    endloop
  endfacet
  facet normal 0.000000e+00 0.000000e+00 1.000000e+00
    outer loop
      vertex   8.732051e+01 5.875000e+01 -4.550000e+01
      vertex   8.744261e+01 5.651612e+01 -4.550000e+01
      vertex   8.810412e+01 5.673837e+01 -4.550000e+01
    endloop
  endfacet
  facet normal -0.000000e+00 0.000000e+00 1.000000e+00
    outer loop
      vertex   8.732051e+01 5.875000e+01 -4.550000e+01
      vertex   8.810412e+01 5.673837e+01 -4.550000e+01
      vertex   8.760878e+01 5.878369e+01 -4.550000e+01
    endloop
  endfacet
  facet normal -0.000000e+00 0.000000e+00 1.000000e+00
    outer loop
      vertex   8.760878e+01 5.878369e+01 -4.550000e+01
      vertex   8.810412e+01 5.673837e+01 -4.550000e+01
      vertex   8.788151e+01 5.888296e+01 -4.550000e+01
    endloop
  endfacet
  facet normal 0.000000e+00 0.000000e+00 1.000000e+00
    outer loop
      vertex   8.788151e+01 5.888296e+01 -4.550000e+01
      vertex   8.810412e+01 5.673837e+01 -4.550000e+01
      vertex   8.878446e+01 5.689365e+01 -4.550000e+01
    endloop
  endfacet
  facet normal -0.000000e+00 0.000000e+00 1.000000e+00
    outer loop
      vertex   8.788151e+01 5.888296e+01 -4.550000e+01
      vertex   8.878446e+01 5.689365e+01 -4.550000e+01
      vertex   8.812399e+01 5.904244e+01 -4.550000e+01
    endloop
  endfacet
  facet normal 0.000000e+00 0.000000e+00 1.000000e+00
    outer loop
      vertex   8.812399e+01 5.904244e+01 -4.550000e+01
      vertex   8.878446e+01 5.689365e+01 -4.550000e+01
      vertex   8.947689e+01 5.698043e+01 -4.550000e+01
    endloop
  endfacet
  facet normal -0.000000e+00 0.000000e+00 1.000000e+00
    outer loop
      vertex   8.812399e+01 5.904244e+01 -4.550000e+01
      vertex   8.947689e+01 5.698043e+01 -4.550000e+01
      vertex   8.832316e+01 5.925355e+01 -4.550000e+01
    endloop
  endfacet
  facet normal 0.000000e+00 0.000000e+00 1.000000e+00
    outer loop
      vertex   8.832316e+01 5.925355e+01 -4.550000e+01
      vertex   8.947689e+01 5.698043e+01 -4.550000e+01
      vertex   9.017451e+01 5.699782e+01 -4.550000e+01
    endloop
  endfacet
  facet normal -0.000000e+00 0.000000e+00 1.000000e+00
    outer loop
      vertex   8.832316e+01 5.925355e+01 -4.550000e+01
      vertex   9.017451e+01 5.699782e+01 -4.550000e+01
      vertex   8.846828e+01 5.950490e+01 -4.550000e+01
    endloop
  endfacet
  facet normal -0.000000e+00 0.000000e+00 1.000000e+00
    outer loop
      vertex   8.846828e+01 5.950490e+01 -4.550000e+01
      vertex   9.017451e+01 5.699782e+01 -4.550000e+01
      vertex   9.150488e+01 5.957247e+01 -4.550000e+01
    endloop
  endfacet
  facet normal 0.000000e+00 0.000000e+00 1.000000e+00
    outer loop
      vertex   8.846828e+01 5.950490e+01 -4.550000e+01
      vertex   9.150488e+01 5.957247e+01 -4.550000e+01
      vertex   8.855152e+01 5.978294e+01 -4.550000e+01
    endloop
  endfacet
  facet normal -0.000000e+00 0.000000e+00 1.000000e+00
    outer loop
      vertex   8.855152e+01 5.978294e+01 -4.550000e+01
      vertex   9.150488e+01 5.957247e+01 -4.550000e+01
      vertex   9.143794e+01 5.985488e+01 -4.550000e+01
    endloop
  endfacet
  facet normal 0.000000e+00 0.000000e+00 1.000000e+00
    outer loop
      vertex   8.855152e+01 5.978294e+01 -4.550000e+01
      vertex   9.143794e+01 5.985488e+01 -4.550000e+01
      vertex   8.856839e+01 6.007268e+01 -4.550000e+01
    endloop
  endfacet
  facet normal -0.000000e+00 0.000000e+00 1.000000e+00
    outer loop
      vertex   8.856839e+01 6.007268e+01 -4.550000e+01
      vertex   9.143794e+01 5.985488e+01 -4.550000e+01
      vertex   9.143794e+01 6.014512e+01 -4.550000e+01
    endloop
  endfacet
  facet normal 0.000000e+00 -0.000000e+00 1.000000e+00
    outer loop
      vertex   8.856839e+01 6.007268e+01 -4.550000e+01
      vertex   9.143794e+01 6.014512e+01 -4.550000e+01
      vertex   8.851799e+01 6.035850e+01 -4.550000e+01
    endloop
  endfacet
  facet normal -0.000000e+00 0.000000e+00 1.000000e+00
    outer loop
      vertex   8.851799e+01 6.035850e+01 -4.550000e+01
      vertex   9.143794e+01 6.014512e+01 -4.550000e+01
      vertex   9.150488e+01 6.042753e+01 -4.550000e+01
    endloop
  endfacet
  facet normal 0.000000e+00 0.000000e+00 1.000000e+00
    outer loop
      vertex   8.851799e+01 6.035850e+01 -4.550000e+01
      vertex   9.150488e+01 6.042753e+01 -4.550000e+01
      vertex   8.976711e+01 6.260061e+01 -4.550000e+01
    endloop
  endfacet
  facet normal 0.000000e+00 0.000000e+00 1.000000e+00
    outer loop
      vertex   8.976711e+01 6.260061e+01 -4.550000e+01
      vertex   9.150488e+01 6.042753e+01 -4.550000e+01
      vertex   9.069834e+01 6.258340e+01 -4.550000e+01
    endloop
  endfacet
  facet normal 0.000000e+00 0.000000e+00 1.000000e+00
    outer loop
      vertex   9.069834e+01 6.258340e+01 -4.550000e+01
      vertex   9.150488e+01 6.042753e+01 -4.550000e+01
      vertex   9.163513e+01 6.068689e+01 -4.550000e+01
    endloop
  endfacet
  facet normal 0.000000e+00 0.000000e+00 1.000000e+00
    outer loop
      vertex   9.069834e+01 6.258340e+01 -4.550000e+01
      vertex   9.163513e+01 6.068689e+01 -4.550000e+01
      vertex   9.182169e+01 6.090922e+01 -4.550000e+01
    endloop
  endfacet
  facet normal 0.000000e+00 0.000000e+00 1.000000e+00
    outer loop
      vertex   9.150488e+01 5.957247e+01 -4.550000e+01
      vertex   9.017451e+01 5.699782e+01 -4.550000e+01
      vertex   9.163513e+01 5.931311e+01 -4.550000e+01
    endloop
  endfacet
  facet normal 0.000000e+00 0.000000e+00 1.000000e+00
    outer loop
      vertex   9.163513e+01 5.931311e+01 -4.550000e+01
      vertex   9.017451e+01 5.699782e+01 -4.550000e+01
      vertex   9.087041e+01 5.694567e+01 -4.550000e+01
    endloop
  endfacet
  facet normal 0.000000e+00 0.000000e+00 1.000000e+00
    outer loop
      vertex   9.163513e+01 5.931311e+01 -4.550000e+01
      vertex   9.087041e+01 5.694567e+01 -4.550000e+01
      vertex   9.182169e+01 5.909078e+01 -4.550000e+01
    endloop
  endfacet
  facet normal 0.000000e+00 0.000000e+00 1.000000e+00
    outer loop
      vertex   9.182169e+01 5.909078e+01 -4.550000e+01
      vertex   9.087041e+01 5.694567e+01 -4.550000e+01
      vertex   9.205449e+01 5.891747e+01 -4.550000e+01
    endloop
  endfacet
  facet normal 0.000000e+00 0.000000e+00 1.000000e+00
    outer loop
      vertex   9.205449e+01 5.891747e+01 -4.550000e+01
      vertex   9.087041e+01 5.694567e+01 -4.550000e+01
      vertex   9.155765e+01 5.682450e+01 -4.550000e+01
    endloop
  endfacet
  facet normal 0.000000e+00 0.000000e+00 1.000000e+00
    outer loop
      vertex   9.205449e+01 5.891747e+01 -4.550000e+01
      vertex   9.155765e+01 5.682450e+01 -4.550000e+01
      vertex   9.232099e+01 5.880251e+01 -4.550000e+01
    endloop
  endfacet
  facet normal 0.000000e+00 0.000000e+00 1.000000e+00
    outer loop
      vertex   9.232099e+01 5.880251e+01 -4.550000e+01
      vertex   9.155765e+01 5.682450e+01 -4.550000e+01
      vertex   9.222941e+01 5.663549e+01 -4.550000e+01
    endloop
  endfacet
  facet normal 0.000000e+00 0.000000e+00 1.000000e+00
    outer loop
      vertex   9.232099e+01 5.880251e+01 -4.550000e+01
      vertex   9.222941e+01 5.663549e+01 -4.550000e+01
      vertex   9.260681e+01 5.875211e+01 -4.550000e+01
    endloop
  endfacet
  facet normal -0.000000e+00 0.000000e+00 1.000000e+00
    outer loop
      vertex   9.260681e+01 5.875211e+01 -4.550000e+01
      vertex   9.222941e+01 5.663549e+01 -4.550000e+01
      vertex   9.289655e+01 5.876899e+01 -4.550000e+01
    endloop
  endfacet
  facet normal 0.000000e+00 0.000000e+00 1.000000e+00
    outer loop
      vertex   9.289655e+01 5.876899e+01 -4.550000e+01
      vertex   9.222941e+01 5.663549e+01 -4.550000e+01
      vertex   9.287901e+01 5.638054e+01 -4.550000e+01
    endloop
  endfacet
  facet normal -0.000000e+00 0.000000e+00 1.000000e+00
    outer loop
      vertex   9.289655e+01 5.876899e+01 -4.550000e+01
      vertex   9.287901e+01 5.638054e+01 -4.550000e+01
      vertex   9.317459e+01 5.885223e+01 -4.550000e+01
    endloop
  endfacet
  facet normal 0.000000e+00 0.000000e+00 1.000000e+00
    outer loop
      vertex   9.317459e+01 5.885223e+01 -4.550000e+01
      vertex   9.287901e+01 5.638054e+01 -4.550000e+01
      vertex   9.350000e+01 5.606218e+01 -4.550000e+01
    endloop
  endfacet
  facet normal -0.000000e+00 0.000000e+00 1.000000e+00
    outer loop
      vertex   9.317459e+01 5.885223e+01 -4.550000e+01
      vertex   9.350000e+01 5.606218e+01 -4.550000e+01
      vertex   9.342594e+01 5.899735e+01 -4.550000e+01
    endloop
  endfacet
  facet normal 0.000000e+00 0.000000e+00 1.000000e+00
    outer loop
      vertex   9.342594e+01 5.899735e+01 -4.550000e+01
      vertex   9.350000e+01 5.606218e+01 -4.550000e+01
      vertex   9.608950e+01 5.753757e+01 -4.550000e+01
    endloop
  endfacet
  facet normal -0.000000e+00 0.000000e+00 1.000000e+00
    outer loop
      vertex   9.342594e+01 5.899735e+01 -4.550000e+01
      vertex   9.608950e+01 5.753757e+01 -4.550000e+01
      vertex   9.363705e+01 5.919652e+01 -4.550000e+01
    endloop
  endfacet
  facet normal 0.000000e+00 0.000000e+00 1.000000e+00
    outer loop
      vertex   9.363705e+01 5.919652e+01 -4.550000e+01
      vertex   9.608950e+01 5.753757e+01 -4.550000e+01
      vertex   9.617274e+01 5.781561e+01 -4.550000e+01
    endloop
  endfacet
  facet normal -0.000000e+00 0.000000e+00 1.000000e+00
    outer loop
      vertex   9.363705e+01 5.919652e+01 -4.550000e+01
      vertex   9.617274e+01 5.781561e+01 -4.550000e+01
      vertex   9.379653e+01 5.943900e+01 -4.550000e+01
    endloop
  endfacet
  facet normal 0.000000e+00 0.000000e+00 1.000000e+00
    outer loop
      vertex   9.379653e+01 5.943900e+01 -4.550000e+01
      vertex   9.617274e+01 5.781561e+01 -4.550000e+01
      vertex   9.631785e+01 5.806696e+01 -4.550000e+01
    endloop
  endfacet
  facet normal -0.000000e+00 0.000000e+00 1.000000e+00
    outer loop
      vertex   9.379653e+01 5.943900e+01 -4.550000e+01
      vertex   9.631785e+01 5.806696e+01 -4.550000e+01
      vertex   9.389580e+01 5.971173e+01 -4.550000e+01
    endloop
  endfacet
  facet normal 0.000000e+00 0.000000e+00 1.000000e+00
    outer loop
      vertex   9.389580e+01 5.971173e+01 -4.550000e+01
      vertex   9.631785e+01 5.806696e+01 -4.550000e+01
      vertex   9.651702e+01 5.827806e+01 -4.550000e+01
    endloop
  endfacet
  facet normal -0.000000e+00 0.000000e+00 1.000000e+00
    outer loop
      vertex   9.389580e+01 5.971173e+01 -4.550000e+01
      vertex   9.651702e+01 5.827806e+01 -4.550000e+01
      vertex   9.603057e+01 6.106625e+01 -4.550000e+01
    endloop
  endfacet
  facet normal 0.000000e+00 0.000000e+00 1.000000e+00
    outer loop
      vertex   9.603057e+01 6.106625e+01 -4.550000e+01
      vertex   9.651702e+01 5.827806e+01 -4.550000e+01
      vertex   9.683137e+01 6.059066e+01 -4.550000e+01
    endloop
  endfacet
  facet normal 0.000000e+00 0.000000e+00 1.000000e+00
    outer loop
      vertex   9.683137e+01 6.059066e+01 -4.550000e+01
      vertex   9.651702e+01 5.827806e+01 -4.550000e+01
      vertex   9.675951e+01 5.843755e+01 -4.550000e+01
    endloop
  endfacet
  facet normal 0.000000e+00 0.000000e+00 1.000000e+00
    outer loop
      vertex   9.683137e+01 6.059066e+01 -4.550000e+01
      vertex   9.675951e+01 5.843755e+01 -4.550000e+01
      vertex   9.703224e+01 5.853681e+01 -4.550000e+01
    endloop
  endfacet
  facet normal 0.000000e+00 0.000000e+00 1.000000e+00
    outer loop
      vertex   9.608950e+01 5.753757e+01 -4.550000e+01
      vertex   9.350000e+01 5.606218e+01 -4.550000e+01
      vertex   9.607262e+01 5.724783e+01 -4.550000e+01
    endloop
  endfacet
  facet normal 0.000000e+00 0.000000e+00 1.000000e+00
    outer loop
      vertex   9.607262e+01 5.724783e+01 -4.550000e+01
      vertex   9.350000e+01 5.606218e+01 -4.550000e+01
      vertex   9.408621e+01 5.568357e+01 -4.550000e+01
    endloop
  endfacet
  facet normal 0.000000e+00 0.000000e+00 1.000000e+00
    outer loop
      vertex   9.607262e+01 5.724783e+01 -4.550000e+01
      vertex   9.408621e+01 5.568357e+01 -4.550000e+01
      vertex   9.612302e+01 5.696200e+01 -4.550000e+01
    endloop
  endfacet
  facet normal 0.000000e+00 0.000000e+00 1.000000e+00
    outer loop
      vertex   9.612302e+01 5.696200e+01 -4.550000e+01
      vertex   9.408621e+01 5.568357e+01 -4.550000e+01
      vertex   9.463180e+01 5.524847e+01 -4.550000e+01
    endloop
  endfacet
  facet normal 0.000000e+00 0.000000e+00 1.000000e+00
    outer loop
      vertex   9.612302e+01 5.696200e+01 -4.550000e+01
      vertex   9.463180e+01 5.524847e+01 -4.550000e+01
      vertex   9.623798e+01 5.669551e+01 -4.550000e+01
    endloop
  endfacet
  facet normal 0.000000e+00 0.000000e+00 1.000000e+00
    outer loop
      vertex   9.623798e+01 5.669551e+01 -4.550000e+01
      vertex   9.463180e+01 5.524847e+01 -4.550000e+01
      vertex   9.641129e+01 5.646271e+01 -4.550000e+01
    endloop
  endfacet
  facet normal 0.000000e+00 0.000000e+00 1.000000e+00
    outer loop
      vertex   9.641129e+01 5.646271e+01 -4.550000e+01
      vertex   9.463180e+01 5.524847e+01 -4.550000e+01
      vertex   9.513136e+01 5.476121e+01 -4.550000e+01
    endloop
  endfacet
  facet normal 0.000000e+00 0.000000e+00 1.000000e+00
    outer loop
      vertex   9.641129e+01 5.646271e+01 -4.550000e+01
      vertex   9.513136e+01 5.476121e+01 -4.550000e+01
      vertex   9.663362e+01 5.627615e+01 -4.550000e+01
    endloop
  endfacet
  facet normal 0.000000e+00 0.000000e+00 1.000000e+00
    outer loop
      vertex   9.663362e+01 5.627615e+01 -4.550000e+01
      vertex   9.513136e+01 5.476121e+01 -4.550000e+01
      vertex   9.557993e+01 5.422663e+01 -4.550000e+01
    endloop
  endfacet
  facet normal 0.000000e+00 0.000000e+00 1.000000e+00
    outer loop
      vertex   9.663362e+01 5.627615e+01 -4.550000e+01
      vertex   9.557993e+01 5.422663e+01 -4.550000e+01
      vertex   9.689298e+01 5.614589e+01 -4.550000e+01
    endloop
  endfacet
  facet normal 0.000000e+00 0.000000e+00 1.000000e+00
    outer loop
      vertex   9.689298e+01 5.614589e+01 -4.550000e+01
      vertex   9.557993e+01 5.422663e+01 -4.550000e+01
      vertex   9.717539e+01 5.607896e+01 -4.550000e+01
    endloop
  endfacet
  facet normal 0.000000e+00 0.000000e+00 1.000000e+00
    outer loop
      vertex   9.717539e+01 5.607896e+01 -4.550000e+01
      vertex   9.557993e+01 5.422663e+01 -4.550000e+01
      vertex   9.597304e+01 5.365005e+01 -4.550000e+01
    endloop
  endfacet
  facet normal -0.000000e+00 0.000000e+00 1.000000e+00
    outer loop
      vertex   9.717539e+01 5.607896e+01 -4.550000e+01
      vertex   9.597304e+01 5.365005e+01 -4.550000e+01
      vertex   9.746562e+01 5.607896e+01 -4.550000e+01
    endloop
  endfacet
  facet normal 0.000000e+00 0.000000e+00 1.000000e+00
    outer loop
      vertex   9.746562e+01 5.607896e+01 -4.550000e+01
      vertex   9.597304e+01 5.365005e+01 -4.550000e+01
      vertex   9.904244e+01 5.348298e+01 -4.550000e+01
    endloop
  endfacet
  facet normal -0.000000e+00 0.000000e+00 1.000000e+00
    outer loop
      vertex   9.746562e+01 5.607896e+01 -4.550000e+01
      vertex   9.904244e+01 5.348298e+01 -4.550000e+01
      vertex   9.774803e+01 5.614589e+01 -4.550000e+01
    endloop
  endfacet
  facet normal 0.000000e+00 0.000000e+00 1.000000e+00
    outer loop
      vertex   9.774803e+01 5.614589e+01 -4.550000e+01
      vertex   9.904244e+01 5.348298e+01 -4.550000e+01
      vertex   9.925355e+01 5.368215e+01 -4.550000e+01
    endloop
  endfacet
  facet normal -0.000000e+00 0.000000e+00 1.000000e+00
    outer loop
      vertex   9.774803e+01 5.614589e+01 -4.550000e+01
      vertex   9.925355e+01 5.368215e+01 -4.550000e+01
      vertex   9.800739e+01 5.627615e+01 -4.550000e+01
    endloop
  endfacet
  facet normal 0.000000e+00 0.000000e+00 1.000000e+00
    outer loop
      vertex   9.800739e+01 5.627615e+01 -4.550000e+01
      vertex   9.925355e+01 5.368215e+01 -4.550000e+01
      vertex   9.950490e+01 5.382726e+01 -4.550000e+01
    endloop
  endfacet
  facet normal -0.000000e+00 0.000000e+00 1.000000e+00
    outer loop
      vertex   9.800739e+01 5.627615e+01 -4.550000e+01
      vertex   9.950490e+01 5.382726e+01 -4.550000e+01
      vertex   9.822973e+01 5.646271e+01 -4.550000e+01
    endloop
  endfacet
  facet normal 0.000000e+00 0.000000e+00 1.000000e+00
    outer loop
      vertex   9.822973e+01 5.646271e+01 -4.550000e+01
      vertex   9.950490e+01 5.382726e+01 -4.550000e+01
      vertex   9.978294e+01 5.391050e+01 -4.550000e+01
    endloop
  endfacet
  facet normal -0.000000e+00 0.000000e+00 1.000000e+00
    outer loop
      vertex   9.822973e+01 5.646271e+01 -4.550000e+01
      vertex   9.978294e+01 5.391050e+01 -4.550000e+01
      vertex   1.007151e+02 5.663450e+01 -4.550000e+01
    endloop
  endfacet
  facet normal 0.000000e+00 0.000000e+00 1.000000e+00
    outer loop
      vertex   1.007151e+02 5.663450e+01 -4.550000e+01
      vertex   9.978294e+01 5.391050e+01 -4.550000e+01
      vertex   1.011758e+02 5.582505e+01 -4.550000e+01
    endloop
  endfacet
  facet normal 0.000000e+00 0.000000e+00 1.000000e+00
    outer loop
      vertex   1.011758e+02 5.582505e+01 -4.550000e+01
      vertex   9.978294e+01 5.391050e+01 -4.550000e+01
      vertex   1.000727e+02 5.392738e+01 -4.550000e+01
    endloop
  endfacet
  facet normal 0.000000e+00 0.000000e+00 1.000000e+00
    outer loop
      vertex   1.011758e+02 5.582505e+01 -4.550000e+01
      vertex   1.000727e+02 5.392738e+01 -4.550000e+01
      vertex   1.003585e+02 5.387698e+01 -4.550000e+01
    endloop
  endfacet
  facet normal 0.000000e+00 0.000000e+00 1.000000e+00
    outer loop
      vertex   9.904244e+01 5.348298e+01 -4.550000e+01
      vertex   9.597304e+01 5.365005e+01 -4.550000e+01
      vertex   9.888296e+01 5.324049e+01 -4.550000e+01
    endloop
  endfacet
  facet normal 0.000000e+00 0.000000e+00 1.000000e+00
    outer loop
      vertex   9.888296e+01 5.324049e+01 -4.550000e+01
      vertex   9.597304e+01 5.365005e+01 -4.550000e+01
      vertex   9.630678e+01 5.303719e+01 -4.550000e+01
    endloop
  endfacet
  facet normal 0.000000e+00 0.000000e+00 1.000000e+00
    outer loop
      vertex   9.888296e+01 5.324049e+01 -4.550000e+01
      vertex   9.630678e+01 5.303719e+01 -4.550000e+01
      vertex   9.878369e+01 5.296776e+01 -4.550000e+01
    endloop
  endfacet
  facet normal 0.000000e+00 0.000000e+00 1.000000e+00
    outer loop
      vertex   9.878369e+01 5.296776e+01 -4.550000e+01
      vertex   9.630678e+01 5.303719e+01 -4.550000e+01
      vertex   9.657785e+01 5.239414e+01 -4.550000e+01
    endloop
  endfacet
  facet normal 0.000000e+00 0.000000e+00 1.000000e+00
    outer loop
      vertex   9.878369e+01 5.296776e+01 -4.550000e+01
      vertex   9.657785e+01 5.239414e+01 -4.550000e+01
      vertex   9.875000e+01 5.267949e+01 -4.550000e+01
    endloop
  endfacet
  facet normal 0.000000e+00 0.000000e+00 1.000000e+00
    outer loop
      vertex   9.875000e+01 5.267949e+01 -4.550000e+01
      vertex   9.657785e+01 5.239414e+01 -4.550000e+01
      vertex   9.878369e+01 5.239122e+01 -4.550000e+01
    endloop
  endfacet
  facet normal 0.000000e+00 0.000000e+00 1.000000e+00
    outer loop
      vertex   9.878369e+01 5.239122e+01 -4.550000e+01
      vertex   9.657785e+01 5.239414e+01 -4.550000e+01
      vertex   9.678354e+01 5.172730e+01 -4.550000e+01
    endloop
  endfacet
  facet normal 0.000000e+00 0.000000e+00 1.000000e+00
    outer loop
      vertex   9.878369e+01 5.239122e+01 -4.550000e+01
      vertex   9.678354e+01 5.172730e+01 -4.550000e+01
      vertex   9.888296e+01 5.211849e+01 -4.550000e+01
    endloop
  endfacet
  facet normal 0.000000e+00 0.000000e+00 1.000000e+00
    outer loop
      vertex   9.888296e+01 5.211849e+01 -4.550000e+01
      vertex   9.678354e+01 5.172730e+01 -4.550000e+01
      vertex   9.692182e+01 5.104330e+01 -4.550000e+01
    endloop
  endfacet
  facet normal 0.000000e+00 0.000000e+00 1.000000e+00
    outer loop
      vertex   9.888296e+01 5.211849e+01 -4.550000e+01
      vertex   9.692182e+01 5.104330e+01 -4.550000e+01
      vertex   9.904244e+01 5.187601e+01 -4.550000e+01
    endloop
  endfacet
  facet normal 0.000000e+00 0.000000e+00 1.000000e+00
    outer loop
      vertex   9.904244e+01 5.187601e+01 -4.550000e+01
      vertex   9.692182e+01 5.104330e+01 -4.550000e+01
      vertex   9.699130e+01 5.034892e+01 -4.550000e+01
    endloop
  endfacet
  facet normal 0.000000e+00 0.000000e+00 1.000000e+00
    outer loop
      vertex   9.904244e+01 5.187601e+01 -4.550000e+01
      vertex   9.699130e+01 5.034892e+01 -4.550000e+01
      vertex   9.925355e+01 5.167684e+01 -4.550000e+01
    endloop
  endfacet
  facet normal 0.000000e+00 0.000000e+00 1.000000e+00
    outer loop
      vertex   9.925355e+01 5.167684e+01 -4.550000e+01
      vertex   9.699130e+01 5.034892e+01 -4.550000e+01
      vertex   9.956699e+01 5.025000e+01 -4.550000e+01
    endloop
  endfacet
  facet normal 0.000000e+00 0.000000e+00 1.000000e+00
    outer loop
      vertex   9.925355e+01 5.167684e+01 -4.550000e+01
      vertex   9.956699e+01 5.025000e+01 -4.550000e+01
      vertex   9.964645e+01 5.035355e+01 -4.550000e+01
    endloop
  endfacet
  facet normal 0.000000e+00 0.000000e+00 1.000000e+00
    outer loop
      vertex   9.699130e+01 4.965108e+01 -4.550000e+01
      vertex   9.950000e+01 5.000000e+01 -4.550000e+01
      vertex   9.699130e+01 5.034892e+01 -4.550000e+01
    endloop
  endfacet
  facet normal 0.000000e+00 0.000000e+00 1.000000e+00
    outer loop
      vertex   9.699130e+01 5.034892e+01 -4.550000e+01
      vertex   9.950000e+01 5.000000e+01 -4.550000e+01
      vertex   9.951704e+01 5.012941e+01 -4.550000e+01
    endloop
  endfacet
  facet normal 0.000000e+00 0.000000e+00 1.000000e+00
    outer loop
      vertex   9.699130e+01 5.034892e+01 -4.550000e+01
      vertex   9.951704e+01 5.012941e+01 -4.550000e+01
      vertex   9.956699e+01 5.025000e+01 -4.550000e+01
    endloop
  endfacet
  facet normal -0.000000e+00 0.000000e+00 1.000000e+00
    outer loop
      vertex   9.692182e+01 4.895670e+01 -4.550000e+01
      vertex   9.909078e+01 4.817831e+01 -4.550000e+01
      vertex   9.699130e+01 4.965108e+01 -4.550000e+01
    endloop
  endfacet
  facet normal -0.000000e+00 0.000000e+00 1.000000e+00
    outer loop
      vertex   9.699130e+01 4.965108e+01 -4.550000e+01
      vertex   9.909078e+01 4.817831e+01 -4.550000e+01
      vertex   9.956699e+01 4.975000e+01 -4.550000e+01
    endloop
  endfacet
  facet normal 0.000000e+00 0.000000e+00 1.000000e+00
    outer loop
      vertex   9.699130e+01 4.965108e+01 -4.550000e+01
      vertex   9.956699e+01 4.975000e+01 -4.550000e+01
      vertex   9.951704e+01 4.987059e+01 -4.550000e+01
    endloop
  endfacet
  facet normal 0.000000e+00 0.000000e+00 1.000000e+00
    outer loop
      vertex   9.909078e+01 4.817831e+01 -4.550000e+01
      vertex   9.692182e+01 4.895670e+01 -4.550000e+01
      vertex   9.891747e+01 4.794551e+01 -4.550000e+01
    endloop
  endfacet
  facet normal 0.000000e+00 0.000000e+00 1.000000e+00
    outer loop
      vertex   9.891747e+01 4.794551e+01 -4.550000e+01
      vertex   9.692182e+01 4.895670e+01 -4.550000e+01
      vertex   9.678354e+01 4.827270e+01 -4.550000e+01
    endloop
  endfacet
  facet normal 0.000000e+00 0.000000e+00 1.000000e+00
    outer loop
      vertex   9.891747e+01 4.794551e+01 -4.550000e+01
      vertex   9.678354e+01 4.827270e+01 -4.550000e+01
      vertex   9.880251e+01 4.767901e+01 -4.550000e+01
    endloop
  endfacet
  facet normal 0.000000e+00 0.000000e+00 1.000000e+00
    outer loop
      vertex   9.880251e+01 4.767901e+01 -4.550000e+01
      vertex   9.678354e+01 4.827270e+01 -4.550000e+01
      vertex   9.875211e+01 4.739319e+01 -4.550000e+01
    endloop
  endfacet
  facet normal 0.000000e+00 0.000000e+00 1.000000e+00
    outer loop
      vertex   9.875211e+01 4.739319e+01 -4.550000e+01
      vertex   9.678354e+01 4.827270e+01 -4.550000e+01
      vertex   9.657785e+01 4.760586e+01 -4.550000e+01
    endloop
  endfacet
  facet normal 0.000000e+00 0.000000e+00 1.000000e+00
    outer loop
      vertex   9.875211e+01 4.739319e+01 -4.550000e+01
      vertex   9.657785e+01 4.760586e+01 -4.550000e+01
      vertex   9.876899e+01 4.710345e+01 -4.550000e+01
    endloop
  endfacet
  facet normal 0.000000e+00 0.000000e+00 1.000000e+00
    outer loop
      vertex   9.876899e+01 4.710345e+01 -4.550000e+01
      vertex   9.657785e+01 4.760586e+01 -4.550000e+01
      vertex   9.630678e+01 4.696281e+01 -4.550000e+01
    endloop
  endfacet
  facet normal 0.000000e+00 0.000000e+00 1.000000e+00
    outer loop
      vertex   9.876899e+01 4.710345e+01 -4.550000e+01
      vertex   9.630678e+01 4.696281e+01 -4.550000e+01
      vertex   9.885223e+01 4.682541e+01 -4.550000e+01
    endloop
  endfacet
  facet normal 0.000000e+00 0.000000e+00 1.000000e+00
    outer loop
      vertex   9.885223e+01 4.682541e+01 -4.550000e+01
      vertex   9.630678e+01 4.696281e+01 -4.550000e+01
      vertex   9.597304e+01 4.634995e+01 -4.550000e+01
    endloop
  endfacet
  facet normal 0.000000e+00 0.000000e+00 1.000000e+00
    outer loop
      vertex   9.885223e+01 4.682541e+01 -4.550000e+01
      vertex   9.597304e+01 4.634995e+01 -4.550000e+01
      vertex   9.899735e+01 4.657406e+01 -4.550000e+01
    endloop
  endfacet
  facet normal 0.000000e+00 0.000000e+00 1.000000e+00
    outer loop
      vertex   9.899735e+01 4.657406e+01 -4.550000e+01
      vertex   9.597304e+01 4.634995e+01 -4.550000e+01
      vertex   9.753757e+01 4.391050e+01 -4.550000e+01
    endloop
  endfacet
  facet normal 0.000000e+00 0.000000e+00 1.000000e+00
    outer loop
      vertex   9.899735e+01 4.657406e+01 -4.550000e+01
      vertex   9.753757e+01 4.391050e+01 -4.550000e+01
      vertex   9.919652e+01 4.636295e+01 -4.550000e+01
    endloop
  endfacet
  facet normal 0.000000e+00 0.000000e+00 1.000000e+00
    outer loop
      vertex   9.919652e+01 4.636295e+01 -4.550000e+01
      vertex   9.753757e+01 4.391050e+01 -4.550000e+01
      vertex   9.781561e+01 4.382726e+01 -4.550000e+01
    endloop
  endfacet
  facet normal 0.000000e+00 0.000000e+00 1.000000e+00
    outer loop
      vertex   9.919652e+01 4.636295e+01 -4.550000e+01
      vertex   9.781561e+01 4.382726e+01 -4.550000e+01
      vertex   9.943900e+01 4.620347e+01 -4.550000e+01
    endloop
  endfacet
  facet normal 0.000000e+00 0.000000e+00 1.000000e+00
    outer loop
      vertex   9.943900e+01 4.620347e+01 -4.550000e+01
      vertex   9.781561e+01 4.382726e+01 -4.550000e+01
      vertex   9.806696e+01 4.368215e+01 -4.550000e+01
    endloop
  endfacet
  facet normal 0.000000e+00 0.000000e+00 1.000000e+00
    outer loop
      vertex   9.943900e+01 4.620347e+01 -4.550000e+01
      vertex   9.806696e+01 4.368215e+01 -4.550000e+01
      vertex   9.971173e+01 4.610420e+01 -4.550000e+01
    endloop
  endfacet
  facet normal 0.000000e+00 0.000000e+00 1.000000e+00
    outer loop
      vertex   9.971173e+01 4.610420e+01 -4.550000e+01
      vertex   9.806696e+01 4.368215e+01 -4.550000e+01
      vertex   9.827806e+01 4.348298e+01 -4.550000e+01
    endloop
  endfacet
  facet normal 0.000000e+00 0.000000e+00 1.000000e+00
    outer loop
      vertex   9.971173e+01 4.610420e+01 -4.550000e+01
      vertex   9.827806e+01 4.348298e+01 -4.550000e+01
      vertex   1.007151e+02 4.336550e+01 -4.550000e+01
    endloop
  endfacet
  facet normal 0.000000e+00 0.000000e+00 1.000000e+00
    outer loop
      vertex   1.007151e+02 4.336550e+01 -4.550000e+01
      vertex   9.827806e+01 4.348298e+01 -4.550000e+01
      vertex   9.843755e+01 4.324049e+01 -4.550000e+01
    endloop
  endfacet
  facet normal 0.000000e+00 0.000000e+00 1.000000e+00
    outer loop
      vertex   1.007151e+02 4.336550e+01 -4.550000e+01
      vertex   9.843755e+01 4.324049e+01 -4.550000e+01
      vertex   1.001958e+02 4.259228e+01 -4.550000e+01
    endloop
  endfacet
  facet normal 0.000000e+00 0.000000e+00 1.000000e+00
    outer loop
      vertex   1.001958e+02 4.259228e+01 -4.550000e+01
      vertex   9.843755e+01 4.324049e+01 -4.550000e+01
      vertex   9.853681e+01 4.296776e+01 -4.550000e+01
    endloop
  endfacet
  facet normal 0.000000e+00 0.000000e+00 1.000000e+00
    outer loop
      vertex   1.001958e+02 4.259228e+01 -4.550000e+01
      vertex   9.853681e+01 4.296776e+01 -4.550000e+01
      vertex   9.857051e+01 4.267949e+01 -4.550000e+01
    endloop
  endfacet
  facet normal 0.000000e+00 0.000000e+00 1.000000e+00
    outer loop
      vertex   9.753757e+01 4.391050e+01 -4.550000e+01
      vertex   9.597304e+01 4.634995e+01 -4.550000e+01
      vertex   9.724783e+01 4.392738e+01 -4.550000e+01
    endloop
  endfacet
  facet normal 0.000000e+00 0.000000e+00 1.000000e+00
    outer loop
      vertex   9.724783e+01 4.392738e+01 -4.550000e+01
      vertex   9.597304e+01 4.634995e+01 -4.550000e+01
      vertex   9.557993e+01 4.577337e+01 -4.550000e+01
    endloop
  endfacet
  facet normal 0.000000e+00 0.000000e+00 1.000000e+00
    outer loop
      vertex   9.724783e+01 4.392738e+01 -4.550000e+01
      vertex   9.557993e+01 4.577337e+01 -4.550000e+01
      vertex   9.696200e+01 4.387698e+01 -4.550000e+01
    endloop
  endfacet
  facet normal 0.000000e+00 0.000000e+00 1.000000e+00
    outer loop
      vertex   9.696200e+01 4.387698e+01 -4.550000e+01
      vertex   9.557993e+01 4.577337e+01 -4.550000e+01
      vertex   9.669551e+01 4.376202e+01 -4.550000e+01
    endloop
  endfacet
  facet normal 0.000000e+00 0.000000e+00 1.000000e+00
    outer loop
      vertex   9.669551e+01 4.376202e+01 -4.550000e+01
      vertex   9.557993e+01 4.577337e+01 -4.550000e+01
      vertex   9.513136e+01 4.523879e+01 -4.550000e+01
    endloop
  endfacet
  facet normal 0.000000e+00 0.000000e+00 1.000000e+00
    outer loop
      vertex   9.669551e+01 4.376202e+01 -4.550000e+01
      vertex   9.513136e+01 4.523879e+01 -4.550000e+01
      vertex   9.646271e+01 4.358871e+01 -4.550000e+01
    endloop
  endfacet
  facet normal 0.000000e+00 0.000000e+00 1.000000e+00
    outer loop
      vertex   9.646271e+01 4.358871e+01 -4.550000e+01
      vertex   9.513136e+01 4.523879e+01 -4.550000e+01
      vertex   9.463180e+01 4.475153e+01 -4.550000e+01
    endloop
  endfacet
  facet normal 0.000000e+00 0.000000e+00 1.000000e+00
    outer loop
      vertex   9.646271e+01 4.358871e+01 -4.550000e+01
      vertex   9.463180e+01 4.475153e+01 -4.550000e+01
      vertex   9.627615e+01 4.336638e+01 -4.550000e+01
    endloop
  endfacet
  facet normal 0.000000e+00 0.000000e+00 1.000000e+00
    outer loop
      vertex   9.627615e+01 4.336638e+01 -4.550000e+01
      vertex   9.463180e+01 4.475153e+01 -4.550000e+01
      vertex   9.614589e+01 4.310702e+01 -4.550000e+01
    endloop
  endfacet
  facet normal 0.000000e+00 0.000000e+00 1.000000e+00
    outer loop
      vertex   9.614589e+01 4.310702e+01 -4.550000e+01
      vertex   9.463180e+01 4.475153e+01 -4.550000e+01
      vertex   9.408621e+01 4.431643e+01 -4.550000e+01
    endloop
  endfacet
  facet normal 0.000000e+00 0.000000e+00 1.000000e+00
    outer loop
      vertex   9.614589e+01 4.310702e+01 -4.550000e+01
      vertex   9.408621e+01 4.431643e+01 -4.550000e+01
      vertex   9.607896e+01 4.282461e+01 -4.550000e+01
    endloop
  endfacet
  facet normal 0.000000e+00 0.000000e+00 1.000000e+00
    outer loop
      vertex   9.607896e+01 4.282461e+01 -4.550000e+01
      vertex   9.408621e+01 4.431643e+01 -4.550000e+01
      vertex   9.350000e+01 4.393782e+01 -4.550000e+01
    endloop
  endfacet
  facet normal 0.000000e+00 0.000000e+00 1.000000e+00
    outer loop
      vertex   9.607896e+01 4.282461e+01 -4.550000e+01
      vertex   9.350000e+01 4.393782e+01 -4.550000e+01
      vertex   9.607896e+01 4.253438e+01 -4.550000e+01
    endloop
  endfacet
  facet normal 0.000000e+00 0.000000e+00 1.000000e+00
    outer loop
      vertex   9.607896e+01 4.253438e+01 -4.550000e+01
      vertex   9.350000e+01 4.393782e+01 -4.550000e+01
      vertex   9.348298e+01 4.095756e+01 -4.550000e+01
    endloop
  endfacet
  facet normal 0.000000e+00 0.000000e+00 1.000000e+00
    outer loop
      vertex   9.607896e+01 4.253438e+01 -4.550000e+01
      vertex   9.348298e+01 4.095756e+01 -4.550000e+01
      vertex   9.614589e+01 4.225197e+01 -4.550000e+01
    endloop
  endfacet
  facet normal 0.000000e+00 0.000000e+00 1.000000e+00
    outer loop
      vertex   9.614589e+01 4.225197e+01 -4.550000e+01
      vertex   9.348298e+01 4.095756e+01 -4.550000e+01
      vertex   9.368215e+01 4.074645e+01 -4.550000e+01
    endloop
  endfacet
  facet normal 0.000000e+00 0.000000e+00 1.000000e+00
    outer loop
      vertex   9.614589e+01 4.225197e+01 -4.550000e+01
      vertex   9.368215e+01 4.074645e+01 -4.550000e+01
      vertex   9.627615e+01 4.199261e+01 -4.550000e+01
    endloop
  endfacet
  facet normal 0.000000e+00 0.000000e+00 1.000000e+00
    outer loop
      vertex   9.627615e+01 4.199261e+01 -4.550000e+01
      vertex   9.368215e+01 4.074645e+01 -4.550000e+01
      vertex   9.382726e+01 4.049510e+01 -4.550000e+01
    endloop
  endfacet
  facet normal 0.000000e+00 0.000000e+00 1.000000e+00
    outer loop
      vertex   9.627615e+01 4.199261e+01 -4.550000e+01
      vertex   9.382726e+01 4.049510e+01 -4.550000e+01
      vertex   9.646271e+01 4.177027e+01 -4.550000e+01
    endloop
  endfacet
  facet normal 0.000000e+00 0.000000e+00 1.000000e+00
    outer loop
      vertex   9.646271e+01 4.177027e+01 -4.550000e+01
      vertex   9.382726e+01 4.049510e+01 -4.550000e+01
      vertex   9.391050e+01 4.021706e+01 -4.550000e+01
    endloop
  endfacet
  facet normal 0.000000e+00 0.000000e+00 1.000000e+00
    outer loop
      vertex   9.646271e+01 4.177027e+01 -4.550000e+01
      vertex   9.391050e+01 4.021706e+01 -4.550000e+01
      vertex   9.603057e+01 3.893375e+01 -4.550000e+01
    endloop
  endfacet
  facet normal 0.000000e+00 0.000000e+00 1.000000e+00
    outer loop
      vertex   9.603057e+01 3.893375e+01 -4.550000e+01
      vertex   9.391050e+01 4.021706e+01 -4.550000e+01
      vertex   9.392738e+01 3.992732e+01 -4.550000e+01
    endloop
  endfacet
  facet normal 0.000000e+00 0.000000e+00 1.000000e+00
    outer loop
      vertex   9.603057e+01 3.893375e+01 -4.550000e+01
      vertex   9.392738e+01 3.992732e+01 -4.550000e+01
      vertex   9.519683e+01 3.851860e+01 -4.550000e+01
    endloop
  endfacet
  facet normal 0.000000e+00 0.000000e+00 1.000000e+00
    outer loop
      vertex   9.519683e+01 3.851860e+01 -4.550000e+01
      vertex   9.392738e+01 3.992732e+01 -4.550000e+01
      vertex   9.387698e+01 3.964150e+01 -4.550000e+01
    endloop
  endfacet
  facet normal 0.000000e+00 0.000000e+00 1.000000e+00
    outer loop
      vertex   9.519683e+01 3.851860e+01 -4.550000e+01
      vertex   9.387698e+01 3.964150e+01 -4.550000e+01
      vertex   9.376202e+01 3.937500e+01 -4.550000e+01
    endloop
  endfacet
  facet normal 0.000000e+00 -0.000000e+00 1.000000e+00
    outer loop
      vertex   9.348298e+01 4.095756e+01 -4.550000e+01
      vertex   9.350000e+01 4.393782e+01 -4.550000e+01
      vertex   9.324049e+01 4.111704e+01 -4.550000e+01
    endloop
  endfacet
  facet normal 0.000000e+00 -0.000000e+00 1.000000e+00
    outer loop
      vertex   9.324049e+01 4.111704e+01 -4.550000e+01
      vertex   9.350000e+01 4.393782e+01 -4.550000e+01
      vertex   9.287901e+01 4.361946e+01 -4.550000e+01
    endloop
  endfacet
  facet normal 0.000000e+00 0.000000e+00 1.000000e+00
    outer loop
      vertex   9.324049e+01 4.111704e+01 -4.550000e+01
      vertex   9.287901e+01 4.361946e+01 -4.550000e+01
      vertex   9.296776e+01 4.121631e+01 -4.550000e+01
    endloop
  endfacet
  facet normal 0.000000e+00 0.000000e+00 1.000000e+00
    outer loop
      vertex   9.296776e+01 4.121631e+01 -4.550000e+01
      vertex   9.287901e+01 4.361946e+01 -4.550000e+01
      vertex   9.222941e+01 4.336451e+01 -4.550000e+01
    endloop
  endfacet
  facet normal 0.000000e+00 0.000000e+00 1.000000e+00
    outer loop
      vertex   9.296776e+01 4.121631e+01 -4.550000e+01
      vertex   9.222941e+01 4.336451e+01 -4.550000e+01
      vertex   9.267949e+01 4.125000e+01 -4.550000e+01
    endloop
  endfacet
  facet normal 0.000000e+00 0.000000e+00 1.000000e+00
    outer loop
      vertex   9.267949e+01 4.125000e+01 -4.550000e+01
      vertex   9.222941e+01 4.336451e+01 -4.550000e+01
      vertex   9.239122e+01 4.121631e+01 -4.550000e+01
    endloop
  endfacet
  facet normal 0.000000e+00 0.000000e+00 1.000000e+00
    outer loop
      vertex   9.239122e+01 4.121631e+01 -4.550000e+01
      vertex   9.222941e+01 4.336451e+01 -4.550000e+01
      vertex   9.155765e+01 4.317550e+01 -4.550000e+01
    endloop
  endfacet
  facet normal 0.000000e+00 0.000000e+00 1.000000e+00
    outer loop
      vertex   9.239122e+01 4.121631e+01 -4.550000e+01
      vertex   9.155765e+01 4.317550e+01 -4.550000e+01
      vertex   9.211849e+01 4.111704e+01 -4.550000e+01
    endloop
  endfacet
  facet normal 0.000000e+00 0.000000e+00 1.000000e+00
    outer loop
      vertex   9.211849e+01 4.111704e+01 -4.550000e+01
      vertex   9.155765e+01 4.317550e+01 -4.550000e+01
      vertex   9.087041e+01 4.305433e+01 -4.550000e+01
    endloop
  endfacet
  facet normal 0.000000e+00 0.000000e+00 1.000000e+00
    outer loop
      vertex   9.211849e+01 4.111704e+01 -4.550000e+01
      vertex   9.087041e+01 4.305433e+01 -4.550000e+01
      vertex   9.187601e+01 4.095756e+01 -4.550000e+01
    endloop
  endfacet
  facet normal 0.000000e+00 0.000000e+00 1.000000e+00
    outer loop
      vertex   9.187601e+01 4.095756e+01 -4.550000e+01
      vertex   9.087041e+01 4.305433e+01 -4.550000e+01
      vertex   9.167684e+01 4.074645e+01 -4.550000e+01
    endloop
  endfacet
  facet normal 0.000000e+00 0.000000e+00 1.000000e+00
    outer loop
      vertex   9.167684e+01 4.074645e+01 -4.550000e+01
      vertex   9.087041e+01 4.305433e+01 -4.550000e+01
      vertex   9.017451e+01 4.300218e+01 -4.550000e+01
    endloop
  endfacet
  facet normal 0.000000e+00 0.000000e+00 1.000000e+00
    outer loop
      vertex   9.167684e+01 4.074645e+01 -4.550000e+01
      vertex   9.017451e+01 4.300218e+01 -4.550000e+01
      vertex   9.153172e+01 4.049510e+01 -4.550000e+01
    endloop
  endfacet
  facet normal 0.000000e+00 0.000000e+00 1.000000e+00
    outer loop
      vertex   9.153172e+01 4.049510e+01 -4.550000e+01
      vertex   9.017451e+01 4.300218e+01 -4.550000e+01
      vertex   8.849512e+01 4.042753e+01 -4.550000e+01
    endloop
  endfacet
  facet normal 0.000000e+00 0.000000e+00 1.000000e+00
    outer loop
      vertex   9.153172e+01 4.049510e+01 -4.550000e+01
      vertex   8.849512e+01 4.042753e+01 -4.550000e+01
      vertex   9.144848e+01 4.021706e+01 -4.550000e+01
    endloop
  endfacet
  facet normal 0.000000e+00 0.000000e+00 1.000000e+00
    outer loop
      vertex   9.144848e+01 4.021706e+01 -4.550000e+01
      vertex   8.849512e+01 4.042753e+01 -4.550000e+01
      vertex   8.856206e+01 4.014512e+01 -4.550000e+01
    endloop
  endfacet
  facet normal 0.000000e+00 0.000000e+00 1.000000e+00
    outer loop
      vertex   9.144848e+01 4.021706e+01 -4.550000e+01
      vertex   8.856206e+01 4.014512e+01 -4.550000e+01
      vertex   9.143161e+01 3.992732e+01 -4.550000e+01
    endloop
  endfacet
  facet normal 0.000000e+00 0.000000e+00 1.000000e+00
    outer loop
      vertex   9.143161e+01 3.992732e+01 -4.550000e+01
      vertex   8.856206e+01 4.014512e+01 -4.550000e+01
      vertex   8.856206e+01 3.985488e+01 -4.550000e+01
    endloop
  endfacet
  facet normal 0.000000e+00 0.000000e+00 1.000000e+00
    outer loop
      vertex   9.143161e+01 3.992732e+01 -4.550000e+01
      vertex   8.856206e+01 3.985488e+01 -4.550000e+01
      vertex   9.148201e+01 3.964150e+01 -4.550000e+01
    endloop
  endfacet
  facet normal 0.000000e+00 0.000000e+00 1.000000e+00
    outer loop
      vertex   9.148201e+01 3.964150e+01 -4.550000e+01
      vertex   8.856206e+01 3.985488e+01 -4.550000e+01
      vertex   8.849512e+01 3.957247e+01 -4.550000e+01
    endloop
  endfacet
  facet normal 0.000000e+00 0.000000e+00 1.000000e+00
    outer loop
      vertex   9.148201e+01 3.964150e+01 -4.550000e+01
      vertex   8.849512e+01 3.957247e+01 -4.550000e+01
      vertex   8.976711e+01 3.739939e+01 -4.550000e+01
    endloop
  endfacet
  facet normal 0.000000e+00 0.000000e+00 1.000000e+00
    outer loop
      vertex   8.976711e+01 3.739939e+01 -4.550000e+01
      vertex   8.849512e+01 3.957247e+01 -4.550000e+01
      vertex   8.836487e+01 3.931311e+01 -4.550000e+01
    endloop
  endfacet
  facet normal 0.000000e+00 0.000000e+00 1.000000e+00
    outer loop
      vertex   8.976711e+01 3.739939e+01 -4.550000e+01
      vertex   8.836487e+01 3.931311e+01 -4.550000e+01
      vertex   8.883716e+01 3.745100e+01 -4.550000e+01
    endloop
  endfacet
  facet normal 0.000000e+00 0.000000e+00 1.000000e+00
    outer loop
      vertex   8.883716e+01 3.745100e+01 -4.550000e+01
      vertex   8.836487e+01 3.931311e+01 -4.550000e+01
      vertex   8.817831e+01 3.909078e+01 -4.550000e+01
    endloop
  endfacet
  facet normal 0.000000e+00 0.000000e+00 1.000000e+00
    outer loop
      vertex   8.883716e+01 3.745100e+01 -4.550000e+01
      vertex   8.817831e+01 3.909078e+01 -4.550000e+01
      vertex   8.794551e+01 3.891747e+01 -4.550000e+01
    endloop
  endfacet
  facet normal 0.000000e+00 -0.000000e+00 1.000000e+00
    outer loop
      vertex   8.849512e+01 4.042753e+01 -4.550000e+01
      vertex   9.017451e+01 4.300218e+01 -4.550000e+01
      vertex   8.836487e+01 4.068689e+01 -4.550000e+01
    endloop
  endfacet
  facet normal 0.000000e+00 0.000000e+00 1.000000e+00
    outer loop
      vertex   8.836487e+01 4.068689e+01 -4.550000e+01
      vertex   9.017451e+01 4.300218e+01 -4.550000e+01
      vertex   8.947689e+01 4.301957e+01 -4.550000e+01
    endloop
  endfacet
  facet normal 0.000000e+00 -0.000000e+00 1.000000e+00
    outer loop
      vertex   8.836487e+01 4.068689e+01 -4.550000e+01
      vertex   8.947689e+01 4.301957e+01 -4.550000e+01
      vertex   8.817831e+01 4.090922e+01 -4.550000e+01
    endloop
  endfacet
  facet normal 0.000000e+00 0.000000e+00 1.000000e+00
    outer loop
      vertex   8.817831e+01 4.090922e+01 -4.550000e+01
      vertex   8.947689e+01 4.301957e+01 -4.550000e+01
      vertex   8.878446e+01 4.310635e+01 -4.550000e+01
    endloop
  endfacet
  facet normal 0.000000e+00 -0.000000e+00 1.000000e+00
    outer loop
      vertex   8.817831e+01 4.090922e+01 -4.550000e+01
      vertex   8.878446e+01 4.310635e+01 -4.550000e+01
      vertex   8.794551e+01 4.108253e+01 -4.550000e+01
    endloop
  endfacet
  facet normal 0.000000e+00 -0.000000e+00 1.000000e+00
    outer loop
      vertex   8.794551e+01 4.108253e+01 -4.550000e+01
      vertex   8.878446e+01 4.310635e+01 -4.550000e+01
      vertex   8.767901e+01 4.119749e+01 -4.550000e+01
    endloop
  endfacet
  facet normal 0.000000e+00 0.000000e+00 1.000000e+00
    outer loop
      vertex   8.767901e+01 4.119749e+01 -4.550000e+01
      vertex   8.878446e+01 4.310635e+01 -4.550000e+01
      vertex   8.810412e+01 4.326163e+01 -4.550000e+01
    endloop
  endfacet
  facet normal 0.000000e+00 -0.000000e+00 1.000000e+00
    outer loop
      vertex   8.767901e+01 4.119749e+01 -4.550000e+01
      vertex   8.810412e+01 4.326163e+01 -4.550000e+01
      vertex   8.739319e+01 4.124789e+01 -4.550000e+01
    endloop
  endfacet
  facet normal 0.000000e+00 0.000000e+00 1.000000e+00
    outer loop
      vertex   8.739319e+01 4.124789e+01 -4.550000e+01
      vertex   8.810412e+01 4.326163e+01 -4.550000e+01
      vertex   8.744261e+01 4.348388e+01 -4.550000e+01
    endloop
  endfacet
  facet normal 0.000000e+00 -0.000000e+00 1.000000e+00
    outer loop
      vertex   8.739319e+01 4.124789e+01 -4.550000e+01
      vertex   8.744261e+01 4.348388e+01 -4.550000e+01
      vertex   8.710345e+01 4.123101e+01 -4.550000e+01
    endloop
  endfacet
  facet normal 0.000000e+00 -0.000000e+00 1.000000e+00
    outer loop
      vertex   8.710345e+01 4.123101e+01 -4.550000e+01
      vertex   8.744261e+01 4.348388e+01 -4.550000e+01
      vertex   8.680653e+01 4.377090e+01 -4.550000e+01
    endloop
  endfacet
  facet normal 0.000000e+00 0.000000e+00 1.000000e+00
    outer loop
      vertex   8.710345e+01 4.123101e+01 -4.550000e+01
      vertex   8.680653e+01 4.377090e+01 -4.550000e+01
      vertex   8.682541e+01 4.114777e+01 -4.550000e+01
    endloop
  endfacet
  facet normal 0.000000e+00 0.000000e+00 1.000000e+00
    outer loop
      vertex   8.682541e+01 4.114777e+01 -4.550000e+01
      vertex   8.680653e+01 4.377090e+01 -4.550000e+01
      vertex   8.657406e+01 4.100265e+01 -4.550000e+01
    endloop
  endfacet
  facet normal 0.000000e+00 -0.000000e+00 1.000000e+00
    outer loop
      vertex   8.657406e+01 4.100265e+01 -4.550000e+01
      vertex   8.680653e+01 4.377090e+01 -4.550000e+01
      vertex   8.620218e+01 4.411982e+01 -4.550000e+01
    endloop
  endfacet
  facet normal 0.000000e+00 0.000000e+00 1.000000e+00
    outer loop
      vertex   8.657406e+01 4.100265e+01 -4.550000e+01
      vertex   8.620218e+01 4.411982e+01 -4.550000e+01
      vertex   8.391050e+01 4.246243e+01 -4.550000e+01
    endloop
  endfacet
  facet normal 0.000000e+00 0.000000e+00 1.000000e+00
    outer loop
      vertex   8.391050e+01 4.246243e+01 -4.550000e+01
      vertex   8.620218e+01 4.411982e+01 -4.550000e+01
      vertex   8.392738e+01 4.275217e+01 -4.550000e+01
    endloop
  endfacet
  facet normal 0.000000e+00 -0.000000e+00 1.000000e+00
    outer loop
      vertex   8.392738e+01 4.275217e+01 -4.550000e+01
      vertex   8.620218e+01 4.411982e+01 -4.550000e+01
      vertex   8.387698e+01 4.303800e+01 -4.550000e+01
    endloop
  endfacet
  facet normal 0.000000e+00 0.000000e+00 1.000000e+00
    outer loop
      vertex   8.387698e+01 4.303800e+01 -4.550000e+01
      vertex   8.620218e+01 4.411982e+01 -4.550000e+01
      vertex   8.563557e+01 4.452718e+01 -4.550000e+01
    endloop
  endfacet
  facet normal 0.000000e+00 -0.000000e+00 1.000000e+00
    outer loop
      vertex   8.387698e+01 4.303800e+01 -4.550000e+01
      vertex   8.563557e+01 4.452718e+01 -4.550000e+01
      vertex   8.376202e+01 4.330449e+01 -4.550000e+01
    endloop
  endfacet
  facet normal 0.000000e+00 0.000000e+00 1.000000e+00
    outer loop
      vertex   8.376202e+01 4.330449e+01 -4.550000e+01
      vertex   8.563557e+01 4.452718e+01 -4.550000e+01
      vertex   8.511234e+01 4.498893e+01 -4.550000e+01
    endloop
  endfacet
  facet normal 0.000000e+00 -0.000000e+00 1.000000e+00
    outer loop
      vertex   8.376202e+01 4.330449e+01 -4.550000e+01
      vertex   8.511234e+01 4.498893e+01 -4.550000e+01
      vertex   8.358871e+01 4.353729e+01 -4.550000e+01
    endloop
  endfacet
  facet normal 0.000000e+00 -0.000000e+00 1.000000e+00
    outer loop
      vertex   8.358871e+01 4.353729e+01 -4.550000e+01
      vertex   8.511234e+01 4.498893e+01 -4.550000e+01
      vertex   8.336638e+01 4.372385e+01 -4.550000e+01
    endloop
  endfacet
  facet normal 0.000000e+00 0.000000e+00 1.000000e+00
    outer loop
      vertex   8.336638e+01 4.372385e+01 -4.550000e+01
      vertex   8.511234e+01 4.498893e+01 -4.550000e+01
      vertex   8.463769e+01 4.550049e+01 -4.550000e+01
    endloop
  endfacet
  facet normal 0.000000e+00 -0.000000e+00 1.000000e+00
    outer loop
      vertex   8.336638e+01 4.372385e+01 -4.550000e+01
      vertex   8.463769e+01 4.550049e+01 -4.550000e+01
      vertex   8.310702e+01 4.385411e+01 -4.550000e+01
    endloop
  endfacet
  facet normal 0.000000e+00 0.000000e+00 1.000000e+00
    outer loop
      vertex   8.310702e+01 4.385411e+01 -4.550000e+01
      vertex   8.463769e+01 4.550049e+01 -4.550000e+01
      vertex   8.421633e+01 4.605676e+01 -4.550000e+01
    endloop
  endfacet
  facet normal 0.000000e+00 -0.000000e+00 1.000000e+00
    outer loop
      vertex   8.310702e+01 4.385411e+01 -4.550000e+01
      vertex   8.421633e+01 4.605676e+01 -4.550000e+01
      vertex   8.282461e+01 4.392104e+01 -4.550000e+01
    endloop
  endfacet
  facet normal 0.000000e+00 0.000000e+00 1.000000e+00
    outer loop
      vertex   8.282461e+01 4.392104e+01 -4.550000e+01
      vertex   8.421633e+01 4.605676e+01 -4.550000e+01
      vertex   8.385245e+01 4.665222e+01 -4.550000e+01
    endloop
  endfacet
  facet normal 0.000000e+00 -0.000000e+00 1.000000e+00
    outer loop
      vertex   8.282461e+01 4.392104e+01 -4.550000e+01
      vertex   8.385245e+01 4.665222e+01 -4.550000e+01
      vertex   8.253438e+01 4.392104e+01 -4.550000e+01
    endloop
  endfacet
  facet normal 0.000000e+00 -0.000000e+00 1.000000e+00
    outer loop
      vertex   8.253438e+01 4.392104e+01 -4.550000e+01
      vertex   8.385245e+01 4.665222e+01 -4.550000e+01
      vertex   8.095756e+01 4.651702e+01 -4.550000e+01
    endloop
  endfacet
  facet normal 0.000000e+00 0.000000e+00 1.000000e+00
    outer loop
      vertex   8.253438e+01 4.392104e+01 -4.550000e+01
      vertex   8.095756e+01 4.651702e+01 -4.550000e+01
      vertex   8.225197e+01 4.385411e+01 -4.550000e+01
    endloop
  endfacet
  facet normal 0.000000e+00 0.000000e+00 1.000000e+00
    outer loop
      vertex   8.225197e+01 4.385411e+01 -4.550000e+01
      vertex   8.095756e+01 4.651702e+01 -4.550000e+01
      vertex   8.074645e+01 4.631785e+01 -4.550000e+01
    endloop
  endfacet
  facet normal 0.000000e+00 0.000000e+00 1.000000e+00
    outer loop
      vertex   8.225197e+01 4.385411e+01 -4.550000e+01
      vertex   8.074645e+01 4.631785e+01 -4.550000e+01
      vertex   8.199261e+01 4.372385e+01 -4.550000e+01
    endloop
  endfacet
  facet normal 0.000000e+00 0.000000e+00 1.000000e+00
    outer loop
      vertex   8.199261e+01 4.372385e+01 -4.550000e+01
      vertex   8.074645e+01 4.631785e+01 -4.550000e+01
      vertex   8.049510e+01 4.617274e+01 -4.550000e+01
    endloop
  endfacet
  facet normal 0.000000e+00 0.000000e+00 1.000000e+00
    outer loop
      vertex   8.199261e+01 4.372385e+01 -4.550000e+01
      vertex   8.049510e+01 4.617274e+01 -4.550000e+01
      vertex   8.177027e+01 4.353729e+01 -4.550000e+01
    endloop
  endfacet
  facet normal 0.000000e+00 0.000000e+00 1.000000e+00
    outer loop
      vertex   8.177027e+01 4.353729e+01 -4.550000e+01
      vertex   8.049510e+01 4.617274e+01 -4.550000e+01
      vertex   8.021706e+01 4.608950e+01 -4.550000e+01
    endloop
  endfacet
  facet normal 0.000000e+00 0.000000e+00 1.000000e+00
    outer loop
      vertex   8.177027e+01 4.353729e+01 -4.550000e+01
      vertex   8.021706e+01 4.608950e+01 -4.550000e+01
      vertex   7.904708e+01 4.376597e+01 -4.550000e+01
    endloop
  endfacet
  facet normal 0.000000e+00 0.000000e+00 1.000000e+00
    outer loop
      vertex   7.904708e+01 4.376597e+01 -4.550000e+01
      vertex   8.021706e+01 4.608950e+01 -4.550000e+01
      vertex   7.992732e+01 4.607262e+01 -4.550000e+01
    endloop
  endfacet
  facet normal 0.000000e+00 -0.000000e+00 1.000000e+00
    outer loop
      vertex   7.904708e+01 4.376597e+01 -4.550000e+01
      vertex   7.992732e+01 4.607262e+01 -4.550000e+01
      vertex   7.861659e+01 4.459190e+01 -4.550000e+01
    endloop
  endfacet
  facet normal 0.000000e+00 0.000000e+00 1.000000e+00
    outer loop
      vertex   7.861659e+01 4.459190e+01 -4.550000e+01
      vertex   7.992732e+01 4.607262e+01 -4.550000e+01
      vertex   7.964150e+01 4.612302e+01 -4.550000e+01
    endloop
  endfacet
  facet normal 0.000000e+00 0.000000e+00 1.000000e+00
    outer loop
      vertex   7.861659e+01 4.459190e+01 -4.550000e+01
      vertex   7.964150e+01 4.612302e+01 -4.550000e+01
      vertex   7.937500e+01 4.623798e+01 -4.550000e+01
    endloop
  endfacet
  facet normal 0.000000e+00 0.000000e+00 1.000000e+00
    outer loop
      vertex   8.095756e+01 4.651702e+01 -4.550000e+01
      vertex   8.385245e+01 4.665222e+01 -4.550000e+01
      vertex   8.111704e+01 4.675951e+01 -4.550000e+01
    endloop
  endfacet
  facet normal -0.000000e+00 0.000000e+00 1.000000e+00
    outer loop
      vertex   8.111704e+01 4.675951e+01 -4.550000e+01
      vertex   8.385245e+01 4.665222e+01 -4.550000e+01
      vertex   8.354967e+01 4.728096e+01 -4.550000e+01
    endloop
  endfacet
  facet normal 0.000000e+00 0.000000e+00 1.000000e+00
    outer loop
      vertex   8.111704e+01 4.675951e+01 -4.550000e+01
      vertex   8.354967e+01 4.728096e+01 -4.550000e+01
      vertex   8.121631e+01 4.703224e+01 -4.550000e+01
    endloop
  endfacet
  facet normal 0.000000e+00 0.000000e+00 1.000000e+00
    outer loop
      vertex   8.121631e+01 4.703224e+01 -4.550000e+01
      vertex   8.354967e+01 4.728096e+01 -4.550000e+01
      vertex   8.125000e+01 4.732051e+01 -4.550000e+01
    endloop
  endfacet
  facet normal -0.000000e+00 0.000000e+00 1.000000e+00
    outer loop
      vertex   8.125000e+01 4.732051e+01 -4.550000e+01
      vertex   8.354967e+01 4.728096e+01 -4.550000e+01
      vertex   8.331099e+01 4.793671e+01 -4.550000e+01
    endloop
  endfacet
  facet normal 0.000000e+00 -0.000000e+00 1.000000e+00
    outer loop
      vertex   8.125000e+01 4.732051e+01 -4.550000e+01
      vertex   8.331099e+01 4.793671e+01 -4.550000e+01
      vertex   8.121631e+01 4.760878e+01 -4.550000e+01
    endloop
  endfacet
  facet normal 0.000000e+00 0.000000e+00 1.000000e+00
    outer loop
      vertex   8.121631e+01 4.760878e+01 -4.550000e+01
      vertex   8.331099e+01 4.793671e+01 -4.550000e+01
      vertex   8.313879e+01 4.861298e+01 -4.550000e+01
    endloop
  endfacet
  facet normal 0.000000e+00 -0.000000e+00 1.000000e+00
    outer loop
      vertex   8.121631e+01 4.760878e+01 -4.550000e+01
      vertex   8.313879e+01 4.861298e+01 -4.550000e+01
      vertex   8.111704e+01 4.788151e+01 -4.550000e+01
    endloop
  endfacet
  facet normal 0.000000e+00 -0.000000e+00 1.000000e+00
    outer loop
      vertex   8.111704e+01 4.788151e+01 -4.550000e+01
      vertex   8.313879e+01 4.861298e+01 -4.550000e+01
      vertex   8.095756e+01 4.812399e+01 -4.550000e+01
    endloop
  endfacet
  facet normal 0.000000e+00 0.000000e+00 1.000000e+00
    outer loop
      vertex   8.095756e+01 4.812399e+01 -4.550000e+01
      vertex   8.313879e+01 4.861298e+01 -4.550000e+01
      vertex   8.303478e+01 4.930303e+01 -4.550000e+01
    endloop
  endfacet
  facet normal 0.000000e+00 -0.000000e+00 1.000000e+00
    outer loop
      vertex   8.095756e+01 4.812399e+01 -4.550000e+01
      vertex   8.303478e+01 4.930303e+01 -4.550000e+01
      vertex   8.074645e+01 4.832316e+01 -4.550000e+01
    endloop
  endfacet
  facet normal 0.000000e+00 0.000000e+00 1.000000e+00
    outer loop
      vertex   8.074645e+01 4.832316e+01 -4.550000e+01
      vertex   8.303478e+01 4.930303e+01 -4.550000e+01
      vertex   8.300000e+01 5.000000e+01 -4.550000e+01
    endloop
  endfacet
  facet normal 0.000000e+00 -0.000000e+00 1.000000e+00
    outer loop
      vertex   8.074645e+01 4.832316e+01 -4.550000e+01
      vertex   8.300000e+01 5.000000e+01 -4.550000e+01
      vertex   8.049510e+01 4.846828e+01 -4.550000e+01
    endloop
  endfacet
  facet normal 0.000000e+00 0.000000e+00 1.000000e+00
    outer loop
      vertex   9.909078e+01 4.817831e+01 -4.550000e+01
      vertex   9.931311e+01 4.836487e+01 -4.550000e+01
      vertex   9.956699e+01 4.975000e+01 -4.550000e+01
    endloop
  endfacet
  facet normal 0.000000e+00 0.000000e+00 1.000000e+00
    outer loop
      vertex   9.956699e+01 4.975000e+01 -4.550000e+01
      vertex   9.931311e+01 4.836487e+01 -4.550000e+01
      vertex   9.964645e+01 4.964645e+01 -4.550000e+01
    endloop
  endfacet
  facet normal 0.000000e+00 0.000000e+00 1.000000e+00
    outer loop
      vertex   9.964645e+01 4.964645e+01 -4.550000e+01
      vertex   9.931311e+01 4.836487e+01 -4.550000e+01
      vertex   9.957247e+01 4.849512e+01 -4.550000e+01
    endloop
  endfacet
  facet normal 0.000000e+00 0.000000e+00 1.000000e+00
    outer loop
      vertex   9.964645e+01 4.964645e+01 -4.550000e+01
      vertex   9.957247e+01 4.849512e+01 -4.550000e+01
      vertex   9.975000e+01 4.956699e+01 -4.550000e+01
    endloop
  endfacet
  facet normal 0.000000e+00 0.000000e+00 1.000000e+00
    outer loop
      vertex   9.975000e+01 4.956699e+01 -4.550000e+01
      vertex   9.957247e+01 4.849512e+01 -4.550000e+01
      vertex   9.985488e+01 4.856206e+01 -4.550000e+01
    endloop
  endfacet
  facet normal 0.000000e+00 0.000000e+00 1.000000e+00
    outer loop
      vertex   9.975000e+01 4.956699e+01 -4.550000e+01
      vertex   9.985488e+01 4.856206e+01 -4.550000e+01
      vertex   9.987059e+01 4.951704e+01 -4.550000e+01
    endloop
  endfacet
  facet normal 0.000000e+00 0.000000e+00 1.000000e+00
    outer loop
      vertex   9.987059e+01 4.951704e+01 -4.550000e+01
      vertex   9.985488e+01 4.856206e+01 -4.550000e+01
      vertex   1.000000e+02 4.950000e+01 -4.550000e+01
    endloop
  endfacet
  facet normal 0.000000e+00 0.000000e+00 1.000000e+00
    outer loop
      vertex   1.000000e+02 4.950000e+01 -4.550000e+01
      vertex   9.985488e+01 4.856206e+01 -4.550000e+01
      vertex   1.001451e+02 4.856206e+01 -4.550000e+01
    endloop
  endfacet
  facet normal -0.000000e+00 0.000000e+00 1.000000e+00
    outer loop
      vertex   1.000000e+02 4.950000e+01 -4.550000e+01
      vertex   1.001451e+02 4.856206e+01 -4.550000e+01
      vertex   1.001294e+02 4.951704e+01 -4.550000e+01
    endloop
  endfacet
  facet normal -0.000000e+00 0.000000e+00 1.000000e+00
    outer loop
      vertex   1.001294e+02 4.951704e+01 -4.550000e+01
      vertex   1.001451e+02 4.856206e+01 -4.550000e+01
      vertex   1.002500e+02 4.956699e+01 -4.550000e+01
    endloop
  endfacet
  facet normal 0.000000e+00 0.000000e+00 1.000000e+00
    outer loop
      vertex   1.002500e+02 4.956699e+01 -4.550000e+01
      vertex   1.001451e+02 4.856206e+01 -4.550000e+01
      vertex   1.004275e+02 4.849512e+01 -4.550000e+01
    endloop
  endfacet
  facet normal -0.000000e+00 0.000000e+00 1.000000e+00
    outer loop
      vertex   1.002500e+02 4.956699e+01 -4.550000e+01
      vertex   1.004275e+02 4.849512e+01 -4.550000e+01
      vertex   1.003536e+02 4.964645e+01 -4.550000e+01
    endloop
  endfacet
  facet normal 0.000000e+00 0.000000e+00 1.000000e+00
    outer loop
      vertex   1.003536e+02 4.964645e+01 -4.550000e+01
      vertex   1.004275e+02 4.849512e+01 -4.550000e+01
      vertex   1.006869e+02 4.836487e+01 -4.550000e+01
    endloop
  endfacet
  facet normal -0.000000e+00 0.000000e+00 1.000000e+00
    outer loop
      vertex   1.003536e+02 4.964645e+01 -4.550000e+01
      vertex   1.006869e+02 4.836487e+01 -4.550000e+01
      vertex   1.004330e+02 4.975000e+01 -4.550000e+01
    endloop
  endfacet
  facet normal 0.000000e+00 0.000000e+00 1.000000e+00
    outer loop
      vertex   1.004330e+02 4.975000e+01 -4.550000e+01
      vertex   1.006869e+02 4.836487e+01 -4.550000e+01
      vertex   1.025942e+02 4.953431e+01 -4.550000e+01
    endloop
  endfacet
  facet normal -0.000000e+00 0.000000e+00 1.000000e+00
    outer loop
      vertex   1.004330e+02 4.975000e+01 -4.550000e+01
      vertex   1.025942e+02 4.953431e+01 -4.550000e+01
      vertex   1.004830e+02 4.987059e+01 -4.550000e+01
    endloop
  endfacet
  facet normal -0.000000e+00 0.000000e+00 1.000000e+00
    outer loop
      vertex   1.004830e+02 4.987059e+01 -4.550000e+01
      vertex   1.025942e+02 4.953431e+01 -4.550000e+01
      vertex   1.005000e+02 5.000000e+01 -4.550000e+01
    endloop
  endfacet
  facet normal -0.000000e+00 0.000000e+00 1.000000e+00
    outer loop
      vertex   1.005000e+02 5.000000e+01 -4.550000e+01
      vertex   1.025942e+02 4.953431e+01 -4.550000e+01
      vertex   1.025942e+02 5.046569e+01 -4.550000e+01
    endloop
  endfacet
  facet normal 0.000000e+00 -0.000000e+00 1.000000e+00
    outer loop
      vertex   1.005000e+02 5.000000e+01 -4.550000e+01
      vertex   1.025942e+02 5.046569e+01 -4.550000e+01
      vertex   1.004830e+02 5.012941e+01 -4.550000e+01
    endloop
  endfacet
  facet normal 0.000000e+00 -0.000000e+00 1.000000e+00
    outer loop
      vertex   1.004830e+02 5.012941e+01 -4.550000e+01
      vertex   1.025942e+02 5.046569e+01 -4.550000e+01
      vertex   1.004330e+02 5.025000e+01 -4.550000e+01
    endloop
  endfacet
  facet normal 0.000000e+00 0.000000e+00 1.000000e+00
    outer loop
      vertex   1.004330e+02 5.025000e+01 -4.550000e+01
      vertex   1.025942e+02 5.046569e+01 -4.550000e+01
      vertex   1.025254e+02 5.139453e+01 -4.550000e+01
    endloop
  endfacet
  facet normal 0.000000e+00 0.000000e+00 1.000000e+00
    outer loop
      vertex   1.004330e+02 5.025000e+01 -4.550000e+01
      vertex   1.025254e+02 5.139453e+01 -4.550000e+01
      vertex   1.008578e+02 5.177027e+01 -4.550000e+01
    endloop
  endfacet
  facet normal -0.000000e+00 0.000000e+00 1.000000e+00
    outer loop
      vertex   1.008578e+02 5.177027e+01 -4.550000e+01
      vertex   1.025254e+02 5.139453e+01 -4.550000e+01
      vertex   1.010444e+02 5.199261e+01 -4.550000e+01
    endloop
  endfacet
  facet normal -0.000000e+00 0.000000e+00 1.000000e+00
    outer loop
      vertex   1.010444e+02 5.199261e+01 -4.550000e+01
      vertex   1.025254e+02 5.139453e+01 -4.550000e+01
      vertex   1.011746e+02 5.225197e+01 -4.550000e+01
    endloop
  endfacet
  facet normal -0.000000e+00 0.000000e+00 1.000000e+00
    outer loop
      vertex   1.011746e+02 5.225197e+01 -4.550000e+01
      vertex   1.025254e+02 5.139453e+01 -4.550000e+01
      vertex   1.023882e+02 5.231575e+01 -4.550000e+01
    endloop
  endfacet
  facet normal 0.000000e+00 0.000000e+00 1.000000e+00
    outer loop
      vertex   1.011746e+02 5.225197e+01 -4.550000e+01
      vertex   1.023882e+02 5.231575e+01 -4.550000e+01
      vertex   1.012415e+02 5.253438e+01 -4.550000e+01
    endloop
  endfacet
  facet normal -0.000000e+00 0.000000e+00 1.000000e+00
    outer loop
      vertex   1.012415e+02 5.253438e+01 -4.550000e+01
      vertex   1.023882e+02 5.231575e+01 -4.550000e+01
      vertex   1.012415e+02 5.282461e+01 -4.550000e+01
    endloop
  endfacet
  facet normal -0.000000e+00 0.000000e+00 1.000000e+00
    outer loop
      vertex   1.012415e+02 5.282461e+01 -4.550000e+01
      vertex   1.023882e+02 5.231575e+01 -4.550000e+01
      vertex   1.021833e+02 5.322433e+01 -4.550000e+01
    endloop
  endfacet
  facet normal 0.000000e+00 -0.000000e+00 1.000000e+00
    outer loop
      vertex   1.012415e+02 5.282461e+01 -4.550000e+01
      vertex   1.021833e+02 5.322433e+01 -4.550000e+01
      vertex   1.011746e+02 5.310702e+01 -4.550000e+01
    endloop
  endfacet
  facet normal 0.000000e+00 -0.000000e+00 1.000000e+00
    outer loop
      vertex   1.011746e+02 5.310702e+01 -4.550000e+01
      vertex   1.021833e+02 5.322433e+01 -4.550000e+01
      vertex   1.010444e+02 5.336638e+01 -4.550000e+01
    endloop
  endfacet
  facet normal -0.000000e+00 0.000000e+00 1.000000e+00
    outer loop
      vertex   1.010444e+02 5.336638e+01 -4.550000e+01
      vertex   1.021833e+02 5.322433e+01 -4.550000e+01
      vertex   1.019119e+02 5.411529e+01 -4.550000e+01
    endloop
  endfacet
  facet normal 0.000000e+00 -0.000000e+00 1.000000e+00
    outer loop
      vertex   1.010444e+02 5.336638e+01 -4.550000e+01
      vertex   1.019119e+02 5.411529e+01 -4.550000e+01
      vertex   1.008578e+02 5.358871e+01 -4.550000e+01
    endloop
  endfacet
  facet normal 0.000000e+00 -0.000000e+00 1.000000e+00
    outer loop
      vertex   1.008578e+02 5.358871e+01 -4.550000e+01
      vertex   1.019119e+02 5.411529e+01 -4.550000e+01
      vertex   1.006250e+02 5.376202e+01 -4.550000e+01
    endloop
  endfacet
  facet normal 0.000000e+00 0.000000e+00 1.000000e+00
    outer loop
      vertex   1.006250e+02 5.376202e+01 -4.550000e+01
      vertex   1.019119e+02 5.411529e+01 -4.550000e+01
      vertex   1.015755e+02 5.498378e+01 -4.550000e+01
    endloop
  endfacet
  facet normal 0.000000e+00 -0.000000e+00 1.000000e+00
    outer loop
      vertex   1.006250e+02 5.376202e+01 -4.550000e+01
      vertex   1.015755e+02 5.498378e+01 -4.550000e+01
      vertex   1.003585e+02 5.387698e+01 -4.550000e+01
    endloop
  endfacet
  facet normal 0.000000e+00 0.000000e+00 1.000000e+00
    outer loop
      vertex   1.003585e+02 5.387698e+01 -4.550000e+01
      vertex   1.015755e+02 5.498378e+01 -4.550000e+01
      vertex   1.011758e+02 5.582505e+01 -4.550000e+01
    endloop
  endfacet
  facet normal -0.000000e+00 0.000000e+00 1.000000e+00
    outer loop
      vertex   1.006869e+02 4.836487e+01 -4.550000e+01
      vertex   1.009092e+02 4.817831e+01 -4.550000e+01
      vertex   1.025942e+02 4.953431e+01 -4.550000e+01
    endloop
  endfacet
  facet normal 0.000000e+00 0.000000e+00 1.000000e+00
    outer loop
      vertex   1.025942e+02 4.953431e+01 -4.550000e+01
      vertex   1.009092e+02 4.817831e+01 -4.550000e+01
      vertex   1.025254e+02 4.860547e+01 -4.550000e+01
    endloop
  endfacet
  facet normal 0.000000e+00 0.000000e+00 1.000000e+00
    outer loop
      vertex   1.025254e+02 4.860547e+01 -4.550000e+01
      vertex   1.009092e+02 4.817831e+01 -4.550000e+01
      vertex   1.010825e+02 4.794551e+01 -4.550000e+01
    endloop
  endfacet
  facet normal 0.000000e+00 0.000000e+00 1.000000e+00
    outer loop
      vertex   1.025254e+02 4.860547e+01 -4.550000e+01
      vertex   1.010825e+02 4.794551e+01 -4.550000e+01
      vertex   1.023882e+02 4.768425e+01 -4.550000e+01
    endloop
  endfacet
  facet normal 0.000000e+00 0.000000e+00 1.000000e+00
    outer loop
      vertex   1.023882e+02 4.768425e+01 -4.550000e+01
      vertex   1.010825e+02 4.794551e+01 -4.550000e+01
      vertex   1.011975e+02 4.767901e+01 -4.550000e+01
    endloop
  endfacet
  facet normal 0.000000e+00 0.000000e+00 1.000000e+00
    outer loop
      vertex   1.023882e+02 4.768425e+01 -4.550000e+01
      vertex   1.011975e+02 4.767901e+01 -4.550000e+01
      vertex   1.012479e+02 4.739319e+01 -4.550000e+01
    endloop
  endfacet
  facet normal 0.000000e+00 0.000000e+00 1.000000e+00
    outer loop
      vertex   1.023882e+02 4.768425e+01 -4.550000e+01
      vertex   1.012479e+02 4.739319e+01 -4.550000e+01
      vertex   1.021833e+02 4.677567e+01 -4.550000e+01
    endloop
  endfacet
  facet normal 0.000000e+00 0.000000e+00 1.000000e+00
    outer loop
      vertex   1.021833e+02 4.677567e+01 -4.550000e+01
      vertex   1.012479e+02 4.739319e+01 -4.550000e+01
      vertex   1.012310e+02 4.710345e+01 -4.550000e+01
    endloop
  endfacet
  facet normal 0.000000e+00 0.000000e+00 1.000000e+00
    outer loop
      vertex   1.021833e+02 4.677567e+01 -4.550000e+01
      vertex   1.012310e+02 4.710345e+01 -4.550000e+01
      vertex   1.011478e+02 4.682541e+01 -4.550000e+01
    endloop
  endfacet
  facet normal 0.000000e+00 0.000000e+00 1.000000e+00
    outer loop
      vertex   1.021833e+02 4.677567e+01 -4.550000e+01
      vertex   1.011478e+02 4.682541e+01 -4.550000e+01
      vertex   1.019119e+02 4.588471e+01 -4.550000e+01
    endloop
  endfacet
  facet normal 0.000000e+00 0.000000e+00 1.000000e+00
    outer loop
      vertex   1.019119e+02 4.588471e+01 -4.550000e+01
      vertex   1.011478e+02 4.682541e+01 -4.550000e+01
      vertex   1.010027e+02 4.657406e+01 -4.550000e+01
    endloop
  endfacet
  facet normal 0.000000e+00 0.000000e+00 1.000000e+00
    outer loop
      vertex   1.019119e+02 4.588471e+01 -4.550000e+01
      vertex   1.010027e+02 4.657406e+01 -4.550000e+01
      vertex   1.008035e+02 4.636295e+01 -4.550000e+01
    endloop
  endfacet
  facet normal 0.000000e+00 0.000000e+00 1.000000e+00
    outer loop
      vertex   1.019119e+02 4.588471e+01 -4.550000e+01
      vertex   1.008035e+02 4.636295e+01 -4.550000e+01
      vertex   1.015755e+02 4.501622e+01 -4.550000e+01
    endloop
  endfacet
  facet normal 0.000000e+00 0.000000e+00 1.000000e+00
    outer loop
      vertex   1.015755e+02 4.501622e+01 -4.550000e+01
      vertex   1.008035e+02 4.636295e+01 -4.550000e+01
      vertex   1.005610e+02 4.620347e+01 -4.550000e+01
    endloop
  endfacet
  facet normal 0.000000e+00 0.000000e+00 1.000000e+00
    outer loop
      vertex   1.015755e+02 4.501622e+01 -4.550000e+01
      vertex   1.005610e+02 4.620347e+01 -4.550000e+01
      vertex   1.002883e+02 4.610420e+01 -4.550000e+01
    endloop
  endfacet
  facet normal 0.000000e+00 0.000000e+00 1.000000e+00
    outer loop
      vertex   1.015755e+02 4.501622e+01 -4.550000e+01
      vertex   1.002883e+02 4.610420e+01 -4.550000e+01
      vertex   1.011758e+02 4.417495e+01 -4.550000e+01
    endloop
  endfacet
  facet normal 0.000000e+00 0.000000e+00 1.000000e+00
    outer loop
      vertex   1.011758e+02 4.417495e+01 -4.550000e+01
      vertex   1.002883e+02 4.610420e+01 -4.550000e+01
      vertex   1.000000e+02 4.607051e+01 -4.550000e+01
    endloop
  endfacet
  facet normal 0.000000e+00 0.000000e+00 1.000000e+00
    outer loop
      vertex   1.011758e+02 4.417495e+01 -4.550000e+01
      vertex   1.000000e+02 4.607051e+01 -4.550000e+01
      vertex   9.971173e+01 4.610420e+01 -4.550000e+01
    endloop
  endfacet
  facet normal 0.000000e+00 0.000000e+00 1.000000e+00
    outer loop
      vertex   1.001958e+02 4.259228e+01 -4.550000e+01
      vertex   9.857051e+01 4.267949e+01 -4.550000e+01
      vertex   9.962093e+01 4.185952e+01 -4.550000e+01
    endloop
  endfacet
  facet normal 0.000000e+00 0.000000e+00 1.000000e+00
    outer loop
      vertex   9.962093e+01 4.185952e+01 -4.550000e+01
      vertex   9.857051e+01 4.267949e+01 -4.550000e+01
      vertex   9.853681e+01 4.239122e+01 -4.550000e+01
    endloop
  endfacet
  facet normal 0.000000e+00 0.000000e+00 1.000000e+00
    outer loop
      vertex   9.962093e+01 4.185952e+01 -4.550000e+01
      vertex   9.853681e+01 4.239122e+01 -4.550000e+01
      vertex   9.843755e+01 4.211849e+01 -4.550000e+01
    endloop
  endfacet
  facet normal 0.000000e+00 0.000000e+00 1.000000e+00
    outer loop
      vertex   9.962093e+01 4.185952e+01 -4.550000e+01
      vertex   9.843755e+01 4.211849e+01 -4.550000e+01
      vertex   9.899346e+01 4.117122e+01 -4.550000e+01
    endloop
  endfacet
  facet normal 0.000000e+00 0.000000e+00 1.000000e+00
    outer loop
      vertex   9.899346e+01 4.117122e+01 -4.550000e+01
      vertex   9.843755e+01 4.211849e+01 -4.550000e+01
      vertex   9.827806e+01 4.187601e+01 -4.550000e+01
    endloop
  endfacet
  facet normal 0.000000e+00 0.000000e+00 1.000000e+00
    outer loop
      vertex   9.899346e+01 4.117122e+01 -4.550000e+01
      vertex   9.827806e+01 4.187601e+01 -4.550000e+01
      vertex   9.806696e+01 4.167684e+01 -4.550000e+01
    endloop
  endfacet
  facet normal 0.000000e+00 0.000000e+00 1.000000e+00
    outer loop
      vertex   9.899346e+01 4.117122e+01 -4.550000e+01
      vertex   9.806696e+01 4.167684e+01 -4.550000e+01
      vertex   9.831687e+01 4.053114e+01 -4.550000e+01
    endloop
  endfacet
  facet normal 0.000000e+00 0.000000e+00 1.000000e+00
    outer loop
      vertex   9.831687e+01 4.053114e+01 -4.550000e+01
      vertex   9.806696e+01 4.167684e+01 -4.550000e+01
      vertex   9.781561e+01 4.153172e+01 -4.550000e+01
    endloop
  endfacet
  facet normal 0.000000e+00 0.000000e+00 1.000000e+00
    outer loop
      vertex   9.831687e+01 4.053114e+01 -4.550000e+01
      vertex   9.781561e+01 4.153172e+01 -4.550000e+01
      vertex   9.753757e+01 4.144848e+01 -4.550000e+01
    endloop
  endfacet
  facet normal 0.000000e+00 0.000000e+00 1.000000e+00
    outer loop
      vertex   9.831687e+01 4.053114e+01 -4.550000e+01
      vertex   9.753757e+01 4.144848e+01 -4.550000e+01
      vertex   9.759486e+01 3.994278e+01 -4.550000e+01
    endloop
  endfacet
  facet normal 0.000000e+00 0.000000e+00 1.000000e+00
    outer loop
      vertex   9.759486e+01 3.994278e+01 -4.550000e+01
      vertex   9.753757e+01 4.144848e+01 -4.550000e+01
      vertex   9.724783e+01 4.143161e+01 -4.550000e+01
    endloop
  endfacet
  facet normal 0.000000e+00 0.000000e+00 1.000000e+00
    outer loop
      vertex   9.759486e+01 3.994278e+01 -4.550000e+01
      vertex   9.724783e+01 4.143161e+01 -4.550000e+01
      vertex   9.696200e+01 4.148201e+01 -4.550000e+01
    endloop
  endfacet
  facet normal 0.000000e+00 0.000000e+00 1.000000e+00
    outer loop
      vertex   9.759486e+01 3.994278e+01 -4.550000e+01
      vertex   9.696200e+01 4.148201e+01 -4.550000e+01
      vertex   9.683137e+01 3.940934e+01 -4.550000e+01
    endloop
  endfacet
  facet normal 0.000000e+00 -0.000000e+00 1.000000e+00
    outer loop
      vertex   9.683137e+01 3.940934e+01 -4.550000e+01
      vertex   9.696200e+01 4.148201e+01 -4.550000e+01
      vertex   9.669551e+01 4.159696e+01 -4.550000e+01
    endloop
  endfacet
  facet normal 0.000000e+00 0.000000e+00 1.000000e+00
    outer loop
      vertex   9.683137e+01 3.940934e+01 -4.550000e+01
      vertex   9.669551e+01 4.159696e+01 -4.550000e+01
      vertex   9.603057e+01 3.893375e+01 -4.550000e+01
    endloop
  endfacet
  facet normal 0.000000e+00 0.000000e+00 1.000000e+00
    outer loop
      vertex   9.603057e+01 3.893375e+01 -4.550000e+01
      vertex   9.669551e+01 4.159696e+01 -4.550000e+01
      vertex   9.646271e+01 4.177027e+01 -4.550000e+01
    endloop
  endfacet
  facet normal 0.000000e+00 0.000000e+00 1.000000e+00
    outer loop
      vertex   9.519683e+01 3.851860e+01 -4.550000e+01
      vertex   9.376202e+01 3.937500e+01 -4.550000e+01
      vertex   9.433471e+01 3.816615e+01 -4.550000e+01
    endloop
  endfacet
  facet normal 0.000000e+00 0.000000e+00 1.000000e+00
    outer loop
      vertex   9.433471e+01 3.816615e+01 -4.550000e+01
      vertex   9.376202e+01 3.937500e+01 -4.550000e+01
      vertex   9.358871e+01 3.914220e+01 -4.550000e+01
    endloop
  endfacet
  facet normal 0.000000e+00 0.000000e+00 1.000000e+00
    outer loop
      vertex   9.433471e+01 3.816615e+01 -4.550000e+01
      vertex   9.358871e+01 3.914220e+01 -4.550000e+01
      vertex   9.336638e+01 3.895564e+01 -4.550000e+01
    endloop
  endfacet
  facet normal 0.000000e+00 0.000000e+00 1.000000e+00
    outer loop
      vertex   9.433471e+01 3.816615e+01 -4.550000e+01
      vertex   9.336638e+01 3.895564e+01 -4.550000e+01
      vertex   9.344891e+01 3.787834e+01 -4.550000e+01
    endloop
  endfacet
  facet normal 0.000000e+00 0.000000e+00 1.000000e+00
    outer loop
      vertex   9.344891e+01 3.787834e+01 -4.550000e+01
      vertex   9.336638e+01 3.895564e+01 -4.550000e+01
      vertex   9.310702e+01 3.882538e+01 -4.550000e+01
    endloop
  endfacet
  facet normal 0.000000e+00 0.000000e+00 1.000000e+00
    outer loop
      vertex   9.344891e+01 3.787834e+01 -4.550000e+01
      vertex   9.310702e+01 3.882538e+01 -4.550000e+01
      vertex   9.282461e+01 3.875845e+01 -4.550000e+01
    endloop
  endfacet
  facet normal 0.000000e+00 0.000000e+00 1.000000e+00
    outer loop
      vertex   9.344891e+01 3.787834e+01 -4.550000e+01
      vertex   9.282461e+01 3.875845e+01 -4.550000e+01
      vertex   9.254428e+01 3.765673e+01 -4.550000e+01
    endloop
  endfacet
  facet normal 0.000000e+00 -0.000000e+00 1.000000e+00
    outer loop
      vertex   9.254428e+01 3.765673e+01 -4.550000e+01
      vertex   9.282461e+01 3.875845e+01 -4.550000e+01
      vertex   9.253438e+01 3.875845e+01 -4.550000e+01
    endloop
  endfacet
  facet normal 0.000000e+00 0.000000e+00 1.000000e+00
    outer loop
      vertex   9.254428e+01 3.765673e+01 -4.550000e+01
      vertex   9.253438e+01 3.875845e+01 -4.550000e+01
      vertex   9.225197e+01 3.882538e+01 -4.550000e+01
    endloop
  endfacet
  facet normal 0.000000e+00 0.000000e+00 1.000000e+00
    outer loop
      vertex   9.254428e+01 3.765673e+01 -4.550000e+01
      vertex   9.225197e+01 3.882538e+01 -4.550000e+01
      vertex   9.162575e+01 3.750254e+01 -4.550000e+01
    endloop
  endfacet
  facet normal 0.000000e+00 0.000000e+00 1.000000e+00
    outer loop
      vertex   9.162575e+01 3.750254e+01 -4.550000e+01
      vertex   9.225197e+01 3.882538e+01 -4.550000e+01
      vertex   9.199261e+01 3.895564e+01 -4.550000e+01
    endloop
  endfacet
  facet normal 0.000000e+00 0.000000e+00 1.000000e+00
    outer loop
      vertex   9.162575e+01 3.750254e+01 -4.550000e+01
      vertex   9.199261e+01 3.895564e+01 -4.550000e+01
      vertex   9.177027e+01 3.914220e+01 -4.550000e+01
    endloop
  endfacet
  facet normal 0.000000e+00 -0.000000e+00 1.000000e+00
    outer loop
      vertex   9.162575e+01 3.750254e+01 -4.550000e+01
      vertex   9.177027e+01 3.914220e+01 -4.550000e+01
      vertex   9.069834e+01 3.741660e+01 -4.550000e+01
    endloop
  endfacet
  facet normal 0.000000e+00 0.000000e+00 1.000000e+00
    outer loop
      vertex   9.069834e+01 3.741660e+01 -4.550000e+01
      vertex   9.177027e+01 3.914220e+01 -4.550000e+01
      vertex   9.159696e+01 3.937500e+01 -4.550000e+01
    endloop
  endfacet
  facet normal 0.000000e+00 -0.000000e+00 1.000000e+00
    outer loop
      vertex   9.069834e+01 3.741660e+01 -4.550000e+01
      vertex   9.159696e+01 3.937500e+01 -4.550000e+01
      vertex   8.976711e+01 3.739939e+01 -4.550000e+01
    endloop
  endfacet
  facet normal 0.000000e+00 0.000000e+00 1.000000e+00
    outer loop
      vertex   8.976711e+01 3.739939e+01 -4.550000e+01
      vertex   9.159696e+01 3.937500e+01 -4.550000e+01
      vertex   9.148201e+01 3.964150e+01 -4.550000e+01
    endloop
  endfacet
  facet normal 0.000000e+00 0.000000e+00 1.000000e+00
    outer loop
      vertex   8.883716e+01 3.745100e+01 -4.550000e+01
      vertex   8.794551e+01 3.891747e+01 -4.550000e+01
      vertex   8.791356e+01 3.757115e+01 -4.550000e+01
    endloop
  endfacet
  facet normal 0.000000e+00 -0.000000e+00 1.000000e+00
    outer loop
      vertex   8.791356e+01 3.757115e+01 -4.550000e+01
      vertex   8.794551e+01 3.891747e+01 -4.550000e+01
      vertex   8.767901e+01 3.880251e+01 -4.550000e+01
    endloop
  endfacet
  facet normal 0.000000e+00 0.000000e+00 1.000000e+00
    outer loop
      vertex   8.791356e+01 3.757115e+01 -4.550000e+01
      vertex   8.767901e+01 3.880251e+01 -4.550000e+01
      vertex   8.739319e+01 3.875211e+01 -4.550000e+01
    endloop
  endfacet
  facet normal 0.000000e+00 0.000000e+00 1.000000e+00
    outer loop
      vertex   8.791356e+01 3.757115e+01 -4.550000e+01
      vertex   8.739319e+01 3.875211e+01 -4.550000e+01
      vertex   8.700136e+01 3.775918e+01 -4.550000e+01
    endloop
  endfacet
  facet normal 0.000000e+00 0.000000e+00 1.000000e+00
    outer loop
      vertex   8.700136e+01 3.775918e+01 -4.550000e+01
      vertex   8.739319e+01 3.875211e+01 -4.550000e+01
      vertex   8.710345e+01 3.876899e+01 -4.550000e+01
    endloop
  endfacet
  facet normal 0.000000e+00 -0.000000e+00 1.000000e+00
    outer loop
      vertex   8.700136e+01 3.775918e+01 -4.550000e+01
      vertex   8.710345e+01 3.876899e+01 -4.550000e+01
      vertex   8.682541e+01 3.885223e+01 -4.550000e+01
    endloop
  endfacet
  facet normal 0.000000e+00 0.000000e+00 1.000000e+00
    outer loop
      vertex   8.700136e+01 3.775918e+01 -4.550000e+01
      vertex   8.682541e+01 3.885223e+01 -4.550000e+01
      vertex   8.610553e+01 3.801406e+01 -4.550000e+01
    endloop
  endfacet
  facet normal 0.000000e+00 0.000000e+00 1.000000e+00
    outer loop
      vertex   8.610553e+01 3.801406e+01 -4.550000e+01
      vertex   8.682541e+01 3.885223e+01 -4.550000e+01
      vertex   8.657406e+01 3.899735e+01 -4.550000e+01
    endloop
  endfacet
  facet normal 0.000000e+00 0.000000e+00 1.000000e+00
    outer loop
      vertex   8.610553e+01 3.801406e+01 -4.550000e+01
      vertex   8.657406e+01 3.899735e+01 -4.550000e+01
      vertex   8.636295e+01 3.919652e+01 -4.550000e+01
    endloop
  endfacet
  facet normal 0.000000e+00 -0.000000e+00 1.000000e+00
    outer loop
      vertex   8.610553e+01 3.801406e+01 -4.550000e+01
      vertex   8.636295e+01 3.919652e+01 -4.550000e+01
      vertex   8.523098e+01 3.833441e+01 -4.550000e+01
    endloop
  endfacet
  facet normal 0.000000e+00 0.000000e+00 1.000000e+00
    outer loop
      vertex   8.523098e+01 3.833441e+01 -4.550000e+01
      vertex   8.636295e+01 3.919652e+01 -4.550000e+01
      vertex   8.620347e+01 3.943900e+01 -4.550000e+01
    endloop
  endfacet
  facet normal 0.000000e+00 0.000000e+00 1.000000e+00
    outer loop
      vertex   8.523098e+01 3.833441e+01 -4.550000e+01
      vertex   8.620347e+01 3.943900e+01 -4.550000e+01
      vertex   8.610420e+01 3.971173e+01 -4.550000e+01
    endloop
  endfacet
  facet normal 0.000000e+00 -0.000000e+00 1.000000e+00
    outer loop
      vertex   8.523098e+01 3.833441e+01 -4.550000e+01
      vertex   8.610420e+01 3.971173e+01 -4.550000e+01
      vertex   8.438247e+01 3.871847e+01 -4.550000e+01
    endloop
  endfacet
  facet normal 0.000000e+00 0.000000e+00 1.000000e+00
    outer loop
      vertex   8.438247e+01 3.871847e+01 -4.550000e+01
      vertex   8.610420e+01 3.971173e+01 -4.550000e+01
      vertex   8.607051e+01 4.000000e+01 -4.550000e+01
    endloop
  endfacet
  facet normal 0.000000e+00 -0.000000e+00 1.000000e+00
    outer loop
      vertex   8.438247e+01 3.871847e+01 -4.550000e+01
      vertex   8.607051e+01 4.000000e+01 -4.550000e+01
      vertex   8.356464e+01 3.916415e+01 -4.550000e+01
    endloop
  endfacet
  facet normal 0.000000e+00 0.000000e+00 1.000000e+00
    outer loop
      vertex   8.356464e+01 3.916415e+01 -4.550000e+01
      vertex   8.607051e+01 4.000000e+01 -4.550000e+01
      vertex   8.610420e+01 4.028827e+01 -4.550000e+01
    endloop
  endfacet
  facet normal 0.000000e+00 -0.000000e+00 1.000000e+00
    outer loop
      vertex   8.356464e+01 3.916415e+01 -4.550000e+01
      vertex   8.610420e+01 4.028827e+01 -4.550000e+01
      vertex   8.348298e+01 4.172194e+01 -4.550000e+01
    endloop
  endfacet
  facet normal -0.000000e+00 0.000000e+00 1.000000e+00
    outer loop
      vertex   8.348298e+01 4.172194e+01 -4.550000e+01
      vertex   8.610420e+01 4.028827e+01 -4.550000e+01
      vertex   8.368215e+01 4.193304e+01 -4.550000e+01
    endloop
  endfacet
  facet normal 0.000000e+00 0.000000e+00 1.000000e+00
    outer loop
      vertex   8.368215e+01 4.193304e+01 -4.550000e+01
      vertex   8.610420e+01 4.028827e+01 -4.550000e+01
      vertex   8.620347e+01 4.056100e+01 -4.550000e+01
    endloop
  endfacet
  facet normal -0.000000e+00 0.000000e+00 1.000000e+00
    outer loop
      vertex   8.368215e+01 4.193304e+01 -4.550000e+01
      vertex   8.620347e+01 4.056100e+01 -4.550000e+01
      vertex   8.382726e+01 4.218439e+01 -4.550000e+01
    endloop
  endfacet
  facet normal 0.000000e+00 0.000000e+00 1.000000e+00
    outer loop
      vertex   8.382726e+01 4.218439e+01 -4.550000e+01
      vertex   8.620347e+01 4.056100e+01 -4.550000e+01
      vertex   8.636295e+01 4.080348e+01 -4.550000e+01
    endloop
  endfacet
  facet normal -0.000000e+00 0.000000e+00 1.000000e+00
    outer loop
      vertex   8.382726e+01 4.218439e+01 -4.550000e+01
      vertex   8.636295e+01 4.080348e+01 -4.550000e+01
      vertex   8.391050e+01 4.246243e+01 -4.550000e+01
    endloop
  endfacet
  facet normal 0.000000e+00 0.000000e+00 1.000000e+00
    outer loop
      vertex   8.391050e+01 4.246243e+01 -4.550000e+01
      vertex   8.636295e+01 4.080348e+01 -4.550000e+01
      vertex   8.657406e+01 4.100265e+01 -4.550000e+01
    endloop
  endfacet
  facet normal 0.000000e+00 0.000000e+00 1.000000e+00
    outer loop
      vertex   8.348298e+01 4.172194e+01 -4.550000e+01
      vertex   8.324049e+01 4.156245e+01 -4.550000e+01
      vertex   8.356464e+01 3.916415e+01 -4.550000e+01
    endloop
  endfacet
  facet normal 0.000000e+00 0.000000e+00 1.000000e+00
    outer loop
      vertex   8.356464e+01 3.916415e+01 -4.550000e+01
      vertex   8.324049e+01 4.156245e+01 -4.550000e+01
      vertex   8.278196e+01 3.966901e+01 -4.550000e+01
    endloop
  endfacet
  facet normal 0.000000e+00 0.000000e+00 1.000000e+00
    outer loop
      vertex   8.278196e+01 3.966901e+01 -4.550000e+01
      vertex   8.324049e+01 4.156245e+01 -4.550000e+01
      vertex   8.296776e+01 4.146319e+01 -4.550000e+01
    endloop
  endfacet
  facet normal 0.000000e+00 -0.000000e+00 1.000000e+00
    outer loop
      vertex   8.278196e+01 3.966901e+01 -4.550000e+01
      vertex   8.296776e+01 4.146319e+01 -4.550000e+01
      vertex   8.267949e+01 4.142949e+01 -4.550000e+01
    endloop
  endfacet
  facet normal 0.000000e+00 0.000000e+00 1.000000e+00
    outer loop
      vertex   8.278196e+01 3.966901e+01 -4.550000e+01
      vertex   8.267949e+01 4.142949e+01 -4.550000e+01
      vertex   8.203870e+01 4.023029e+01 -4.550000e+01
    endloop
  endfacet
  facet normal 0.000000e+00 0.000000e+00 1.000000e+00
    outer loop
      vertex   8.203870e+01 4.023029e+01 -4.550000e+01
      vertex   8.267949e+01 4.142949e+01 -4.550000e+01
      vertex   8.239122e+01 4.146319e+01 -4.550000e+01
    endloop
  endfacet
  facet normal 0.000000e+00 0.000000e+00 1.000000e+00
    outer loop
      vertex   8.203870e+01 4.023029e+01 -4.550000e+01
      vertex   8.239122e+01 4.146319e+01 -4.550000e+01
      vertex   8.211849e+01 4.156245e+01 -4.550000e+01
    endloop
  endfacet
  facet normal 0.000000e+00 -0.000000e+00 1.000000e+00
    outer loop
      vertex   8.203870e+01 4.023029e+01 -4.550000e+01
      vertex   8.211849e+01 4.156245e+01 -4.550000e+01
      vertex   8.133892e+01 4.084493e+01 -4.550000e+01
    endloop
  endfacet
  facet normal 0.000000e+00 0.000000e+00 1.000000e+00
    outer loop
      vertex   8.133892e+01 4.084493e+01 -4.550000e+01
      vertex   8.211849e+01 4.156245e+01 -4.550000e+01
      vertex   8.187601e+01 4.172194e+01 -4.550000e+01
    endloop
  endfacet
  facet normal 0.000000e+00 0.000000e+00 1.000000e+00
    outer loop
      vertex   8.133892e+01 4.084493e+01 -4.550000e+01
      vertex   8.187601e+01 4.172194e+01 -4.550000e+01
      vertex   8.167684e+01 4.193304e+01 -4.550000e+01
    endloop
  endfacet
  facet normal 0.000000e+00 -0.000000e+00 1.000000e+00
    outer loop
      vertex   8.133892e+01 4.084493e+01 -4.550000e+01
      vertex   8.167684e+01 4.193304e+01 -4.550000e+01
      vertex   8.068645e+01 4.150957e+01 -4.550000e+01
    endloop
  endfacet
  facet normal 0.000000e+00 0.000000e+00 1.000000e+00
    outer loop
      vertex   8.068645e+01 4.150957e+01 -4.550000e+01
      vertex   8.167684e+01 4.193304e+01 -4.550000e+01
      vertex   8.153172e+01 4.218439e+01 -4.550000e+01
    endloop
  endfacet
  facet normal 0.000000e+00 0.000000e+00 1.000000e+00
    outer loop
      vertex   8.068645e+01 4.150957e+01 -4.550000e+01
      vertex   8.153172e+01 4.218439e+01 -4.550000e+01
      vertex   8.144848e+01 4.246243e+01 -4.550000e+01
    endloop
  endfacet
  facet normal 0.000000e+00 -0.000000e+00 1.000000e+00
    outer loop
      vertex   8.068645e+01 4.150957e+01 -4.550000e+01
      vertex   8.144848e+01 4.246243e+01 -4.550000e+01
      vertex   8.008484e+01 4.222059e+01 -4.550000e+01
    endloop
  endfacet
  facet normal 0.000000e+00 0.000000e+00 1.000000e+00
    outer loop
      vertex   8.008484e+01 4.222059e+01 -4.550000e+01
      vertex   8.144848e+01 4.246243e+01 -4.550000e+01
      vertex   8.143161e+01 4.275217e+01 -4.550000e+01
    endloop
  endfacet
  facet normal 0.000000e+00 0.000000e+00 1.000000e+00
    outer loop
      vertex   8.008484e+01 4.222059e+01 -4.550000e+01
      vertex   8.143161e+01 4.275217e+01 -4.550000e+01
      vertex   8.148201e+01 4.303800e+01 -4.550000e+01
    endloop
  endfacet
  facet normal 0.000000e+00 -0.000000e+00 1.000000e+00
    outer loop
      vertex   8.008484e+01 4.222059e+01 -4.550000e+01
      vertex   8.148201e+01 4.303800e+01 -4.550000e+01
      vertex   7.953739e+01 4.297409e+01 -4.550000e+01
    endloop
  endfacet
  facet normal 0.000000e+00 0.000000e+00 1.000000e+00
    outer loop
      vertex   7.953739e+01 4.297409e+01 -4.550000e+01
      vertex   8.148201e+01 4.303800e+01 -4.550000e+01
      vertex   8.159696e+01 4.330449e+01 -4.550000e+01
    endloop
  endfacet
  facet normal 0.000000e+00 -0.000000e+00 1.000000e+00
    outer loop
      vertex   7.953739e+01 4.297409e+01 -4.550000e+01
      vertex   8.159696e+01 4.330449e+01 -4.550000e+01
      vertex   7.904708e+01 4.376597e+01 -4.550000e+01
    endloop
  endfacet
  facet normal 0.000000e+00 0.000000e+00 1.000000e+00
    outer loop
      vertex   7.904708e+01 4.376597e+01 -4.550000e+01
      vertex   8.159696e+01 4.330449e+01 -4.550000e+01
      vertex   8.177027e+01 4.353729e+01 -4.550000e+01
    endloop
  endfacet
  facet normal 0.000000e+00 -0.000000e+00 1.000000e+00
    outer loop
      vertex   7.861659e+01 4.459190e+01 -4.550000e+01
      vertex   7.937500e+01 4.623798e+01 -4.550000e+01
      vertex   7.824827e+01 4.544736e+01 -4.550000e+01
    endloop
  endfacet
  facet normal 0.000000e+00 0.000000e+00 1.000000e+00
    outer loop
      vertex   7.824827e+01 4.544736e+01 -4.550000e+01
      vertex   7.937500e+01 4.623798e+01 -4.550000e+01
      vertex   7.914220e+01 4.641129e+01 -4.550000e+01
    endloop
  endfacet
  facet normal 0.000000e+00 -0.000000e+00 1.000000e+00
    outer loop
      vertex   7.824827e+01 4.544736e+01 -4.550000e+01
      vertex   7.914220e+01 4.641129e+01 -4.550000e+01
      vertex   7.794414e+01 4.632768e+01 -4.550000e+01
    endloop
  endfacet
  facet normal 0.000000e+00 0.000000e+00 1.000000e+00
    outer loop
      vertex   7.794414e+01 4.632768e+01 -4.550000e+01
      vertex   7.914220e+01 4.641129e+01 -4.550000e+01
      vertex   7.895564e+01 4.663362e+01 -4.550000e+01
    endloop
  endfacet
  facet normal 0.000000e+00 0.000000e+00 1.000000e+00
    outer loop
      vertex   7.794414e+01 4.632768e+01 -4.550000e+01
      vertex   7.895564e+01 4.663362e+01 -4.550000e+01
      vertex   7.882538e+01 4.689298e+01 -4.550000e+01
    endloop
  endfacet
  facet normal 0.000000e+00 -0.000000e+00 1.000000e+00
    outer loop
      vertex   7.794414e+01 4.632768e+01 -4.550000e+01
      vertex   7.882538e+01 4.689298e+01 -4.550000e+01
      vertex   7.770586e+01 4.722807e+01 -4.550000e+01
    endloop
  endfacet
  facet normal 0.000000e+00 0.000000e+00 1.000000e+00
    outer loop
      vertex   7.770586e+01 4.722807e+01 -4.550000e+01
      vertex   7.882538e+01 4.689298e+01 -4.550000e+01
      vertex   7.875845e+01 4.717539e+01 -4.550000e+01
    endloop
  endfacet
  facet normal -0.000000e+00 0.000000e+00 1.000000e+00
    outer loop
      vertex   7.770586e+01 4.722807e+01 -4.550000e+01
      vertex   7.875845e+01 4.717539e+01 -4.550000e+01
      vertex   7.875845e+01 4.746562e+01 -4.550000e+01
    endloop
  endfacet
  facet normal 0.000000e+00 -0.000000e+00 1.000000e+00
    outer loop
      vertex   7.875845e+01 4.746562e+01 -4.550000e+01
      vertex   7.882538e+01 4.774803e+01 -4.550000e+01
      vertex   7.770586e+01 4.722807e+01 -4.550000e+01
    endloop
  endfacet
  facet normal 0.000000e+00 -0.000000e+00 1.000000e+00
    outer loop
      vertex   7.770586e+01 4.722807e+01 -4.550000e+01
      vertex   7.882538e+01 4.774803e+01 -4.550000e+01
      vertex   7.753471e+01 4.814359e+01 -4.550000e+01
    endloop
  endfacet
  facet normal 0.000000e+00 0.000000e+00 1.000000e+00
    outer loop
      vertex   7.753471e+01 4.814359e+01 -4.550000e+01
      vertex   7.882538e+01 4.774803e+01 -4.550000e+01
      vertex   7.895564e+01 4.800739e+01 -4.550000e+01
    endloop
  endfacet
  facet normal -0.000000e+00 -0.000000e+00 1.000000e+00
    outer loop
      vertex   7.753471e+01 4.814359e+01 -4.550000e+01
      vertex   7.895564e+01 4.800739e+01 -4.550000e+01
      vertex   7.743165e+01 4.906925e+01 -4.550000e+01
    endloop
  endfacet
  facet normal 0.000000e+00 0.000000e+00 1.000000e+00
    outer loop
      vertex   7.743165e+01 4.906925e+01 -4.550000e+01
      vertex   7.895564e+01 4.800739e+01 -4.550000e+01
      vertex   7.914220e+01 4.822973e+01 -4.550000e+01
    endloop
  endfacet
  facet normal 0.000000e+00 0.000000e+00 1.000000e+00
    outer loop
      vertex   7.743165e+01 4.906925e+01 -4.550000e+01
      vertex   7.914220e+01 4.822973e+01 -4.550000e+01
      vertex   7.937500e+01 4.840304e+01 -4.550000e+01
    endloop
  endfacet
  facet normal -0.000000e+00 -0.000000e+00 1.000000e+00
    outer loop
      vertex   7.743165e+01 4.906925e+01 -4.550000e+01
      vertex   7.937500e+01 4.840304e+01 -4.550000e+01
      vertex   7.739724e+01 5.000000e+01 -4.550000e+01
    endloop
  endfacet
  facet normal 0.000000e+00 0.000000e+00 1.000000e+00
    outer loop
      vertex   7.739724e+01 5.000000e+01 -4.550000e+01
      vertex   7.937500e+01 4.840304e+01 -4.550000e+01
      vertex   7.964150e+01 4.851799e+01 -4.550000e+01
    endloop
  endfacet
  facet normal 0.000000e+00 0.000000e+00 1.000000e+00
    outer loop
      vertex   7.753471e+01 5.185641e+01 -4.550000e+01
      vertex   7.880251e+01 5.232099e+01 -4.550000e+01
      vertex   7.770586e+01 5.277193e+01 -4.550000e+01
    endloop
  endfacet
  facet normal 0.000000e+00 0.000000e+00 1.000000e+00
    outer loop
      vertex   7.770586e+01 5.277193e+01 -4.550000e+01
      vertex   7.880251e+01 5.232099e+01 -4.550000e+01
      vertex   7.875211e+01 5.260681e+01 -4.550000e+01
    endloop
  endfacet
  facet normal -0.000000e+00 0.000000e+00 1.000000e+00
    outer loop
      vertex   7.770586e+01 5.277193e+01 -4.550000e+01
      vertex   7.875211e+01 5.260681e+01 -4.550000e+01
      vertex   7.876899e+01 5.289655e+01 -4.550000e+01
    endloop
  endfacet
  facet normal 0.000000e+00 0.000000e+00 1.000000e+00
    outer loop
      vertex   7.770586e+01 5.277193e+01 -4.550000e+01
      vertex   7.876899e+01 5.289655e+01 -4.550000e+01
      vertex   7.794414e+01 5.367232e+01 -4.550000e+01
    endloop
  endfacet
  facet normal 0.000000e+00 0.000000e+00 1.000000e+00
    outer loop
      vertex   7.794414e+01 5.367232e+01 -4.550000e+01
      vertex   7.876899e+01 5.289655e+01 -4.550000e+01
      vertex   7.885223e+01 5.317459e+01 -4.550000e+01
    endloop
  endfacet
  facet normal 0.000000e+00 0.000000e+00 1.000000e+00
    outer loop
      vertex   7.794414e+01 5.367232e+01 -4.550000e+01
      vertex   7.885223e+01 5.317459e+01 -4.550000e+01
      vertex   7.899735e+01 5.342594e+01 -4.550000e+01
    endloop
  endfacet
  facet normal -0.000000e+00 0.000000e+00 1.000000e+00
    outer loop
      vertex   7.794414e+01 5.367232e+01 -4.550000e+01
      vertex   7.899735e+01 5.342594e+01 -4.550000e+01
      vertex   7.824827e+01 5.455264e+01 -4.550000e+01
    endloop
  endfacet
  facet normal 0.000000e+00 0.000000e+00 1.000000e+00
    outer loop
      vertex   7.824827e+01 5.455264e+01 -4.550000e+01
      vertex   7.899735e+01 5.342594e+01 -4.550000e+01
      vertex   7.919652e+01 5.363705e+01 -4.550000e+01
    endloop
  endfacet
  facet normal 0.000000e+00 0.000000e+00 1.000000e+00
    outer loop
      vertex   7.824827e+01 5.455264e+01 -4.550000e+01
      vertex   7.919652e+01 5.363705e+01 -4.550000e+01
      vertex   7.943900e+01 5.379653e+01 -4.550000e+01
    endloop
  endfacet
  facet normal -0.000000e+00 0.000000e+00 1.000000e+00
    outer loop
      vertex   7.824827e+01 5.455264e+01 -4.550000e+01
      vertex   7.943900e+01 5.379653e+01 -4.550000e+01
      vertex   7.861659e+01 5.540810e+01 -4.550000e+01
    endloop
  endfacet
  facet normal 0.000000e+00 0.000000e+00 1.000000e+00
    outer loop
      vertex   7.861659e+01 5.540810e+01 -4.550000e+01
      vertex   7.943900e+01 5.379653e+01 -4.550000e+01
      vertex   7.971173e+01 5.389580e+01 -4.550000e+01
    endloop
  endfacet
  facet normal 0.000000e+00 0.000000e+00 1.000000e+00
    outer loop
      vertex   7.861659e+01 5.540810e+01 -4.550000e+01
      vertex   7.971173e+01 5.389580e+01 -4.550000e+01
      vertex   8.000000e+01 5.392949e+01 -4.550000e+01
    endloop
  endfacet
  facet normal -0.000000e+00 0.000000e+00 1.000000e+00
    outer loop
      vertex   7.861659e+01 5.540810e+01 -4.550000e+01
      vertex   8.000000e+01 5.392949e+01 -4.550000e+01
      vertex   7.904708e+01 5.623403e+01 -4.550000e+01
    endloop
  endfacet
  facet normal 0.000000e+00 0.000000e+00 1.000000e+00
    outer loop
      vertex   7.904708e+01 5.623403e+01 -4.550000e+01
      vertex   8.000000e+01 5.392949e+01 -4.550000e+01
      vertex   8.028827e+01 5.389580e+01 -4.550000e+01
    endloop
  endfacet
  facet normal -0.000000e+00 0.000000e+00 1.000000e+00
    outer loop
      vertex   8.008484e+01 5.777941e+01 -4.550000e+01
      vertex   8.146319e+01 5.760878e+01 -4.550000e+01
      vertex   8.068645e+01 5.849043e+01 -4.550000e+01
    endloop
  endfacet
  facet normal 0.000000e+00 0.000000e+00 1.000000e+00
    outer loop
      vertex   8.068645e+01 5.849043e+01 -4.550000e+01
      vertex   8.146319e+01 5.760878e+01 -4.550000e+01
      vertex   8.156245e+01 5.788151e+01 -4.550000e+01
    endloop
  endfacet
  facet normal 0.000000e+00 0.000000e+00 1.000000e+00
    outer loop
      vertex   8.068645e+01 5.849043e+01 -4.550000e+01
      vertex   8.156245e+01 5.788151e+01 -4.550000e+01
      vertex   8.172194e+01 5.812399e+01 -4.550000e+01
    endloop
  endfacet
  facet normal -0.000000e+00 0.000000e+00 1.000000e+00
    outer loop
      vertex   8.068645e+01 5.849043e+01 -4.550000e+01
      vertex   8.172194e+01 5.812399e+01 -4.550000e+01
      vertex   8.133892e+01 5.915507e+01 -4.550000e+01
    endloop
  endfacet
  facet normal 0.000000e+00 0.000000e+00 1.000000e+00
    outer loop
      vertex   8.133892e+01 5.915507e+01 -4.550000e+01
      vertex   8.172194e+01 5.812399e+01 -4.550000e+01
      vertex   8.193304e+01 5.832316e+01 -4.550000e+01
    endloop
  endfacet
  facet normal 0.000000e+00 0.000000e+00 1.000000e+00
    outer loop
      vertex   8.133892e+01 5.915507e+01 -4.550000e+01
      vertex   8.193304e+01 5.832316e+01 -4.550000e+01
      vertex   8.218439e+01 5.846828e+01 -4.550000e+01
    endloop
  endfacet
  facet normal -0.000000e+00 0.000000e+00 1.000000e+00
    outer loop
      vertex   8.133892e+01 5.915507e+01 -4.550000e+01
      vertex   8.218439e+01 5.846828e+01 -4.550000e+01
      vertex   8.203870e+01 5.976971e+01 -4.550000e+01
    endloop
  endfacet
  facet normal 0.000000e+00 0.000000e+00 1.000000e+00
    outer loop
      vertex   8.203870e+01 5.976971e+01 -4.550000e+01
      vertex   8.218439e+01 5.846828e+01 -4.550000e+01
      vertex   8.246243e+01 5.855152e+01 -4.550000e+01
    endloop
  endfacet
  facet normal 0.000000e+00 0.000000e+00 1.000000e+00
    outer loop
      vertex   8.203870e+01 5.976971e+01 -4.550000e+01
      vertex   8.246243e+01 5.855152e+01 -4.550000e+01
      vertex   8.275217e+01 5.856839e+01 -4.550000e+01
    endloop
  endfacet
  facet normal -0.000000e+00 0.000000e+00 1.000000e+00
    outer loop
      vertex   8.203870e+01 5.976971e+01 -4.550000e+01
      vertex   8.275217e+01 5.856839e+01 -4.550000e+01
      vertex   8.278196e+01 6.033099e+01 -4.550000e+01
    endloop
  endfacet
  facet normal 0.000000e+00 0.000000e+00 1.000000e+00
    outer loop
      vertex   8.278196e+01 6.033099e+01 -4.550000e+01
      vertex   8.275217e+01 5.856839e+01 -4.550000e+01
      vertex   8.303800e+01 5.851799e+01 -4.550000e+01
    endloop
  endfacet
  facet normal 0.000000e+00 0.000000e+00 1.000000e+00
    outer loop
      vertex   8.278196e+01 6.033099e+01 -4.550000e+01
      vertex   8.303800e+01 5.851799e+01 -4.550000e+01
      vertex   8.330449e+01 5.840304e+01 -4.550000e+01
    endloop
  endfacet
  facet normal -0.000000e+00 0.000000e+00 1.000000e+00
    outer loop
      vertex   8.278196e+01 6.033099e+01 -4.550000e+01
      vertex   8.330449e+01 5.840304e+01 -4.550000e+01
      vertex   8.356464e+01 6.083585e+01 -4.550000e+01
    endloop
  endfacet
  facet normal 0.000000e+00 0.000000e+00 1.000000e+00
    outer loop
      vertex   8.356464e+01 6.083585e+01 -4.550000e+01
      vertex   8.330449e+01 5.840304e+01 -4.550000e+01
      vertex   8.353729e+01 5.822973e+01 -4.550000e+01
    endloop
  endfacet
  facet normal 0.000000e+00 0.000000e+00 1.000000e+00
    outer loop
      vertex   8.356464e+01 6.083585e+01 -4.550000e+01
      vertex   8.353729e+01 5.822973e+01 -4.550000e+01
      vertex   8.608950e+01 5.978294e+01 -4.550000e+01
    endloop
  endfacet
  facet normal 0.000000e+00 0.000000e+00 1.000000e+00
    outer loop
      vertex   8.608950e+01 5.978294e+01 -4.550000e+01
      vertex   8.353729e+01 5.822973e+01 -4.550000e+01
      vertex   8.617274e+01 5.950490e+01 -4.550000e+01
    endloop
  endfacet
  facet normal 0.000000e+00 0.000000e+00 1.000000e+00
    outer loop
      vertex   8.617274e+01 5.950490e+01 -4.550000e+01
      vertex   8.353729e+01 5.822973e+01 -4.550000e+01
      vertex   8.372385e+01 5.800739e+01 -4.550000e+01
    endloop
  endfacet
  facet normal 0.000000e+00 0.000000e+00 1.000000e+00
    outer loop
      vertex   8.617274e+01 5.950490e+01 -4.550000e+01
      vertex   8.372385e+01 5.800739e+01 -4.550000e+01
      vertex   8.631785e+01 5.925355e+01 -4.550000e+01
    endloop
  endfacet
  facet normal 0.000000e+00 0.000000e+00 1.000000e+00
    outer loop
      vertex   8.631785e+01 5.925355e+01 -4.550000e+01
      vertex   8.372385e+01 5.800739e+01 -4.550000e+01
      vertex   8.385411e+01 5.774803e+01 -4.550000e+01
    endloop
  endfacet
  facet normal 0.000000e+00 0.000000e+00 1.000000e+00
    outer loop
      vertex   8.631785e+01 5.925355e+01 -4.550000e+01
      vertex   8.385411e+01 5.774803e+01 -4.550000e+01
      vertex   8.651702e+01 5.904244e+01 -4.550000e+01
    endloop
  endfacet
  facet normal 0.000000e+00 0.000000e+00 1.000000e+00
    outer loop
      vertex   8.651702e+01 5.904244e+01 -4.550000e+01
      vertex   8.385411e+01 5.774803e+01 -4.550000e+01
      vertex   8.392104e+01 5.746562e+01 -4.550000e+01
    endloop
  endfacet
  facet normal 0.000000e+00 0.000000e+00 1.000000e+00
    outer loop
      vertex   8.608950e+01 5.978294e+01 -4.550000e+01
      vertex   8.607262e+01 6.007268e+01 -4.550000e+01
      vertex   8.356464e+01 6.083585e+01 -4.550000e+01
    endloop
  endfacet
  facet normal -0.000000e+00 0.000000e+00 1.000000e+00
    outer loop
      vertex   8.356464e+01 6.083585e+01 -4.550000e+01
      vertex   8.607262e+01 6.007268e+01 -4.550000e+01
      vertex   8.438247e+01 6.128153e+01 -4.550000e+01
    endloop
  endfacet
  facet normal 0.000000e+00 0.000000e+00 1.000000e+00
    outer loop
      vertex   8.438247e+01 6.128153e+01 -4.550000e+01
      vertex   8.607262e+01 6.007268e+01 -4.550000e+01
      vertex   8.612302e+01 6.035850e+01 -4.550000e+01
    endloop
  endfacet
  facet normal -0.000000e+00 0.000000e+00 1.000000e+00
    outer loop
      vertex   8.438247e+01 6.128153e+01 -4.550000e+01
      vertex   8.612302e+01 6.035850e+01 -4.550000e+01
      vertex   8.523098e+01 6.166559e+01 -4.550000e+01
    endloop
  endfacet
  facet normal 0.000000e+00 0.000000e+00 1.000000e+00
    outer loop
      vertex   8.523098e+01 6.166559e+01 -4.550000e+01
      vertex   8.612302e+01 6.035850e+01 -4.550000e+01
      vertex   8.623798e+01 6.062500e+01 -4.550000e+01
    endloop
  endfacet
  facet normal 0.000000e+00 0.000000e+00 1.000000e+00
    outer loop
      vertex   8.523098e+01 6.166559e+01 -4.550000e+01
      vertex   8.623798e+01 6.062500e+01 -4.550000e+01
      vertex   8.641129e+01 6.085780e+01 -4.550000e+01
    endloop
  endfacet
  facet normal -0.000000e+00 0.000000e+00 1.000000e+00
    outer loop
      vertex   8.523098e+01 6.166559e+01 -4.550000e+01
      vertex   8.641129e+01 6.085780e+01 -4.550000e+01
      vertex   8.610553e+01 6.198594e+01 -4.550000e+01
    endloop
  endfacet
  facet normal 0.000000e+00 0.000000e+00 1.000000e+00
    outer loop
      vertex   8.610553e+01 6.198594e+01 -4.550000e+01
      vertex   8.641129e+01 6.085780e+01 -4.550000e+01
      vertex   8.663362e+01 6.104436e+01 -4.550000e+01
    endloop
  endfacet
  facet normal 0.000000e+00 0.000000e+00 1.000000e+00
    outer loop
      vertex   8.610553e+01 6.198594e+01 -4.550000e+01
      vertex   8.663362e+01 6.104436e+01 -4.550000e+01
      vertex   8.689298e+01 6.117462e+01 -4.550000e+01
    endloop
  endfacet
  facet normal -0.000000e+00 0.000000e+00 1.000000e+00
    outer loop
      vertex   8.610553e+01 6.198594e+01 -4.550000e+01
      vertex   8.689298e+01 6.117462e+01 -4.550000e+01
      vertex   8.700136e+01 6.224082e+01 -4.550000e+01
    endloop
  endfacet
  facet normal 0.000000e+00 0.000000e+00 1.000000e+00
    outer loop
      vertex   8.700136e+01 6.224082e+01 -4.550000e+01
      vertex   8.689298e+01 6.117462e+01 -4.550000e+01
      vertex   8.717539e+01 6.124155e+01 -4.550000e+01
    endloop
  endfacet
  facet normal 0.000000e+00 0.000000e+00 1.000000e+00
    outer loop
      vertex   8.700136e+01 6.224082e+01 -4.550000e+01
      vertex   8.717539e+01 6.124155e+01 -4.550000e+01
      vertex   8.746562e+01 6.124155e+01 -4.550000e+01
    endloop
  endfacet
  facet normal -0.000000e+00 0.000000e+00 1.000000e+00
    outer loop
      vertex   8.700136e+01 6.224082e+01 -4.550000e+01
      vertex   8.746562e+01 6.124155e+01 -4.550000e+01
      vertex   8.791356e+01 6.242885e+01 -4.550000e+01
    endloop
  endfacet
  facet normal 0.000000e+00 0.000000e+00 1.000000e+00
    outer loop
      vertex   8.791356e+01 6.242885e+01 -4.550000e+01
      vertex   8.746562e+01 6.124155e+01 -4.550000e+01
      vertex   8.774803e+01 6.117462e+01 -4.550000e+01
    endloop
  endfacet
  facet normal 0.000000e+00 0.000000e+00 1.000000e+00
    outer loop
      vertex   8.791356e+01 6.242885e+01 -4.550000e+01
      vertex   8.774803e+01 6.117462e+01 -4.550000e+01
      vertex   8.800739e+01 6.104436e+01 -4.550000e+01
    endloop
  endfacet
  facet normal -0.000000e+00 0.000000e+00 1.000000e+00
    outer loop
      vertex   8.791356e+01 6.242885e+01 -4.550000e+01
      vertex   8.800739e+01 6.104436e+01 -4.550000e+01
      vertex   8.883716e+01 6.254900e+01 -4.550000e+01
    endloop
  endfacet
  facet normal 0.000000e+00 0.000000e+00 1.000000e+00
    outer loop
      vertex   8.883716e+01 6.254900e+01 -4.550000e+01
      vertex   8.800739e+01 6.104436e+01 -4.550000e+01
      vertex   8.822973e+01 6.085780e+01 -4.550000e+01
    endloop
  endfacet
  facet normal 0.000000e+00 0.000000e+00 1.000000e+00
    outer loop
      vertex   8.883716e+01 6.254900e+01 -4.550000e+01
      vertex   8.822973e+01 6.085780e+01 -4.550000e+01
      vertex   8.840304e+01 6.062500e+01 -4.550000e+01
    endloop
  endfacet
  facet normal -0.000000e+00 0.000000e+00 1.000000e+00
    outer loop
      vertex   8.883716e+01 6.254900e+01 -4.550000e+01
      vertex   8.840304e+01 6.062500e+01 -4.550000e+01
      vertex   8.976711e+01 6.260061e+01 -4.550000e+01
    endloop
  endfacet
  facet normal 0.000000e+00 0.000000e+00 1.000000e+00
    outer loop
      vertex   8.976711e+01 6.260061e+01 -4.550000e+01
      vertex   8.840304e+01 6.062500e+01 -4.550000e+01
      vertex   8.851799e+01 6.035850e+01 -4.550000e+01
    endloop
  endfacet
  facet normal 0.000000e+00 0.000000e+00 1.000000e+00
    outer loop
      vertex   9.069834e+01 6.258340e+01 -4.550000e+01
      vertex   9.182169e+01 6.090922e+01 -4.550000e+01
      vertex   9.162575e+01 6.249746e+01 -4.550000e+01
    endloop
  endfacet
  facet normal 0.000000e+00 0.000000e+00 1.000000e+00
    outer loop
      vertex   9.162575e+01 6.249746e+01 -4.550000e+01
      vertex   9.182169e+01 6.090922e+01 -4.550000e+01
      vertex   9.205449e+01 6.108253e+01 -4.550000e+01
    endloop
  endfacet
  facet normal 0.000000e+00 0.000000e+00 1.000000e+00
    outer loop
      vertex   9.162575e+01 6.249746e+01 -4.550000e+01
      vertex   9.205449e+01 6.108253e+01 -4.550000e+01
      vertex   9.232099e+01 6.119749e+01 -4.550000e+01
    endloop
  endfacet
  facet normal 0.000000e+00 0.000000e+00 1.000000e+00
    outer loop
      vertex   9.162575e+01 6.249746e+01 -4.550000e+01
      vertex   9.232099e+01 6.119749e+01 -4.550000e+01
      vertex   9.254428e+01 6.234327e+01 -4.550000e+01
    endloop
  endfacet
  facet normal 0.000000e+00 0.000000e+00 1.000000e+00
    outer loop
      vertex   9.254428e+01 6.234327e+01 -4.550000e+01
      vertex   9.232099e+01 6.119749e+01 -4.550000e+01
      vertex   9.260681e+01 6.124789e+01 -4.550000e+01
    endloop
  endfacet
  facet normal 0.000000e+00 0.000000e+00 1.000000e+00
    outer loop
      vertex   9.254428e+01 6.234327e+01 -4.550000e+01
      vertex   9.260681e+01 6.124789e+01 -4.550000e+01
      vertex   9.289655e+01 6.123101e+01 -4.550000e+01
    endloop
  endfacet
  facet normal 0.000000e+00 0.000000e+00 1.000000e+00
    outer loop
      vertex   9.254428e+01 6.234327e+01 -4.550000e+01
      vertex   9.289655e+01 6.123101e+01 -4.550000e+01
      vertex   9.344891e+01 6.212166e+01 -4.550000e+01
    endloop
  endfacet
  facet normal 0.000000e+00 0.000000e+00 1.000000e+00
    outer loop
      vertex   9.344891e+01 6.212166e+01 -4.550000e+01
      vertex   9.289655e+01 6.123101e+01 -4.550000e+01
      vertex   9.317459e+01 6.114777e+01 -4.550000e+01
    endloop
  endfacet
  facet normal 0.000000e+00 0.000000e+00 1.000000e+00
    outer loop
      vertex   9.344891e+01 6.212166e+01 -4.550000e+01
      vertex   9.317459e+01 6.114777e+01 -4.550000e+01
      vertex   9.342594e+01 6.100265e+01 -4.550000e+01
    endloop
  endfacet
  facet normal 0.000000e+00 0.000000e+00 1.000000e+00
    outer loop
      vertex   9.344891e+01 6.212166e+01 -4.550000e+01
      vertex   9.342594e+01 6.100265e+01 -4.550000e+01
      vertex   9.433471e+01 6.183385e+01 -4.550000e+01
    endloop
  endfacet
  facet normal 0.000000e+00 0.000000e+00 1.000000e+00
    outer loop
      vertex   9.433471e+01 6.183385e+01 -4.550000e+01
      vertex   9.342594e+01 6.100265e+01 -4.550000e+01
      vertex   9.363705e+01 6.080348e+01 -4.550000e+01
    endloop
  endfacet
  facet normal 0.000000e+00 0.000000e+00 1.000000e+00
    outer loop
      vertex   9.433471e+01 6.183385e+01 -4.550000e+01
      vertex   9.363705e+01 6.080348e+01 -4.550000e+01
      vertex   9.379653e+01 6.056100e+01 -4.550000e+01
    endloop
  endfacet
  facet normal 0.000000e+00 0.000000e+00 1.000000e+00
    outer loop
      vertex   9.433471e+01 6.183385e+01 -4.550000e+01
      vertex   9.379653e+01 6.056100e+01 -4.550000e+01
      vertex   9.519683e+01 6.148140e+01 -4.550000e+01
    endloop
  endfacet
  facet normal 0.000000e+00 0.000000e+00 1.000000e+00
    outer loop
      vertex   9.519683e+01 6.148140e+01 -4.550000e+01
      vertex   9.379653e+01 6.056100e+01 -4.550000e+01
      vertex   9.389580e+01 6.028827e+01 -4.550000e+01
    endloop
  endfacet
  facet normal 0.000000e+00 0.000000e+00 1.000000e+00
    outer loop
      vertex   9.519683e+01 6.148140e+01 -4.550000e+01
      vertex   9.389580e+01 6.028827e+01 -4.550000e+01
      vertex   9.603057e+01 6.106625e+01 -4.550000e+01
    endloop
  endfacet
  facet normal 0.000000e+00 0.000000e+00 1.000000e+00
    outer loop
      vertex   9.603057e+01 6.106625e+01 -4.550000e+01
      vertex   9.389580e+01 6.028827e+01 -4.550000e+01
      vertex   9.392949e+01 6.000000e+01 -4.550000e+01
    endloop
  endfacet
  facet normal 0.000000e+00 0.000000e+00 1.000000e+00
    outer loop
      vertex   9.603057e+01 6.106625e+01 -4.550000e+01
      vertex   9.392949e+01 6.000000e+01 -4.550000e+01
      vertex   9.389580e+01 5.971173e+01 -4.550000e+01
    endloop
  endfacet
  facet normal 0.000000e+00 0.000000e+00 1.000000e+00
    outer loop
      vertex   9.683137e+01 6.059066e+01 -4.550000e+01
      vertex   9.703224e+01 5.853681e+01 -4.550000e+01
      vertex   9.759486e+01 6.005722e+01 -4.550000e+01
    endloop
  endfacet
  facet normal 0.000000e+00 0.000000e+00 1.000000e+00
    outer loop
      vertex   9.759486e+01 6.005722e+01 -4.550000e+01
      vertex   9.703224e+01 5.853681e+01 -4.550000e+01
      vertex   9.732051e+01 5.857051e+01 -4.550000e+01
    endloop
  endfacet
  facet normal 0.000000e+00 0.000000e+00 1.000000e+00
    outer loop
      vertex   9.759486e+01 6.005722e+01 -4.550000e+01
      vertex   9.732051e+01 5.857051e+01 -4.550000e+01
      vertex   9.760878e+01 5.853681e+01 -4.550000e+01
    endloop
  endfacet
  facet normal 0.000000e+00 0.000000e+00 1.000000e+00
    outer loop
      vertex   9.759486e+01 6.005722e+01 -4.550000e+01
      vertex   9.760878e+01 5.853681e+01 -4.550000e+01
      vertex   9.831687e+01 5.946886e+01 -4.550000e+01
    endloop
  endfacet
  facet normal 0.000000e+00 0.000000e+00 1.000000e+00
    outer loop
      vertex   9.831687e+01 5.946886e+01 -4.550000e+01
      vertex   9.760878e+01 5.853681e+01 -4.550000e+01
      vertex   9.788151e+01 5.843755e+01 -4.550000e+01
    endloop
  endfacet
  facet normal 0.000000e+00 0.000000e+00 1.000000e+00
    outer loop
      vertex   9.831687e+01 5.946886e+01 -4.550000e+01
      vertex   9.788151e+01 5.843755e+01 -4.550000e+01
      vertex   9.812399e+01 5.827806e+01 -4.550000e+01
    endloop
  endfacet
  facet normal 0.000000e+00 0.000000e+00 1.000000e+00
    outer loop
      vertex   9.831687e+01 5.946886e+01 -4.550000e+01
      vertex   9.812399e+01 5.827806e+01 -4.550000e+01
      vertex   9.899346e+01 5.882878e+01 -4.550000e+01
    endloop
  endfacet
  facet normal 0.000000e+00 0.000000e+00 1.000000e+00
    outer loop
      vertex   9.899346e+01 5.882878e+01 -4.550000e+01
      vertex   9.812399e+01 5.827806e+01 -4.550000e+01
      vertex   9.832316e+01 5.806696e+01 -4.550000e+01
    endloop
  endfacet
  facet normal 0.000000e+00 0.000000e+00 1.000000e+00
    outer loop
      vertex   9.899346e+01 5.882878e+01 -4.550000e+01
      vertex   9.832316e+01 5.806696e+01 -4.550000e+01
      vertex   9.846828e+01 5.781561e+01 -4.550000e+01
    endloop
  endfacet
  facet normal 0.000000e+00 0.000000e+00 1.000000e+00
    outer loop
      vertex   9.899346e+01 5.882878e+01 -4.550000e+01
      vertex   9.846828e+01 5.781561e+01 -4.550000e+01
      vertex   9.962093e+01 5.814048e+01 -4.550000e+01
    endloop
  endfacet
  facet normal 0.000000e+00 0.000000e+00 1.000000e+00
    outer loop
      vertex   9.962093e+01 5.814048e+01 -4.550000e+01
      vertex   9.846828e+01 5.781561e+01 -4.550000e+01
      vertex   9.855152e+01 5.753757e+01 -4.550000e+01
    endloop
  endfacet
  facet normal 0.000000e+00 0.000000e+00 1.000000e+00
    outer loop
      vertex   9.962093e+01 5.814048e+01 -4.550000e+01
      vertex   9.855152e+01 5.753757e+01 -4.550000e+01
      vertex   9.856839e+01 5.724783e+01 -4.550000e+01
    endloop
  endfacet
  facet normal 0.000000e+00 0.000000e+00 1.000000e+00
    outer loop
      vertex   9.962093e+01 5.814048e+01 -4.550000e+01
      vertex   9.856839e+01 5.724783e+01 -4.550000e+01
      vertex   1.001958e+02 5.740772e+01 -4.550000e+01
    endloop
  endfacet
  facet normal 0.000000e+00 0.000000e+00 1.000000e+00
    outer loop
      vertex   1.001958e+02 5.740772e+01 -4.550000e+01
      vertex   9.856839e+01 5.724783e+01 -4.550000e+01
      vertex   9.851799e+01 5.696200e+01 -4.550000e+01
    endloop
  endfacet
  facet normal 0.000000e+00 0.000000e+00 1.000000e+00
    outer loop
      vertex   1.001958e+02 5.740772e+01 -4.550000e+01
      vertex   9.851799e+01 5.696200e+01 -4.550000e+01
      vertex   1.007151e+02 5.663450e+01 -4.550000e+01
    endloop
  endfacet
  facet normal 0.000000e+00 0.000000e+00 1.000000e+00
    outer loop
      vertex   1.007151e+02 5.663450e+01 -4.550000e+01
      vertex   9.851799e+01 5.696200e+01 -4.550000e+01
      vertex   9.840304e+01 5.669551e+01 -4.550000e+01
    endloop
  endfacet
  facet normal 0.000000e+00 0.000000e+00 1.000000e+00
    outer loop
      vertex   1.007151e+02 5.663450e+01 -4.550000e+01
      vertex   9.840304e+01 5.669551e+01 -4.550000e+01
      vertex   9.822973e+01 5.646271e+01 -4.550000e+01
    endloop
  endfacet
  facet normal 0.000000e+00 0.000000e+00 1.000000e+00
    outer loop
      vertex   1.008578e+02 5.177027e+01 -4.550000e+01
      vertex   1.006250e+02 5.159696e+01 -4.550000e+01
      vertex   1.004330e+02 5.025000e+01 -4.550000e+01
    endloop
  endfacet
  facet normal 0.000000e+00 -0.000000e+00 1.000000e+00
    outer loop
      vertex   1.004330e+02 5.025000e+01 -4.550000e+01
      vertex   1.006250e+02 5.159696e+01 -4.550000e+01
      vertex   1.003536e+02 5.035355e+01 -4.550000e+01
    endloop
  endfacet
  facet normal 0.000000e+00 0.000000e+00 1.000000e+00
    outer loop
      vertex   1.003536e+02 5.035355e+01 -4.550000e+01
      vertex   1.006250e+02 5.159696e+01 -4.550000e+01
      vertex   1.003585e+02 5.148201e+01 -4.550000e+01
    endloop
  endfacet
  facet normal 0.000000e+00 -0.000000e+00 1.000000e+00
    outer loop
      vertex   1.003536e+02 5.035355e+01 -4.550000e+01
      vertex   1.003585e+02 5.148201e+01 -4.550000e+01
      vertex   1.002500e+02 5.043301e+01 -4.550000e+01
    endloop
  endfacet
  facet normal 0.000000e+00 -0.000000e+00 1.000000e+00
    outer loop
      vertex   1.002500e+02 5.043301e+01 -4.550000e+01
      vertex   1.003585e+02 5.148201e+01 -4.550000e+01
      vertex   1.001294e+02 5.048296e+01 -4.550000e+01
    endloop
  endfacet
  facet normal 0.000000e+00 -0.000000e+00 1.000000e+00
    outer loop
      vertex   1.001294e+02 5.048296e+01 -4.550000e+01
      vertex   1.003585e+02 5.148201e+01 -4.550000e+01
      vertex   1.000727e+02 5.143161e+01 -4.550000e+01
    endloop
  endfacet
  facet normal 0.000000e+00 0.000000e+00 1.000000e+00
    outer loop
      vertex   1.001294e+02 5.048296e+01 -4.550000e+01
      vertex   1.000727e+02 5.143161e+01 -4.550000e+01
      vertex   1.000000e+02 5.050000e+01 -4.550000e+01
    endloop
  endfacet
  facet normal 0.000000e+00 -0.000000e+00 1.000000e+00
    outer loop
      vertex   1.000000e+02 5.050000e+01 -4.550000e+01
      vertex   1.000727e+02 5.143161e+01 -4.550000e+01
      vertex   9.978294e+01 5.144848e+01 -4.550000e+01
    endloop
  endfacet
  facet normal 0.000000e+00 0.000000e+00 1.000000e+00
    outer loop
      vertex   1.000000e+02 5.050000e+01 -4.550000e+01
      vertex   9.978294e+01 5.144848e+01 -4.550000e+01
      vertex   9.987059e+01 5.048296e+01 -4.550000e+01
    endloop
  endfacet
  facet normal 0.000000e+00 0.000000e+00 1.000000e+00
    outer loop
      vertex   9.987059e+01 5.048296e+01 -4.550000e+01
      vertex   9.978294e+01 5.144848e+01 -4.550000e+01
      vertex   9.975000e+01 5.043301e+01 -4.550000e+01
    endloop
  endfacet
  facet normal 0.000000e+00 -0.000000e+00 1.000000e+00
    outer loop
      vertex   9.975000e+01 5.043301e+01 -4.550000e+01
      vertex   9.978294e+01 5.144848e+01 -4.550000e+01
      vertex   9.950490e+01 5.153172e+01 -4.550000e+01
    endloop
  endfacet
  facet normal 0.000000e+00 0.000000e+00 1.000000e+00
    outer loop
      vertex   9.975000e+01 5.043301e+01 -4.550000e+01
      vertex   9.950490e+01 5.153172e+01 -4.550000e+01
      vertex   9.964645e+01 5.035355e+01 -4.550000e+01
    endloop
  endfacet
  facet normal 0.000000e+00 0.000000e+00 1.000000e+00
    outer loop
      vertex   9.964645e+01 5.035355e+01 -4.550000e+01
      vertex   9.950490e+01 5.153172e+01 -4.550000e+01
      vertex   9.925355e+01 5.167684e+01 -4.550000e+01
    endloop
  endfacet
  facet normal 0.000000e+00 0.000000e+00 1.000000e+00
    outer loop
      vertex   9.951704e+01 4.987059e+01 -4.550000e+01
      vertex   9.950000e+01 5.000000e+01 -4.550000e+01
      vertex   9.699130e+01 4.965108e+01 -4.550000e+01
    endloop
  endfacet
  facet normal 0.000000e+00 -0.000000e+00 1.000000e+00
    outer loop
      vertex   1.007151e+02 4.336550e+01 -4.550000e+01
      vertex   1.011758e+02 4.417495e+01 -4.550000e+01
      vertex   9.971173e+01 4.610420e+01 -4.550000e+01
    endloop
  endfacet
endsolid
