solid ASCII
  facet normal -9.995485e-01 -2.991535e-02 -2.820231e-03
    outer loop
      vertex   7.741980e+01 4.924630e+01 -4.500000e+00
      vertex   7.740993e+01 4.943458e+01 -3.000000e+00
      vertex   7.739724e+01 5.000000e+01 -4.500000e+00
    endloop
  endfacet
  facet normal -9.998841e-01 -1.495935e-02 2.820231e-03
    outer loop
      vertex   7.739724e+01 5.000000e+01 -4.500000e+00
      vertex   7.740993e+01 4.943458e+01 -3.000000e+00
      vertex   7.739865e+01 5.018853e+01 -3.000000e+00
    endloop
  endfacet
  facet normal -9.995485e-01 2.991535e-02 -2.820231e-03
    outer loop
      vertex   7.739724e+01 5.000000e+01 -4.500000e+00
      vertex   7.739865e+01 5.018853e+01 -3.000000e+00
      vertex   7.741980e+01 5.075370e+01 -4.500000e+00
    endloop
  endfacet
  facet normal -9.989891e-01 4.486465e-02 2.820231e-03
    outer loop
      vertex   7.741980e+01 5.075370e+01 -4.500000e+00
      vertex   7.739865e+01 5.018853e+01 -3.000000e+00
      vertex   7.743248e+01 5.094181e+01 -3.000000e+00
    endloop
  endfacet
  facet normal -9.959703e-01 8.963895e-02 -2.820231e-03
    outer loop
      vertex   7.741980e+01 5.075370e+01 -4.500000e+00
      vertex   7.743248e+01 5.094181e+01 -3.000000e+00
      vertex   7.748739e+01 5.150470e+01 -4.500000e+00
    endloop
  endfacet
  facet normal -9.945179e-01 1.045280e-01 2.820231e-03
    outer loop
      vertex   7.748739e+01 5.150470e+01 -4.500000e+00
      vertex   7.743248e+01 5.094181e+01 -3.000000e+00
      vertex   7.751130e+01 5.169171e+01 -3.000000e+00
    endloop
  endfacet
  facet normal -9.888269e-01 1.490417e-01 -2.820231e-03
    outer loop
      vertex   7.748739e+01 5.150470e+01 -4.500000e+00
      vertex   7.751130e+01 5.169171e+01 -3.000000e+00
      vertex   7.759977e+01 5.225031e+01 -4.500000e+00
    endloop
  endfacet
  facet normal -9.864867e-01 1.638173e-01 2.820231e-03
    outer loop
      vertex   7.759977e+01 5.225031e+01 -4.500000e+00
      vertex   7.751130e+01 5.169171e+01 -3.000000e+00
      vertex   7.763482e+01 5.243556e+01 -3.000000e+00
    endloop
  endfacet
  facet normal -9.781437e-01 2.079109e-01 -2.820231e-03
    outer loop
      vertex   7.759977e+01 5.225031e+01 -4.500000e+00
      vertex   7.763482e+01 5.243556e+01 -3.000000e+00
      vertex   7.775654e+01 5.298787e+01 -4.500000e+00
    endloop
  endfacet
  facet normal -9.749240e-01 2.225200e-01 2.820231e-03
    outer loop
      vertex   7.775654e+01 5.298787e+01 -4.500000e+00
      vertex   7.763482e+01 5.243556e+01 -3.000000e+00
      vertex   7.780261e+01 5.317069e+01 -3.000000e+00
    endloop
  endfacet
  facet normal -9.639590e-01 2.660358e-01 -2.820231e-03
    outer loop
      vertex   7.775654e+01 5.298787e+01 -4.500000e+00
      vertex   7.780261e+01 5.317069e+01 -3.000000e+00
      vertex   7.795714e+01 5.371473e+01 -4.500000e+00
    endloop
  endfacet
  facet normal -9.598714e-01 2.804263e-01 2.820231e-03
    outer loop
      vertex   7.795714e+01 5.371473e+01 -4.500000e+00
      vertex   7.780261e+01 5.317069e+01 -3.000000e+00
      vertex   7.801406e+01 5.389447e+01 -3.000000e+00
    endloop
  endfacet
  facet normal -9.463236e-01 3.232084e-01 -2.820231e-03
    outer loop
      vertex   7.795714e+01 5.371473e+01 -4.500000e+00
      vertex   7.801406e+01 5.389447e+01 -3.000000e+00
      vertex   7.820085e+01 5.442829e+01 -4.500000e+00
    endloop
  endfacet
  facet normal -9.413827e-01 3.373286e-01 2.820231e-03
    outer loop
      vertex   7.820085e+01 5.442829e+01 -4.500000e+00
      vertex   7.801406e+01 5.389447e+01 -3.000000e+00
      vertex   7.826842e+01 5.460431e+01 -3.000000e+00
    endloop
  endfacet
  facet normal -9.253006e-01 3.792240e-01 -2.820231e-03
    outer loop
      vertex   7.820085e+01 5.442829e+01 -4.500000e+00
      vertex   7.826842e+01 5.460431e+01 -3.000000e+00
      vertex   7.848680e+01 5.512601e+01 -4.500000e+00
    endloop
  endfacet
  facet normal -9.195241e-01 3.930235e-01 2.820231e-03
    outer loop
      vertex   7.848680e+01 5.512601e+01 -4.500000e+00
      vertex   7.826842e+01 5.460431e+01 -3.000000e+00
      vertex   7.856477e+01 5.529766e+01 -3.000000e+00
    endloop
  endfacet
  facet normal -9.009653e-01 4.338820e-01 -2.820231e-03
    outer loop
      vertex   7.848680e+01 5.512601e+01 -4.500000e+00
      vertex   7.856477e+01 5.529766e+01 -3.000000e+00
      vertex   7.881397e+01 5.580537e+01 -4.500000e+00
    endloop
  endfacet
  facet normal -8.943739e-01 4.473114e-01 2.820231e-03
    outer loop
      vertex   7.881397e+01 5.580537e+01 -4.500000e+00
      vertex   7.856477e+01 5.529766e+01 -3.000000e+00
      vertex   7.890206e+01 5.597205e+01 -3.000000e+00
    endloop
  endfacet
  facet normal -8.734047e-01 4.869869e-01 -2.820231e-03
    outer loop
      vertex   7.881397e+01 5.580537e+01 -4.500000e+00
      vertex   7.890206e+01 5.597205e+01 -3.000000e+00
      vertex   7.918117e+01 5.646395e+01 -4.500000e+00
    endloop
  endfacet
  facet normal -8.660220e-01 4.999980e-01 2.820231e-03
    outer loop
      vertex   7.918117e+01 5.646395e+01 -4.500000e+00
      vertex   7.890206e+01 5.597205e+01 -3.000000e+00
      vertex   7.927908e+01 5.662507e+01 -3.000000e+00
    endloop
  endfacet
  facet normal -8.427176e-01 5.383485e-01 -2.820231e-03
    outer loop
      vertex   7.918117e+01 5.646395e+01 -4.500000e+00
      vertex   7.927908e+01 5.662507e+01 -3.000000e+00
      vertex   7.958711e+01 5.709939e+01 -4.500000e+00
    endloop
  endfacet
  facet normal -8.345699e-01 5.508948e-01 2.820231e-03
    outer loop
      vertex   7.958711e+01 5.709939e+01 -4.500000e+00
      vertex   7.927908e+01 5.662507e+01 -3.000000e+00
      vertex   7.969448e+01 5.725436e+01 -3.000000e+00
    endloop
  endfacet
  facet normal -8.090138e-01 5.877829e-01 -2.820231e-03
    outer loop
      vertex   7.958711e+01 5.709939e+01 -4.500000e+00
      vertex   7.969448e+01 5.725436e+01 -3.000000e+00
      vertex   8.003032e+01 5.770942e+01 -4.500000e+00
    endloop
  endfacet
  facet normal -8.001304e-01 5.998195e-01 2.820231e-03
    outer loop
      vertex   8.003032e+01 5.770942e+01 -4.500000e+00
      vertex   7.969448e+01 5.725436e+01 -3.000000e+00
      vertex   8.014676e+01 5.785769e+01 -3.000000e+00
    endloop
  endfacet
  facet normal -7.724139e-01 6.351132e-01 -2.820231e-03
    outer loop
      vertex   8.003032e+01 5.770942e+01 -4.500000e+00
      vertex   8.014676e+01 5.785769e+01 -3.000000e+00
      vertex   8.050922e+01 5.829185e+01 -4.500000e+00
    endloop
  endfacet
  facet normal -7.628265e-01 6.465970e-01 2.820231e-03
    outer loop
      vertex   8.050922e+01 5.829185e+01 -4.500000e+00
      vertex   8.014676e+01 5.785769e+01 -3.000000e+00
      vertex   8.063432e+01 5.843289e+01 -3.000000e+00
    endloop
  endfacet
  facet normal -7.330490e-01 6.801700e-01 -2.820231e-03
    outer loop
      vertex   8.050922e+01 5.829185e+01 -4.500000e+00
      vertex   8.063432e+01 5.843289e+01 -3.000000e+00
      vertex   8.102209e+01 5.884459e+01 -4.500000e+00
    endloop
  endfacet
  facet normal -7.227920e-01 6.910599e-01 2.820231e-03
    outer loop
      vertex   8.102209e+01 5.884459e+01 -4.500000e+00
      vertex   8.063432e+01 5.843289e+01 -3.000000e+00
      vertex   8.115541e+01 5.897791e+01 -3.000000e+00
    endloop
  endfacet
  facet normal -6.910599e-01 7.227920e-01 -2.820231e-03
    outer loop
      vertex   8.102209e+01 5.884459e+01 -4.500000e+00
      vertex   8.115541e+01 5.897791e+01 -3.000000e+00
      vertex   8.156711e+01 5.936568e+01 -4.500000e+00
    endloop
  endfacet
  facet normal -6.801700e-01 7.330490e-01 2.820231e-03
    outer loop
      vertex   8.156711e+01 5.936568e+01 -4.500000e+00
      vertex   8.115541e+01 5.897791e+01 -3.000000e+00
      vertex   8.170815e+01 5.949078e+01 -3.000000e+00
    endloop
  endfacet
  facet normal -6.465970e-01 7.628265e-01 -2.820231e-03
    outer loop
      vertex   8.156711e+01 5.936568e+01 -4.500000e+00
      vertex   8.170815e+01 5.949078e+01 -3.000000e+00
      vertex   8.214231e+01 5.985324e+01 -4.500000e+00
    endloop
  endfacet
  facet normal -6.351132e-01 7.724139e-01 2.820231e-03
    outer loop
      vertex   8.214231e+01 5.985324e+01 -4.500000e+00
      vertex   8.170815e+01 5.949078e+01 -3.000000e+00
      vertex   8.229058e+01 5.996968e+01 -3.000000e+00
    endloop
  endfacet
  facet normal -5.998195e-01 8.001304e-01 -2.820231e-03
    outer loop
      vertex   8.214231e+01 5.985324e+01 -4.500000e+00
      vertex   8.229058e+01 5.996968e+01 -3.000000e+00
      vertex   8.274564e+01 6.030552e+01 -4.500000e+00
    endloop
  endfacet
  facet normal -5.877829e-01 8.090138e-01 2.820231e-03
    outer loop
      vertex   8.274564e+01 6.030552e+01 -4.500000e+00
      vertex   8.229058e+01 5.996968e+01 -3.000000e+00
      vertex   8.290061e+01 6.041289e+01 -3.000000e+00
    endloop
  endfacet
  facet normal -5.508948e-01 8.345699e-01 -2.820231e-03
    outer loop
      vertex   8.274564e+01 6.030552e+01 -4.500000e+00
      vertex   8.290061e+01 6.041289e+01 -3.000000e+00
      vertex   8.337493e+01 6.072092e+01 -4.500000e+00
    endloop
  endfacet
  facet normal -5.383485e-01 8.427176e-01 2.820231e-03
    outer loop
      vertex   8.337493e+01 6.072092e+01 -4.500000e+00
      vertex   8.290061e+01 6.041289e+01 -3.000000e+00
      vertex   8.353605e+01 6.081883e+01 -3.000000e+00
    endloop
  endfacet
  facet normal -4.999980e-01 8.660220e-01 -2.820231e-03
    outer loop
      vertex   8.337493e+01 6.072092e+01 -4.500000e+00
      vertex   8.353605e+01 6.081883e+01 -3.000000e+00
      vertex   8.402795e+01 6.109794e+01 -4.500000e+00
    endloop
  endfacet
  facet normal -4.869869e-01 8.734047e-01 2.820231e-03
    outer loop
      vertex   8.402795e+01 6.109794e+01 -4.500000e+00
      vertex   8.353605e+01 6.081883e+01 -3.000000e+00
      vertex   8.419463e+01 6.118603e+01 -3.000000e+00
    endloop
  endfacet
  facet normal -4.473114e-01 8.943739e-01 -2.820231e-03
    outer loop
      vertex   8.402795e+01 6.109794e+01 -4.500000e+00
      vertex   8.419463e+01 6.118603e+01 -3.000000e+00
      vertex   8.470234e+01 6.143523e+01 -4.500000e+00
    endloop
  endfacet
  facet normal -4.338820e-01 9.009653e-01 2.820231e-03
    outer loop
      vertex   8.470234e+01 6.143523e+01 -4.500000e+00
      vertex   8.419463e+01 6.118603e+01 -3.000000e+00
      vertex   8.487399e+01 6.151320e+01 -3.000000e+00
    endloop
  endfacet
  facet normal -3.930235e-01 9.195241e-01 -2.820231e-03
    outer loop
      vertex   8.470234e+01 6.143523e+01 -4.500000e+00
      vertex   8.487399e+01 6.151320e+01 -3.000000e+00
      vertex   8.539569e+01 6.173158e+01 -4.500000e+00
    endloop
  endfacet
  facet normal -3.792240e-01 9.253006e-01 2.820231e-03
    outer loop
      vertex   8.539569e+01 6.173158e+01 -4.500000e+00
      vertex   8.487399e+01 6.151320e+01 -3.000000e+00
      vertex   8.557171e+01 6.179915e+01 -3.000000e+00
    endloop
  endfacet
  facet normal -3.373286e-01 9.413827e-01 -2.820231e-03
    outer loop
      vertex   8.539569e+01 6.173158e+01 -4.500000e+00
      vertex   8.557171e+01 6.179915e+01 -3.000000e+00
      vertex   8.610553e+01 6.198594e+01 -4.500000e+00
    endloop
  endfacet
  facet normal -3.232084e-01 9.463236e-01 2.820231e-03
    outer loop
      vertex   8.610553e+01 6.198594e+01 -4.500000e+00
      vertex   8.557171e+01 6.179915e+01 -3.000000e+00
      vertex   8.628527e+01 6.204286e+01 -3.000000e+00
    endloop
  endfacet
  facet normal -2.804263e-01 9.598714e-01 -2.820231e-03
    outer loop
      vertex   8.610553e+01 6.198594e+01 -4.500000e+00
      vertex   8.628527e+01 6.204286e+01 -3.000000e+00
      vertex   8.682931e+01 6.219739e+01 -4.500000e+00
    endloop
  endfacet
  facet normal -2.660358e-01 9.639590e-01 2.820231e-03
    outer loop
      vertex   8.682931e+01 6.219739e+01 -4.500000e+00
      vertex   8.628527e+01 6.204286e+01 -3.000000e+00
      vertex   8.701213e+01 6.224346e+01 -3.000000e+00
    endloop
  endfacet
  facet normal -2.225200e-01 9.749240e-01 -2.820231e-03
    outer loop
      vertex   8.682931e+01 6.219739e+01 -4.500000e+00
      vertex   8.701213e+01 6.224346e+01 -3.000000e+00
      vertex   8.756444e+01 6.236518e+01 -4.500000e+00
    endloop
  endfacet
  facet normal -2.079109e-01 9.781437e-01 2.820231e-03
    outer loop
      vertex   8.756444e+01 6.236518e+01 -4.500000e+00
      vertex   8.701213e+01 6.224346e+01 -3.000000e+00
      vertex   8.774969e+01 6.240023e+01 -3.000000e+00
    endloop
  endfacet
  facet normal -1.638173e-01 9.864867e-01 -2.820231e-03
    outer loop
      vertex   8.756444e+01 6.236518e+01 -4.500000e+00
      vertex   8.774969e+01 6.240023e+01 -3.000000e+00
      vertex   8.830829e+01 6.248870e+01 -4.500000e+00
    endloop
  endfacet
  facet normal -1.490417e-01 9.888269e-01 2.820231e-03
    outer loop
      vertex   8.830829e+01 6.248870e+01 -4.500000e+00
      vertex   8.774969e+01 6.240023e+01 -3.000000e+00
      vertex   8.849530e+01 6.251261e+01 -3.000000e+00
    endloop
  endfacet
  facet normal -1.045280e-01 9.945179e-01 -2.820231e-03
    outer loop
      vertex   8.830829e+01 6.248870e+01 -4.500000e+00
      vertex   8.849530e+01 6.251261e+01 -3.000000e+00
      vertex   8.905819e+01 6.256752e+01 -4.500000e+00
    endloop
  endfacet
  facet normal -8.963895e-02 9.959703e-01 2.820231e-03
    outer loop
      vertex   8.905819e+01 6.256752e+01 -4.500000e+00
      vertex   8.849530e+01 6.251261e+01 -3.000000e+00
      vertex   8.924630e+01 6.258020e+01 -3.000000e+00
    endloop
  endfacet
  facet normal -4.486465e-02 9.989891e-01 -2.820231e-03
    outer loop
      vertex   8.905819e+01 6.256752e+01 -4.500000e+00
      vertex   8.924630e+01 6.258020e+01 -3.000000e+00
      vertex   8.981147e+01 6.260135e+01 -4.500000e+00
    endloop
  endfacet
  facet normal -2.991535e-02 9.995485e-01 2.820231e-03
    outer loop
      vertex   8.981147e+01 6.260135e+01 -4.500000e+00
      vertex   8.924630e+01 6.258020e+01 -3.000000e+00
      vertex   9.000000e+01 6.260276e+01 -3.000000e+00
    endloop
  endfacet
  facet normal 1.495935e-02 9.998841e-01 -2.820231e-03
    outer loop
      vertex   8.981147e+01 6.260135e+01 -4.500000e+00
      vertex   9.000000e+01 6.260276e+01 -3.000000e+00
      vertex   9.056542e+01 6.259007e+01 -4.500000e+00
    endloop
  endfacet
  facet normal 2.991535e-02 9.995485e-01 2.820231e-03
    outer loop
      vertex   9.056542e+01 6.259007e+01 -4.500000e+00
      vertex   9.000000e+01 6.260276e+01 -3.000000e+00
      vertex   9.075370e+01 6.258020e+01 -3.000000e+00
    endloop
  endfacet
  facet normal 7.472980e-02 9.971998e-01 -2.820231e-03
    outer loop
      vertex   9.056542e+01 6.259007e+01 -4.500000e+00
      vertex   9.075370e+01 6.258020e+01 -3.000000e+00
      vertex   9.131735e+01 6.253372e+01 -4.500000e+00
    endloop
  endfacet
  facet normal 8.963895e-02 9.959703e-01 2.820231e-03
    outer loop
      vertex   9.131735e+01 6.253372e+01 -4.500000e+00
      vertex   9.075370e+01 6.258020e+01 -3.000000e+00
      vertex   9.150470e+01 6.251261e+01 -3.000000e+00
    endloop
  endfacet
  facet normal 1.342327e-01 9.909458e-01 -2.820231e-03
    outer loop
      vertex   9.131735e+01 6.253372e+01 -4.500000e+00
      vertex   9.150470e+01 6.251261e+01 -3.000000e+00
      vertex   9.206456e+01 6.243251e+01 -4.500000e+00
    endloop
  endfacet
  facet normal 1.490417e-01 9.888269e-01 2.820231e-03
    outer loop
      vertex   9.206456e+01 6.243251e+01 -4.500000e+00
      vertex   9.150470e+01 6.251261e+01 -3.000000e+00
      vertex   9.225031e+01 6.240023e+01 -3.000000e+00
    endloop
  endfacet
  facet normal 1.932551e-01 9.811445e-01 -2.820231e-03
    outer loop
      vertex   9.206456e+01 6.243251e+01 -4.500000e+00
      vertex   9.225031e+01 6.240023e+01 -3.000000e+00
      vertex   9.280438e+01 6.228678e+01 -4.500000e+00
    endloop
  endfacet
  facet normal 2.079109e-01 9.781437e-01 2.820231e-03
    outer loop
      vertex   9.280438e+01 6.228678e+01 -4.500000e+00
      vertex   9.225031e+01 6.240023e+01 -3.000000e+00
      vertex   9.298787e+01 6.224346e+01 -3.000000e+00
    endloop
  endfacet
  facet normal 2.515858e-01 9.678309e-01 -2.820231e-03
    outer loop
      vertex   9.280438e+01 6.228678e+01 -4.500000e+00
      vertex   9.298787e+01 6.224346e+01 -3.000000e+00
      vertex   9.353416e+01 6.209708e+01 -4.500000e+00
    endloop
  endfacet
  facet normal 2.660358e-01 9.639590e-01 2.820231e-03
    outer loop
      vertex   9.353416e+01 6.209708e+01 -4.500000e+00
      vertex   9.298787e+01 6.224346e+01 -3.000000e+00
      vertex   9.371473e+01 6.204286e+01 -3.000000e+00
    endloop
  endfacet
  facet normal 3.090158e-01 9.510527e-01 -2.820231e-03
    outer loop
      vertex   9.353416e+01 6.209708e+01 -4.500000e+00
      vertex   9.371473e+01 6.204286e+01 -3.000000e+00
      vertex   9.425129e+01 6.186407e+01 -4.500000e+00
    endloop
  endfacet
  facet normal 3.232084e-01 9.463236e-01 2.820231e-03
    outer loop
      vertex   9.425129e+01 6.186407e+01 -4.500000e+00
      vertex   9.371473e+01 6.204286e+01 -3.000000e+00
      vertex   9.442829e+01 6.179915e+01 -3.000000e+00
    endloop
  endfacet
  facet normal 3.653396e-01 9.308700e-01 -2.820231e-03
    outer loop
      vertex   9.425129e+01 6.186407e+01 -4.500000e+00
      vertex   9.442829e+01 6.179915e+01 -3.000000e+00
      vertex   9.495320e+01 6.158859e+01 -4.500000e+00
    endloop
  endfacet
  facet normal 3.792240e-01 9.253006e-01 2.820231e-03
    outer loop
      vertex   9.495320e+01 6.158859e+01 -4.500000e+00
      vertex   9.442829e+01 6.179915e+01 -3.000000e+00
      vertex   9.512601e+01 6.151320e+01 -3.000000e+00
    endloop
  endfacet
  facet normal 4.203556e-01 9.073551e-01 -2.820231e-03
    outer loop
      vertex   9.495320e+01 6.158859e+01 -4.500000e+00
      vertex   9.512601e+01 6.151320e+01 -3.000000e+00
      vertex   9.563738e+01 6.127163e+01 -4.500000e+00
    endloop
  endfacet
  facet normal 4.338820e-01 9.009653e-01 2.820231e-03
    outer loop
      vertex   9.563738e+01 6.127163e+01 -4.500000e+00
      vertex   9.512601e+01 6.151320e+01 -3.000000e+00
      vertex   9.580537e+01 6.118603e+01 -3.000000e+00
    endloop
  endfacet
  facet normal 4.738668e-01 8.805920e-01 -2.820231e-03
    outer loop
      vertex   9.563738e+01 6.127163e+01 -4.500000e+00
      vertex   9.580537e+01 6.118603e+01 -3.000000e+00
      vertex   9.630138e+01 6.091431e+01 -4.500000e+00
    endloop
  endfacet
  facet normal 4.869869e-01 8.734047e-01 2.820231e-03
    outer loop
      vertex   9.630138e+01 6.091431e+01 -4.500000e+00
      vertex   9.580537e+01 6.118603e+01 -3.000000e+00
      vertex   9.646395e+01 6.081883e+01 -3.000000e+00
    endloop
  endfacet
  facet normal 5.256817e-01 8.506767e-01 -2.820231e-03
    outer loop
      vertex   9.630138e+01 6.091431e+01 -4.500000e+00
      vertex   9.646395e+01 6.081883e+01 -3.000000e+00
      vertex   9.694282e+01 6.051793e+01 -4.500000e+00
    endloop
  endfacet
  facet normal 5.383485e-01 8.427176e-01 2.820231e-03
    outer loop
      vertex   9.694282e+01 6.051793e+01 -4.500000e+00
      vertex   9.646395e+01 6.081883e+01 -3.000000e+00
      vertex   9.709939e+01 6.041289e+01 -3.000000e+00
    endloop
  endfacet
  facet normal 5.756148e-01 8.177161e-01 -2.820231e-03
    outer loop
      vertex   9.694282e+01 6.051793e+01 -4.500000e+00
      vertex   9.709939e+01 6.041289e+01 -3.000000e+00
      vertex   9.755941e+01 6.008389e+01 -4.500000e+00
    endloop
  endfacet
  facet normal 5.877829e-01 8.090138e-01 2.820231e-03
    outer loop
      vertex   9.755941e+01 6.008389e+01 -4.500000e+00
      vertex   9.709939e+01 6.041289e+01 -3.000000e+00
      vertex   9.770942e+01 5.996968e+01 -3.000000e+00
    endloop
  endfacet
  facet normal 6.234873e-01 7.818284e-01 -2.820231e-03
    outer loop
      vertex   9.755941e+01 6.008389e+01 -4.500000e+00
      vertex   9.770942e+01 5.996968e+01 -3.000000e+00
      vertex   9.814894e+01 5.961376e+01 -4.500000e+00
    endloop
  endfacet
  facet normal 6.351132e-01 7.724139e-01 2.820231e-03
    outer loop
      vertex   9.814894e+01 5.961376e+01 -4.500000e+00
      vertex   9.770942e+01 5.996968e+01 -3.000000e+00
      vertex   9.829185e+01 5.949078e+01 -3.000000e+00
    endloop
  endfacet
  facet normal 6.691279e-01 7.431419e-01 -2.820231e-03
    outer loop
      vertex   9.814894e+01 5.961376e+01 -4.500000e+00
      vertex   9.829185e+01 5.949078e+01 -3.000000e+00
      vertex   9.870930e+01 5.910921e+01 -4.500000e+00
    endloop
  endfacet
  facet normal 6.801700e-01 7.330490e-01 2.820231e-03
    outer loop
      vertex   9.870930e+01 5.910921e+01 -4.500000e+00
      vertex   9.829185e+01 5.949078e+01 -3.000000e+00
      vertex   9.884459e+01 5.897791e+01 -3.000000e+00
    endloop
  endfacet
  facet normal 7.123733e-01 7.017951e-01 -2.820231e-03
    outer loop
      vertex   9.870930e+01 5.910921e+01 -4.500000e+00
      vertex   9.884459e+01 5.897791e+01 -3.000000e+00
      vertex   9.923848e+01 5.857205e+01 -4.500000e+00
    endloop
  endfacet
  facet normal 7.227920e-01 6.910599e-01 2.820231e-03
    outer loop
      vertex   9.923848e+01 5.857205e+01 -4.500000e+00
      vertex   9.884459e+01 5.897791e+01 -3.000000e+00
      vertex   9.936568e+01 5.843289e+01 -3.000000e+00
    endloop
  endfacet
  facet normal 7.530685e-01 6.579361e-01 -2.820231e-03
    outer loop
      vertex   9.923848e+01 5.857205e+01 -4.500000e+00
      vertex   9.936568e+01 5.843289e+01 -3.000000e+00
      vertex   9.973459e+01 5.800421e+01 -4.500000e+00
    endloop
  endfacet
  facet normal 7.628265e-01 6.465970e-01 2.820231e-03
    outer loop
      vertex   9.973459e+01 5.800421e+01 -4.500000e+00
      vertex   9.936568e+01 5.843289e+01 -3.000000e+00
      vertex   9.985324e+01 5.785769e+01 -3.000000e+00
    endloop
  endfacet
  facet normal 7.910679e-01 6.117219e-01 -2.820231e-03
    outer loop
      vertex   9.973459e+01 5.800421e+01 -4.500000e+00
      vertex   9.985324e+01 5.785769e+01 -3.000000e+00
      vertex   1.001958e+02 5.740772e+01 -4.500000e+00
    endloop
  endfacet
  facet normal 8.001304e-01 5.998195e-01 2.820231e-03
    outer loop
      vertex   1.001958e+02 5.740772e+01 -4.500000e+00
      vertex   9.985324e+01 5.785769e+01 -3.000000e+00
      vertex   1.003055e+02 5.725436e+01 -3.000000e+00
    endloop
  endfacet
  facet normal 8.262355e-01 5.633178e-01 -2.820231e-03
    outer loop
      vertex   1.001958e+02 5.740772e+01 -4.500000e+00
      vertex   1.003055e+02 5.725436e+01 -3.000000e+00
      vertex   1.006206e+02 5.678470e+01 -4.500000e+00
    endloop
  endfacet
  facet normal 8.345699e-01 5.508948e-01 2.820231e-03
    outer loop
      vertex   1.006206e+02 5.678470e+01 -4.500000e+00
      vertex   1.003055e+02 5.725436e+01 -3.000000e+00
      vertex   1.007209e+02 5.662507e+01 -3.000000e+00
    endloop
  endfacet
  facet normal 8.584454e-01 5.128972e-01 -2.820231e-03
    outer loop
      vertex   1.006206e+02 5.678470e+01 -4.500000e+00
      vertex   1.007209e+02 5.662507e+01 -3.000000e+00
      vertex   1.010074e+02 5.613740e+01 -4.500000e+00
    endloop
  endfacet
  facet normal 8.660220e-01 4.999980e-01 2.820231e-03
    outer loop
      vertex   1.010074e+02 5.613740e+01 -4.500000e+00
      vertex   1.007209e+02 5.662507e+01 -3.000000e+00
      vertex   1.010979e+02 5.597205e+01 -3.000000e+00
    endloop
  endfacet
  facet normal 8.875823e-01 4.606406e-01 -2.820231e-03
    outer loop
      vertex   1.010074e+02 5.613740e+01 -4.500000e+00
      vertex   1.010979e+02 5.597205e+01 -3.000000e+00
      vertex   1.013547e+02 5.546813e+01 -4.500000e+00
    endloop
  endfacet
  facet normal 8.943739e-01 4.473114e-01 2.820231e-03
    outer loop
      vertex   1.013547e+02 5.546813e+01 -4.500000e+00
      vertex   1.010979e+02 5.597205e+01 -3.000000e+00
      vertex   1.014352e+02 5.529766e+01 -3.000000e+00
    endloop
  endfacet
  facet normal 9.135418e-01 4.067350e-01 -2.820231e-03
    outer loop
      vertex   1.013547e+02 5.546813e+01 -4.500000e+00
      vertex   1.014352e+02 5.529766e+01 -3.000000e+00
      vertex   1.016614e+02 5.477929e+01 -4.500000e+00
    endloop
  endfacet
  facet normal 9.195241e-01 3.930235e-01 2.820231e-03
    outer loop
      vertex   1.016614e+02 5.477929e+01 -4.500000e+00
      vertex   1.014352e+02 5.529766e+01 -3.000000e+00
      vertex   1.017316e+02 5.460431e+01 -3.000000e+00
    endloop
  endfacet
  facet normal 9.362311e-01 3.513734e-01 -2.820231e-03
    outer loop
      vertex   1.016614e+02 5.477929e+01 -4.500000e+00
      vertex   1.017316e+02 5.460431e+01 -3.000000e+00
      vertex   1.019263e+02 5.407333e+01 -4.500000e+00
    endloop
  endfacet
  facet normal 9.413827e-01 3.373286e-01 2.820231e-03
    outer loop
      vertex   1.019263e+02 5.407333e+01 -4.500000e+00
      vertex   1.017316e+02 5.460431e+01 -3.000000e+00
      vertex   1.019859e+02 5.389447e+01 -3.000000e+00
    endloop
  endfacet
  facet normal 9.555690e-01 2.947540e-01 -2.820231e-03
    outer loop
      vertex   1.019263e+02 5.407333e+01 -4.500000e+00
      vertex   1.019859e+02 5.389447e+01 -3.000000e+00
      vertex   1.021486e+02 5.335280e+01 -4.500000e+00
    endloop
  endfacet
  facet normal 9.598714e-01 2.804263e-01 2.820231e-03
    outer loop
      vertex   1.021486e+02 5.335280e+01 -4.500000e+00
      vertex   1.019859e+02 5.389447e+01 -3.000000e+00
      vertex   1.021974e+02 5.317069e+01 -3.000000e+00
    endloop
  endfacet
  facet normal 9.714862e-01 2.370794e-01 -2.820231e-03
    outer loop
      vertex   1.021486e+02 5.335280e+01 -4.500000e+00
      vertex   1.021974e+02 5.317069e+01 -3.000000e+00
      vertex   1.023274e+02 5.262026e+01 -4.500000e+00
    endloop
  endfacet
  facet normal 9.749240e-01 2.225200e-01 2.820231e-03
    outer loop
      vertex   1.023274e+02 5.262026e+01 -4.500000e+00
      vertex   1.021974e+02 5.317069e+01 -3.000000e+00
      vertex   1.023652e+02 5.243556e+01 -3.000000e+00
    endloop
  endfacet
  facet normal 9.839257e-01 1.785562e-01 -2.820231e-03
    outer loop
      vertex   1.023274e+02 5.262026e+01 -4.500000e+00
      vertex   1.023652e+02 5.243556e+01 -3.000000e+00
      vertex   1.024620e+02 5.187834e+01 -4.500000e+00
    endloop
  endfacet
  facet normal 9.864867e-01 1.638173e-01 2.820231e-03
    outer loop
      vertex   1.024620e+02 5.187834e+01 -4.500000e+00
      vertex   1.023652e+02 5.243556e+01 -3.000000e+00
      vertex   1.024887e+02 5.169171e+01 -3.000000e+00
    endloop
  endfacet
  facet normal 9.928430e-01 1.193937e-01 -2.820231e-03
    outer loop
      vertex   1.024620e+02 5.187834e+01 -4.500000e+00
      vertex   1.024887e+02 5.169171e+01 -3.000000e+00
      vertex   1.025520e+02 5.112970e+01 -4.500000e+00
    endloop
  endfacet
  facet normal 9.945179e-01 1.045280e-01 2.820231e-03
    outer loop
      vertex   1.025520e+02 5.112970e+01 -4.500000e+00
      vertex   1.024887e+02 5.169171e+01 -3.000000e+00
      vertex   1.025675e+02 5.094181e+01 -3.000000e+00
    endloop
  endfacet
  facet normal 9.982062e-01 5.980392e-02 -2.820231e-03
    outer loop
      vertex   1.025520e+02 5.112970e+01 -4.500000e+00
      vertex   1.025675e+02 5.094181e+01 -3.000000e+00
      vertex   1.025971e+02 5.037702e+01 -4.500000e+00
    endloop
  endfacet
  facet normal 9.989891e-01 4.486465e-02 2.820231e-03
    outer loop
      vertex   1.025971e+02 5.037702e+01 -4.500000e+00
      vertex   1.025675e+02 5.094181e+01 -3.000000e+00
      vertex   1.026014e+02 5.018853e+01 -3.000000e+00
    endloop
  endfacet
  facet normal 9.999960e-01 0.000000e+00 -2.820231e-03
    outer loop
      vertex   1.025971e+02 5.037702e+01 -4.500000e+00
      vertex   1.026014e+02 5.018853e+01 -3.000000e+00
      vertex   1.025971e+02 4.962298e+01 -4.500000e+00
    endloop
  endfacet
  facet normal 9.998841e-01 -1.495935e-02 2.820231e-03
    outer loop
      vertex   1.025971e+02 4.962298e+01 -4.500000e+00
      vertex   1.026014e+02 5.018853e+01 -3.000000e+00
      vertex   1.025901e+02 4.943458e+01 -3.000000e+00
    endloop
  endfacet
  facet normal 9.982062e-01 -5.980392e-02 -2.820231e-03
    outer loop
      vertex   1.025971e+02 4.962298e+01 -4.500000e+00
      vertex   1.025901e+02 4.943458e+01 -3.000000e+00
      vertex   1.025520e+02 4.887030e+01 -4.500000e+00
    endloop
  endfacet
  facet normal 9.971998e-01 -7.472980e-02 2.820231e-03
    outer loop
      vertex   1.025520e+02 4.887030e+01 -4.500000e+00
      vertex   1.025901e+02 4.943458e+01 -3.000000e+00
      vertex   1.025337e+02 4.868265e+01 -3.000000e+00
    endloop
  endfacet
  facet normal 9.928430e-01 -1.193937e-01 -2.820231e-03
    outer loop
      vertex   1.025520e+02 4.887030e+01 -4.500000e+00
      vertex   1.025337e+02 4.868265e+01 -3.000000e+00
      vertex   1.024620e+02 4.812166e+01 -4.500000e+00
    endloop
  endfacet
  facet normal 9.909458e-01 -1.342327e-01 2.820231e-03
    outer loop
      vertex   1.024620e+02 4.812166e+01 -4.500000e+00
      vertex   1.025337e+02 4.868265e+01 -3.000000e+00
      vertex   1.024325e+02 4.793544e+01 -3.000000e+00
    endloop
  endfacet
  facet normal 9.839257e-01 -1.785562e-01 -2.820231e-03
    outer loop
      vertex   1.024620e+02 4.812166e+01 -4.500000e+00
      vertex   1.024325e+02 4.793544e+01 -3.000000e+00
      vertex   1.023274e+02 4.737974e+01 -4.500000e+00
    endloop
  endfacet
  facet normal 9.811445e-01 -1.932551e-01 2.820231e-03
    outer loop
      vertex   1.023274e+02 4.737974e+01 -4.500000e+00
      vertex   1.024325e+02 4.793544e+01 -3.000000e+00
      vertex   1.022868e+02 4.719562e+01 -3.000000e+00
    endloop
  endfacet
  facet normal 9.714862e-01 -2.370794e-01 -2.820231e-03
    outer loop
      vertex   1.023274e+02 4.737974e+01 -4.500000e+00
      vertex   1.022868e+02 4.719562e+01 -3.000000e+00
      vertex   1.021486e+02 4.664720e+01 -4.500000e+00
    endloop
  endfacet
  facet normal 9.678309e-01 -2.515858e-01 2.820231e-03
    outer loop
      vertex   1.021486e+02 4.664720e+01 -4.500000e+00
      vertex   1.022868e+02 4.719562e+01 -3.000000e+00
      vertex   1.020971e+02 4.646584e+01 -3.000000e+00
    endloop
  endfacet
  facet normal 9.555690e-01 -2.947540e-01 -2.820231e-03
    outer loop
      vertex   1.021486e+02 4.664720e+01 -4.500000e+00
      vertex   1.020971e+02 4.646584e+01 -3.000000e+00
      vertex   1.019263e+02 4.592667e+01 -4.500000e+00
    endloop
  endfacet
  facet normal 9.510527e-01 -3.090158e-01 2.820231e-03
    outer loop
      vertex   1.019263e+02 4.592667e+01 -4.500000e+00
      vertex   1.020971e+02 4.646584e+01 -3.000000e+00
      vertex   1.018641e+02 4.574871e+01 -3.000000e+00
    endloop
  endfacet
  facet normal 9.362311e-01 -3.513734e-01 -2.820231e-03
    outer loop
      vertex   1.019263e+02 4.592667e+01 -4.500000e+00
      vertex   1.018641e+02 4.574871e+01 -3.000000e+00
      vertex   1.016614e+02 4.522071e+01 -4.500000e+00
    endloop
  endfacet
  facet normal 9.308700e-01 -3.653396e-01 2.820231e-03
    outer loop
      vertex   1.016614e+02 4.522071e+01 -4.500000e+00
      vertex   1.018641e+02 4.574871e+01 -3.000000e+00
      vertex   1.015886e+02 4.504680e+01 -3.000000e+00
    endloop
  endfacet
  facet normal 9.135418e-01 -4.067350e-01 -2.820231e-03
    outer loop
      vertex   1.016614e+02 4.522071e+01 -4.500000e+00
      vertex   1.015886e+02 4.504680e+01 -3.000000e+00
      vertex   1.013547e+02 4.453187e+01 -4.500000e+00
    endloop
  endfacet
  facet normal 9.073551e-01 -4.203556e-01 2.820231e-03
    outer loop
      vertex   1.013547e+02 4.453187e+01 -4.500000e+00
      vertex   1.015886e+02 4.504680e+01 -3.000000e+00
      vertex   1.012716e+02 4.436262e+01 -3.000000e+00
    endloop
  endfacet
  facet normal 8.875823e-01 -4.606406e-01 -2.820231e-03
    outer loop
      vertex   1.013547e+02 4.453187e+01 -4.500000e+00
      vertex   1.012716e+02 4.436262e+01 -3.000000e+00
      vertex   1.010074e+02 4.386260e+01 -4.500000e+00
    endloop
  endfacet
  facet normal 8.805920e-01 -4.738668e-01 2.820231e-03
    outer loop
      vertex   1.010074e+02 4.386260e+01 -4.500000e+00
      vertex   1.012716e+02 4.436262e+01 -3.000000e+00
      vertex   1.009143e+02 4.369862e+01 -3.000000e+00
    endloop
  endfacet
  facet normal 8.584454e-01 -5.128972e-01 -2.820231e-03
    outer loop
      vertex   1.010074e+02 4.386260e+01 -4.500000e+00
      vertex   1.009143e+02 4.369862e+01 -3.000000e+00
      vertex   1.006206e+02 4.321530e+01 -4.500000e+00
    endloop
  endfacet
  facet normal 8.506767e-01 -5.256817e-01 2.820231e-03
    outer loop
      vertex   1.006206e+02 4.321530e+01 -4.500000e+00
      vertex   1.009143e+02 4.369862e+01 -3.000000e+00
      vertex   1.005179e+02 4.305718e+01 -3.000000e+00
    endloop
  endfacet
  facet normal 8.262355e-01 -5.633178e-01 -2.820231e-03
    outer loop
      vertex   1.006206e+02 4.321530e+01 -4.500000e+00
      vertex   1.005179e+02 4.305718e+01 -3.000000e+00
      vertex   1.001958e+02 4.259228e+01 -4.500000e+00
    endloop
  endfacet
  facet normal 8.177161e-01 -5.756148e-01 2.820231e-03
    outer loop
      vertex   1.001958e+02 4.259228e+01 -4.500000e+00
      vertex   1.005179e+02 4.305718e+01 -3.000000e+00
      vertex   1.000839e+02 4.244059e+01 -3.000000e+00
    endloop
  endfacet
  facet normal 7.910679e-01 -6.117219e-01 -2.820231e-03
    outer loop
      vertex   1.001958e+02 4.259228e+01 -4.500000e+00
      vertex   1.000839e+02 4.244059e+01 -3.000000e+00
      vertex   9.973459e+01 4.199579e+01 -4.500000e+00
    endloop
  endfacet
  facet normal 7.818284e-01 -6.234873e-01 2.820231e-03
    outer loop
      vertex   9.973459e+01 4.199579e+01 -4.500000e+00
      vertex   1.000839e+02 4.244059e+01 -3.000000e+00
      vertex   9.961376e+01 4.185106e+01 -3.000000e+00
    endloop
  endfacet
  facet normal 7.530685e-01 -6.579361e-01 -2.820231e-03
    outer loop
      vertex   9.973459e+01 4.199579e+01 -4.500000e+00
      vertex   9.961376e+01 4.185106e+01 -3.000000e+00
      vertex   9.923848e+01 4.142795e+01 -4.500000e+00
    endloop
  endfacet
  facet normal 7.431419e-01 -6.691279e-01 2.820231e-03
    outer loop
      vertex   9.923848e+01 4.142795e+01 -4.500000e+00
      vertex   9.961376e+01 4.185106e+01 -3.000000e+00
      vertex   9.910921e+01 4.129070e+01 -3.000000e+00
    endloop
  endfacet
  facet normal 7.123733e-01 -7.017951e-01 -2.820231e-03
    outer loop
      vertex   9.923848e+01 4.142795e+01 -4.500000e+00
      vertex   9.910921e+01 4.129070e+01 -3.000000e+00
      vertex   9.870930e+01 4.089079e+01 -4.500000e+00
    endloop
  endfacet
  facet normal 7.017951e-01 -7.123733e-01 2.820231e-03
    outer loop
      vertex   9.870930e+01 4.089079e+01 -4.500000e+00
      vertex   9.910921e+01 4.129070e+01 -3.000000e+00
      vertex   9.857205e+01 4.076152e+01 -3.000000e+00
    endloop
  endfacet
  facet normal 6.691279e-01 -7.431419e-01 -2.820231e-03
    outer loop
      vertex   9.870930e+01 4.089079e+01 -4.500000e+00
      vertex   9.857205e+01 4.076152e+01 -3.000000e+00
      vertex   9.814894e+01 4.038624e+01 -4.500000e+00
    endloop
  endfacet
  facet normal 6.579361e-01 -7.530685e-01 2.820231e-03
    outer loop
      vertex   9.814894e+01 4.038624e+01 -4.500000e+00
      vertex   9.857205e+01 4.076152e+01 -3.000000e+00
      vertex   9.800421e+01 4.026541e+01 -3.000000e+00
    endloop
  endfacet
  facet normal 6.234873e-01 -7.818284e-01 -2.820231e-03
    outer loop
      vertex   9.814894e+01 4.038624e+01 -4.500000e+00
      vertex   9.800421e+01 4.026541e+01 -3.000000e+00
      vertex   9.755941e+01 3.991611e+01 -4.500000e+00
    endloop
  endfacet
  facet normal 6.117219e-01 -7.910679e-01 2.820231e-03
    outer loop
      vertex   9.755941e+01 3.991611e+01 -4.500000e+00
      vertex   9.800421e+01 4.026541e+01 -3.000000e+00
      vertex   9.740772e+01 3.980415e+01 -3.000000e+00
    endloop
  endfacet
  facet normal 5.756148e-01 -8.177161e-01 -2.820231e-03
    outer loop
      vertex   9.755941e+01 3.991611e+01 -4.500000e+00
      vertex   9.740772e+01 3.980415e+01 -3.000000e+00
      vertex   9.694282e+01 3.948207e+01 -4.500000e+00
    endloop
  endfacet
  facet normal 5.633178e-01 -8.262355e-01 2.820231e-03
    outer loop
      vertex   9.694282e+01 3.948207e+01 -4.500000e+00
      vertex   9.740772e+01 3.980415e+01 -3.000000e+00
      vertex   9.678470e+01 3.937939e+01 -3.000000e+00
    endloop
  endfacet
  facet normal 5.256817e-01 -8.506767e-01 -2.820231e-03
    outer loop
      vertex   9.694282e+01 3.948207e+01 -4.500000e+00
      vertex   9.678470e+01 3.937939e+01 -3.000000e+00
      vertex   9.630138e+01 3.908569e+01 -4.500000e+00
    endloop
  endfacet
  facet normal 5.128972e-01 -8.584454e-01 2.820231e-03
    outer loop
      vertex   9.630138e+01 3.908569e+01 -4.500000e+00
      vertex   9.678470e+01 3.937939e+01 -3.000000e+00
      vertex   9.613740e+01 3.899264e+01 -3.000000e+00
    endloop
  endfacet
  facet normal 4.738668e-01 -8.805920e-01 -2.820231e-03
    outer loop
      vertex   9.630138e+01 3.908569e+01 -4.500000e+00
      vertex   9.613740e+01 3.899264e+01 -3.000000e+00
      vertex   9.563738e+01 3.872837e+01 -4.500000e+00
    endloop
  endfacet
  facet normal 4.606406e-01 -8.875823e-01 2.820231e-03
    outer loop
      vertex   9.563738e+01 3.872837e+01 -4.500000e+00
      vertex   9.613740e+01 3.899264e+01 -3.000000e+00
      vertex   9.546813e+01 3.864530e+01 -3.000000e+00
    endloop
  endfacet
  facet normal 4.203556e-01 -9.073551e-01 -2.820231e-03
    outer loop
      vertex   9.563738e+01 3.872837e+01 -4.500000e+00
      vertex   9.546813e+01 3.864530e+01 -3.000000e+00
      vertex   9.495320e+01 3.841141e+01 -4.500000e+00
    endloop
  endfacet
  facet normal 4.067350e-01 -9.135418e-01 2.820231e-03
    outer loop
      vertex   9.495320e+01 3.841141e+01 -4.500000e+00
      vertex   9.546813e+01 3.864530e+01 -3.000000e+00
      vertex   9.477929e+01 3.833861e+01 -3.000000e+00
    endloop
  endfacet
  facet normal 3.653396e-01 -9.308700e-01 -2.820231e-03
    outer loop
      vertex   9.495320e+01 3.841141e+01 -4.500000e+00
      vertex   9.477929e+01 3.833861e+01 -3.000000e+00
      vertex   9.425129e+01 3.813593e+01 -4.500000e+00
    endloop
  endfacet
  facet normal 3.513734e-01 -9.362311e-01 2.820231e-03
    outer loop
      vertex   9.425129e+01 3.813593e+01 -4.500000e+00
      vertex   9.477929e+01 3.833861e+01 -3.000000e+00
      vertex   9.407333e+01 3.807366e+01 -3.000000e+00
    endloop
  endfacet
  facet normal 3.090158e-01 -9.510527e-01 -2.820231e-03
    outer loop
      vertex   9.425129e+01 3.813593e+01 -4.500000e+00
      vertex   9.407333e+01 3.807366e+01 -3.000000e+00
      vertex   9.353416e+01 3.790292e+01 -4.500000e+00
    endloop
  endfacet
  facet normal 2.947540e-01 -9.555690e-01 2.820231e-03
    outer loop
      vertex   9.353416e+01 3.790292e+01 -4.500000e+00
      vertex   9.407333e+01 3.807366e+01 -3.000000e+00
      vertex   9.335280e+01 3.785141e+01 -3.000000e+00
    endloop
  endfacet
  facet normal 2.515858e-01 -9.678309e-01 -2.820231e-03
    outer loop
      vertex   9.353416e+01 3.790292e+01 -4.500000e+00
      vertex   9.335280e+01 3.785141e+01 -3.000000e+00
      vertex   9.280438e+01 3.771322e+01 -4.500000e+00
    endloop
  endfacet
  facet normal 2.370794e-01 -9.714862e-01 2.820231e-03
    outer loop
      vertex   9.280438e+01 3.771322e+01 -4.500000e+00
      vertex   9.335280e+01 3.785141e+01 -3.000000e+00
      vertex   9.262026e+01 3.767264e+01 -3.000000e+00
    endloop
  endfacet
  facet normal 1.932551e-01 -9.811445e-01 -2.820231e-03
    outer loop
      vertex   9.280438e+01 3.771322e+01 -4.500000e+00
      vertex   9.262026e+01 3.767264e+01 -3.000000e+00
      vertex   9.206456e+01 3.756749e+01 -4.500000e+00
    endloop
  endfacet
  facet normal 1.785562e-01 -9.839257e-01 2.820231e-03
    outer loop
      vertex   9.206456e+01 3.756749e+01 -4.500000e+00
      vertex   9.262026e+01 3.767264e+01 -3.000000e+00
      vertex   9.187834e+01 3.753800e+01 -3.000000e+00
    endloop
  endfacet
  facet normal 1.342327e-01 -9.909458e-01 -2.820231e-03
    outer loop
      vertex   9.206456e+01 3.756749e+01 -4.500000e+00
      vertex   9.187834e+01 3.753800e+01 -3.000000e+00
      vertex   9.131735e+01 3.746628e+01 -4.500000e+00
    endloop
  endfacet
  facet normal 1.193937e-01 -9.928430e-01 2.820231e-03
    outer loop
      vertex   9.131735e+01 3.746628e+01 -4.500000e+00
      vertex   9.187834e+01 3.753800e+01 -3.000000e+00
      vertex   9.112970e+01 3.744797e+01 -3.000000e+00
    endloop
  endfacet
  facet normal 7.472980e-02 -9.971998e-01 -2.820231e-03
    outer loop
      vertex   9.131735e+01 3.746628e+01 -4.500000e+00
      vertex   9.112970e+01 3.744797e+01 -3.000000e+00
      vertex   9.056542e+01 3.740993e+01 -4.500000e+00
    endloop
  endfacet
  facet normal 5.980392e-02 -9.982062e-01 2.820231e-03
    outer loop
      vertex   9.056542e+01 3.740993e+01 -4.500000e+00
      vertex   9.112970e+01 3.744797e+01 -3.000000e+00
      vertex   9.037702e+01 3.740288e+01 -3.000000e+00
    endloop
  endfacet
  facet normal 1.495935e-02 -9.998841e-01 -2.820231e-03
    outer loop
      vertex   9.056542e+01 3.740993e+01 -4.500000e+00
      vertex   9.037702e+01 3.740288e+01 -3.000000e+00
      vertex   8.981147e+01 3.739865e+01 -4.500000e+00
    endloop
  endfacet
  facet normal 0.000000e+00 -9.999960e-01 2.820231e-03
    outer loop
      vertex   8.981147e+01 3.739865e+01 -4.500000e+00
      vertex   9.037702e+01 3.740288e+01 -3.000000e+00
      vertex   8.962298e+01 3.740288e+01 -3.000000e+00
    endloop
  endfacet
  facet normal -4.486465e-02 -9.989891e-01 -2.820231e-03
    outer loop
      vertex   8.981147e+01 3.739865e+01 -4.500000e+00
      vertex   8.962298e+01 3.740288e+01 -3.000000e+00
      vertex   8.905819e+01 3.743248e+01 -4.500000e+00
    endloop
  endfacet
  facet normal -5.980392e-02 -9.982062e-01 2.820231e-03
    outer loop
      vertex   8.905819e+01 3.743248e+01 -4.500000e+00
      vertex   8.962298e+01 3.740288e+01 -3.000000e+00
      vertex   8.887030e+01 3.744797e+01 -3.000000e+00
    endloop
  endfacet
  facet normal -1.045280e-01 -9.945179e-01 -2.820231e-03
    outer loop
      vertex   8.905819e+01 3.743248e+01 -4.500000e+00
      vertex   8.887030e+01 3.744797e+01 -3.000000e+00
      vertex   8.830829e+01 3.751130e+01 -4.500000e+00
    endloop
  endfacet
  facet normal -1.193937e-01 -9.928430e-01 2.820231e-03
    outer loop
      vertex   8.830829e+01 3.751130e+01 -4.500000e+00
      vertex   8.887030e+01 3.744797e+01 -3.000000e+00
      vertex   8.812166e+01 3.753800e+01 -3.000000e+00
    endloop
  endfacet
  facet normal -1.638173e-01 -9.864867e-01 -2.820231e-03
    outer loop
      vertex   8.830829e+01 3.751130e+01 -4.500000e+00
      vertex   8.812166e+01 3.753800e+01 -3.000000e+00
      vertex   8.756444e+01 3.763482e+01 -4.500000e+00
    endloop
  endfacet
  facet normal -1.785562e-01 -9.839257e-01 2.820231e-03
    outer loop
      vertex   8.756444e+01 3.763482e+01 -4.500000e+00
      vertex   8.812166e+01 3.753800e+01 -3.000000e+00
      vertex   8.737974e+01 3.767264e+01 -3.000000e+00
    endloop
  endfacet
  facet normal -2.225200e-01 -9.749240e-01 -2.820231e-03
    outer loop
      vertex   8.756444e+01 3.763482e+01 -4.500000e+00
      vertex   8.737974e+01 3.767264e+01 -3.000000e+00
      vertex   8.682931e+01 3.780261e+01 -4.500000e+00
    endloop
  endfacet
  facet normal -2.370794e-01 -9.714862e-01 2.820231e-03
    outer loop
      vertex   8.682931e+01 3.780261e+01 -4.500000e+00
      vertex   8.737974e+01 3.767264e+01 -3.000000e+00
      vertex   8.664720e+01 3.785141e+01 -3.000000e+00
    endloop
  endfacet
  facet normal -2.804263e-01 -9.598714e-01 -2.820231e-03
    outer loop
      vertex   8.682931e+01 3.780261e+01 -4.500000e+00
      vertex   8.664720e+01 3.785141e+01 -3.000000e+00
      vertex   8.610553e+01 3.801406e+01 -4.500000e+00
    endloop
  endfacet
  facet normal -2.947540e-01 -9.555690e-01 2.820231e-03
    outer loop
      vertex   8.610553e+01 3.801406e+01 -4.500000e+00
      vertex   8.664720e+01 3.785141e+01 -3.000000e+00
      vertex   8.592667e+01 3.807366e+01 -3.000000e+00
    endloop
  endfacet
  facet normal -3.373286e-01 -9.413827e-01 -2.820231e-03
    outer loop
      vertex   8.610553e+01 3.801406e+01 -4.500000e+00
      vertex   8.592667e+01 3.807366e+01 -3.000000e+00
      vertex   8.539569e+01 3.826842e+01 -4.500000e+00
    endloop
  endfacet
  facet normal -3.513734e-01 -9.362311e-01 2.820231e-03
    outer loop
      vertex   8.539569e+01 3.826842e+01 -4.500000e+00
      vertex   8.592667e+01 3.807366e+01 -3.000000e+00
      vertex   8.522071e+01 3.833861e+01 -3.000000e+00
    endloop
  endfacet
  facet normal -3.930235e-01 -9.195241e-01 -2.820231e-03
    outer loop
      vertex   8.539569e+01 3.826842e+01 -4.500000e+00
      vertex   8.522071e+01 3.833861e+01 -3.000000e+00
      vertex   8.470234e+01 3.856477e+01 -4.500000e+00
    endloop
  endfacet
  facet normal -4.067350e-01 -9.135418e-01 2.820231e-03
    outer loop
      vertex   8.470234e+01 3.856477e+01 -4.500000e+00
      vertex   8.522071e+01 3.833861e+01 -3.000000e+00
      vertex   8.453187e+01 3.864530e+01 -3.000000e+00
    endloop
  endfacet
  facet normal -4.473114e-01 -8.943739e-01 -2.820231e-03
    outer loop
      vertex   8.470234e+01 3.856477e+01 -4.500000e+00
      vertex   8.453187e+01 3.864530e+01 -3.000000e+00
      vertex   8.402795e+01 3.890206e+01 -4.500000e+00
    endloop
  endfacet
  facet normal -4.606406e-01 -8.875823e-01 2.820231e-03
    outer loop
      vertex   8.402795e+01 3.890206e+01 -4.500000e+00
      vertex   8.453187e+01 3.864530e+01 -3.000000e+00
      vertex   8.386260e+01 3.899264e+01 -3.000000e+00
    endloop
  endfacet
  facet normal -4.999980e-01 -8.660220e-01 -2.820231e-03
    outer loop
      vertex   8.402795e+01 3.890206e+01 -4.500000e+00
      vertex   8.386260e+01 3.899264e+01 -3.000000e+00
      vertex   8.337493e+01 3.927908e+01 -4.500000e+00
    endloop
  endfacet
  facet normal -5.128972e-01 -8.584454e-01 2.820231e-03
    outer loop
      vertex   8.337493e+01 3.927908e+01 -4.500000e+00
      vertex   8.386260e+01 3.899264e+01 -3.000000e+00
      vertex   8.321530e+01 3.937939e+01 -3.000000e+00
    endloop
  endfacet
  facet normal -5.508948e-01 -8.345699e-01 -2.820231e-03
    outer loop
      vertex   8.337493e+01 3.927908e+01 -4.500000e+00
      vertex   8.321530e+01 3.937939e+01 -3.000000e+00
      vertex   8.274564e+01 3.969448e+01 -4.500000e+00
    endloop
  endfacet
  facet normal -5.633178e-01 -8.262355e-01 2.820231e-03
    outer loop
      vertex   8.274564e+01 3.969448e+01 -4.500000e+00
      vertex   8.321530e+01 3.937939e+01 -3.000000e+00
      vertex   8.259228e+01 3.980415e+01 -3.000000e+00
    endloop
  endfacet
  facet normal -5.998195e-01 -8.001304e-01 -2.820231e-03
    outer loop
      vertex   8.274564e+01 3.969448e+01 -4.500000e+00
      vertex   8.259228e+01 3.980415e+01 -3.000000e+00
      vertex   8.214231e+01 4.014676e+01 -4.500000e+00
    endloop
  endfacet
  facet normal -6.117219e-01 -7.910679e-01 2.820231e-03
    outer loop
      vertex   8.214231e+01 4.014676e+01 -4.500000e+00
      vertex   8.259228e+01 3.980415e+01 -3.000000e+00
      vertex   8.199579e+01 4.026541e+01 -3.000000e+00
    endloop
  endfacet
  facet normal -6.465970e-01 -7.628265e-01 -2.820231e-03
    outer loop
      vertex   8.214231e+01 4.014676e+01 -4.500000e+00
      vertex   8.199579e+01 4.026541e+01 -3.000000e+00
      vertex   8.156711e+01 4.063432e+01 -4.500000e+00
    endloop
  endfacet
  facet normal -6.579361e-01 -7.530685e-01 2.820231e-03
    outer loop
      vertex   8.156711e+01 4.063432e+01 -4.500000e+00
      vertex   8.199579e+01 4.026541e+01 -3.000000e+00
      vertex   8.142795e+01 4.076152e+01 -3.000000e+00
    endloop
  endfacet
  facet normal -6.910599e-01 -7.227920e-01 -2.820231e-03
    outer loop
      vertex   8.156711e+01 4.063432e+01 -4.500000e+00
      vertex   8.142795e+01 4.076152e+01 -3.000000e+00
      vertex   8.102209e+01 4.115541e+01 -4.500000e+00
    endloop
  endfacet
  facet normal -7.017951e-01 -7.123733e-01 2.820231e-03
    outer loop
      vertex   8.102209e+01 4.115541e+01 -4.500000e+00
      vertex   8.142795e+01 4.076152e+01 -3.000000e+00
      vertex   8.089079e+01 4.129070e+01 -3.000000e+00
    endloop
  endfacet
  facet normal -7.330490e-01 -6.801700e-01 -2.820231e-03
    outer loop
      vertex   8.102209e+01 4.115541e+01 -4.500000e+00
      vertex   8.089079e+01 4.129070e+01 -3.000000e+00
      vertex   8.050922e+01 4.170815e+01 -4.500000e+00
    endloop
  endfacet
  facet normal -7.431419e-01 -6.691279e-01 2.820231e-03
    outer loop
      vertex   8.050922e+01 4.170815e+01 -4.500000e+00
      vertex   8.089079e+01 4.129070e+01 -3.000000e+00
      vertex   8.038624e+01 4.185106e+01 -3.000000e+00
    endloop
  endfacet
  facet normal -7.724139e-01 -6.351132e-01 -2.820231e-03
    outer loop
      vertex   8.050922e+01 4.170815e+01 -4.500000e+00
      vertex   8.038624e+01 4.185106e+01 -3.000000e+00
      vertex   8.003032e+01 4.229058e+01 -4.500000e+00
    endloop
  endfacet
  facet normal -7.818284e-01 -6.234873e-01 2.820231e-03
    outer loop
      vertex   8.003032e+01 4.229058e+01 -4.500000e+00
      vertex   8.038624e+01 4.185106e+01 -3.000000e+00
      vertex   7.991611e+01 4.244059e+01 -3.000000e+00
    endloop
  endfacet
  facet normal -8.090138e-01 -5.877829e-01 -2.820231e-03
    outer loop
      vertex   8.003032e+01 4.229058e+01 -4.500000e+00
      vertex   7.991611e+01 4.244059e+01 -3.000000e+00
      vertex   7.958711e+01 4.290061e+01 -4.500000e+00
    endloop
  endfacet
  facet normal -8.177161e-01 -5.756148e-01 2.820231e-03
    outer loop
      vertex   7.958711e+01 4.290061e+01 -4.500000e+00
      vertex   7.991611e+01 4.244059e+01 -3.000000e+00
      vertex   7.948207e+01 4.305718e+01 -3.000000e+00
    endloop
  endfacet
  facet normal -8.427176e-01 -5.383485e-01 -2.820231e-03
    outer loop
      vertex   7.958711e+01 4.290061e+01 -4.500000e+00
      vertex   7.948207e+01 4.305718e+01 -3.000000e+00
      vertex   7.918117e+01 4.353605e+01 -4.500000e+00
    endloop
  endfacet
  facet normal -8.506767e-01 -5.256817e-01 2.820231e-03
    outer loop
      vertex   7.918117e+01 4.353605e+01 -4.500000e+00
      vertex   7.948207e+01 4.305718e+01 -3.000000e+00
      vertex   7.908569e+01 4.369862e+01 -3.000000e+00
    endloop
  endfacet
  facet normal -8.734047e-01 -4.869869e-01 -2.820231e-03
    outer loop
      vertex   7.918117e+01 4.353605e+01 -4.500000e+00
      vertex   7.908569e+01 4.369862e+01 -3.000000e+00
      vertex   7.881397e+01 4.419463e+01 -4.500000e+00
    endloop
  endfacet
  facet normal -8.805920e-01 -4.738668e-01 2.820231e-03
    outer loop
      vertex   7.881397e+01 4.419463e+01 -4.500000e+00
      vertex   7.908569e+01 4.369862e+01 -3.000000e+00
      vertex   7.872837e+01 4.436262e+01 -3.000000e+00
    endloop
  endfacet
  facet normal -9.009653e-01 -4.338820e-01 -2.820231e-03
    outer loop
      vertex   7.881397e+01 4.419463e+01 -4.500000e+00
      vertex   7.872837e+01 4.436262e+01 -3.000000e+00
      vertex   7.848680e+01 4.487399e+01 -4.500000e+00
    endloop
  endfacet
  facet normal -9.073551e-01 -4.203556e-01 2.820231e-03
    outer loop
      vertex   7.848680e+01 4.487399e+01 -4.500000e+00
      vertex   7.872837e+01 4.436262e+01 -3.000000e+00
      vertex   7.841141e+01 4.504680e+01 -3.000000e+00
    endloop
  endfacet
  facet normal -9.253006e-01 -3.792240e-01 -2.820231e-03
    outer loop
      vertex   7.848680e+01 4.487399e+01 -4.500000e+00
      vertex   7.841141e+01 4.504680e+01 -3.000000e+00
      vertex   7.820085e+01 4.557171e+01 -4.500000e+00
    endloop
  endfacet
  facet normal -9.308700e-01 -3.653396e-01 2.820231e-03
    outer loop
      vertex   7.820085e+01 4.557171e+01 -4.500000e+00
      vertex   7.841141e+01 4.504680e+01 -3.000000e+00
      vertex   7.813593e+01 4.574871e+01 -3.000000e+00
    endloop
  endfacet
  facet normal -9.463236e-01 -3.232084e-01 -2.820231e-03
    outer loop
      vertex   7.820085e+01 4.557171e+01 -4.500000e+00
      vertex   7.813593e+01 4.574871e+01 -3.000000e+00
      vertex   7.795714e+01 4.628527e+01 -4.500000e+00
    endloop
  endfacet
  facet normal -9.510527e-01 -3.090158e-01 2.820231e-03
    outer loop
      vertex   7.795714e+01 4.628527e+01 -4.500000e+00
      vertex   7.813593e+01 4.574871e+01 -3.000000e+00
      vertex   7.790292e+01 4.646584e+01 -3.000000e+00
    endloop
  endfacet
  facet normal -9.639590e-01 -2.660358e-01 -2.820231e-03
    outer loop
      vertex   7.795714e+01 4.628527e+01 -4.500000e+00
      vertex   7.790292e+01 4.646584e+01 -3.000000e+00
      vertex   7.775654e+01 4.701213e+01 -4.500000e+00
    endloop
  endfacet
  facet normal -9.678309e-01 -2.515858e-01 2.820231e-03
    outer loop
      vertex   7.775654e+01 4.701213e+01 -4.500000e+00
      vertex   7.790292e+01 4.646584e+01 -3.000000e+00
      vertex   7.771322e+01 4.719562e+01 -3.000000e+00
    endloop
  endfacet
  facet normal -9.781437e-01 -2.079109e-01 -2.820231e-03
    outer loop
      vertex   7.775654e+01 4.701213e+01 -4.500000e+00
      vertex   7.771322e+01 4.719562e+01 -3.000000e+00
      vertex   7.759977e+01 4.774969e+01 -4.500000e+00
    endloop
  endfacet
  facet normal -9.811445e-01 -1.932551e-01 2.820231e-03
    outer loop
      vertex   7.759977e+01 4.774969e+01 -4.500000e+00
      vertex   7.771322e+01 4.719562e+01 -3.000000e+00
      vertex   7.756749e+01 4.793544e+01 -3.000000e+00
    endloop
  endfacet
  facet normal -9.888269e-01 -1.490417e-01 -2.820231e-03
    outer loop
      vertex   7.759977e+01 4.774969e+01 -4.500000e+00
      vertex   7.756749e+01 4.793544e+01 -3.000000e+00
      vertex   7.748739e+01 4.849530e+01 -4.500000e+00
    endloop
  endfacet
  facet normal -9.909458e-01 -1.342327e-01 2.820231e-03
    outer loop
      vertex   7.748739e+01 4.849530e+01 -4.500000e+00
      vertex   7.756749e+01 4.793544e+01 -3.000000e+00
      vertex   7.746628e+01 4.868265e+01 -3.000000e+00
    endloop
  endfacet
  facet normal -9.959703e-01 -8.963895e-02 -2.820231e-03
    outer loop
      vertex   7.748739e+01 4.849530e+01 -4.500000e+00
      vertex   7.746628e+01 4.868265e+01 -3.000000e+00
      vertex   7.741980e+01 4.924630e+01 -4.500000e+00
    endloop
  endfacet
  facet normal -9.971998e-01 -7.472980e-02 2.820231e-03
    outer loop
      vertex   7.741980e+01 4.924630e+01 -4.500000e+00
      vertex   7.746628e+01 4.868265e+01 -3.000000e+00
      vertex   7.740993e+01 4.943458e+01 -3.000000e+00
    endloop
  endfacet
  facet normal 9.914449e-01 -1.305262e-01 0.000000e+00
    outer loop
      vertex   9.951704e+01 5.012941e+01 -4.500000e+00
      vertex   9.951704e+01 5.012941e+01 -3.000000e+00
      vertex   9.950000e+01 5.000000e+01 -4.500000e+00
    endloop
  endfacet
  facet normal 9.914449e-01 -1.305262e-01 0.000000e+00
    outer loop
      vertex   9.950000e+01 5.000000e+01 -4.500000e+00
      vertex   9.951704e+01 5.012941e+01 -3.000000e+00
      vertex   9.950000e+01 5.000000e+01 -3.000000e+00
    endloop
  endfacet
  facet normal 9.914449e-01 1.305262e-01 -0.000000e+00
    outer loop
      vertex   9.950000e+01 5.000000e+01 -4.500000e+00
      vertex   9.950000e+01 5.000000e+01 -3.000000e+00
      vertex   9.951704e+01 4.987059e+01 -4.500000e+00
    endloop
  endfacet
  facet normal 9.914449e-01 1.305262e-01 -0.000000e+00
    outer loop
      vertex   9.951704e+01 4.987059e+01 -4.500000e+00
      vertex   9.950000e+01 5.000000e+01 -3.000000e+00
      vertex   9.951704e+01 4.987059e+01 -3.000000e+00
    endloop
  endfacet
  facet normal 9.238795e-01 3.826834e-01 -0.000000e+00
    outer loop
      vertex   9.951704e+01 4.987059e+01 -4.500000e+00
      vertex   9.951704e+01 4.987059e+01 -3.000000e+00
      vertex   9.956699e+01 4.975000e+01 -4.500000e+00
    endloop
  endfacet
  facet normal 9.238795e-01 3.826834e-01 -0.000000e+00
    outer loop
      vertex   9.956699e+01 4.975000e+01 -4.500000e+00
      vertex   9.951704e+01 4.987059e+01 -3.000000e+00
      vertex   9.956699e+01 4.975000e+01 -3.000000e+00
    endloop
  endfacet
  facet normal 7.933533e-01 6.087614e-01 -0.000000e+00
    outer loop
      vertex   9.956699e+01 4.975000e+01 -4.500000e+00
      vertex   9.956699e+01 4.975000e+01 -3.000000e+00
      vertex   9.964645e+01 4.964645e+01 -4.500000e+00
    endloop
  endfacet
  facet normal 7.933533e-01 6.087614e-01 -0.000000e+00
    outer loop
      vertex   9.964645e+01 4.964645e+01 -4.500000e+00
      vertex   9.956699e+01 4.975000e+01 -3.000000e+00
      vertex   9.964645e+01 4.964645e+01 -3.000000e+00
    endloop
  endfacet
  facet normal 6.087614e-01 7.933533e-01 -0.000000e+00
    outer loop
      vertex   9.964645e+01 4.964645e+01 -4.500000e+00
      vertex   9.964645e+01 4.964645e+01 -3.000000e+00
      vertex   9.975000e+01 4.956699e+01 -4.500000e+00
    endloop
  endfacet
  facet normal 6.087614e-01 7.933533e-01 -0.000000e+00
    outer loop
      vertex   9.975000e+01 4.956699e+01 -4.500000e+00
      vertex   9.964645e+01 4.964645e+01 -3.000000e+00
      vertex   9.975000e+01 4.956699e+01 -3.000000e+00
    endloop
  endfacet
  facet normal 3.826834e-01 9.238795e-01 -0.000000e+00
    outer loop
      vertex   9.975000e+01 4.956699e+01 -4.500000e+00
      vertex   9.975000e+01 4.956699e+01 -3.000000e+00
      vertex   9.987059e+01 4.951704e+01 -4.500000e+00
    endloop
  endfacet
  facet normal 3.826834e-01 9.238795e-01 -0.000000e+00
    outer loop
      vertex   9.987059e+01 4.951704e+01 -4.500000e+00
      vertex   9.975000e+01 4.956699e+01 -3.000000e+00
      vertex   9.987059e+01 4.951704e+01 -3.000000e+00
    endloop
  endfacet
  facet normal 1.305262e-01 9.914449e-01 -0.000000e+00
    outer loop
      vertex   9.987059e+01 4.951704e+01 -4.500000e+00
      vertex   9.987059e+01 4.951704e+01 -3.000000e+00
      vertex   1.000000e+02 4.950000e+01 -4.500000e+00
    endloop
  endfacet
  facet normal 1.305262e-01 9.914449e-01 -0.000000e+00
    outer loop
      vertex   1.000000e+02 4.950000e+01 -4.500000e+00
      vertex   9.987059e+01 4.951704e+01 -3.000000e+00
      vertex   1.000000e+02 4.950000e+01 -3.000000e+00
    endloop
  endfacet
  facet normal -1.305262e-01 9.914449e-01 0.000000e+00
    outer loop
      vertex   1.000000e+02 4.950000e+01 -4.500000e+00
      vertex   1.000000e+02 4.950000e+01 -3.000000e+00
      vertex   1.001294e+02 4.951704e+01 -4.500000e+00
    endloop
  endfacet
  facet normal -1.305262e-01 9.914449e-01 0.000000e+00
    outer loop
      vertex   1.001294e+02 4.951704e+01 -4.500000e+00
      vertex   1.000000e+02 4.950000e+01 -3.000000e+00
      vertex   1.001294e+02 4.951704e+01 -3.000000e+00
    endloop
  endfacet
  facet normal -3.826834e-01 9.238795e-01 0.000000e+00
    outer loop
      vertex   1.001294e+02 4.951704e+01 -4.500000e+00
      vertex   1.001294e+02 4.951704e+01 -3.000000e+00
      vertex   1.002500e+02 4.956699e+01 -4.500000e+00
    endloop
  endfacet
  facet normal -3.826834e-01 9.238795e-01 0.000000e+00
    outer loop
      vertex   1.002500e+02 4.956699e+01 -4.500000e+00
      vertex   1.001294e+02 4.951704e+01 -3.000000e+00
      vertex   1.002500e+02 4.956699e+01 -3.000000e+00
    endloop
  endfacet
  facet normal -6.087614e-01 7.933533e-01 0.000000e+00
    outer loop
      vertex   1.002500e+02 4.956699e+01 -4.500000e+00
      vertex   1.002500e+02 4.956699e+01 -3.000000e+00
      vertex   1.003536e+02 4.964645e+01 -4.500000e+00
    endloop
  endfacet
  facet normal -6.087614e-01 7.933533e-01 0.000000e+00
    outer loop
      vertex   1.003536e+02 4.964645e+01 -4.500000e+00
      vertex   1.002500e+02 4.956699e+01 -3.000000e+00
      vertex   1.003536e+02 4.964645e+01 -3.000000e+00
    endloop
  endfacet
  facet normal -7.933533e-01 6.087614e-01 0.000000e+00
    outer loop
      vertex   1.003536e+02 4.964645e+01 -4.500000e+00
      vertex   1.003536e+02 4.964645e+01 -3.000000e+00
      vertex   1.004330e+02 4.975000e+01 -4.500000e+00
    endloop
  endfacet
  facet normal -7.933533e-01 6.087614e-01 0.000000e+00
    outer loop
      vertex   1.004330e+02 4.975000e+01 -4.500000e+00
      vertex   1.003536e+02 4.964645e+01 -3.000000e+00
      vertex   1.004330e+02 4.975000e+01 -3.000000e+00
    endloop
  endfacet
  facet normal -9.238795e-01 3.826834e-01 0.000000e+00
    outer loop
      vertex   1.004330e+02 4.975000e+01 -4.500000e+00
      vertex   1.004330e+02 4.975000e+01 -3.000000e+00
      vertex   1.004830e+02 4.987059e+01 -4.500000e+00
    endloop
  endfacet
  facet normal -9.238795e-01 3.826834e-01 0.000000e+00
    outer loop
      vertex   1.004830e+02 4.987059e+01 -4.500000e+00
      vertex   1.004330e+02 4.975000e+01 -3.000000e+00
      vertex   1.004830e+02 4.987059e+01 -3.000000e+00
    endloop
  endfacet
  facet normal -9.914449e-01 1.305262e-01 0.000000e+00
    outer loop
      vertex   1.004830e+02 4.987059e+01 -4.500000e+00
      vertex   1.004830e+02 4.987059e+01 -3.000000e+00
      vertex   1.005000e+02 5.000000e+01 -4.500000e+00
    endloop
  endfacet
  facet normal -9.914449e-01 1.305262e-01 0.000000e+00
    outer loop
      vertex   1.005000e+02 5.000000e+01 -4.500000e+00
      vertex   1.004830e+02 4.987059e+01 -3.000000e+00
      vertex   1.005000e+02 5.000000e+01 -3.000000e+00
    endloop
  endfacet
  facet normal -9.914449e-01 -1.305262e-01 0.000000e+00
    outer loop
      vertex   1.005000e+02 5.000000e+01 -4.500000e+00
      vertex   1.005000e+02 5.000000e+01 -3.000000e+00
      vertex   1.004830e+02 5.012941e+01 -4.500000e+00
    endloop
  endfacet
  facet normal -9.914449e-01 -1.305262e-01 0.000000e+00
    outer loop
      vertex   1.004830e+02 5.012941e+01 -4.500000e+00
      vertex   1.005000e+02 5.000000e+01 -3.000000e+00
      vertex   1.004830e+02 5.012941e+01 -3.000000e+00
    endloop
  endfacet
  facet normal -9.238795e-01 -3.826834e-01 0.000000e+00
    outer loop
      vertex   1.004830e+02 5.012941e+01 -4.500000e+00
      vertex   1.004830e+02 5.012941e+01 -3.000000e+00
      vertex   1.004330e+02 5.025000e+01 -4.500000e+00
    endloop
  endfacet
  facet normal -9.238795e-01 -3.826834e-01 0.000000e+00
    outer loop
      vertex   1.004330e+02 5.025000e+01 -4.500000e+00
      vertex   1.004830e+02 5.012941e+01 -3.000000e+00
      vertex   1.004330e+02 5.025000e+01 -3.000000e+00
    endloop
  endfacet
  facet normal -7.933533e-01 -6.087614e-01 0.000000e+00
    outer loop
      vertex   1.004330e+02 5.025000e+01 -4.500000e+00
      vertex   1.004330e+02 5.025000e+01 -3.000000e+00
      vertex   1.003536e+02 5.035355e+01 -4.500000e+00
    endloop
  endfacet
  facet normal -7.933533e-01 -6.087614e-01 0.000000e+00
    outer loop
      vertex   1.003536e+02 5.035355e+01 -4.500000e+00
      vertex   1.004330e+02 5.025000e+01 -3.000000e+00
      vertex   1.003536e+02 5.035355e+01 -3.000000e+00
    endloop
  endfacet
  facet normal -6.087614e-01 -7.933533e-01 0.000000e+00
    outer loop
      vertex   1.003536e+02 5.035355e+01 -4.500000e+00
      vertex   1.003536e+02 5.035355e+01 -3.000000e+00
      vertex   1.002500e+02 5.043301e+01 -4.500000e+00
    endloop
  endfacet
  facet normal -6.087614e-01 -7.933533e-01 0.000000e+00
    outer loop
      vertex   1.002500e+02 5.043301e+01 -4.500000e+00
      vertex   1.003536e+02 5.035355e+01 -3.000000e+00
      vertex   1.002500e+02 5.043301e+01 -3.000000e+00
    endloop
  endfacet
  facet normal -3.826834e-01 -9.238795e-01 0.000000e+00
    outer loop
      vertex   1.002500e+02 5.043301e+01 -4.500000e+00
      vertex   1.002500e+02 5.043301e+01 -3.000000e+00
      vertex   1.001294e+02 5.048296e+01 -4.500000e+00
    endloop
  endfacet
  facet normal -3.826834e-01 -9.238795e-01 0.000000e+00
    outer loop
      vertex   1.001294e+02 5.048296e+01 -4.500000e+00
      vertex   1.002500e+02 5.043301e+01 -3.000000e+00
      vertex   1.001294e+02 5.048296e+01 -3.000000e+00
    endloop
  endfacet
  facet normal -1.305262e-01 -9.914449e-01 0.000000e+00
    outer loop
      vertex   1.001294e+02 5.048296e+01 -4.500000e+00
      vertex   1.001294e+02 5.048296e+01 -3.000000e+00
      vertex   1.000000e+02 5.050000e+01 -4.500000e+00
    endloop
  endfacet
  facet normal -1.305262e-01 -9.914449e-01 0.000000e+00
    outer loop
      vertex   1.000000e+02 5.050000e+01 -4.500000e+00
      vertex   1.001294e+02 5.048296e+01 -3.000000e+00
      vertex   1.000000e+02 5.050000e+01 -3.000000e+00
    endloop
  endfacet
  facet normal 1.305262e-01 -9.914449e-01 0.000000e+00
    outer loop
      vertex   1.000000e+02 5.050000e+01 -4.500000e+00
      vertex   1.000000e+02 5.050000e+01 -3.000000e+00
      vertex   9.987059e+01 5.048296e+01 -4.500000e+00
    endloop
  endfacet
  facet normal 1.305262e-01 -9.914449e-01 0.000000e+00
    outer loop
      vertex   9.987059e+01 5.048296e+01 -4.500000e+00
      vertex   1.000000e+02 5.050000e+01 -3.000000e+00
      vertex   9.987059e+01 5.048296e+01 -3.000000e+00
    endloop
  endfacet
  facet normal 3.826834e-01 -9.238795e-01 0.000000e+00
    outer loop
      vertex   9.987059e+01 5.048296e+01 -4.500000e+00
      vertex   9.987059e+01 5.048296e+01 -3.000000e+00
      vertex   9.975000e+01 5.043301e+01 -4.500000e+00
    endloop
  endfacet
  facet normal 3.826834e-01 -9.238795e-01 0.000000e+00
    outer loop
      vertex   9.975000e+01 5.043301e+01 -4.500000e+00
      vertex   9.987059e+01 5.048296e+01 -3.000000e+00
      vertex   9.975000e+01 5.043301e+01 -3.000000e+00
    endloop
  endfacet
  facet normal 6.087614e-01 -7.933533e-01 0.000000e+00
    outer loop
      vertex   9.975000e+01 5.043301e+01 -4.500000e+00
      vertex   9.975000e+01 5.043301e+01 -3.000000e+00
      vertex   9.964645e+01 5.035355e+01 -4.500000e+00
    endloop
  endfacet
  facet normal 6.087614e-01 -7.933533e-01 0.000000e+00
    outer loop
      vertex   9.964645e+01 5.035355e+01 -4.500000e+00
      vertex   9.975000e+01 5.043301e+01 -3.000000e+00
      vertex   9.964645e+01 5.035355e+01 -3.000000e+00
    endloop
  endfacet
  facet normal 7.933533e-01 -6.087614e-01 0.000000e+00
    outer loop
      vertex   9.964645e+01 5.035355e+01 -4.500000e+00
      vertex   9.964645e+01 5.035355e+01 -3.000000e+00
      vertex   9.956699e+01 5.025000e+01 -4.500000e+00
    endloop
  endfacet
  facet normal 7.933533e-01 -6.087614e-01 0.000000e+00
    outer loop
      vertex   9.956699e+01 5.025000e+01 -4.500000e+00
      vertex   9.964645e+01 5.035355e+01 -3.000000e+00
      vertex   9.956699e+01 5.025000e+01 -3.000000e+00
    endloop
  endfacet
  facet normal 9.238795e-01 -3.826834e-01 0.000000e+00
    outer loop
      vertex   9.956699e+01 5.025000e+01 -4.500000e+00
      vertex   9.956699e+01 5.025000e+01 -3.000000e+00
      vertex   9.951704e+01 5.012941e+01 -4.500000e+00
    endloop
  endfacet
  facet normal 9.238795e-01 -3.826834e-01 0.000000e+00
    outer loop
      vertex   9.951704e+01 5.012941e+01 -4.500000e+00
      vertex   9.956699e+01 5.025000e+01 -3.000000e+00
      vertex   9.951704e+01 5.012941e+01 -3.000000e+00
    endloop
  endfacet
  facet normal 9.957342e-01 -9.226836e-02 0.000000e+00
    outer loop
      vertex   8.877128e+01 6.074431e+01 -3.500000e+00
      vertex   8.877128e+01 6.074431e+01 -2.500000e+00
      vertex   8.875000e+01 6.051462e+01 -3.500000e+00
    endloop
  endfacet
  facet normal 9.957342e-01 -9.226836e-02 0.000000e+00
    outer loop
      vertex   8.875000e+01 6.051462e+01 -3.500000e+00
      vertex   8.877128e+01 6.074431e+01 -2.500000e+00
      vertex   8.875000e+01 6.051462e+01 -2.500000e+00
    endloop
  endfacet
  facet normal 9.957342e-01 9.226836e-02 -0.000000e+00
    outer loop
      vertex   8.875000e+01 6.051462e+01 -3.500000e+00
      vertex   8.875000e+01 6.051462e+01 -2.500000e+00
      vertex   8.877128e+01 6.028494e+01 -3.500000e+00
    endloop
  endfacet
  facet normal 9.957342e-01 9.226836e-02 -0.000000e+00
    outer loop
      vertex   8.877128e+01 6.028494e+01 -3.500000e+00
      vertex   8.875000e+01 6.051462e+01 -2.500000e+00
      vertex   8.877128e+01 6.028494e+01 -2.500000e+00
    endloop
  endfacet
  facet normal 9.618256e-01 2.736630e-01 -0.000000e+00
    outer loop
      vertex   8.877128e+01 6.028494e+01 -3.500000e+00
      vertex   8.877128e+01 6.028494e+01 -2.500000e+00
      vertex   8.883441e+01 6.006307e+01 -2.500000e+00
    endloop
  endfacet
  facet normal 9.618256e-01 -2.736630e-01 0.000000e+00
    outer loop
      vertex   8.877128e+01 6.074431e+01 -3.500000e+00
      vertex   8.883441e+01 6.096617e+01 -3.500000e+00
      vertex   8.877128e+01 6.074431e+01 -2.500000e+00
    endloop
  endfacet
  facet normal 9.618256e-01 -2.736630e-01 0.000000e+00
    outer loop
      vertex   8.877128e+01 6.074431e+01 -2.500000e+00
      vertex   8.883441e+01 6.096617e+01 -3.500000e+00
      vertex   8.883441e+01 6.096617e+01 -2.500000e+00
    endloop
  endfacet
  facet normal 8.951633e-01 -4.457384e-01 0.000000e+00
    outer loop
      vertex   8.883441e+01 6.096617e+01 -2.500000e+00
      vertex   8.883441e+01 6.096617e+01 -3.500000e+00
      vertex   8.893723e+01 6.117266e+01 -3.500000e+00
    endloop
  endfacet
  facet normal 8.951633e-01 -4.457384e-01 0.000000e+00
    outer loop
      vertex   8.883441e+01 6.096617e+01 -2.500000e+00
      vertex   8.893723e+01 6.117266e+01 -3.500000e+00
      vertex   8.893723e+01 6.117266e+01 -2.500000e+00
    endloop
  endfacet
  facet normal 7.980172e-01 -6.026346e-01 0.000000e+00
    outer loop
      vertex   8.893723e+01 6.117266e+01 -2.500000e+00
      vertex   8.893723e+01 6.117266e+01 -3.500000e+00
      vertex   8.907624e+01 6.135674e+01 -3.500000e+00
    endloop
  endfacet
  facet normal 7.980172e-01 -6.026346e-01 0.000000e+00
    outer loop
      vertex   8.893723e+01 6.117266e+01 -2.500000e+00
      vertex   8.907624e+01 6.135674e+01 -3.500000e+00
      vertex   8.907624e+01 6.135674e+01 -2.500000e+00
    endloop
  endfacet
  facet normal 6.736956e-01 -7.390089e-01 0.000000e+00
    outer loop
      vertex   8.907624e+01 6.135674e+01 -2.500000e+00
      vertex   8.907624e+01 6.135674e+01 -3.500000e+00
      vertex   8.924671e+01 6.151214e+01 -3.500000e+00
    endloop
  endfacet
  facet normal 6.736956e-01 -7.390089e-01 0.000000e+00
    outer loop
      vertex   8.907624e+01 6.135674e+01 -2.500000e+00
      vertex   8.924671e+01 6.151214e+01 -3.500000e+00
      vertex   8.924671e+01 6.151214e+01 -2.500000e+00
    endloop
  endfacet
  facet normal 5.264322e-01 -8.502171e-01 0.000000e+00
    outer loop
      vertex   8.924671e+01 6.151214e+01 -2.500000e+00
      vertex   8.924671e+01 6.151214e+01 -3.500000e+00
      vertex   8.944283e+01 6.163358e+01 -3.500000e+00
    endloop
  endfacet
  facet normal 5.264322e-01 -8.502171e-01 0.000000e+00
    outer loop
      vertex   8.924671e+01 6.151214e+01 -2.500000e+00
      vertex   8.944283e+01 6.163358e+01 -3.500000e+00
      vertex   8.944283e+01 6.163358e+01 -2.500000e+00
    endloop
  endfacet
  facet normal 3.612417e-01 -9.324722e-01 0.000000e+00
    outer loop
      vertex   8.944283e+01 6.163358e+01 -2.500000e+00
      vertex   8.944283e+01 6.163358e+01 -3.500000e+00
      vertex   8.965792e+01 6.171690e+01 -3.500000e+00
    endloop
  endfacet
  facet normal 3.612417e-01 -9.324722e-01 0.000000e+00
    outer loop
      vertex   8.944283e+01 6.163358e+01 -2.500000e+00
      vertex   8.965792e+01 6.171690e+01 -3.500000e+00
      vertex   8.965792e+01 6.171690e+01 -2.500000e+00
    endloop
  endfacet
  facet normal 1.837495e-01 -9.829731e-01 0.000000e+00
    outer loop
      vertex   8.965792e+01 6.171690e+01 -2.500000e+00
      vertex   8.965792e+01 6.171690e+01 -3.500000e+00
      vertex   8.988466e+01 6.175929e+01 -3.500000e+00
    endloop
  endfacet
  facet normal 1.837495e-01 -9.829731e-01 0.000000e+00
    outer loop
      vertex   8.965792e+01 6.171690e+01 -2.500000e+00
      vertex   8.988466e+01 6.175929e+01 -3.500000e+00
      vertex   8.988466e+01 6.175929e+01 -2.500000e+00
    endloop
  endfacet
  facet normal 0.000000e+00 -1.000000e+00 0.000000e+00
    outer loop
      vertex   8.988466e+01 6.175929e+01 -2.500000e+00
      vertex   8.988466e+01 6.175929e+01 -3.500000e+00
      vertex   9.011534e+01 6.175929e+01 -3.500000e+00
    endloop
  endfacet
  facet normal 0.000000e+00 -1.000000e+00 0.000000e+00
    outer loop
      vertex   8.988466e+01 6.175929e+01 -2.500000e+00
      vertex   9.011534e+01 6.175929e+01 -3.500000e+00
      vertex   9.011534e+01 6.175929e+01 -2.500000e+00
    endloop
  endfacet
  facet normal -1.837495e-01 -9.829731e-01 -0.000000e+00
    outer loop
      vertex   9.011534e+01 6.175929e+01 -2.500000e+00
      vertex   9.011534e+01 6.175929e+01 -3.500000e+00
      vertex   9.034208e+01 6.171690e+01 -3.500000e+00
    endloop
  endfacet
  facet normal -1.837495e-01 -9.829731e-01 0.000000e+00
    outer loop
      vertex   9.011534e+01 6.175929e+01 -2.500000e+00
      vertex   9.034208e+01 6.171690e+01 -3.500000e+00
      vertex   9.034208e+01 6.171690e+01 -2.500000e+00
    endloop
  endfacet
  facet normal -3.612417e-01 -9.324722e-01 -0.000000e+00
    outer loop
      vertex   9.034208e+01 6.171690e+01 -2.500000e+00
      vertex   9.034208e+01 6.171690e+01 -3.500000e+00
      vertex   9.055717e+01 6.163358e+01 -3.500000e+00
    endloop
  endfacet
  facet normal -3.612417e-01 -9.324722e-01 0.000000e+00
    outer loop
      vertex   9.034208e+01 6.171690e+01 -2.500000e+00
      vertex   9.055717e+01 6.163358e+01 -3.500000e+00
      vertex   9.055717e+01 6.163358e+01 -2.500000e+00
    endloop
  endfacet
  facet normal -5.264322e-01 -8.502171e-01 -0.000000e+00
    outer loop
      vertex   9.055717e+01 6.163358e+01 -2.500000e+00
      vertex   9.055717e+01 6.163358e+01 -3.500000e+00
      vertex   9.075329e+01 6.151214e+01 -3.500000e+00
    endloop
  endfacet
  facet normal -5.264322e-01 -8.502171e-01 0.000000e+00
    outer loop
      vertex   9.055717e+01 6.163358e+01 -2.500000e+00
      vertex   9.075329e+01 6.151214e+01 -3.500000e+00
      vertex   9.075329e+01 6.151214e+01 -2.500000e+00
    endloop
  endfacet
  facet normal -6.736956e-01 -7.390089e-01 -0.000000e+00
    outer loop
      vertex   9.075329e+01 6.151214e+01 -2.500000e+00
      vertex   9.075329e+01 6.151214e+01 -3.500000e+00
      vertex   9.092376e+01 6.135674e+01 -3.500000e+00
    endloop
  endfacet
  facet normal -6.736956e-01 -7.390089e-01 0.000000e+00
    outer loop
      vertex   9.075329e+01 6.151214e+01 -2.500000e+00
      vertex   9.092376e+01 6.135674e+01 -3.500000e+00
      vertex   9.092376e+01 6.135674e+01 -2.500000e+00
    endloop
  endfacet
  facet normal -7.980172e-01 -6.026346e-01 -0.000000e+00
    outer loop
      vertex   9.092376e+01 6.135674e+01 -2.500000e+00
      vertex   9.092376e+01 6.135674e+01 -3.500000e+00
      vertex   9.106277e+01 6.117266e+01 -3.500000e+00
    endloop
  endfacet
  facet normal -7.980172e-01 -6.026346e-01 0.000000e+00
    outer loop
      vertex   9.092376e+01 6.135674e+01 -2.500000e+00
      vertex   9.106277e+01 6.117266e+01 -3.500000e+00
      vertex   9.106277e+01 6.117266e+01 -2.500000e+00
    endloop
  endfacet
  facet normal -8.951633e-01 -4.457384e-01 -0.000000e+00
    outer loop
      vertex   9.106277e+01 6.117266e+01 -2.500000e+00
      vertex   9.106277e+01 6.117266e+01 -3.500000e+00
      vertex   9.116559e+01 6.096617e+01 -3.500000e+00
    endloop
  endfacet
  facet normal -8.951633e-01 -4.457384e-01 0.000000e+00
    outer loop
      vertex   9.106277e+01 6.117266e+01 -2.500000e+00
      vertex   9.116559e+01 6.096617e+01 -3.500000e+00
      vertex   9.116559e+01 6.096617e+01 -2.500000e+00
    endloop
  endfacet
  facet normal -9.618256e-01 -2.736630e-01 -0.000000e+00
    outer loop
      vertex   9.116559e+01 6.096617e+01 -2.500000e+00
      vertex   9.116559e+01 6.096617e+01 -3.500000e+00
      vertex   9.122872e+01 6.074431e+01 -3.500000e+00
    endloop
  endfacet
  facet normal -9.618256e-01 -2.736630e-01 0.000000e+00
    outer loop
      vertex   9.116559e+01 6.096617e+01 -2.500000e+00
      vertex   9.122872e+01 6.074431e+01 -3.500000e+00
      vertex   9.122872e+01 6.074431e+01 -2.500000e+00
    endloop
  endfacet
  facet normal -9.957342e-01 -9.226836e-02 -0.000000e+00
    outer loop
      vertex   9.122872e+01 6.074431e+01 -2.500000e+00
      vertex   9.122872e+01 6.074431e+01 -3.500000e+00
      vertex   9.125000e+01 6.051462e+01 -3.500000e+00
    endloop
  endfacet
  facet normal -9.957342e-01 -9.226836e-02 0.000000e+00
    outer loop
      vertex   9.122872e+01 6.074431e+01 -2.500000e+00
      vertex   9.125000e+01 6.051462e+01 -3.500000e+00
      vertex   9.125000e+01 6.051462e+01 -2.500000e+00
    endloop
  endfacet
  facet normal -9.957342e-01 9.226836e-02 0.000000e+00
    outer loop
      vertex   9.125000e+01 6.051462e+01 -2.500000e+00
      vertex   9.125000e+01 6.051462e+01 -3.500000e+00
      vertex   9.122872e+01 6.028494e+01 -3.500000e+00
    endloop
  endfacet
  facet normal -9.957342e-01 9.226836e-02 0.000000e+00
    outer loop
      vertex   9.125000e+01 6.051462e+01 -2.500000e+00
      vertex   9.122872e+01 6.028494e+01 -3.500000e+00
      vertex   9.122872e+01 6.028494e+01 -2.500000e+00
    endloop
  endfacet
  facet normal -9.618256e-01 2.736630e-01 0.000000e+00
    outer loop
      vertex   9.122872e+01 6.028494e+01 -2.500000e+00
      vertex   9.122872e+01 6.028494e+01 -3.500000e+00
      vertex   9.116559e+01 6.006307e+01 -3.500000e+00
    endloop
  endfacet
  facet normal -9.618256e-01 2.736630e-01 0.000000e+00
    outer loop
      vertex   9.122872e+01 6.028494e+01 -2.500000e+00
      vertex   9.116559e+01 6.006307e+01 -3.500000e+00
      vertex   9.116559e+01 6.006307e+01 -2.500000e+00
    endloop
  endfacet
  facet normal -8.951633e-01 4.457384e-01 0.000000e+00
    outer loop
      vertex   9.116559e+01 6.006307e+01 -2.500000e+00
      vertex   9.116559e+01 6.006307e+01 -3.500000e+00
      vertex   9.106277e+01 5.985658e+01 -3.500000e+00
    endloop
  endfacet
  facet normal -8.951633e-01 4.457384e-01 0.000000e+00
    outer loop
      vertex   9.116559e+01 6.006307e+01 -2.500000e+00
      vertex   9.106277e+01 5.985658e+01 -3.500000e+00
      vertex   9.106277e+01 5.985658e+01 -2.500000e+00
    endloop
  endfacet
  facet normal -7.980172e-01 6.026346e-01 0.000000e+00
    outer loop
      vertex   9.106277e+01 5.985658e+01 -2.500000e+00
      vertex   9.106277e+01 5.985658e+01 -3.500000e+00
      vertex   9.092376e+01 5.967250e+01 -3.500000e+00
    endloop
  endfacet
  facet normal -7.980172e-01 6.026346e-01 0.000000e+00
    outer loop
      vertex   9.106277e+01 5.985658e+01 -2.500000e+00
      vertex   9.092376e+01 5.967250e+01 -3.500000e+00
      vertex   9.092376e+01 5.967250e+01 -2.500000e+00
    endloop
  endfacet
  facet normal -6.736956e-01 7.390089e-01 0.000000e+00
    outer loop
      vertex   9.092376e+01 5.967250e+01 -2.500000e+00
      vertex   9.092376e+01 5.967250e+01 -3.500000e+00
      vertex   9.075329e+01 5.951710e+01 -3.500000e+00
    endloop
  endfacet
  facet normal -6.736956e-01 7.390089e-01 0.000000e+00
    outer loop
      vertex   9.092376e+01 5.967250e+01 -2.500000e+00
      vertex   9.075329e+01 5.951710e+01 -3.500000e+00
      vertex   9.075329e+01 5.951710e+01 -2.500000e+00
    endloop
  endfacet
  facet normal -5.264322e-01 8.502171e-01 0.000000e+00
    outer loop
      vertex   9.075329e+01 5.951710e+01 -2.500000e+00
      vertex   9.075329e+01 5.951710e+01 -3.500000e+00
      vertex   9.055717e+01 5.939567e+01 -3.500000e+00
    endloop
  endfacet
  facet normal -5.264322e-01 8.502171e-01 0.000000e+00
    outer loop
      vertex   9.075329e+01 5.951710e+01 -2.500000e+00
      vertex   9.055717e+01 5.939567e+01 -3.500000e+00
      vertex   9.055717e+01 5.939567e+01 -2.500000e+00
    endloop
  endfacet
  facet normal -3.612417e-01 9.324722e-01 0.000000e+00
    outer loop
      vertex   9.055717e+01 5.939567e+01 -2.500000e+00
      vertex   9.055717e+01 5.939567e+01 -3.500000e+00
      vertex   9.034208e+01 5.931234e+01 -3.500000e+00
    endloop
  endfacet
  facet normal -3.612417e-01 9.324722e-01 0.000000e+00
    outer loop
      vertex   9.055717e+01 5.939567e+01 -2.500000e+00
      vertex   9.034208e+01 5.931234e+01 -3.500000e+00
      vertex   9.034208e+01 5.931234e+01 -2.500000e+00
    endloop
  endfacet
  facet normal -1.837495e-01 9.829731e-01 0.000000e+00
    outer loop
      vertex   9.034208e+01 5.931234e+01 -2.500000e+00
      vertex   9.034208e+01 5.931234e+01 -3.500000e+00
      vertex   9.011534e+01 5.926995e+01 -3.500000e+00
    endloop
  endfacet
  facet normal -1.837495e-01 9.829731e-01 0.000000e+00
    outer loop
      vertex   9.034208e+01 5.931234e+01 -2.500000e+00
      vertex   9.011534e+01 5.926995e+01 -3.500000e+00
      vertex   9.011534e+01 5.926995e+01 -2.500000e+00
    endloop
  endfacet
  facet normal 0.000000e+00 1.000000e+00 0.000000e+00
    outer loop
      vertex   9.011534e+01 5.926995e+01 -2.500000e+00
      vertex   9.011534e+01 5.926995e+01 -3.500000e+00
      vertex   8.988466e+01 5.926995e+01 -3.500000e+00
    endloop
  endfacet
  facet normal 0.000000e+00 1.000000e+00 0.000000e+00
    outer loop
      vertex   9.011534e+01 5.926995e+01 -2.500000e+00
      vertex   8.988466e+01 5.926995e+01 -3.500000e+00
      vertex   8.988466e+01 5.926995e+01 -2.500000e+00
    endloop
  endfacet
  facet normal 1.837495e-01 9.829731e-01 0.000000e+00
    outer loop
      vertex   8.988466e+01 5.926995e+01 -2.500000e+00
      vertex   8.988466e+01 5.926995e+01 -3.500000e+00
      vertex   8.965792e+01 5.931234e+01 -3.500000e+00
    endloop
  endfacet
  facet normal 1.837495e-01 9.829731e-01 0.000000e+00
    outer loop
      vertex   8.988466e+01 5.926995e+01 -2.500000e+00
      vertex   8.965792e+01 5.931234e+01 -3.500000e+00
      vertex   8.965792e+01 5.931234e+01 -2.500000e+00
    endloop
  endfacet
  facet normal 3.612417e-01 9.324722e-01 0.000000e+00
    outer loop
      vertex   8.965792e+01 5.931234e+01 -2.500000e+00
      vertex   8.965792e+01 5.931234e+01 -3.500000e+00
      vertex   8.944283e+01 5.939567e+01 -3.500000e+00
    endloop
  endfacet
  facet normal 3.612417e-01 9.324722e-01 0.000000e+00
    outer loop
      vertex   8.965792e+01 5.931234e+01 -2.500000e+00
      vertex   8.944283e+01 5.939567e+01 -3.500000e+00
      vertex   8.944283e+01 5.939567e+01 -2.500000e+00
    endloop
  endfacet
  facet normal 5.264322e-01 8.502171e-01 0.000000e+00
    outer loop
      vertex   8.944283e+01 5.939567e+01 -2.500000e+00
      vertex   8.944283e+01 5.939567e+01 -3.500000e+00
      vertex   8.924671e+01 5.951710e+01 -3.500000e+00
    endloop
  endfacet
  facet normal 5.264322e-01 8.502171e-01 0.000000e+00
    outer loop
      vertex   8.944283e+01 5.939567e+01 -2.500000e+00
      vertex   8.924671e+01 5.951710e+01 -3.500000e+00
      vertex   8.924671e+01 5.951710e+01 -2.500000e+00
    endloop
  endfacet
  facet normal 6.736956e-01 7.390089e-01 0.000000e+00
    outer loop
      vertex   8.924671e+01 5.951710e+01 -2.500000e+00
      vertex   8.924671e+01 5.951710e+01 -3.500000e+00
      vertex   8.907624e+01 5.967250e+01 -3.500000e+00
    endloop
  endfacet
  facet normal 6.736956e-01 7.390089e-01 0.000000e+00
    outer loop
      vertex   8.924671e+01 5.951710e+01 -2.500000e+00
      vertex   8.907624e+01 5.967250e+01 -3.500000e+00
      vertex   8.907624e+01 5.967250e+01 -2.500000e+00
    endloop
  endfacet
  facet normal 7.980172e-01 6.026346e-01 0.000000e+00
    outer loop
      vertex   8.907624e+01 5.967250e+01 -2.500000e+00
      vertex   8.907624e+01 5.967250e+01 -3.500000e+00
      vertex   8.893723e+01 5.985658e+01 -3.500000e+00
    endloop
  endfacet
  facet normal 7.980172e-01 6.026346e-01 0.000000e+00
    outer loop
      vertex   8.907624e+01 5.967250e+01 -2.500000e+00
      vertex   8.893723e+01 5.985658e+01 -3.500000e+00
      vertex   8.893723e+01 5.985658e+01 -2.500000e+00
    endloop
  endfacet
  facet normal 8.951633e-01 4.457384e-01 0.000000e+00
    outer loop
      vertex   8.893723e+01 5.985658e+01 -2.500000e+00
      vertex   8.893723e+01 5.985658e+01 -3.500000e+00
      vertex   8.883441e+01 6.006307e+01 -3.500000e+00
    endloop
  endfacet
  facet normal 8.951633e-01 4.457384e-01 0.000000e+00
    outer loop
      vertex   8.893723e+01 5.985658e+01 -2.500000e+00
      vertex   8.883441e+01 6.006307e+01 -3.500000e+00
      vertex   8.883441e+01 6.006307e+01 -2.500000e+00
    endloop
  endfacet
  facet normal 9.618256e-01 2.736630e-01 0.000000e+00
    outer loop
      vertex   8.883441e+01 6.006307e+01 -2.500000e+00
      vertex   8.883441e+01 6.006307e+01 -3.500000e+00
      vertex   8.877128e+01 6.028494e+01 -3.500000e+00
    endloop
  endfacet
  facet normal 0.000000e+00 -0.000000e+00 1.000000e+00
    outer loop
      vertex   8.877128e+01 6.028494e+01 -3.500000e+00
      vertex   9.122872e+01 6.028494e+01 -3.500000e+00
      vertex   8.875000e+01 6.051462e+01 -3.500000e+00
    endloop
  endfacet
  facet normal -0.000000e+00 0.000000e+00 1.000000e+00
    outer loop
      vertex   8.875000e+01 6.051462e+01 -3.500000e+00
      vertex   9.122872e+01 6.028494e+01 -3.500000e+00
      vertex   9.125000e+01 6.051462e+01 -3.500000e+00
    endloop
  endfacet
  facet normal 0.000000e+00 0.000000e+00 1.000000e+00
    outer loop
      vertex   8.875000e+01 6.051462e+01 -3.500000e+00
      vertex   9.125000e+01 6.051462e+01 -3.500000e+00
      vertex   8.877128e+01 6.074431e+01 -3.500000e+00
    endloop
  endfacet
  facet normal -0.000000e+00 0.000000e+00 1.000000e+00
    outer loop
      vertex   8.877128e+01 6.074431e+01 -3.500000e+00
      vertex   9.125000e+01 6.051462e+01 -3.500000e+00
      vertex   9.122872e+01 6.074431e+01 -3.500000e+00
    endloop
  endfacet
  facet normal 0.000000e+00 0.000000e+00 1.000000e+00
    outer loop
      vertex   8.877128e+01 6.074431e+01 -3.500000e+00
      vertex   9.122872e+01 6.074431e+01 -3.500000e+00
      vertex   8.883441e+01 6.096617e+01 -3.500000e+00
    endloop
  endfacet
  facet normal -0.000000e+00 0.000000e+00 1.000000e+00
    outer loop
      vertex   8.883441e+01 6.096617e+01 -3.500000e+00
      vertex   9.122872e+01 6.074431e+01 -3.500000e+00
      vertex   9.116559e+01 6.096617e+01 -3.500000e+00
    endloop
  endfacet
  facet normal 0.000000e+00 0.000000e+00 1.000000e+00
    outer loop
      vertex   8.883441e+01 6.096617e+01 -3.500000e+00
      vertex   9.116559e+01 6.096617e+01 -3.500000e+00
      vertex   8.893723e+01 6.117266e+01 -3.500000e+00
    endloop
  endfacet
  facet normal -0.000000e+00 0.000000e+00 1.000000e+00
    outer loop
      vertex   8.893723e+01 6.117266e+01 -3.500000e+00
      vertex   9.116559e+01 6.096617e+01 -3.500000e+00
      vertex   9.106277e+01 6.117266e+01 -3.500000e+00
    endloop
  endfacet
  facet normal 0.000000e+00 0.000000e+00 1.000000e+00
    outer loop
      vertex   8.893723e+01 6.117266e+01 -3.500000e+00
      vertex   9.106277e+01 6.117266e+01 -3.500000e+00
      vertex   8.907624e+01 6.135674e+01 -3.500000e+00
    endloop
  endfacet
  facet normal -0.000000e+00 0.000000e+00 1.000000e+00
    outer loop
      vertex   8.907624e+01 6.135674e+01 -3.500000e+00
      vertex   9.106277e+01 6.117266e+01 -3.500000e+00
      vertex   9.092376e+01 6.135674e+01 -3.500000e+00
    endloop
  endfacet
  facet normal 0.000000e+00 0.000000e+00 1.000000e+00
    outer loop
      vertex   8.907624e+01 6.135674e+01 -3.500000e+00
      vertex   9.092376e+01 6.135674e+01 -3.500000e+00
      vertex   8.924671e+01 6.151214e+01 -3.500000e+00
    endloop
  endfacet
  facet normal -0.000000e+00 0.000000e+00 1.000000e+00
    outer loop
      vertex   8.924671e+01 6.151214e+01 -3.500000e+00
      vertex   9.092376e+01 6.135674e+01 -3.500000e+00
      vertex   9.075329e+01 6.151214e+01 -3.500000e+00
    endloop
  endfacet
  facet normal 0.000000e+00 0.000000e+00 1.000000e+00
    outer loop
      vertex   8.924671e+01 6.151214e+01 -3.500000e+00
      vertex   9.075329e+01 6.151214e+01 -3.500000e+00
      vertex   8.944283e+01 6.163358e+01 -3.500000e+00
    endloop
  endfacet
  facet normal -0.000000e+00 0.000000e+00 1.000000e+00
    outer loop
      vertex   8.944283e+01 6.163358e+01 -3.500000e+00
      vertex   9.075329e+01 6.151214e+01 -3.500000e+00
      vertex   9.055717e+01 6.163358e+01 -3.500000e+00
    endloop
  endfacet
  facet normal 0.000000e+00 0.000000e+00 1.000000e+00
    outer loop
      vertex   8.944283e+01 6.163358e+01 -3.500000e+00
      vertex   9.055717e+01 6.163358e+01 -3.500000e+00
      vertex   8.965792e+01 6.171690e+01 -3.500000e+00
    endloop
  endfacet
  facet normal -0.000000e+00 0.000000e+00 1.000000e+00
    outer loop
      vertex   8.965792e+01 6.171690e+01 -3.500000e+00
      vertex   9.055717e+01 6.163358e+01 -3.500000e+00
      vertex   9.034208e+01 6.171690e+01 -3.500000e+00
    endloop
  endfacet
  facet normal 0.000000e+00 0.000000e+00 1.000000e+00
    outer loop
      vertex   8.965792e+01 6.171690e+01 -3.500000e+00
      vertex   9.034208e+01 6.171690e+01 -3.500000e+00
      vertex   8.988466e+01 6.175929e+01 -3.500000e+00
    endloop
  endfacet
  facet normal -0.000000e+00 0.000000e+00 1.000000e+00
    outer loop
      vertex   8.988466e+01 6.175929e+01 -3.500000e+00
      vertex   9.034208e+01 6.171690e+01 -3.500000e+00
      vertex   9.011534e+01 6.175929e+01 -3.500000e+00
    endloop
  endfacet
  facet normal 0.000000e+00 0.000000e+00 1.000000e+00
    outer loop
      vertex   9.122872e+01 6.028494e+01 -3.500000e+00
      vertex   8.877128e+01 6.028494e+01 -3.500000e+00
      vertex   9.116559e+01 6.006307e+01 -3.500000e+00
    endloop
  endfacet
  facet normal 0.000000e+00 0.000000e+00 1.000000e+00
    outer loop
      vertex   9.116559e+01 6.006307e+01 -3.500000e+00
      vertex   8.877128e+01 6.028494e+01 -3.500000e+00
      vertex   8.883441e+01 6.006307e+01 -3.500000e+00
    endloop
  endfacet
  facet normal 0.000000e+00 0.000000e+00 1.000000e+00
    outer loop
      vertex   9.116559e+01 6.006307e+01 -3.500000e+00
      vertex   8.883441e+01 6.006307e+01 -3.500000e+00
      vertex   9.106277e+01 5.985658e+01 -3.500000e+00
    endloop
  endfacet
  facet normal 0.000000e+00 0.000000e+00 1.000000e+00
    outer loop
      vertex   9.106277e+01 5.985658e+01 -3.500000e+00
      vertex   8.883441e+01 6.006307e+01 -3.500000e+00
      vertex   8.893723e+01 5.985658e+01 -3.500000e+00
    endloop
  endfacet
  facet normal 0.000000e+00 0.000000e+00 1.000000e+00
    outer loop
      vertex   9.106277e+01 5.985658e+01 -3.500000e+00
      vertex   8.893723e+01 5.985658e+01 -3.500000e+00
      vertex   9.092376e+01 5.967250e+01 -3.500000e+00
    endloop
  endfacet
  facet normal 0.000000e+00 0.000000e+00 1.000000e+00
    outer loop
      vertex   9.092376e+01 5.967250e+01 -3.500000e+00
      vertex   8.893723e+01 5.985658e+01 -3.500000e+00
      vertex   8.907624e+01 5.967250e+01 -3.500000e+00
    endloop
  endfacet
  facet normal 0.000000e+00 0.000000e+00 1.000000e+00
    outer loop
      vertex   9.092376e+01 5.967250e+01 -3.500000e+00
      vertex   8.907624e+01 5.967250e+01 -3.500000e+00
      vertex   9.075329e+01 5.951710e+01 -3.500000e+00
    endloop
  endfacet
  facet normal 0.000000e+00 0.000000e+00 1.000000e+00
    outer loop
      vertex   9.075329e+01 5.951710e+01 -3.500000e+00
      vertex   8.907624e+01 5.967250e+01 -3.500000e+00
      vertex   8.924671e+01 5.951710e+01 -3.500000e+00
    endloop
  endfacet
  facet normal 0.000000e+00 0.000000e+00 1.000000e+00
    outer loop
      vertex   9.075329e+01 5.951710e+01 -3.500000e+00
      vertex   8.924671e+01 5.951710e+01 -3.500000e+00
      vertex   9.055717e+01 5.939567e+01 -3.500000e+00
    endloop
  endfacet
  facet normal 0.000000e+00 0.000000e+00 1.000000e+00
    outer loop
      vertex   9.055717e+01 5.939567e+01 -3.500000e+00
      vertex   8.924671e+01 5.951710e+01 -3.500000e+00
      vertex   8.944283e+01 5.939567e+01 -3.500000e+00
    endloop
  endfacet
  facet normal 0.000000e+00 0.000000e+00 1.000000e+00
    outer loop
      vertex   9.055717e+01 5.939567e+01 -3.500000e+00
      vertex   8.944283e+01 5.939567e+01 -3.500000e+00
      vertex   9.034208e+01 5.931234e+01 -3.500000e+00
    endloop
  endfacet
  facet normal 0.000000e+00 0.000000e+00 1.000000e+00
    outer loop
      vertex   9.034208e+01 5.931234e+01 -3.500000e+00
      vertex   8.944283e+01 5.939567e+01 -3.500000e+00
      vertex   8.965792e+01 5.931234e+01 -3.500000e+00
    endloop
  endfacet
  facet normal 0.000000e+00 0.000000e+00 1.000000e+00
    outer loop
      vertex   9.034208e+01 5.931234e+01 -3.500000e+00
      vertex   8.965792e+01 5.931234e+01 -3.500000e+00
      vertex   9.011534e+01 5.926995e+01 -3.500000e+00
    endloop
  endfacet
  facet normal 0.000000e+00 0.000000e+00 1.000000e+00
    outer loop
      vertex   9.011534e+01 5.926995e+01 -3.500000e+00
      vertex   8.965792e+01 5.931234e+01 -3.500000e+00
      vertex   8.988466e+01 5.926995e+01 -3.500000e+00
    endloop
  endfacet
  facet normal 9.957342e-01 9.226836e-02 0.000000e+00
    outer loop
      vertex   9.877128e+01 5.244981e+01 -3.000000e+00
      vertex   9.877128e+01 5.244981e+01 -4.500000e+00
      vertex   9.875000e+01 5.267949e+01 -3.000000e+00
    endloop
  endfacet
  facet normal 9.957342e-01 9.226836e-02 0.000000e+00
    outer loop
      vertex   9.875000e+01 5.267949e+01 -3.000000e+00
      vertex   9.877128e+01 5.244981e+01 -4.500000e+00
      vertex   9.875000e+01 5.267949e+01 -4.500000e+00
    endloop
  endfacet
  facet normal 9.957342e-01 -9.226836e-02 0.000000e+00
    outer loop
      vertex   9.875000e+01 5.267949e+01 -3.000000e+00
      vertex   9.875000e+01 5.267949e+01 -4.500000e+00
      vertex   9.877128e+01 5.290918e+01 -3.000000e+00
    endloop
  endfacet
  facet normal 9.957342e-01 -9.226836e-02 0.000000e+00
    outer loop
      vertex   9.877128e+01 5.290918e+01 -3.000000e+00
      vertex   9.875000e+01 5.267949e+01 -4.500000e+00
      vertex   9.877128e+01 5.290918e+01 -4.500000e+00
    endloop
  endfacet
  facet normal 9.618256e-01 -2.736630e-01 0.000000e+00
    outer loop
      vertex   9.877128e+01 5.290918e+01 -3.000000e+00
      vertex   9.877128e+01 5.290918e+01 -4.500000e+00
      vertex   9.883441e+01 5.313104e+01 -4.500000e+00
    endloop
  endfacet
  facet normal 9.618256e-01 2.736630e-01 0.000000e+00
    outer loop
      vertex   9.877128e+01 5.244981e+01 -3.000000e+00
      vertex   9.883441e+01 5.222794e+01 -3.000000e+00
      vertex   9.877128e+01 5.244981e+01 -4.500000e+00
    endloop
  endfacet
  facet normal 9.618256e-01 2.736630e-01 0.000000e+00
    outer loop
      vertex   9.877128e+01 5.244981e+01 -4.500000e+00
      vertex   9.883441e+01 5.222794e+01 -3.000000e+00
      vertex   9.883441e+01 5.222794e+01 -4.500000e+00
    endloop
  endfacet
  facet normal 8.951633e-01 4.457384e-01 -0.000000e+00
    outer loop
      vertex   9.883441e+01 5.222794e+01 -4.500000e+00
      vertex   9.883441e+01 5.222794e+01 -3.000000e+00
      vertex   9.893723e+01 5.202145e+01 -3.000000e+00
    endloop
  endfacet
  facet normal 8.951633e-01 4.457384e-01 0.000000e+00
    outer loop
      vertex   9.883441e+01 5.222794e+01 -4.500000e+00
      vertex   9.893723e+01 5.202145e+01 -3.000000e+00
      vertex   9.893723e+01 5.202145e+01 -4.500000e+00
    endloop
  endfacet
  facet normal 7.980172e-01 6.026346e-01 -0.000000e+00
    outer loop
      vertex   9.893723e+01 5.202145e+01 -4.500000e+00
      vertex   9.893723e+01 5.202145e+01 -3.000000e+00
      vertex   9.907624e+01 5.183737e+01 -3.000000e+00
    endloop
  endfacet
  facet normal 7.980172e-01 6.026346e-01 0.000000e+00
    outer loop
      vertex   9.893723e+01 5.202145e+01 -4.500000e+00
      vertex   9.907624e+01 5.183737e+01 -3.000000e+00
      vertex   9.907624e+01 5.183737e+01 -4.500000e+00
    endloop
  endfacet
  facet normal 6.736956e-01 7.390089e-01 -0.000000e+00
    outer loop
      vertex   9.907624e+01 5.183737e+01 -4.500000e+00
      vertex   9.907624e+01 5.183737e+01 -3.000000e+00
      vertex   9.924671e+01 5.168197e+01 -3.000000e+00
    endloop
  endfacet
  facet normal 6.736956e-01 7.390089e-01 0.000000e+00
    outer loop
      vertex   9.907624e+01 5.183737e+01 -4.500000e+00
      vertex   9.924671e+01 5.168197e+01 -3.000000e+00
      vertex   9.924671e+01 5.168197e+01 -4.500000e+00
    endloop
  endfacet
  facet normal 5.264322e-01 8.502171e-01 -0.000000e+00
    outer loop
      vertex   9.924671e+01 5.168197e+01 -4.500000e+00
      vertex   9.924671e+01 5.168197e+01 -3.000000e+00
      vertex   9.944283e+01 5.156054e+01 -3.000000e+00
    endloop
  endfacet
  facet normal 5.264322e-01 8.502171e-01 0.000000e+00
    outer loop
      vertex   9.924671e+01 5.168197e+01 -4.500000e+00
      vertex   9.944283e+01 5.156054e+01 -3.000000e+00
      vertex   9.944283e+01 5.156054e+01 -4.500000e+00
    endloop
  endfacet
  facet normal 3.612417e-01 9.324722e-01 -0.000000e+00
    outer loop
      vertex   9.944283e+01 5.156054e+01 -4.500000e+00
      vertex   9.944283e+01 5.156054e+01 -3.000000e+00
      vertex   9.965792e+01 5.147721e+01 -3.000000e+00
    endloop
  endfacet
  facet normal 3.612417e-01 9.324722e-01 -8.833892e-15
    outer loop
      vertex   9.944283e+01 5.156054e+01 -4.500000e+00
      vertex   9.965792e+01 5.147721e+01 -3.000000e+00
      vertex   9.965792e+01 5.147721e+01 -4.500000e+00
    endloop
  endfacet
  facet normal 1.837495e-01 9.829731e-01 -9.312592e-15
    outer loop
      vertex   9.965792e+01 5.147721e+01 -4.500000e+00
      vertex   9.965792e+01 5.147721e+01 -3.000000e+00
      vertex   9.988466e+01 5.143482e+01 -3.000000e+00
    endloop
  endfacet
  facet normal 1.837495e-01 9.829731e-01 0.000000e+00
    outer loop
      vertex   9.965792e+01 5.147721e+01 -4.500000e+00
      vertex   9.988466e+01 5.143482e+01 -3.000000e+00
      vertex   9.988466e+01 5.143482e+01 -4.500000e+00
    endloop
  endfacet
  facet normal 0.000000e+00 1.000000e+00 0.000000e+00
    outer loop
      vertex   9.988466e+01 5.143482e+01 -4.500000e+00
      vertex   9.988466e+01 5.143482e+01 -3.000000e+00
      vertex   1.001153e+02 5.143482e+01 -3.000000e+00
    endloop
  endfacet
  facet normal 0.000000e+00 1.000000e+00 0.000000e+00
    outer loop
      vertex   9.988466e+01 5.143482e+01 -4.500000e+00
      vertex   1.001153e+02 5.143482e+01 -3.000000e+00
      vertex   1.001153e+02 5.143482e+01 -4.500000e+00
    endloop
  endfacet
  facet normal -1.837495e-01 9.829731e-01 0.000000e+00
    outer loop
      vertex   1.001153e+02 5.143482e+01 -4.500000e+00
      vertex   1.001153e+02 5.143482e+01 -3.000000e+00
      vertex   1.003421e+02 5.147721e+01 -3.000000e+00
    endloop
  endfacet
  facet normal -1.837495e-01 9.829731e-01 0.000000e+00
    outer loop
      vertex   1.001153e+02 5.143482e+01 -4.500000e+00
      vertex   1.003421e+02 5.147721e+01 -3.000000e+00
      vertex   1.003421e+02 5.147721e+01 -4.500000e+00
    endloop
  endfacet
  facet normal -3.612417e-01 9.324722e-01 0.000000e+00
    outer loop
      vertex   1.003421e+02 5.147721e+01 -4.500000e+00
      vertex   1.003421e+02 5.147721e+01 -3.000000e+00
      vertex   1.005572e+02 5.156054e+01 -3.000000e+00
    endloop
  endfacet
  facet normal -3.612417e-01 9.324722e-01 0.000000e+00
    outer loop
      vertex   1.003421e+02 5.147721e+01 -4.500000e+00
      vertex   1.005572e+02 5.156054e+01 -3.000000e+00
      vertex   1.005572e+02 5.156054e+01 -4.500000e+00
    endloop
  endfacet
  facet normal -5.264322e-01 8.502171e-01 0.000000e+00
    outer loop
      vertex   1.005572e+02 5.156054e+01 -4.500000e+00
      vertex   1.005572e+02 5.156054e+01 -3.000000e+00
      vertex   1.007533e+02 5.168197e+01 -3.000000e+00
    endloop
  endfacet
  facet normal -5.264322e-01 8.502171e-01 0.000000e+00
    outer loop
      vertex   1.005572e+02 5.156054e+01 -4.500000e+00
      vertex   1.007533e+02 5.168197e+01 -3.000000e+00
      vertex   1.007533e+02 5.168197e+01 -4.500000e+00
    endloop
  endfacet
  facet normal -6.736956e-01 7.390089e-01 0.000000e+00
    outer loop
      vertex   1.007533e+02 5.168197e+01 -4.500000e+00
      vertex   1.007533e+02 5.168197e+01 -3.000000e+00
      vertex   1.009238e+02 5.183737e+01 -3.000000e+00
    endloop
  endfacet
  facet normal -6.736956e-01 7.390089e-01 0.000000e+00
    outer loop
      vertex   1.007533e+02 5.168197e+01 -4.500000e+00
      vertex   1.009238e+02 5.183737e+01 -3.000000e+00
      vertex   1.009238e+02 5.183737e+01 -4.500000e+00
    endloop
  endfacet
  facet normal -7.980172e-01 6.026346e-01 0.000000e+00
    outer loop
      vertex   1.009238e+02 5.183737e+01 -4.500000e+00
      vertex   1.009238e+02 5.183737e+01 -3.000000e+00
      vertex   1.010628e+02 5.202145e+01 -3.000000e+00
    endloop
  endfacet
  facet normal -7.980172e-01 6.026346e-01 0.000000e+00
    outer loop
      vertex   1.009238e+02 5.183737e+01 -4.500000e+00
      vertex   1.010628e+02 5.202145e+01 -3.000000e+00
      vertex   1.010628e+02 5.202145e+01 -4.500000e+00
    endloop
  endfacet
  facet normal -8.951633e-01 4.457384e-01 0.000000e+00
    outer loop
      vertex   1.010628e+02 5.202145e+01 -4.500000e+00
      vertex   1.010628e+02 5.202145e+01 -3.000000e+00
      vertex   1.011656e+02 5.222794e+01 -3.000000e+00
    endloop
  endfacet
  facet normal -8.951633e-01 4.457384e-01 0.000000e+00
    outer loop
      vertex   1.010628e+02 5.202145e+01 -4.500000e+00
      vertex   1.011656e+02 5.222794e+01 -3.000000e+00
      vertex   1.011656e+02 5.222794e+01 -4.500000e+00
    endloop
  endfacet
  facet normal -9.618256e-01 2.736630e-01 0.000000e+00
    outer loop
      vertex   1.011656e+02 5.222794e+01 -4.500000e+00
      vertex   1.011656e+02 5.222794e+01 -3.000000e+00
      vertex   1.012287e+02 5.244981e+01 -3.000000e+00
    endloop
  endfacet
  facet normal -9.618256e-01 2.736630e-01 0.000000e+00
    outer loop
      vertex   1.011656e+02 5.222794e+01 -4.500000e+00
      vertex   1.012287e+02 5.244981e+01 -3.000000e+00
      vertex   1.012287e+02 5.244981e+01 -4.500000e+00
    endloop
  endfacet
  facet normal -9.957342e-01 9.226836e-02 0.000000e+00
    outer loop
      vertex   1.012287e+02 5.244981e+01 -4.500000e+00
      vertex   1.012287e+02 5.244981e+01 -3.000000e+00
      vertex   1.012500e+02 5.267949e+01 -3.000000e+00
    endloop
  endfacet
  facet normal -9.957342e-01 9.226836e-02 0.000000e+00
    outer loop
      vertex   1.012287e+02 5.244981e+01 -4.500000e+00
      vertex   1.012500e+02 5.267949e+01 -3.000000e+00
      vertex   1.012500e+02 5.267949e+01 -4.500000e+00
    endloop
  endfacet
  facet normal -9.957342e-01 -9.226836e-02 0.000000e+00
    outer loop
      vertex   1.012500e+02 5.267949e+01 -4.500000e+00
      vertex   1.012500e+02 5.267949e+01 -3.000000e+00
      vertex   1.012287e+02 5.290918e+01 -3.000000e+00
    endloop
  endfacet
  facet normal -9.957342e-01 -9.226836e-02 0.000000e+00
    outer loop
      vertex   1.012500e+02 5.267949e+01 -4.500000e+00
      vertex   1.012287e+02 5.290918e+01 -3.000000e+00
      vertex   1.012287e+02 5.290918e+01 -4.500000e+00
    endloop
  endfacet
  facet normal -9.618256e-01 -2.736630e-01 0.000000e+00
    outer loop
      vertex   1.012287e+02 5.290918e+01 -4.500000e+00
      vertex   1.012287e+02 5.290918e+01 -3.000000e+00
      vertex   1.011656e+02 5.313104e+01 -3.000000e+00
    endloop
  endfacet
  facet normal -9.618256e-01 -2.736630e-01 0.000000e+00
    outer loop
      vertex   1.012287e+02 5.290918e+01 -4.500000e+00
      vertex   1.011656e+02 5.313104e+01 -3.000000e+00
      vertex   1.011656e+02 5.313104e+01 -4.500000e+00
    endloop
  endfacet
  facet normal -8.951633e-01 -4.457384e-01 0.000000e+00
    outer loop
      vertex   1.011656e+02 5.313104e+01 -4.500000e+00
      vertex   1.011656e+02 5.313104e+01 -3.000000e+00
      vertex   1.010628e+02 5.333753e+01 -3.000000e+00
    endloop
  endfacet
  facet normal -8.951633e-01 -4.457384e-01 0.000000e+00
    outer loop
      vertex   1.011656e+02 5.313104e+01 -4.500000e+00
      vertex   1.010628e+02 5.333753e+01 -3.000000e+00
      vertex   1.010628e+02 5.333753e+01 -4.500000e+00
    endloop
  endfacet
  facet normal -7.980172e-01 -6.026346e-01 0.000000e+00
    outer loop
      vertex   1.010628e+02 5.333753e+01 -4.500000e+00
      vertex   1.010628e+02 5.333753e+01 -3.000000e+00
      vertex   1.009238e+02 5.352161e+01 -3.000000e+00
    endloop
  endfacet
  facet normal -7.980172e-01 -6.026346e-01 0.000000e+00
    outer loop
      vertex   1.010628e+02 5.333753e+01 -4.500000e+00
      vertex   1.009238e+02 5.352161e+01 -3.000000e+00
      vertex   1.009238e+02 5.352161e+01 -4.500000e+00
    endloop
  endfacet
  facet normal -6.736956e-01 -7.390089e-01 0.000000e+00
    outer loop
      vertex   1.009238e+02 5.352161e+01 -4.500000e+00
      vertex   1.009238e+02 5.352161e+01 -3.000000e+00
      vertex   1.007533e+02 5.367701e+01 -3.000000e+00
    endloop
  endfacet
  facet normal -6.736956e-01 -7.390089e-01 0.000000e+00
    outer loop
      vertex   1.009238e+02 5.352161e+01 -4.500000e+00
      vertex   1.007533e+02 5.367701e+01 -3.000000e+00
      vertex   1.007533e+02 5.367701e+01 -4.500000e+00
    endloop
  endfacet
  facet normal -5.264322e-01 -8.502171e-01 0.000000e+00
    outer loop
      vertex   1.007533e+02 5.367701e+01 -4.500000e+00
      vertex   1.007533e+02 5.367701e+01 -3.000000e+00
      vertex   1.005572e+02 5.379845e+01 -3.000000e+00
    endloop
  endfacet
  facet normal -5.264322e-01 -8.502171e-01 0.000000e+00
    outer loop
      vertex   1.007533e+02 5.367701e+01 -4.500000e+00
      vertex   1.005572e+02 5.379845e+01 -3.000000e+00
      vertex   1.005572e+02 5.379845e+01 -4.500000e+00
    endloop
  endfacet
  facet normal -3.612417e-01 -9.324722e-01 0.000000e+00
    outer loop
      vertex   1.005572e+02 5.379845e+01 -4.500000e+00
      vertex   1.005572e+02 5.379845e+01 -3.000000e+00
      vertex   1.003421e+02 5.388177e+01 -3.000000e+00
    endloop
  endfacet
  facet normal -3.612417e-01 -9.324722e-01 0.000000e+00
    outer loop
      vertex   1.005572e+02 5.379845e+01 -4.500000e+00
      vertex   1.003421e+02 5.388177e+01 -3.000000e+00
      vertex   1.003421e+02 5.388177e+01 -4.500000e+00
    endloop
  endfacet
  facet normal -1.837495e-01 -9.829731e-01 0.000000e+00
    outer loop
      vertex   1.003421e+02 5.388177e+01 -4.500000e+00
      vertex   1.003421e+02 5.388177e+01 -3.000000e+00
      vertex   1.001153e+02 5.392416e+01 -3.000000e+00
    endloop
  endfacet
  facet normal -1.837495e-01 -9.829731e-01 0.000000e+00
    outer loop
      vertex   1.003421e+02 5.388177e+01 -4.500000e+00
      vertex   1.001153e+02 5.392416e+01 -3.000000e+00
      vertex   1.001153e+02 5.392416e+01 -4.500000e+00
    endloop
  endfacet
  facet normal 0.000000e+00 -1.000000e+00 0.000000e+00
    outer loop
      vertex   1.001153e+02 5.392416e+01 -4.500000e+00
      vertex   1.001153e+02 5.392416e+01 -3.000000e+00
      vertex   9.988466e+01 5.392416e+01 -3.000000e+00
    endloop
  endfacet
  facet normal 0.000000e+00 -1.000000e+00 0.000000e+00
    outer loop
      vertex   1.001153e+02 5.392416e+01 -4.500000e+00
      vertex   9.988466e+01 5.392416e+01 -3.000000e+00
      vertex   9.988466e+01 5.392416e+01 -4.500000e+00
    endloop
  endfacet
  facet normal 1.837495e-01 -9.829731e-01 0.000000e+00
    outer loop
      vertex   9.988466e+01 5.392416e+01 -4.500000e+00
      vertex   9.988466e+01 5.392416e+01 -3.000000e+00
      vertex   9.965792e+01 5.388177e+01 -3.000000e+00
    endloop
  endfacet
  facet normal 1.837495e-01 -9.829731e-01 4.657597e-15
    outer loop
      vertex   9.988466e+01 5.392416e+01 -4.500000e+00
      vertex   9.965792e+01 5.388177e+01 -3.000000e+00
      vertex   9.965792e+01 5.388177e+01 -4.500000e+00
    endloop
  endfacet
  facet normal 3.612417e-01 -9.324722e-01 4.417076e-15
    outer loop
      vertex   9.965792e+01 5.388177e+01 -4.500000e+00
      vertex   9.965792e+01 5.388177e+01 -3.000000e+00
      vertex   9.944283e+01 5.379845e+01 -3.000000e+00
    endloop
  endfacet
  facet normal 3.612417e-01 -9.324722e-01 0.000000e+00
    outer loop
      vertex   9.965792e+01 5.388177e+01 -4.500000e+00
      vertex   9.944283e+01 5.379845e+01 -3.000000e+00
      vertex   9.944283e+01 5.379845e+01 -4.500000e+00
    endloop
  endfacet
  facet normal 5.264322e-01 -8.502171e-01 0.000000e+00
    outer loop
      vertex   9.944283e+01 5.379845e+01 -4.500000e+00
      vertex   9.944283e+01 5.379845e+01 -3.000000e+00
      vertex   9.924671e+01 5.367701e+01 -3.000000e+00
    endloop
  endfacet
  facet normal 5.264322e-01 -8.502171e-01 0.000000e+00
    outer loop
      vertex   9.944283e+01 5.379845e+01 -4.500000e+00
      vertex   9.924671e+01 5.367701e+01 -3.000000e+00
      vertex   9.924671e+01 5.367701e+01 -4.500000e+00
    endloop
  endfacet
  facet normal 6.736956e-01 -7.390089e-01 0.000000e+00
    outer loop
      vertex   9.924671e+01 5.367701e+01 -4.500000e+00
      vertex   9.924671e+01 5.367701e+01 -3.000000e+00
      vertex   9.907624e+01 5.352161e+01 -3.000000e+00
    endloop
  endfacet
  facet normal 6.736956e-01 -7.390089e-01 0.000000e+00
    outer loop
      vertex   9.924671e+01 5.367701e+01 -4.500000e+00
      vertex   9.907624e+01 5.352161e+01 -3.000000e+00
      vertex   9.907624e+01 5.352161e+01 -4.500000e+00
    endloop
  endfacet
  facet normal 7.980172e-01 -6.026346e-01 0.000000e+00
    outer loop
      vertex   9.907624e+01 5.352161e+01 -4.500000e+00
      vertex   9.907624e+01 5.352161e+01 -3.000000e+00
      vertex   9.893723e+01 5.333753e+01 -3.000000e+00
    endloop
  endfacet
  facet normal 7.980172e-01 -6.026346e-01 0.000000e+00
    outer loop
      vertex   9.907624e+01 5.352161e+01 -4.500000e+00
      vertex   9.893723e+01 5.333753e+01 -3.000000e+00
      vertex   9.893723e+01 5.333753e+01 -4.500000e+00
    endloop
  endfacet
  facet normal 8.951633e-01 -4.457384e-01 0.000000e+00
    outer loop
      vertex   9.893723e+01 5.333753e+01 -4.500000e+00
      vertex   9.893723e+01 5.333753e+01 -3.000000e+00
      vertex   9.883441e+01 5.313104e+01 -3.000000e+00
    endloop
  endfacet
  facet normal 8.951633e-01 -4.457384e-01 0.000000e+00
    outer loop
      vertex   9.893723e+01 5.333753e+01 -4.500000e+00
      vertex   9.883441e+01 5.313104e+01 -3.000000e+00
      vertex   9.883441e+01 5.313104e+01 -4.500000e+00
    endloop
  endfacet
  facet normal 9.618256e-01 -2.736630e-01 0.000000e+00
    outer loop
      vertex   9.883441e+01 5.313104e+01 -4.500000e+00
      vertex   9.883441e+01 5.313104e+01 -3.000000e+00
      vertex   9.877128e+01 5.290918e+01 -3.000000e+00
    endloop
  endfacet
  facet normal 8.161969e-01 5.777738e-01 0.000000e+00
    outer loop
      vertex   9.637125e+01 5.650724e+01 -3.000000e+00
      vertex   9.637125e+01 5.650724e+01 -4.500000e+00
      vertex   9.623798e+01 5.669551e+01 -3.000000e+00
    endloop
  endfacet
  facet normal 8.161969e-01 5.777738e-01 0.000000e+00
    outer loop
      vertex   9.623798e+01 5.669551e+01 -3.000000e+00
      vertex   9.637125e+01 5.650724e+01 -4.500000e+00
      vertex   9.623798e+01 5.669551e+01 -4.500000e+00
    endloop
  endfacet
  facet normal 9.084653e-01 4.179603e-01 0.000000e+00
    outer loop
      vertex   9.623798e+01 5.669551e+01 -3.000000e+00
      vertex   9.623798e+01 5.669551e+01 -4.500000e+00
      vertex   9.614157e+01 5.690506e+01 -3.000000e+00
    endloop
  endfacet
  facet normal 9.084653e-01 4.179603e-01 0.000000e+00
    outer loop
      vertex   9.614157e+01 5.690506e+01 -3.000000e+00
      vertex   9.623798e+01 5.669551e+01 -4.500000e+00
      vertex   9.614157e+01 5.690506e+01 -4.500000e+00
    endloop
  endfacet
  facet normal 9.697969e-01 2.439137e-01 0.000000e+00
    outer loop
      vertex   9.614157e+01 5.690506e+01 -3.000000e+00
      vertex   9.614157e+01 5.690506e+01 -4.500000e+00
      vertex   9.608530e+01 5.712877e+01 -4.500000e+00
    endloop
  endfacet
  facet normal 6.961339e-01 7.179119e-01 0.000000e+00
    outer loop
      vertex   9.637125e+01 5.650724e+01 -3.000000e+00
      vertex   9.653685e+01 5.634666e+01 -3.000000e+00
      vertex   9.637125e+01 5.650724e+01 -4.500000e+00
    endloop
  endfacet
  facet normal 6.961339e-01 7.179119e-01 0.000000e+00
    outer loop
      vertex   9.637125e+01 5.650724e+01 -4.500000e+00
      vertex   9.653685e+01 5.634666e+01 -3.000000e+00
      vertex   9.653685e+01 5.634666e+01 -4.500000e+00
    endloop
  endfacet
  facet normal 5.523650e-01 8.336024e-01 -0.000000e+00
    outer loop
      vertex   9.653685e+01 5.634666e+01 -4.500000e+00
      vertex   9.653685e+01 5.634666e+01 -3.000000e+00
      vertex   9.672914e+01 5.621924e+01 -3.000000e+00
    endloop
  endfacet
  facet normal 5.523650e-01 8.336024e-01 0.000000e+00
    outer loop
      vertex   9.653685e+01 5.634666e+01 -4.500000e+00
      vertex   9.672914e+01 5.621924e+01 -3.000000e+00
      vertex   9.672914e+01 5.621924e+01 -4.500000e+00
    endloop
  endfacet
  facet normal 3.897859e-01 9.209055e-01 -0.000000e+00
    outer loop
      vertex   9.672914e+01 5.621924e+01 -4.500000e+00
      vertex   9.672914e+01 5.621924e+01 -3.000000e+00
      vertex   9.694157e+01 5.612933e+01 -3.000000e+00
    endloop
  endfacet
  facet normal 3.897859e-01 9.209055e-01 0.000000e+00
    outer loop
      vertex   9.672914e+01 5.621924e+01 -4.500000e+00
      vertex   9.694157e+01 5.612933e+01 -3.000000e+00
      vertex   9.694157e+01 5.612933e+01 -4.500000e+00
    endloop
  endfacet
  facet normal 2.139331e-01 9.768483e-01 -0.000000e+00
    outer loop
      vertex   9.694157e+01 5.612933e+01 -4.500000e+00
      vertex   9.694157e+01 5.612933e+01 -3.000000e+00
      vertex   9.716690e+01 5.607998e+01 -3.000000e+00
    endloop
  endfacet
  facet normal 2.139331e-01 9.768483e-01 0.000000e+00
    outer loop
      vertex   9.694157e+01 5.612933e+01 -4.500000e+00
      vertex   9.716690e+01 5.607998e+01 -3.000000e+00
      vertex   9.716690e+01 5.607998e+01 -4.500000e+00
    endloop
  endfacet
  facet normal 3.079506e-02 9.995257e-01 -0.000000e+00
    outer loop
      vertex   9.716690e+01 5.607998e+01 -4.500000e+00
      vertex   9.716690e+01 5.607998e+01 -3.000000e+00
      vertex   9.739746e+01 5.607288e+01 -3.000000e+00
    endloop
  endfacet
  facet normal 3.079506e-02 9.995257e-01 0.000000e+00
    outer loop
      vertex   9.716690e+01 5.607998e+01 -4.500000e+00
      vertex   9.739746e+01 5.607288e+01 -3.000000e+00
      vertex   9.739746e+01 5.607288e+01 -4.500000e+00
    endloop
  endfacet
  facet normal -1.533917e-01 9.881655e-01 0.000000e+00
    outer loop
      vertex   9.739746e+01 5.607288e+01 -4.500000e+00
      vertex   9.739746e+01 5.607288e+01 -3.000000e+00
      vertex   9.762540e+01 5.610826e+01 -3.000000e+00
    endloop
  endfacet
  facet normal -1.533917e-01 9.881655e-01 0.000000e+00
    outer loop
      vertex   9.739746e+01 5.607288e+01 -4.500000e+00
      vertex   9.762540e+01 5.610826e+01 -3.000000e+00
      vertex   9.762540e+01 5.610826e+01 -4.500000e+00
    endloop
  endfacet
  facet normal -3.323548e-01 9.431544e-01 0.000000e+00
    outer loop
      vertex   9.762540e+01 5.610826e+01 -4.500000e+00
      vertex   9.762540e+01 5.610826e+01 -3.000000e+00
      vertex   9.784296e+01 5.618493e+01 -3.000000e+00
    endloop
  endfacet
  facet normal -3.323548e-01 9.431544e-01 0.000000e+00
    outer loop
      vertex   9.762540e+01 5.610826e+01 -4.500000e+00
      vertex   9.784296e+01 5.618493e+01 -3.000000e+00
      vertex   9.784296e+01 5.618493e+01 -4.500000e+00
    endloop
  endfacet
  facet normal -5.000000e-01 8.660254e-01 0.000000e+00
    outer loop
      vertex   9.784296e+01 5.618493e+01 -4.500000e+00
      vertex   9.784296e+01 5.618493e+01 -3.000000e+00
      vertex   9.804273e+01 5.630026e+01 -3.000000e+00
    endloop
  endfacet
  facet normal -5.000000e-01 8.660254e-01 0.000000e+00
    outer loop
      vertex   9.784296e+01 5.618493e+01 -4.500000e+00
      vertex   9.804273e+01 5.630026e+01 -3.000000e+00
      vertex   9.804273e+01 5.630026e+01 -4.500000e+00
    endloop
  endfacet
  facet normal -6.506183e-01 7.594049e-01 0.000000e+00
    outer loop
      vertex   9.804273e+01 5.630026e+01 -4.500000e+00
      vertex   9.804273e+01 5.630026e+01 -3.000000e+00
      vertex   9.821790e+01 5.645034e+01 -3.000000e+00
    endloop
  endfacet
  facet normal -6.506183e-01 7.594049e-01 0.000000e+00
    outer loop
      vertex   9.804273e+01 5.630026e+01 -4.500000e+00
      vertex   9.821790e+01 5.645034e+01 -3.000000e+00
      vertex   9.821790e+01 5.645034e+01 -4.500000e+00
    endloop
  endfacet
  facet normal -7.790806e-01 6.269238e-01 0.000000e+00
    outer loop
      vertex   9.821790e+01 5.645034e+01 -4.500000e+00
      vertex   9.821790e+01 5.645034e+01 -3.000000e+00
      vertex   9.836251e+01 5.663005e+01 -3.000000e+00
    endloop
  endfacet
  facet normal -7.790806e-01 6.269238e-01 0.000000e+00
    outer loop
      vertex   9.821790e+01 5.645034e+01 -4.500000e+00
      vertex   9.836251e+01 5.663005e+01 -3.000000e+00
      vertex   9.836251e+01 5.663005e+01 -4.500000e+00
    endloop
  endfacet
  facet normal -8.810122e-01 4.730936e-01 0.000000e+00
    outer loop
      vertex   9.836251e+01 5.663005e+01 -4.500000e+00
      vertex   9.836251e+01 5.663005e+01 -3.000000e+00
      vertex   9.847164e+01 5.683328e+01 -3.000000e+00
    endloop
  endfacet
  facet normal -8.810122e-01 4.730936e-01 0.000000e+00
    outer loop
      vertex   9.836251e+01 5.663005e+01 -4.500000e+00
      vertex   9.847164e+01 5.683328e+01 -3.000000e+00
      vertex   9.847164e+01 5.683328e+01 -4.500000e+00
    endloop
  endfacet
  facet normal -9.529420e-01 3.031527e-01 0.000000e+00
    outer loop
      vertex   9.847164e+01 5.683328e+01 -4.500000e+00
      vertex   9.847164e+01 5.683328e+01 -3.000000e+00
      vertex   9.854157e+01 5.705309e+01 -3.000000e+00
    endloop
  endfacet
  facet normal -9.529420e-01 3.031527e-01 0.000000e+00
    outer loop
      vertex   9.847164e+01 5.683328e+01 -4.500000e+00
      vertex   9.854157e+01 5.705309e+01 -3.000000e+00
      vertex   9.854157e+01 5.705309e+01 -4.500000e+00
    endloop
  endfacet
  facet normal -9.924205e-01 1.228883e-01 0.000000e+00
    outer loop
      vertex   9.854157e+01 5.705309e+01 -4.500000e+00
      vertex   9.854157e+01 5.705309e+01 -3.000000e+00
      vertex   9.856992e+01 5.728201e+01 -3.000000e+00
    endloop
  endfacet
  facet normal -9.924205e-01 1.228883e-01 0.000000e+00
    outer loop
      vertex   9.854157e+01 5.705309e+01 -4.500000e+00
      vertex   9.856992e+01 5.728201e+01 -3.000000e+00
      vertex   9.856992e+01 5.728201e+01 -4.500000e+00
    endloop
  endfacet
  facet normal -9.981033e-01 -6.156091e-02 0.000000e+00
    outer loop
      vertex   9.856992e+01 5.728201e+01 -4.500000e+00
      vertex   9.856992e+01 5.728201e+01 -3.000000e+00
      vertex   9.855571e+01 5.751225e+01 -3.000000e+00
    endloop
  endfacet
  facet normal -9.981033e-01 -6.156091e-02 0.000000e+00
    outer loop
      vertex   9.856992e+01 5.728201e+01 -4.500000e+00
      vertex   9.855571e+01 5.751225e+01 -3.000000e+00
      vertex   9.855571e+01 5.751225e+01 -4.500000e+00
    endloop
  endfacet
  facet normal -9.697969e-01 -2.439137e-01 0.000000e+00
    outer loop
      vertex   9.855571e+01 5.751225e+01 -4.500000e+00
      vertex   9.855571e+01 5.751225e+01 -3.000000e+00
      vertex   9.849945e+01 5.773595e+01 -3.000000e+00
    endloop
  endfacet
  facet normal -9.697969e-01 -2.439137e-01 0.000000e+00
    outer loop
      vertex   9.855571e+01 5.751225e+01 -4.500000e+00
      vertex   9.849945e+01 5.773595e+01 -3.000000e+00
      vertex   9.849945e+01 5.773595e+01 -4.500000e+00
    endloop
  endfacet
  facet normal -9.084653e-01 -4.179603e-01 0.000000e+00
    outer loop
      vertex   9.849945e+01 5.773595e+01 -4.500000e+00
      vertex   9.849945e+01 5.773595e+01 -3.000000e+00
      vertex   9.840304e+01 5.794551e+01 -3.000000e+00
    endloop
  endfacet
  facet normal -9.084653e-01 -4.179603e-01 0.000000e+00
    outer loop
      vertex   9.849945e+01 5.773595e+01 -4.500000e+00
      vertex   9.840304e+01 5.794551e+01 -3.000000e+00
      vertex   9.840304e+01 5.794551e+01 -4.500000e+00
    endloop
  endfacet
  facet normal -8.161969e-01 -5.777738e-01 0.000000e+00
    outer loop
      vertex   9.840304e+01 5.794551e+01 -4.500000e+00
      vertex   9.840304e+01 5.794551e+01 -3.000000e+00
      vertex   9.826976e+01 5.813378e+01 -3.000000e+00
    endloop
  endfacet
  facet normal -8.161969e-01 -5.777738e-01 0.000000e+00
    outer loop
      vertex   9.840304e+01 5.794551e+01 -4.500000e+00
      vertex   9.826976e+01 5.813378e+01 -3.000000e+00
      vertex   9.826976e+01 5.813378e+01 -4.500000e+00
    endloop
  endfacet
  facet normal -6.961339e-01 -7.179119e-01 0.000000e+00
    outer loop
      vertex   9.826976e+01 5.813378e+01 -4.500000e+00
      vertex   9.826976e+01 5.813378e+01 -3.000000e+00
      vertex   9.810416e+01 5.829436e+01 -3.000000e+00
    endloop
  endfacet
  facet normal -6.961339e-01 -7.179119e-01 6.597845e-15
    outer loop
      vertex   9.826976e+01 5.813378e+01 -4.500000e+00
      vertex   9.810416e+01 5.829436e+01 -3.000000e+00
      vertex   9.810416e+01 5.829436e+01 -4.500000e+00
    endloop
  endfacet
  facet normal -5.523650e-01 -8.336024e-01 5.233052e-15
    outer loop
      vertex   9.810416e+01 5.829436e+01 -4.500000e+00
      vertex   9.810416e+01 5.829436e+01 -3.000000e+00
      vertex   9.791188e+01 5.842177e+01 -3.000000e+00
    endloop
  endfacet
  facet normal -5.523650e-01 -8.336024e-01 0.000000e+00
    outer loop
      vertex   9.810416e+01 5.829436e+01 -4.500000e+00
      vertex   9.791188e+01 5.842177e+01 -3.000000e+00
      vertex   9.791188e+01 5.842177e+01 -4.500000e+00
    endloop
  endfacet
  facet normal -3.897859e-01 -9.209055e-01 0.000000e+00
    outer loop
      vertex   9.791188e+01 5.842177e+01 -4.500000e+00
      vertex   9.791188e+01 5.842177e+01 -3.000000e+00
      vertex   9.769945e+01 5.851169e+01 -3.000000e+00
    endloop
  endfacet
  facet normal -3.897859e-01 -9.209055e-01 0.000000e+00
    outer loop
      vertex   9.791188e+01 5.842177e+01 -4.500000e+00
      vertex   9.769945e+01 5.851169e+01 -3.000000e+00
      vertex   9.769945e+01 5.851169e+01 -4.500000e+00
    endloop
  endfacet
  facet normal -2.139331e-01 -9.768483e-01 0.000000e+00
    outer loop
      vertex   9.769945e+01 5.851169e+01 -4.500000e+00
      vertex   9.769945e+01 5.851169e+01 -3.000000e+00
      vertex   9.747412e+01 5.856103e+01 -3.000000e+00
    endloop
  endfacet
  facet normal -2.139331e-01 -9.768483e-01 0.000000e+00
    outer loop
      vertex   9.769945e+01 5.851169e+01 -4.500000e+00
      vertex   9.747412e+01 5.856103e+01 -3.000000e+00
      vertex   9.747412e+01 5.856103e+01 -4.500000e+00
    endloop
  endfacet
  facet normal -3.079506e-02 -9.995257e-01 0.000000e+00
    outer loop
      vertex   9.747412e+01 5.856103e+01 -4.500000e+00
      vertex   9.747412e+01 5.856103e+01 -3.000000e+00
      vertex   9.724356e+01 5.856814e+01 -3.000000e+00
    endloop
  endfacet
  facet normal -3.079506e-02 -9.995257e-01 0.000000e+00
    outer loop
      vertex   9.747412e+01 5.856103e+01 -4.500000e+00
      vertex   9.724356e+01 5.856814e+01 -3.000000e+00
      vertex   9.724356e+01 5.856814e+01 -4.500000e+00
    endloop
  endfacet
  facet normal 1.533917e-01 -9.881655e-01 0.000000e+00
    outer loop
      vertex   9.724356e+01 5.856814e+01 -4.500000e+00
      vertex   9.724356e+01 5.856814e+01 -3.000000e+00
      vertex   9.701562e+01 5.853275e+01 -3.000000e+00
    endloop
  endfacet
  facet normal 1.533917e-01 -9.881655e-01 0.000000e+00
    outer loop
      vertex   9.724356e+01 5.856814e+01 -4.500000e+00
      vertex   9.701562e+01 5.853275e+01 -3.000000e+00
      vertex   9.701562e+01 5.853275e+01 -4.500000e+00
    endloop
  endfacet
  facet normal 3.323548e-01 -9.431544e-01 0.000000e+00
    outer loop
      vertex   9.701562e+01 5.853275e+01 -4.500000e+00
      vertex   9.701562e+01 5.853275e+01 -3.000000e+00
      vertex   9.679806e+01 5.845609e+01 -3.000000e+00
    endloop
  endfacet
  facet normal 3.323548e-01 -9.431544e-01 0.000000e+00
    outer loop
      vertex   9.701562e+01 5.853275e+01 -4.500000e+00
      vertex   9.679806e+01 5.845609e+01 -3.000000e+00
      vertex   9.679806e+01 5.845609e+01 -4.500000e+00
    endloop
  endfacet
  facet normal 5.000000e-01 -8.660254e-01 0.000000e+00
    outer loop
      vertex   9.679806e+01 5.845609e+01 -4.500000e+00
      vertex   9.679806e+01 5.845609e+01 -3.000000e+00
      vertex   9.659829e+01 5.834075e+01 -3.000000e+00
    endloop
  endfacet
  facet normal 5.000000e-01 -8.660254e-01 0.000000e+00
    outer loop
      vertex   9.679806e+01 5.845609e+01 -4.500000e+00
      vertex   9.659829e+01 5.834075e+01 -3.000000e+00
      vertex   9.659829e+01 5.834075e+01 -4.500000e+00
    endloop
  endfacet
  facet normal 6.506183e-01 -7.594049e-01 0.000000e+00
    outer loop
      vertex   9.659829e+01 5.834075e+01 -4.500000e+00
      vertex   9.659829e+01 5.834075e+01 -3.000000e+00
      vertex   9.642312e+01 5.819068e+01 -3.000000e+00
    endloop
  endfacet
  facet normal 6.506183e-01 -7.594049e-01 0.000000e+00
    outer loop
      vertex   9.659829e+01 5.834075e+01 -4.500000e+00
      vertex   9.642312e+01 5.819068e+01 -3.000000e+00
      vertex   9.642312e+01 5.819068e+01 -4.500000e+00
    endloop
  endfacet
  facet normal 7.790806e-01 -6.269238e-01 0.000000e+00
    outer loop
      vertex   9.642312e+01 5.819068e+01 -4.500000e+00
      vertex   9.642312e+01 5.819068e+01 -3.000000e+00
      vertex   9.627851e+01 5.801096e+01 -3.000000e+00
    endloop
  endfacet
  facet normal 7.790806e-01 -6.269238e-01 0.000000e+00
    outer loop
      vertex   9.642312e+01 5.819068e+01 -4.500000e+00
      vertex   9.627851e+01 5.801096e+01 -3.000000e+00
      vertex   9.627851e+01 5.801096e+01 -4.500000e+00
    endloop
  endfacet
  facet normal 8.810122e-01 -4.730936e-01 0.000000e+00
    outer loop
      vertex   9.627851e+01 5.801096e+01 -4.500000e+00
      vertex   9.627851e+01 5.801096e+01 -3.000000e+00
      vertex   9.616938e+01 5.780774e+01 -3.000000e+00
    endloop
  endfacet
  facet normal 8.810122e-01 -4.730936e-01 0.000000e+00
    outer loop
      vertex   9.627851e+01 5.801096e+01 -4.500000e+00
      vertex   9.616938e+01 5.780774e+01 -3.000000e+00
      vertex   9.616938e+01 5.780774e+01 -4.500000e+00
    endloop
  endfacet
  facet normal 9.529420e-01 -3.031527e-01 0.000000e+00
    outer loop
      vertex   9.616938e+01 5.780774e+01 -4.500000e+00
      vertex   9.616938e+01 5.780774e+01 -3.000000e+00
      vertex   9.609945e+01 5.758792e+01 -3.000000e+00
    endloop
  endfacet
  facet normal 9.529420e-01 -3.031527e-01 0.000000e+00
    outer loop
      vertex   9.616938e+01 5.780774e+01 -4.500000e+00
      vertex   9.609945e+01 5.758792e+01 -3.000000e+00
      vertex   9.609945e+01 5.758792e+01 -4.500000e+00
    endloop
  endfacet
  facet normal 9.924205e-01 -1.228883e-01 0.000000e+00
    outer loop
      vertex   9.609945e+01 5.758792e+01 -4.500000e+00
      vertex   9.609945e+01 5.758792e+01 -3.000000e+00
      vertex   9.607110e+01 5.735900e+01 -3.000000e+00
    endloop
  endfacet
  facet normal 9.924205e-01 -1.228883e-01 0.000000e+00
    outer loop
      vertex   9.609945e+01 5.758792e+01 -4.500000e+00
      vertex   9.607110e+01 5.735900e+01 -3.000000e+00
      vertex   9.607110e+01 5.735900e+01 -4.500000e+00
    endloop
  endfacet
  facet normal 9.981033e-01 6.156091e-02 -0.000000e+00
    outer loop
      vertex   9.607110e+01 5.735900e+01 -4.500000e+00
      vertex   9.607110e+01 5.735900e+01 -3.000000e+00
      vertex   9.608530e+01 5.712877e+01 -3.000000e+00
    endloop
  endfacet
  facet normal 9.981033e-01 6.156091e-02 0.000000e+00
    outer loop
      vertex   9.607110e+01 5.735900e+01 -4.500000e+00
      vertex   9.608530e+01 5.712877e+01 -3.000000e+00
      vertex   9.608530e+01 5.712877e+01 -4.500000e+00
    endloop
  endfacet
  facet normal 9.697969e-01 2.439137e-01 -0.000000e+00
    outer loop
      vertex   9.608530e+01 5.712877e+01 -4.500000e+00
      vertex   9.608530e+01 5.712877e+01 -3.000000e+00
      vertex   9.614157e+01 5.690506e+01 -3.000000e+00
    endloop
  endfacet
  facet normal -9.439178e-01 3.301804e-01 0.000000e+00
    outer loop
      vertex   8.798415e+01 6.105929e+01 -3.000000e+00
      vertex   8.798415e+01 6.105929e+01 -2.500000e+00
      vertex   8.808418e+01 6.134525e+01 -3.000000e+00
    endloop
  endfacet
  facet normal -9.439178e-01 3.301804e-01 0.000000e+00
    outer loop
      vertex   8.808418e+01 6.134525e+01 -3.000000e+00
      vertex   8.798415e+01 6.105929e+01 -2.500000e+00
      vertex   8.808418e+01 6.134525e+01 -2.500000e+00
    endloop
  endfacet
  facet normal -8.862055e-01 4.632923e-01 0.000000e+00
    outer loop
      vertex   8.808418e+01 6.134525e+01 -3.000000e+00
      vertex   8.808418e+01 6.134525e+01 -2.500000e+00
      vertex   8.822453e+01 6.161373e+01 -3.000000e+00
    endloop
  endfacet
  facet normal -8.862055e-01 4.632923e-01 0.000000e+00
    outer loop
      vertex   8.822453e+01 6.161373e+01 -3.000000e+00
      vertex   8.808418e+01 6.134525e+01 -2.500000e+00
      vertex   8.822453e+01 6.161373e+01 -2.500000e+00
    endloop
  endfacet
  facet normal -8.098390e-01 5.866521e-01 0.000000e+00
    outer loop
      vertex   8.822453e+01 6.161373e+01 -3.000000e+00
      vertex   8.822453e+01 6.161373e+01 -2.500000e+00
      vertex   8.840226e+01 6.185908e+01 -3.000000e+00
    endloop
  endfacet
  facet normal -8.098390e-01 5.866521e-01 0.000000e+00
    outer loop
      vertex   8.840226e+01 6.185908e+01 -3.000000e+00
      vertex   8.822453e+01 6.161373e+01 -2.500000e+00
      vertex   8.840226e+01 6.185908e+01 -2.500000e+00
    endloop
  endfacet
  facet normal -7.164259e-01 6.976632e-01 0.000000e+00
    outer loop
      vertex   8.840226e+01 6.185908e+01 -3.000000e+00
      vertex   8.840226e+01 6.185908e+01 -2.500000e+00
      vertex   8.861362e+01 6.207613e+01 -3.000000e+00
    endloop
  endfacet
  facet normal -7.164259e-01 6.976632e-01 0.000000e+00
    outer loop
      vertex   8.861362e+01 6.207613e+01 -3.000000e+00
      vertex   8.840226e+01 6.185908e+01 -2.500000e+00
      vertex   8.861362e+01 6.207613e+01 -2.500000e+00
    endloop
  endfacet
  facet normal -6.079323e-01 7.939889e-01 0.000000e+00
    outer loop
      vertex   8.861362e+01 6.207613e+01 -3.000000e+00
      vertex   8.861362e+01 6.207613e+01 -2.500000e+00
      vertex   8.885417e+01 6.226030e+01 -3.000000e+00
    endloop
  endfacet
  facet normal -6.079323e-01 7.939889e-01 0.000000e+00
    outer loop
      vertex   8.885417e+01 6.226030e+01 -3.000000e+00
      vertex   8.861362e+01 6.207613e+01 -2.500000e+00
      vertex   8.885417e+01 6.226030e+01 -2.500000e+00
    endloop
  endfacet
  facet normal -4.866421e-01 8.736015e-01 0.000000e+00
    outer loop
      vertex   8.885417e+01 6.226030e+01 -3.000000e+00
      vertex   8.885417e+01 6.226030e+01 -2.500000e+00
      vertex   8.911883e+01 6.240773e+01 -3.000000e+00
    endloop
  endfacet
  facet normal -4.866421e-01 8.736015e-01 0.000000e+00
    outer loop
      vertex   8.911883e+01 6.240773e+01 -3.000000e+00
      vertex   8.885417e+01 6.226030e+01 -2.500000e+00
      vertex   8.911883e+01 6.240773e+01 -2.500000e+00
    endloop
  endfacet
  facet normal -3.551083e-01 9.348252e-01 0.000000e+00
    outer loop
      vertex   8.911883e+01 6.240773e+01 -3.000000e+00
      vertex   8.911883e+01 6.240773e+01 -2.500000e+00
      vertex   8.940204e+01 6.251532e+01 -3.000000e+00
    endloop
  endfacet
  facet normal -3.551083e-01 9.348252e-01 0.000000e+00
    outer loop
      vertex   8.940204e+01 6.251532e+01 -3.000000e+00
      vertex   8.911883e+01 6.240773e+01 -2.500000e+00
      vertex   8.940204e+01 6.251532e+01 -2.500000e+00
    endloop
  endfacet
  facet normal -2.160996e-01 9.763713e-01 0.000000e+00
    outer loop
      vertex   8.940204e+01 6.251532e+01 -3.000000e+00
      vertex   8.940204e+01 6.251532e+01 -2.500000e+00
      vertex   8.969784e+01 6.258078e+01 -3.000000e+00
    endloop
  endfacet
  facet normal -2.160996e-01 9.763713e-01 0.000000e+00
    outer loop
      vertex   8.969784e+01 6.258078e+01 -3.000000e+00
      vertex   8.940204e+01 6.251532e+01 -2.500000e+00
      vertex   8.969784e+01 6.258078e+01 -2.500000e+00
    endloop
  endfacet
  facet normal -7.254220e-02 9.973653e-01 0.000000e+00
    outer loop
      vertex   8.969784e+01 6.258078e+01 -3.000000e+00
      vertex   8.969784e+01 6.258078e+01 -2.500000e+00
      vertex   9.000000e+01 6.260276e+01 -3.000000e+00
    endloop
  endfacet
  facet normal -7.254220e-02 9.973653e-01 0.000000e+00
    outer loop
      vertex   9.000000e+01 6.260276e+01 -3.000000e+00
      vertex   8.969784e+01 6.258078e+01 -2.500000e+00
      vertex   9.000000e+01 6.260276e+01 -2.500000e+00
    endloop
  endfacet
  facet normal 7.254220e-02 9.973653e-01 -0.000000e+00
    outer loop
      vertex   9.000000e+01 6.260276e+01 -3.000000e+00
      vertex   9.000000e+01 6.260276e+01 -2.500000e+00
      vertex   9.030216e+01 6.258078e+01 -3.000000e+00
    endloop
  endfacet
  facet normal 7.254220e-02 9.973653e-01 -0.000000e+00
    outer loop
      vertex   9.030216e+01 6.258078e+01 -3.000000e+00
      vertex   9.000000e+01 6.260276e+01 -2.500000e+00
      vertex   9.030216e+01 6.258078e+01 -2.500000e+00
    endloop
  endfacet
  facet normal 2.160996e-01 9.763713e-01 -0.000000e+00
    outer loop
      vertex   9.030216e+01 6.258078e+01 -3.000000e+00
      vertex   9.030216e+01 6.258078e+01 -2.500000e+00
      vertex   9.059796e+01 6.251532e+01 -3.000000e+00
    endloop
  endfacet
  facet normal 2.160996e-01 9.763713e-01 -0.000000e+00
    outer loop
      vertex   9.059796e+01 6.251532e+01 -3.000000e+00
      vertex   9.030216e+01 6.258078e+01 -2.500000e+00
      vertex   9.059796e+01 6.251532e+01 -2.500000e+00
    endloop
  endfacet
  facet normal 3.551083e-01 9.348252e-01 -0.000000e+00
    outer loop
      vertex   9.059796e+01 6.251532e+01 -3.000000e+00
      vertex   9.059796e+01 6.251532e+01 -2.500000e+00
      vertex   9.088117e+01 6.240773e+01 -3.000000e+00
    endloop
  endfacet
  facet normal 3.551083e-01 9.348252e-01 -0.000000e+00
    outer loop
      vertex   9.088117e+01 6.240773e+01 -3.000000e+00
      vertex   9.059796e+01 6.251532e+01 -2.500000e+00
      vertex   9.088117e+01 6.240773e+01 -2.500000e+00
    endloop
  endfacet
  facet normal 4.866421e-01 8.736015e-01 -0.000000e+00
    outer loop
      vertex   9.088117e+01 6.240773e+01 -3.000000e+00
      vertex   9.088117e+01 6.240773e+01 -2.500000e+00
      vertex   9.114583e+01 6.226030e+01 -3.000000e+00
    endloop
  endfacet
  facet normal 4.866421e-01 8.736015e-01 -1.241462e-14
    outer loop
      vertex   9.114583e+01 6.226030e+01 -3.000000e+00
      vertex   9.088117e+01 6.240773e+01 -2.500000e+00
      vertex   9.114583e+01 6.226030e+01 -2.500000e+00
    endloop
  endfacet
  facet normal 6.079323e-01 7.939889e-01 -1.128326e-14
    outer loop
      vertex   9.114583e+01 6.226030e+01 -3.000000e+00
      vertex   9.114583e+01 6.226030e+01 -2.500000e+00
      vertex   9.138638e+01 6.207613e+01 -3.000000e+00
    endloop
  endfacet
  facet normal 6.079323e-01 7.939889e-01 -0.000000e+00
    outer loop
      vertex   9.138638e+01 6.207613e+01 -3.000000e+00
      vertex   9.114583e+01 6.226030e+01 -2.500000e+00
      vertex   9.138638e+01 6.207613e+01 -2.500000e+00
    endloop
  endfacet
  facet normal 7.164259e-01 6.976632e-01 -0.000000e+00
    outer loop
      vertex   9.138638e+01 6.207613e+01 -3.000000e+00
      vertex   9.138638e+01 6.207613e+01 -2.500000e+00
      vertex   9.159774e+01 6.185908e+01 -3.000000e+00
    endloop
  endfacet
  facet normal 7.164259e-01 6.976632e-01 -0.000000e+00
    outer loop
      vertex   9.159774e+01 6.185908e+01 -3.000000e+00
      vertex   9.138638e+01 6.207613e+01 -2.500000e+00
      vertex   9.159774e+01 6.185908e+01 -2.500000e+00
    endloop
  endfacet
  facet normal 8.098390e-01 5.866521e-01 -0.000000e+00
    outer loop
      vertex   9.159774e+01 6.185908e+01 -3.000000e+00
      vertex   9.159774e+01 6.185908e+01 -2.500000e+00
      vertex   9.177547e+01 6.161373e+01 -3.000000e+00
    endloop
  endfacet
  facet normal 8.098390e-01 5.866521e-01 -0.000000e+00
    outer loop
      vertex   9.177547e+01 6.161373e+01 -3.000000e+00
      vertex   9.159774e+01 6.185908e+01 -2.500000e+00
      vertex   9.177547e+01 6.161373e+01 -2.500000e+00
    endloop
  endfacet
  facet normal 8.862055e-01 4.632923e-01 -0.000000e+00
    outer loop
      vertex   9.177547e+01 6.161373e+01 -3.000000e+00
      vertex   9.177547e+01 6.161373e+01 -2.500000e+00
      vertex   9.191582e+01 6.134525e+01 -3.000000e+00
    endloop
  endfacet
  facet normal 8.862055e-01 4.632923e-01 -6.583780e-15
    outer loop
      vertex   9.191582e+01 6.134525e+01 -3.000000e+00
      vertex   9.177547e+01 6.161373e+01 -2.500000e+00
      vertex   9.191582e+01 6.134525e+01 -2.500000e+00
    endloop
  endfacet
  facet normal 9.439178e-01 3.301804e-01 -4.692146e-15
    outer loop
      vertex   9.191582e+01 6.134525e+01 -3.000000e+00
      vertex   9.191582e+01 6.134525e+01 -2.500000e+00
      vertex   9.201585e+01 6.105929e+01 -3.000000e+00
    endloop
  endfacet
  facet normal 9.439178e-01 3.301804e-01 -0.000000e+00
    outer loop
      vertex   9.201585e+01 6.105929e+01 -3.000000e+00
      vertex   9.191582e+01 6.134525e+01 -2.500000e+00
      vertex   9.201585e+01 6.105929e+01 -2.500000e+00
    endloop
  endfacet
  facet normal 0.000000e+00 0.000000e+00 1.000000e+00
    outer loop
      vertex   9.231894e+01 5.251335e+01 -3.000000e+00
      vertex   9.064271e+01 5.146524e+01 -3.000000e+00
      vertex   9.229711e+01 5.225000e+01 -3.000000e+00
    endloop
  endfacet
  facet normal 0.000000e+00 0.000000e+00 1.000000e+00
    outer loop
      vertex   9.229711e+01 5.225000e+01 -3.000000e+00
      vertex   9.064271e+01 5.146524e+01 -3.000000e+00
      vertex   9.087512e+01 5.133947e+01 -3.000000e+00
    endloop
  endfacet
  facet normal 0.000000e+00 0.000000e+00 1.000000e+00
    outer loop
      vertex   9.229711e+01 5.225000e+01 -3.000000e+00
      vertex   9.087512e+01 5.133947e+01 -3.000000e+00
      vertex   9.231894e+01 5.198665e+01 -3.000000e+00
    endloop
  endfacet
  facet normal 0.000000e+00 0.000000e+00 1.000000e+00
    outer loop
      vertex   9.231894e+01 5.198665e+01 -3.000000e+00
      vertex   9.087512e+01 5.133947e+01 -3.000000e+00
      vertex   9.108365e+01 5.117716e+01 -3.000000e+00
    endloop
  endfacet
  facet normal 0.000000e+00 0.000000e+00 1.000000e+00
    outer loop
      vertex   9.231894e+01 5.198665e+01 -3.000000e+00
      vertex   9.108365e+01 5.117716e+01 -3.000000e+00
      vertex   9.238381e+01 5.173048e+01 -3.000000e+00
    endloop
  endfacet
  facet normal 0.000000e+00 0.000000e+00 1.000000e+00
    outer loop
      vertex   9.238381e+01 5.173048e+01 -3.000000e+00
      vertex   9.108365e+01 5.117716e+01 -3.000000e+00
      vertex   9.126262e+01 5.098274e+01 -3.000000e+00
    endloop
  endfacet
  facet normal 0.000000e+00 0.000000e+00 1.000000e+00
    outer loop
      vertex   9.238381e+01 5.173048e+01 -3.000000e+00
      vertex   9.126262e+01 5.098274e+01 -3.000000e+00
      vertex   9.248996e+01 5.148848e+01 -3.000000e+00
    endloop
  endfacet
  facet normal 0.000000e+00 0.000000e+00 1.000000e+00
    outer loop
      vertex   9.248996e+01 5.148848e+01 -3.000000e+00
      vertex   9.126262e+01 5.098274e+01 -3.000000e+00
      vertex   9.140716e+01 5.076152e+01 -3.000000e+00
    endloop
  endfacet
  facet normal 0.000000e+00 0.000000e+00 1.000000e+00
    outer loop
      vertex   9.248996e+01 5.148848e+01 -3.000000e+00
      vertex   9.140716e+01 5.076152e+01 -3.000000e+00
      vertex   9.263449e+01 5.126726e+01 -3.000000e+00
    endloop
  endfacet
  facet normal 0.000000e+00 0.000000e+00 1.000000e+00
    outer loop
      vertex   9.263449e+01 5.126726e+01 -3.000000e+00
      vertex   9.140716e+01 5.076152e+01 -3.000000e+00
      vertex   9.151331e+01 5.051952e+01 -3.000000e+00
    endloop
  endfacet
  facet normal 0.000000e+00 0.000000e+00 1.000000e+00
    outer loop
      vertex   9.263449e+01 5.126726e+01 -3.000000e+00
      vertex   9.151331e+01 5.051952e+01 -3.000000e+00
      vertex   9.281346e+01 5.107284e+01 -3.000000e+00
    endloop
  endfacet
  facet normal 0.000000e+00 0.000000e+00 1.000000e+00
    outer loop
      vertex   9.281346e+01 5.107284e+01 -3.000000e+00
      vertex   9.151331e+01 5.051952e+01 -3.000000e+00
      vertex   9.157818e+01 5.026335e+01 -3.000000e+00
    endloop
  endfacet
  facet normal 0.000000e+00 0.000000e+00 1.000000e+00
    outer loop
      vertex   9.281346e+01 5.107284e+01 -3.000000e+00
      vertex   9.157818e+01 5.026335e+01 -3.000000e+00
      vertex   9.302200e+01 5.091053e+01 -3.000000e+00
    endloop
  endfacet
  facet normal 0.000000e+00 0.000000e+00 1.000000e+00
    outer loop
      vertex   9.302200e+01 5.091053e+01 -3.000000e+00
      vertex   9.157818e+01 5.026335e+01 -3.000000e+00
      vertex   9.160000e+01 5.000000e+01 -3.000000e+00
    endloop
  endfacet
  facet normal 0.000000e+00 0.000000e+00 1.000000e+00
    outer loop
      vertex   9.302200e+01 5.091053e+01 -3.000000e+00
      vertex   9.160000e+01 5.000000e+01 -3.000000e+00
      vertex   9.325440e+01 5.078476e+01 -3.000000e+00
    endloop
  endfacet
  facet normal 0.000000e+00 0.000000e+00 1.000000e+00
    outer loop
      vertex   9.325440e+01 5.078476e+01 -3.000000e+00
      vertex   9.160000e+01 5.000000e+01 -3.000000e+00
      vertex   9.157818e+01 4.973665e+01 -3.000000e+00
    endloop
  endfacet
  facet normal 0.000000e+00 0.000000e+00 1.000000e+00
    outer loop
      vertex   9.325440e+01 5.078476e+01 -3.000000e+00
      vertex   9.157818e+01 4.973665e+01 -3.000000e+00
      vertex   9.350434e+01 5.069896e+01 -3.000000e+00
    endloop
  endfacet
  facet normal 0.000000e+00 0.000000e+00 1.000000e+00
    outer loop
      vertex   9.350434e+01 5.069896e+01 -3.000000e+00
      vertex   9.157818e+01 4.973665e+01 -3.000000e+00
      vertex   9.151331e+01 4.948048e+01 -3.000000e+00
    endloop
  endfacet
  facet normal 0.000000e+00 0.000000e+00 1.000000e+00
    outer loop
      vertex   9.350434e+01 5.069896e+01 -3.000000e+00
      vertex   9.151331e+01 4.948048e+01 -3.000000e+00
      vertex   9.376499e+01 5.065546e+01 -3.000000e+00
    endloop
  endfacet
  facet normal 0.000000e+00 0.000000e+00 1.000000e+00
    outer loop
      vertex   9.376499e+01 5.065546e+01 -3.000000e+00
      vertex   9.151331e+01 4.948048e+01 -3.000000e+00
      vertex   9.140716e+01 4.923848e+01 -3.000000e+00
    endloop
  endfacet
  facet normal 0.000000e+00 0.000000e+00 1.000000e+00
    outer loop
      vertex   9.376499e+01 5.065546e+01 -3.000000e+00
      vertex   9.140716e+01 4.923848e+01 -3.000000e+00
      vertex   9.140716e+01 4.626152e+01 -3.000000e+00
    endloop
  endfacet
  facet normal 0.000000e+00 -0.000000e+00 1.000000e+00
    outer loop
      vertex   9.140716e+01 4.626152e+01 -3.000000e+00
      vertex   9.140716e+01 4.923848e+01 -3.000000e+00
      vertex   9.126262e+01 4.901726e+01 -3.000000e+00
    endloop
  endfacet
  facet normal 0.000000e+00 0.000000e+00 1.000000e+00
    outer loop
      vertex   9.140716e+01 4.626152e+01 -3.000000e+00
      vertex   9.126262e+01 4.901726e+01 -3.000000e+00
      vertex   9.126262e+01 4.648274e+01 -3.000000e+00
    endloop
  endfacet
  facet normal 0.000000e+00 -0.000000e+00 1.000000e+00
    outer loop
      vertex   9.126262e+01 4.648274e+01 -3.000000e+00
      vertex   9.126262e+01 4.901726e+01 -3.000000e+00
      vertex   9.108365e+01 4.882284e+01 -3.000000e+00
    endloop
  endfacet
  facet normal 0.000000e+00 0.000000e+00 1.000000e+00
    outer loop
      vertex   9.126262e+01 4.648274e+01 -3.000000e+00
      vertex   9.108365e+01 4.882284e+01 -3.000000e+00
      vertex   9.108365e+01 4.667716e+01 -3.000000e+00
    endloop
  endfacet
  facet normal 0.000000e+00 -0.000000e+00 1.000000e+00
    outer loop
      vertex   9.108365e+01 4.667716e+01 -3.000000e+00
      vertex   9.108365e+01 4.882284e+01 -3.000000e+00
      vertex   9.087512e+01 4.866053e+01 -3.000000e+00
    endloop
  endfacet
  facet normal 0.000000e+00 0.000000e+00 1.000000e+00
    outer loop
      vertex   9.108365e+01 4.667716e+01 -3.000000e+00
      vertex   9.087512e+01 4.866053e+01 -3.000000e+00
      vertex   9.087512e+01 4.683947e+01 -3.000000e+00
    endloop
  endfacet
  facet normal 0.000000e+00 -0.000000e+00 1.000000e+00
    outer loop
      vertex   9.087512e+01 4.683947e+01 -3.000000e+00
      vertex   9.087512e+01 4.866053e+01 -3.000000e+00
      vertex   9.064271e+01 4.696524e+01 -3.000000e+00
    endloop
  endfacet
  facet normal 0.000000e+00 0.000000e+00 1.000000e+00
    outer loop
      vertex   9.064271e+01 4.696524e+01 -3.000000e+00
      vertex   9.087512e+01 4.866053e+01 -3.000000e+00
      vertex   9.064271e+01 4.853476e+01 -3.000000e+00
    endloop
  endfacet
  facet normal 0.000000e+00 -0.000000e+00 1.000000e+00
    outer loop
      vertex   9.064271e+01 4.696524e+01 -3.000000e+00
      vertex   9.064271e+01 4.853476e+01 -3.000000e+00
      vertex   9.039278e+01 4.705104e+01 -3.000000e+00
    endloop
  endfacet
  facet normal 0.000000e+00 0.000000e+00 1.000000e+00
    outer loop
      vertex   9.039278e+01 4.705104e+01 -3.000000e+00
      vertex   9.064271e+01 4.853476e+01 -3.000000e+00
      vertex   9.039278e+01 4.844896e+01 -3.000000e+00
    endloop
  endfacet
  facet normal 0.000000e+00 -0.000000e+00 1.000000e+00
    outer loop
      vertex   9.039278e+01 4.705104e+01 -3.000000e+00
      vertex   9.039278e+01 4.844896e+01 -3.000000e+00
      vertex   9.013213e+01 4.709454e+01 -3.000000e+00
    endloop
  endfacet
  facet normal 0.000000e+00 0.000000e+00 1.000000e+00
    outer loop
      vertex   9.013213e+01 4.709454e+01 -3.000000e+00
      vertex   9.039278e+01 4.844896e+01 -3.000000e+00
      vertex   9.013213e+01 4.840546e+01 -3.000000e+00
    endloop
  endfacet
  facet normal 0.000000e+00 -0.000000e+00 1.000000e+00
    outer loop
      vertex   9.013213e+01 4.709454e+01 -3.000000e+00
      vertex   9.013213e+01 4.840546e+01 -3.000000e+00
      vertex   8.986787e+01 4.709454e+01 -3.000000e+00
    endloop
  endfacet
  facet normal 0.000000e+00 0.000000e+00 1.000000e+00
    outer loop
      vertex   8.986787e+01 4.709454e+01 -3.000000e+00
      vertex   9.013213e+01 4.840546e+01 -3.000000e+00
      vertex   8.986787e+01 4.840546e+01 -3.000000e+00
    endloop
  endfacet
  facet normal 0.000000e+00 -0.000000e+00 1.000000e+00
    outer loop
      vertex   8.986787e+01 4.709454e+01 -3.000000e+00
      vertex   8.986787e+01 4.840546e+01 -3.000000e+00
      vertex   8.960722e+01 4.705104e+01 -3.000000e+00
    endloop
  endfacet
  facet normal 0.000000e+00 0.000000e+00 1.000000e+00
    outer loop
      vertex   8.960722e+01 4.705104e+01 -3.000000e+00
      vertex   8.986787e+01 4.840546e+01 -3.000000e+00
      vertex   8.960722e+01 4.844896e+01 -3.000000e+00
    endloop
  endfacet
  facet normal 0.000000e+00 -0.000000e+00 1.000000e+00
    outer loop
      vertex   8.960722e+01 4.705104e+01 -3.000000e+00
      vertex   8.960722e+01 4.844896e+01 -3.000000e+00
      vertex   8.935729e+01 4.696524e+01 -3.000000e+00
    endloop
  endfacet
  facet normal 0.000000e+00 0.000000e+00 1.000000e+00
    outer loop
      vertex   8.935729e+01 4.696524e+01 -3.000000e+00
      vertex   8.960722e+01 4.844896e+01 -3.000000e+00
      vertex   8.935729e+01 4.853476e+01 -3.000000e+00
    endloop
  endfacet
  facet normal 0.000000e+00 -0.000000e+00 1.000000e+00
    outer loop
      vertex   8.935729e+01 4.696524e+01 -3.000000e+00
      vertex   8.935729e+01 4.853476e+01 -3.000000e+00
      vertex   8.912488e+01 4.683947e+01 -3.000000e+00
    endloop
  endfacet
  facet normal 0.000000e+00 0.000000e+00 1.000000e+00
    outer loop
      vertex   8.912488e+01 4.683947e+01 -3.000000e+00
      vertex   8.935729e+01 4.853476e+01 -3.000000e+00
      vertex   8.912488e+01 4.866053e+01 -3.000000e+00
    endloop
  endfacet
  facet normal 0.000000e+00 -0.000000e+00 1.000000e+00
    outer loop
      vertex   8.912488e+01 4.683947e+01 -3.000000e+00
      vertex   8.912488e+01 4.866053e+01 -3.000000e+00
      vertex   8.891635e+01 4.667716e+01 -3.000000e+00
    endloop
  endfacet
  facet normal 0.000000e+00 0.000000e+00 1.000000e+00
    outer loop
      vertex   8.891635e+01 4.667716e+01 -3.000000e+00
      vertex   8.912488e+01 4.866053e+01 -3.000000e+00
      vertex   8.891635e+01 4.882284e+01 -3.000000e+00
    endloop
  endfacet
  facet normal 0.000000e+00 -0.000000e+00 1.000000e+00
    outer loop
      vertex   8.891635e+01 4.667716e+01 -3.000000e+00
      vertex   8.891635e+01 4.882284e+01 -3.000000e+00
      vertex   8.873738e+01 4.648274e+01 -3.000000e+00
    endloop
  endfacet
  facet normal 0.000000e+00 0.000000e+00 1.000000e+00
    outer loop
      vertex   8.873738e+01 4.648274e+01 -3.000000e+00
      vertex   8.891635e+01 4.882284e+01 -3.000000e+00
      vertex   8.873738e+01 4.901726e+01 -3.000000e+00
    endloop
  endfacet
  facet normal 0.000000e+00 -0.000000e+00 1.000000e+00
    outer loop
      vertex   8.873738e+01 4.648274e+01 -3.000000e+00
      vertex   8.873738e+01 4.901726e+01 -3.000000e+00
      vertex   8.859284e+01 4.626152e+01 -3.000000e+00
    endloop
  endfacet
  facet normal 0.000000e+00 0.000000e+00 1.000000e+00
    outer loop
      vertex   8.859284e+01 4.626152e+01 -3.000000e+00
      vertex   8.873738e+01 4.901726e+01 -3.000000e+00
      vertex   8.859284e+01 4.923848e+01 -3.000000e+00
    endloop
  endfacet
  facet normal 0.000000e+00 -0.000000e+00 1.000000e+00
    outer loop
      vertex   8.859284e+01 4.626152e+01 -3.000000e+00
      vertex   8.859284e+01 4.923848e+01 -3.000000e+00
      vertex   8.623501e+01 5.065546e+01 -3.000000e+00
    endloop
  endfacet
  facet normal 0.000000e+00 0.000000e+00 1.000000e+00
    outer loop
      vertex   8.623501e+01 5.065546e+01 -3.000000e+00
      vertex   8.859284e+01 4.923848e+01 -3.000000e+00
      vertex   8.848669e+01 4.948048e+01 -3.000000e+00
    endloop
  endfacet
  facet normal -0.000000e+00 0.000000e+00 1.000000e+00
    outer loop
      vertex   8.623501e+01 5.065546e+01 -3.000000e+00
      vertex   8.848669e+01 4.948048e+01 -3.000000e+00
      vertex   8.649566e+01 5.069896e+01 -3.000000e+00
    endloop
  endfacet
  facet normal 0.000000e+00 0.000000e+00 1.000000e+00
    outer loop
      vertex   8.649566e+01 5.069896e+01 -3.000000e+00
      vertex   8.848669e+01 4.948048e+01 -3.000000e+00
      vertex   8.842182e+01 4.973665e+01 -3.000000e+00
    endloop
  endfacet
  facet normal -0.000000e+00 0.000000e+00 1.000000e+00
    outer loop
      vertex   8.649566e+01 5.069896e+01 -3.000000e+00
      vertex   8.842182e+01 4.973665e+01 -3.000000e+00
      vertex   8.674560e+01 5.078476e+01 -3.000000e+00
    endloop
  endfacet
  facet normal 0.000000e+00 0.000000e+00 1.000000e+00
    outer loop
      vertex   8.674560e+01 5.078476e+01 -3.000000e+00
      vertex   8.842182e+01 4.973665e+01 -3.000000e+00
      vertex   8.840000e+01 5.000000e+01 -3.000000e+00
    endloop
  endfacet
  facet normal -0.000000e+00 0.000000e+00 1.000000e+00
    outer loop
      vertex   8.674560e+01 5.078476e+01 -3.000000e+00
      vertex   8.840000e+01 5.000000e+01 -3.000000e+00
      vertex   8.697800e+01 5.091053e+01 -3.000000e+00
    endloop
  endfacet
  facet normal 0.000000e+00 0.000000e+00 1.000000e+00
    outer loop
      vertex   8.697800e+01 5.091053e+01 -3.000000e+00
      vertex   8.840000e+01 5.000000e+01 -3.000000e+00
      vertex   8.842182e+01 5.026335e+01 -3.000000e+00
    endloop
  endfacet
  facet normal -0.000000e+00 0.000000e+00 1.000000e+00
    outer loop
      vertex   8.697800e+01 5.091053e+01 -3.000000e+00
      vertex   8.842182e+01 5.026335e+01 -3.000000e+00
      vertex   8.718654e+01 5.107284e+01 -3.000000e+00
    endloop
  endfacet
  facet normal 0.000000e+00 0.000000e+00 1.000000e+00
    outer loop
      vertex   8.718654e+01 5.107284e+01 -3.000000e+00
      vertex   8.842182e+01 5.026335e+01 -3.000000e+00
      vertex   8.848669e+01 5.051952e+01 -3.000000e+00
    endloop
  endfacet
  facet normal -0.000000e+00 0.000000e+00 1.000000e+00
    outer loop
      vertex   8.718654e+01 5.107284e+01 -3.000000e+00
      vertex   8.848669e+01 5.051952e+01 -3.000000e+00
      vertex   8.736551e+01 5.126726e+01 -3.000000e+00
    endloop
  endfacet
  facet normal 0.000000e+00 0.000000e+00 1.000000e+00
    outer loop
      vertex   8.736551e+01 5.126726e+01 -3.000000e+00
      vertex   8.848669e+01 5.051952e+01 -3.000000e+00
      vertex   8.859284e+01 5.076152e+01 -3.000000e+00
    endloop
  endfacet
  facet normal -0.000000e+00 0.000000e+00 1.000000e+00
    outer loop
      vertex   8.736551e+01 5.126726e+01 -3.000000e+00
      vertex   8.859284e+01 5.076152e+01 -3.000000e+00
      vertex   8.751004e+01 5.148848e+01 -3.000000e+00
    endloop
  endfacet
  facet normal 0.000000e+00 0.000000e+00 1.000000e+00
    outer loop
      vertex   8.751004e+01 5.148848e+01 -3.000000e+00
      vertex   8.859284e+01 5.076152e+01 -3.000000e+00
      vertex   8.873738e+01 5.098274e+01 -3.000000e+00
    endloop
  endfacet
  facet normal -0.000000e+00 0.000000e+00 1.000000e+00
    outer loop
      vertex   8.751004e+01 5.148848e+01 -3.000000e+00
      vertex   8.873738e+01 5.098274e+01 -3.000000e+00
      vertex   8.761619e+01 5.173048e+01 -3.000000e+00
    endloop
  endfacet
  facet normal 0.000000e+00 0.000000e+00 1.000000e+00
    outer loop
      vertex   8.761619e+01 5.173048e+01 -3.000000e+00
      vertex   8.873738e+01 5.098274e+01 -3.000000e+00
      vertex   8.891635e+01 5.117716e+01 -3.000000e+00
    endloop
  endfacet
  facet normal -0.000000e+00 0.000000e+00 1.000000e+00
    outer loop
      vertex   8.761619e+01 5.173048e+01 -3.000000e+00
      vertex   8.891635e+01 5.117716e+01 -3.000000e+00
      vertex   8.768106e+01 5.198665e+01 -3.000000e+00
    endloop
  endfacet
  facet normal 0.000000e+00 0.000000e+00 1.000000e+00
    outer loop
      vertex   8.768106e+01 5.198665e+01 -3.000000e+00
      vertex   8.891635e+01 5.117716e+01 -3.000000e+00
      vertex   8.912488e+01 5.133947e+01 -3.000000e+00
    endloop
  endfacet
  facet normal -0.000000e+00 0.000000e+00 1.000000e+00
    outer loop
      vertex   8.768106e+01 5.198665e+01 -3.000000e+00
      vertex   8.912488e+01 5.133947e+01 -3.000000e+00
      vertex   8.770289e+01 5.225000e+01 -3.000000e+00
    endloop
  endfacet
  facet normal 0.000000e+00 0.000000e+00 1.000000e+00
    outer loop
      vertex   8.770289e+01 5.225000e+01 -3.000000e+00
      vertex   8.912488e+01 5.133947e+01 -3.000000e+00
      vertex   8.935729e+01 5.146524e+01 -3.000000e+00
    endloop
  endfacet
  facet normal -0.000000e+00 -0.000000e+00 1.000000e+00
    outer loop
      vertex   8.770289e+01 5.225000e+01 -3.000000e+00
      vertex   8.935729e+01 5.146524e+01 -3.000000e+00
      vertex   8.768106e+01 5.251335e+01 -3.000000e+00
    endloop
  endfacet
  facet normal 0.000000e+00 0.000000e+00 1.000000e+00
    outer loop
      vertex   8.768106e+01 5.251335e+01 -3.000000e+00
      vertex   8.935729e+01 5.146524e+01 -3.000000e+00
      vertex   8.960722e+01 5.155104e+01 -3.000000e+00
    endloop
  endfacet
  facet normal -0.000000e+00 -0.000000e+00 1.000000e+00
    outer loop
      vertex   8.768106e+01 5.251335e+01 -3.000000e+00
      vertex   8.960722e+01 5.155104e+01 -3.000000e+00
      vertex   8.761619e+01 5.276952e+01 -3.000000e+00
    endloop
  endfacet
  facet normal 0.000000e+00 0.000000e+00 1.000000e+00
    outer loop
      vertex   8.761619e+01 5.276952e+01 -3.000000e+00
      vertex   8.960722e+01 5.155104e+01 -3.000000e+00
      vertex   8.986787e+01 5.159454e+01 -3.000000e+00
    endloop
  endfacet
  facet normal -0.000000e+00 -0.000000e+00 1.000000e+00
    outer loop
      vertex   8.761619e+01 5.276952e+01 -3.000000e+00
      vertex   8.986787e+01 5.159454e+01 -3.000000e+00
      vertex   8.751004e+01 5.301152e+01 -3.000000e+00
    endloop
  endfacet
  facet normal 0.000000e+00 0.000000e+00 1.000000e+00
    outer loop
      vertex   8.751004e+01 5.301152e+01 -3.000000e+00
      vertex   8.986787e+01 5.159454e+01 -3.000000e+00
      vertex   9.013213e+01 5.159454e+01 -3.000000e+00
    endloop
  endfacet
  facet normal -0.000000e+00 0.000000e+00 1.000000e+00
    outer loop
      vertex   8.751004e+01 5.301152e+01 -3.000000e+00
      vertex   9.013213e+01 5.159454e+01 -3.000000e+00
      vertex   9.248996e+01 5.301152e+01 -3.000000e+00
    endloop
  endfacet
  facet normal 0.000000e+00 0.000000e+00 1.000000e+00
    outer loop
      vertex   9.248996e+01 5.301152e+01 -3.000000e+00
      vertex   9.013213e+01 5.159454e+01 -3.000000e+00
      vertex   9.238381e+01 5.276952e+01 -3.000000e+00
    endloop
  endfacet
  facet normal 0.000000e+00 0.000000e+00 1.000000e+00
    outer loop
      vertex   9.238381e+01 5.276952e+01 -3.000000e+00
      vertex   9.013213e+01 5.159454e+01 -3.000000e+00
      vertex   9.039278e+01 5.155104e+01 -3.000000e+00
    endloop
  endfacet
  facet normal 0.000000e+00 0.000000e+00 1.000000e+00
    outer loop
      vertex   9.238381e+01 5.276952e+01 -3.000000e+00
      vertex   9.039278e+01 5.155104e+01 -3.000000e+00
      vertex   9.231894e+01 5.251335e+01 -3.000000e+00
    endloop
  endfacet
  facet normal 0.000000e+00 0.000000e+00 1.000000e+00
    outer loop
      vertex   9.231894e+01 5.251335e+01 -3.000000e+00
      vertex   9.039278e+01 5.155104e+01 -3.000000e+00
      vertex   9.064271e+01 5.146524e+01 -3.000000e+00
    endloop
  endfacet
  facet normal 0.000000e+00 -0.000000e+00 1.000000e+00
    outer loop
      vertex   8.751004e+01 5.301152e+01 -3.000000e+00
      vertex   9.248996e+01 5.301152e+01 -3.000000e+00
      vertex   8.736551e+01 5.323274e+01 -3.000000e+00
    endloop
  endfacet
  facet normal -0.000000e+00 0.000000e+00 1.000000e+00
    outer loop
      vertex   8.736551e+01 5.323274e+01 -3.000000e+00
      vertex   9.248996e+01 5.301152e+01 -3.000000e+00
      vertex   9.263449e+01 5.323274e+01 -3.000000e+00
    endloop
  endfacet
  facet normal 0.000000e+00 0.000000e+00 1.000000e+00
    outer loop
      vertex   8.736551e+01 5.323274e+01 -3.000000e+00
      vertex   9.263449e+01 5.323274e+01 -3.000000e+00
      vertex   8.985116e+01 5.843179e+01 -3.000000e+00
    endloop
  endfacet
  facet normal -0.000000e+00 0.000000e+00 1.000000e+00
    outer loop
      vertex   8.985116e+01 5.843179e+01 -3.000000e+00
      vertex   9.263449e+01 5.323274e+01 -3.000000e+00
      vertex   9.014884e+01 5.843179e+01 -3.000000e+00
    endloop
  endfacet
  facet normal 0.000000e+00 0.000000e+00 1.000000e+00
    outer loop
      vertex   9.014884e+01 5.843179e+01 -3.000000e+00
      vertex   9.263449e+01 5.323274e+01 -3.000000e+00
      vertex   9.281346e+01 5.342716e+01 -3.000000e+00
    endloop
  endfacet
  facet normal -0.000000e+00 0.000000e+00 1.000000e+00
    outer loop
      vertex   9.014884e+01 5.843179e+01 -3.000000e+00
      vertex   9.281346e+01 5.342716e+01 -3.000000e+00
      vertex   9.044349e+01 5.847412e+01 -3.000000e+00
    endloop
  endfacet
  facet normal 0.000000e+00 0.000000e+00 1.000000e+00
    outer loop
      vertex   9.044349e+01 5.847412e+01 -3.000000e+00
      vertex   9.281346e+01 5.342716e+01 -3.000000e+00
      vertex   9.302200e+01 5.358947e+01 -3.000000e+00
    endloop
  endfacet
  facet normal -0.000000e+00 0.000000e+00 1.000000e+00
    outer loop
      vertex   9.044349e+01 5.847412e+01 -3.000000e+00
      vertex   9.302200e+01 5.358947e+01 -3.000000e+00
      vertex   9.072914e+01 5.855792e+01 -3.000000e+00
    endloop
  endfacet
  facet normal 0.000000e+00 0.000000e+00 1.000000e+00
    outer loop
      vertex   9.072914e+01 5.855792e+01 -3.000000e+00
      vertex   9.302200e+01 5.358947e+01 -3.000000e+00
      vertex   9.325440e+01 5.371524e+01 -3.000000e+00
    endloop
  endfacet
  facet normal -0.000000e+00 0.000000e+00 1.000000e+00
    outer loop
      vertex   9.072914e+01 5.855792e+01 -3.000000e+00
      vertex   9.325440e+01 5.371524e+01 -3.000000e+00
      vertex   9.243520e+01 5.877410e+01 -3.000000e+00
    endloop
  endfacet
  facet normal 0.000000e+00 0.000000e+00 1.000000e+00
    outer loop
      vertex   9.243520e+01 5.877410e+01 -3.000000e+00
      vertex   9.325440e+01 5.371524e+01 -3.000000e+00
      vertex   9.266564e+01 5.875008e+01 -3.000000e+00
    endloop
  endfacet
  facet normal 0.000000e+00 0.000000e+00 1.000000e+00
    outer loop
      vertex   9.266564e+01 5.875008e+01 -3.000000e+00
      vertex   9.325440e+01 5.371524e+01 -3.000000e+00
      vertex   9.350434e+01 5.380104e+01 -3.000000e+00
    endloop
  endfacet
  facet normal -0.000000e+00 0.000000e+00 1.000000e+00
    outer loop
      vertex   9.266564e+01 5.875008e+01 -3.000000e+00
      vertex   9.350434e+01 5.380104e+01 -3.000000e+00
      vertex   9.289655e+01 5.876899e+01 -3.000000e+00
    endloop
  endfacet
  facet normal 0.000000e+00 0.000000e+00 1.000000e+00
    outer loop
      vertex   9.289655e+01 5.876899e+01 -3.000000e+00
      vertex   9.350434e+01 5.380104e+01 -3.000000e+00
      vertex   9.376499e+01 5.384454e+01 -3.000000e+00
    endloop
  endfacet
  facet normal -0.000000e+00 0.000000e+00 1.000000e+00
    outer loop
      vertex   9.289655e+01 5.876899e+01 -3.000000e+00
      vertex   9.376499e+01 5.384454e+01 -3.000000e+00
      vertex   9.312001e+01 5.883020e+01 -3.000000e+00
    endloop
  endfacet
  facet normal 0.000000e+00 0.000000e+00 1.000000e+00
    outer loop
      vertex   9.312001e+01 5.883020e+01 -3.000000e+00
      vertex   9.376499e+01 5.384454e+01 -3.000000e+00
      vertex   9.614157e+01 5.690506e+01 -3.000000e+00
    endloop
  endfacet
  facet normal 0.000000e+00 0.000000e+00 1.000000e+00
    outer loop
      vertex   9.312001e+01 5.883020e+01 -3.000000e+00
      vertex   9.614157e+01 5.690506e+01 -3.000000e+00
      vertex   9.608530e+01 5.712877e+01 -3.000000e+00
    endloop
  endfacet
  facet normal 0.000000e+00 0.000000e+00 1.000000e+00
    outer loop
      vertex   9.376499e+01 5.384454e+01 -3.000000e+00
      vertex   9.402924e+01 5.384454e+01 -3.000000e+00
      vertex   9.614157e+01 5.690506e+01 -3.000000e+00
    endloop
  endfacet
  facet normal 0.000000e+00 0.000000e+00 1.000000e+00
    outer loop
      vertex   9.614157e+01 5.690506e+01 -3.000000e+00
      vertex   9.402924e+01 5.384454e+01 -3.000000e+00
      vertex   9.623798e+01 5.669551e+01 -3.000000e+00
    endloop
  endfacet
  facet normal 0.000000e+00 0.000000e+00 1.000000e+00
    outer loop
      vertex   9.623798e+01 5.669551e+01 -3.000000e+00
      vertex   9.402924e+01 5.384454e+01 -3.000000e+00
      vertex   9.428989e+01 5.380104e+01 -3.000000e+00
    endloop
  endfacet
  facet normal 0.000000e+00 0.000000e+00 1.000000e+00
    outer loop
      vertex   9.623798e+01 5.669551e+01 -3.000000e+00
      vertex   9.428989e+01 5.380104e+01 -3.000000e+00
      vertex   9.637125e+01 5.650724e+01 -3.000000e+00
    endloop
  endfacet
  facet normal 0.000000e+00 0.000000e+00 1.000000e+00
    outer loop
      vertex   9.637125e+01 5.650724e+01 -3.000000e+00
      vertex   9.428989e+01 5.380104e+01 -3.000000e+00
      vertex   9.453983e+01 5.371524e+01 -3.000000e+00
    endloop
  endfacet
  facet normal 0.000000e+00 0.000000e+00 1.000000e+00
    outer loop
      vertex   9.637125e+01 5.650724e+01 -3.000000e+00
      vertex   9.453983e+01 5.371524e+01 -3.000000e+00
      vertex   9.653685e+01 5.634666e+01 -3.000000e+00
    endloop
  endfacet
  facet normal 0.000000e+00 0.000000e+00 1.000000e+00
    outer loop
      vertex   9.653685e+01 5.634666e+01 -3.000000e+00
      vertex   9.453983e+01 5.371524e+01 -3.000000e+00
      vertex   9.477223e+01 5.358947e+01 -3.000000e+00
    endloop
  endfacet
  facet normal 0.000000e+00 0.000000e+00 1.000000e+00
    outer loop
      vertex   9.653685e+01 5.634666e+01 -3.000000e+00
      vertex   9.477223e+01 5.358947e+01 -3.000000e+00
      vertex   9.672914e+01 5.621924e+01 -3.000000e+00
    endloop
  endfacet
  facet normal 0.000000e+00 0.000000e+00 1.000000e+00
    outer loop
      vertex   9.672914e+01 5.621924e+01 -3.000000e+00
      vertex   9.477223e+01 5.358947e+01 -3.000000e+00
      vertex   9.498076e+01 5.342716e+01 -3.000000e+00
    endloop
  endfacet
  facet normal 0.000000e+00 0.000000e+00 1.000000e+00
    outer loop
      vertex   9.672914e+01 5.621924e+01 -3.000000e+00
      vertex   9.498076e+01 5.342716e+01 -3.000000e+00
      vertex   9.694157e+01 5.612933e+01 -3.000000e+00
    endloop
  endfacet
  facet normal 0.000000e+00 0.000000e+00 1.000000e+00
    outer loop
      vertex   9.694157e+01 5.612933e+01 -3.000000e+00
      vertex   9.498076e+01 5.342716e+01 -3.000000e+00
      vertex   9.515974e+01 5.323274e+01 -3.000000e+00
    endloop
  endfacet
  facet normal 0.000000e+00 0.000000e+00 1.000000e+00
    outer loop
      vertex   9.694157e+01 5.612933e+01 -3.000000e+00
      vertex   9.515974e+01 5.323274e+01 -3.000000e+00
      vertex   9.716690e+01 5.607998e+01 -3.000000e+00
    endloop
  endfacet
  facet normal 0.000000e+00 0.000000e+00 1.000000e+00
    outer loop
      vertex   9.716690e+01 5.607998e+01 -3.000000e+00
      vertex   9.515974e+01 5.323274e+01 -3.000000e+00
      vertex   9.530427e+01 5.301152e+01 -3.000000e+00
    endloop
  endfacet
  facet normal 0.000000e+00 0.000000e+00 1.000000e+00
    outer loop
      vertex   9.716690e+01 5.607998e+01 -3.000000e+00
      vertex   9.530427e+01 5.301152e+01 -3.000000e+00
      vertex   9.883441e+01 5.313104e+01 -3.000000e+00
    endloop
  endfacet
  facet normal 0.000000e+00 0.000000e+00 1.000000e+00
    outer loop
      vertex   9.883441e+01 5.313104e+01 -3.000000e+00
      vertex   9.530427e+01 5.301152e+01 -3.000000e+00
      vertex   9.541042e+01 5.276952e+01 -3.000000e+00
    endloop
  endfacet
  facet normal 0.000000e+00 0.000000e+00 1.000000e+00
    outer loop
      vertex   9.883441e+01 5.313104e+01 -3.000000e+00
      vertex   9.541042e+01 5.276952e+01 -3.000000e+00
      vertex   9.877128e+01 5.290918e+01 -3.000000e+00
    endloop
  endfacet
  facet normal 0.000000e+00 0.000000e+00 1.000000e+00
    outer loop
      vertex   9.877128e+01 5.290918e+01 -3.000000e+00
      vertex   9.541042e+01 5.276952e+01 -3.000000e+00
      vertex   9.547529e+01 5.251335e+01 -3.000000e+00
    endloop
  endfacet
  facet normal 0.000000e+00 0.000000e+00 1.000000e+00
    outer loop
      vertex   9.877128e+01 5.290918e+01 -3.000000e+00
      vertex   9.547529e+01 5.251335e+01 -3.000000e+00
      vertex   9.875000e+01 5.267949e+01 -3.000000e+00
    endloop
  endfacet
  facet normal 0.000000e+00 0.000000e+00 1.000000e+00
    outer loop
      vertex   9.875000e+01 5.267949e+01 -3.000000e+00
      vertex   9.547529e+01 5.251335e+01 -3.000000e+00
      vertex   9.549711e+01 5.225000e+01 -3.000000e+00
    endloop
  endfacet
  facet normal 0.000000e+00 0.000000e+00 1.000000e+00
    outer loop
      vertex   9.875000e+01 5.267949e+01 -3.000000e+00
      vertex   9.549711e+01 5.225000e+01 -3.000000e+00
      vertex   9.877128e+01 5.244981e+01 -3.000000e+00
    endloop
  endfacet
  facet normal 0.000000e+00 0.000000e+00 1.000000e+00
    outer loop
      vertex   9.877128e+01 5.244981e+01 -3.000000e+00
      vertex   9.549711e+01 5.225000e+01 -3.000000e+00
      vertex   9.547529e+01 5.198665e+01 -3.000000e+00
    endloop
  endfacet
  facet normal 0.000000e+00 0.000000e+00 1.000000e+00
    outer loop
      vertex   9.877128e+01 5.244981e+01 -3.000000e+00
      vertex   9.547529e+01 5.198665e+01 -3.000000e+00
      vertex   9.883441e+01 5.222794e+01 -3.000000e+00
    endloop
  endfacet
  facet normal 0.000000e+00 0.000000e+00 1.000000e+00
    outer loop
      vertex   9.883441e+01 5.222794e+01 -3.000000e+00
      vertex   9.547529e+01 5.198665e+01 -3.000000e+00
      vertex   9.541042e+01 5.173048e+01 -3.000000e+00
    endloop
  endfacet
  facet normal 0.000000e+00 0.000000e+00 1.000000e+00
    outer loop
      vertex   9.883441e+01 5.222794e+01 -3.000000e+00
      vertex   9.541042e+01 5.173048e+01 -3.000000e+00
      vertex   9.893723e+01 5.202145e+01 -3.000000e+00
    endloop
  endfacet
  facet normal 0.000000e+00 0.000000e+00 1.000000e+00
    outer loop
      vertex   9.893723e+01 5.202145e+01 -3.000000e+00
      vertex   9.541042e+01 5.173048e+01 -3.000000e+00
      vertex   9.530427e+01 5.148848e+01 -3.000000e+00
    endloop
  endfacet
  facet normal 0.000000e+00 0.000000e+00 1.000000e+00
    outer loop
      vertex   9.893723e+01 5.202145e+01 -3.000000e+00
      vertex   9.530427e+01 5.148848e+01 -3.000000e+00
      vertex   9.907624e+01 5.183737e+01 -3.000000e+00
    endloop
  endfacet
  facet normal 0.000000e+00 0.000000e+00 1.000000e+00
    outer loop
      vertex   9.907624e+01 5.183737e+01 -3.000000e+00
      vertex   9.530427e+01 5.148848e+01 -3.000000e+00
      vertex   9.951704e+01 5.012941e+01 -3.000000e+00
    endloop
  endfacet
  facet normal 0.000000e+00 0.000000e+00 1.000000e+00
    outer loop
      vertex   9.907624e+01 5.183737e+01 -3.000000e+00
      vertex   9.951704e+01 5.012941e+01 -3.000000e+00
      vertex   9.924671e+01 5.168197e+01 -3.000000e+00
    endloop
  endfacet
  facet normal 0.000000e+00 0.000000e+00 1.000000e+00
    outer loop
      vertex   9.924671e+01 5.168197e+01 -3.000000e+00
      vertex   9.951704e+01 5.012941e+01 -3.000000e+00
      vertex   9.956699e+01 5.025000e+01 -3.000000e+00
    endloop
  endfacet
  facet normal 0.000000e+00 0.000000e+00 1.000000e+00
    outer loop
      vertex   9.924671e+01 5.168197e+01 -3.000000e+00
      vertex   9.956699e+01 5.025000e+01 -3.000000e+00
      vertex   9.944283e+01 5.156054e+01 -3.000000e+00
    endloop
  endfacet
  facet normal 0.000000e+00 0.000000e+00 1.000000e+00
    outer loop
      vertex   9.944283e+01 5.156054e+01 -3.000000e+00
      vertex   9.956699e+01 5.025000e+01 -3.000000e+00
      vertex   9.964645e+01 5.035355e+01 -3.000000e+00
    endloop
  endfacet
  facet normal 0.000000e+00 0.000000e+00 1.000000e+00
    outer loop
      vertex   9.944283e+01 5.156054e+01 -3.000000e+00
      vertex   9.964645e+01 5.035355e+01 -3.000000e+00
      vertex   9.975000e+01 5.043301e+01 -3.000000e+00
    endloop
  endfacet
  facet normal 0.000000e+00 0.000000e+00 1.000000e+00
    outer loop
      vertex   9.951704e+01 5.012941e+01 -3.000000e+00
      vertex   9.530427e+01 5.148848e+01 -3.000000e+00
      vertex   9.950000e+01 5.000000e+01 -3.000000e+00
    endloop
  endfacet
  facet normal 0.000000e+00 0.000000e+00 1.000000e+00
    outer loop
      vertex   9.950000e+01 5.000000e+01 -3.000000e+00
      vertex   9.530427e+01 5.148848e+01 -3.000000e+00
      vertex   9.515974e+01 5.126726e+01 -3.000000e+00
    endloop
  endfacet
  facet normal 0.000000e+00 0.000000e+00 1.000000e+00
    outer loop
      vertex   9.950000e+01 5.000000e+01 -3.000000e+00
      vertex   9.515974e+01 5.126726e+01 -3.000000e+00
      vertex   9.951704e+01 4.987059e+01 -3.000000e+00
    endloop
  endfacet
  facet normal 0.000000e+00 0.000000e+00 1.000000e+00
    outer loop
      vertex   9.951704e+01 4.987059e+01 -3.000000e+00
      vertex   9.515974e+01 5.126726e+01 -3.000000e+00
      vertex   9.905074e+01 4.813378e+01 -3.000000e+00
    endloop
  endfacet
  facet normal 0.000000e+00 0.000000e+00 1.000000e+00
    outer loop
      vertex   9.951704e+01 4.987059e+01 -3.000000e+00
      vertex   9.905074e+01 4.813378e+01 -3.000000e+00
      vertex   9.921635e+01 4.829436e+01 -3.000000e+00
    endloop
  endfacet
  facet normal 0.000000e+00 0.000000e+00 1.000000e+00
    outer loop
      vertex   9.905074e+01 4.813378e+01 -3.000000e+00
      vertex   9.515974e+01 5.126726e+01 -3.000000e+00
      vertex   9.891747e+01 4.794551e+01 -3.000000e+00
    endloop
  endfacet
  facet normal 0.000000e+00 0.000000e+00 1.000000e+00
    outer loop
      vertex   9.891747e+01 4.794551e+01 -3.000000e+00
      vertex   9.515974e+01 5.126726e+01 -3.000000e+00
      vertex   9.498076e+01 5.107284e+01 -3.000000e+00
    endloop
  endfacet
  facet normal 0.000000e+00 0.000000e+00 1.000000e+00
    outer loop
      vertex   9.891747e+01 4.794551e+01 -3.000000e+00
      vertex   9.498076e+01 5.107284e+01 -3.000000e+00
      vertex   9.882106e+01 4.773595e+01 -3.000000e+00
    endloop
  endfacet
  facet normal 0.000000e+00 0.000000e+00 1.000000e+00
    outer loop
      vertex   9.882106e+01 4.773595e+01 -3.000000e+00
      vertex   9.498076e+01 5.107284e+01 -3.000000e+00
      vertex   9.477223e+01 5.091053e+01 -3.000000e+00
    endloop
  endfacet
  facet normal 0.000000e+00 0.000000e+00 1.000000e+00
    outer loop
      vertex   9.882106e+01 4.773595e+01 -3.000000e+00
      vertex   9.477223e+01 5.091053e+01 -3.000000e+00
      vertex   9.453983e+01 5.078476e+01 -3.000000e+00
    endloop
  endfacet
  facet normal 0.000000e+00 0.000000e+00 1.000000e+00
    outer loop
      vertex   9.882106e+01 4.773595e+01 -3.000000e+00
      vertex   9.453983e+01 5.078476e+01 -3.000000e+00
      vertex   9.876479e+01 4.751225e+01 -3.000000e+00
    endloop
  endfacet
  facet normal 0.000000e+00 0.000000e+00 1.000000e+00
    outer loop
      vertex   9.876479e+01 4.751225e+01 -3.000000e+00
      vertex   9.453983e+01 5.078476e+01 -3.000000e+00
      vertex   9.428989e+01 5.069896e+01 -3.000000e+00
    endloop
  endfacet
  facet normal 0.000000e+00 0.000000e+00 1.000000e+00
    outer loop
      vertex   9.876479e+01 4.751225e+01 -3.000000e+00
      vertex   9.428989e+01 5.069896e+01 -3.000000e+00
      vertex   9.875059e+01 4.728201e+01 -3.000000e+00
    endloop
  endfacet
  facet normal 0.000000e+00 0.000000e+00 1.000000e+00
    outer loop
      vertex   9.875059e+01 4.728201e+01 -3.000000e+00
      vertex   9.428989e+01 5.069896e+01 -3.000000e+00
      vertex   9.151331e+01 4.601952e+01 -3.000000e+00
    endloop
  endfacet
  facet normal 0.000000e+00 0.000000e+00 1.000000e+00
    outer loop
      vertex   9.875059e+01 4.728201e+01 -3.000000e+00
      vertex   9.151331e+01 4.601952e+01 -3.000000e+00
      vertex   9.669551e+01 4.376202e+01 -3.000000e+00
    endloop
  endfacet
  facet normal 0.000000e+00 0.000000e+00 1.000000e+00
    outer loop
      vertex   9.669551e+01 4.376202e+01 -3.000000e+00
      vertex   9.151331e+01 4.601952e+01 -3.000000e+00
      vertex   9.157818e+01 4.576335e+01 -3.000000e+00
    endloop
  endfacet
  facet normal 0.000000e+00 0.000000e+00 1.000000e+00
    outer loop
      vertex   9.669551e+01 4.376202e+01 -3.000000e+00
      vertex   9.157818e+01 4.576335e+01 -3.000000e+00
      vertex   9.650724e+01 4.362875e+01 -3.000000e+00
    endloop
  endfacet
  facet normal 0.000000e+00 0.000000e+00 1.000000e+00
    outer loop
      vertex   9.650724e+01 4.362875e+01 -3.000000e+00
      vertex   9.157818e+01 4.576335e+01 -3.000000e+00
      vertex   9.160000e+01 4.550000e+01 -3.000000e+00
    endloop
  endfacet
  facet normal 0.000000e+00 0.000000e+00 1.000000e+00
    outer loop
      vertex   9.650724e+01 4.362875e+01 -3.000000e+00
      vertex   9.160000e+01 4.550000e+01 -3.000000e+00
      vertex   9.634666e+01 4.346315e+01 -3.000000e+00
    endloop
  endfacet
  facet normal 0.000000e+00 0.000000e+00 1.000000e+00
    outer loop
      vertex   9.634666e+01 4.346315e+01 -3.000000e+00
      vertex   9.160000e+01 4.550000e+01 -3.000000e+00
      vertex   9.157818e+01 4.523665e+01 -3.000000e+00
    endloop
  endfacet
  facet normal 0.000000e+00 0.000000e+00 1.000000e+00
    outer loop
      vertex   9.634666e+01 4.346315e+01 -3.000000e+00
      vertex   9.157818e+01 4.523665e+01 -3.000000e+00
      vertex   9.621924e+01 4.327086e+01 -3.000000e+00
    endloop
  endfacet
  facet normal 0.000000e+00 0.000000e+00 1.000000e+00
    outer loop
      vertex   9.621924e+01 4.327086e+01 -3.000000e+00
      vertex   9.157818e+01 4.523665e+01 -3.000000e+00
      vertex   9.151331e+01 4.498048e+01 -3.000000e+00
    endloop
  endfacet
  facet normal 0.000000e+00 0.000000e+00 1.000000e+00
    outer loop
      vertex   9.621924e+01 4.327086e+01 -3.000000e+00
      vertex   9.151331e+01 4.498048e+01 -3.000000e+00
      vertex   9.612933e+01 4.305843e+01 -3.000000e+00
    endloop
  endfacet
  facet normal 0.000000e+00 0.000000e+00 1.000000e+00
    outer loop
      vertex   9.612933e+01 4.305843e+01 -3.000000e+00
      vertex   9.151331e+01 4.498048e+01 -3.000000e+00
      vertex   9.140716e+01 4.473848e+01 -3.000000e+00
    endloop
  endfacet
  facet normal 0.000000e+00 0.000000e+00 1.000000e+00
    outer loop
      vertex   9.612933e+01 4.305843e+01 -3.000000e+00
      vertex   9.140716e+01 4.473848e+01 -3.000000e+00
      vertex   9.290918e+01 4.122872e+01 -3.000000e+00
    endloop
  endfacet
  facet normal 0.000000e+00 0.000000e+00 1.000000e+00
    outer loop
      vertex   9.290918e+01 4.122872e+01 -3.000000e+00
      vertex   9.140716e+01 4.473848e+01 -3.000000e+00
      vertex   9.126262e+01 4.451726e+01 -3.000000e+00
    endloop
  endfacet
  facet normal 0.000000e+00 0.000000e+00 1.000000e+00
    outer loop
      vertex   9.290918e+01 4.122872e+01 -3.000000e+00
      vertex   9.126262e+01 4.451726e+01 -3.000000e+00
      vertex   9.267949e+01 4.125000e+01 -3.000000e+00
    endloop
  endfacet
  facet normal 0.000000e+00 0.000000e+00 1.000000e+00
    outer loop
      vertex   9.267949e+01 4.125000e+01 -3.000000e+00
      vertex   9.126262e+01 4.451726e+01 -3.000000e+00
      vertex   9.108365e+01 4.432284e+01 -3.000000e+00
    endloop
  endfacet
  facet normal 0.000000e+00 0.000000e+00 1.000000e+00
    outer loop
      vertex   9.267949e+01 4.125000e+01 -3.000000e+00
      vertex   9.108365e+01 4.432284e+01 -3.000000e+00
      vertex   9.244981e+01 4.122872e+01 -3.000000e+00
    endloop
  endfacet
  facet normal 0.000000e+00 0.000000e+00 1.000000e+00
    outer loop
      vertex   9.244981e+01 4.122872e+01 -3.000000e+00
      vertex   9.108365e+01 4.432284e+01 -3.000000e+00
      vertex   9.087512e+01 4.416053e+01 -3.000000e+00
    endloop
  endfacet
  facet normal 0.000000e+00 0.000000e+00 1.000000e+00
    outer loop
      vertex   9.244981e+01 4.122872e+01 -3.000000e+00
      vertex   9.087512e+01 4.416053e+01 -3.000000e+00
      vertex   9.222794e+01 4.116559e+01 -3.000000e+00
    endloop
  endfacet
  facet normal 0.000000e+00 0.000000e+00 1.000000e+00
    outer loop
      vertex   9.222794e+01 4.116559e+01 -3.000000e+00
      vertex   9.087512e+01 4.416053e+01 -3.000000e+00
      vertex   9.064271e+01 4.403476e+01 -3.000000e+00
    endloop
  endfacet
  facet normal 0.000000e+00 0.000000e+00 1.000000e+00
    outer loop
      vertex   9.222794e+01 4.116559e+01 -3.000000e+00
      vertex   9.064271e+01 4.403476e+01 -3.000000e+00
      vertex   9.202145e+01 4.106277e+01 -3.000000e+00
    endloop
  endfacet
  facet normal 0.000000e+00 0.000000e+00 1.000000e+00
    outer loop
      vertex   9.202145e+01 4.106277e+01 -3.000000e+00
      vertex   9.064271e+01 4.403476e+01 -3.000000e+00
      vertex   9.039278e+01 4.394896e+01 -3.000000e+00
    endloop
  endfacet
  facet normal 0.000000e+00 0.000000e+00 1.000000e+00
    outer loop
      vertex   9.202145e+01 4.106277e+01 -3.000000e+00
      vertex   9.039278e+01 4.394896e+01 -3.000000e+00
      vertex   9.183737e+01 4.092376e+01 -3.000000e+00
    endloop
  endfacet
  facet normal 0.000000e+00 0.000000e+00 1.000000e+00
    outer loop
      vertex   9.183737e+01 4.092376e+01 -3.000000e+00
      vertex   9.039278e+01 4.394896e+01 -3.000000e+00
      vertex   9.013213e+01 4.390546e+01 -3.000000e+00
    endloop
  endfacet
  facet normal 0.000000e+00 0.000000e+00 1.000000e+00
    outer loop
      vertex   9.183737e+01 4.092376e+01 -3.000000e+00
      vertex   9.013213e+01 4.390546e+01 -3.000000e+00
      vertex   9.168197e+01 4.075329e+01 -3.000000e+00
    endloop
  endfacet
  facet normal 0.000000e+00 0.000000e+00 1.000000e+00
    outer loop
      vertex   9.168197e+01 4.075329e+01 -3.000000e+00
      vertex   9.013213e+01 4.390546e+01 -3.000000e+00
      vertex   8.986787e+01 4.390546e+01 -3.000000e+00
    endloop
  endfacet
  facet normal 0.000000e+00 0.000000e+00 1.000000e+00
    outer loop
      vertex   9.168197e+01 4.075329e+01 -3.000000e+00
      vertex   8.986787e+01 4.390546e+01 -3.000000e+00
      vertex   8.829436e+01 4.078365e+01 -3.000000e+00
    endloop
  endfacet
  facet normal 0.000000e+00 -0.000000e+00 1.000000e+00
    outer loop
      vertex   8.829436e+01 4.078365e+01 -3.000000e+00
      vertex   8.986787e+01 4.390546e+01 -3.000000e+00
      vertex   8.813378e+01 4.094926e+01 -3.000000e+00
    endloop
  endfacet
  facet normal 0.000000e+00 0.000000e+00 1.000000e+00
    outer loop
      vertex   8.813378e+01 4.094926e+01 -3.000000e+00
      vertex   8.986787e+01 4.390546e+01 -3.000000e+00
      vertex   8.960722e+01 4.394896e+01 -3.000000e+00
    endloop
  endfacet
  facet normal 0.000000e+00 -0.000000e+00 1.000000e+00
    outer loop
      vertex   8.813378e+01 4.094926e+01 -3.000000e+00
      vertex   8.960722e+01 4.394896e+01 -3.000000e+00
      vertex   8.794551e+01 4.108253e+01 -3.000000e+00
    endloop
  endfacet
  facet normal 0.000000e+00 0.000000e+00 1.000000e+00
    outer loop
      vertex   8.794551e+01 4.108253e+01 -3.000000e+00
      vertex   8.960722e+01 4.394896e+01 -3.000000e+00
      vertex   8.935729e+01 4.403476e+01 -3.000000e+00
    endloop
  endfacet
  facet normal 0.000000e+00 -0.000000e+00 1.000000e+00
    outer loop
      vertex   8.794551e+01 4.108253e+01 -3.000000e+00
      vertex   8.935729e+01 4.403476e+01 -3.000000e+00
      vertex   8.773595e+01 4.117894e+01 -3.000000e+00
    endloop
  endfacet
  facet normal 0.000000e+00 0.000000e+00 1.000000e+00
    outer loop
      vertex   8.773595e+01 4.117894e+01 -3.000000e+00
      vertex   8.935729e+01 4.403476e+01 -3.000000e+00
      vertex   8.912488e+01 4.416053e+01 -3.000000e+00
    endloop
  endfacet
  facet normal 0.000000e+00 -0.000000e+00 1.000000e+00
    outer loop
      vertex   8.773595e+01 4.117894e+01 -3.000000e+00
      vertex   8.912488e+01 4.416053e+01 -3.000000e+00
      vertex   8.751225e+01 4.123521e+01 -3.000000e+00
    endloop
  endfacet
  facet normal 0.000000e+00 0.000000e+00 1.000000e+00
    outer loop
      vertex   8.751225e+01 4.123521e+01 -3.000000e+00
      vertex   8.912488e+01 4.416053e+01 -3.000000e+00
      vertex   8.891635e+01 4.432284e+01 -3.000000e+00
    endloop
  endfacet
  facet normal 0.000000e+00 -0.000000e+00 1.000000e+00
    outer loop
      vertex   8.751225e+01 4.123521e+01 -3.000000e+00
      vertex   8.891635e+01 4.432284e+01 -3.000000e+00
      vertex   8.728201e+01 4.124941e+01 -3.000000e+00
    endloop
  endfacet
  facet normal 0.000000e+00 0.000000e+00 1.000000e+00
    outer loop
      vertex   8.728201e+01 4.124941e+01 -3.000000e+00
      vertex   8.891635e+01 4.432284e+01 -3.000000e+00
      vertex   8.873738e+01 4.451726e+01 -3.000000e+00
    endloop
  endfacet
  facet normal 0.000000e+00 -0.000000e+00 1.000000e+00
    outer loop
      vertex   8.728201e+01 4.124941e+01 -3.000000e+00
      vertex   8.873738e+01 4.451726e+01 -3.000000e+00
      vertex   8.705309e+01 4.122106e+01 -3.000000e+00
    endloop
  endfacet
  facet normal 0.000000e+00 0.000000e+00 1.000000e+00
    outer loop
      vertex   8.705309e+01 4.122106e+01 -3.000000e+00
      vertex   8.873738e+01 4.451726e+01 -3.000000e+00
      vertex   8.859284e+01 4.473848e+01 -3.000000e+00
    endloop
  endfacet
  facet normal 0.000000e+00 -0.000000e+00 1.000000e+00
    outer loop
      vertex   8.705309e+01 4.122106e+01 -3.000000e+00
      vertex   8.859284e+01 4.473848e+01 -3.000000e+00
      vertex   8.385843e+01 4.309494e+01 -3.000000e+00
    endloop
  endfacet
  facet normal 0.000000e+00 0.000000e+00 1.000000e+00
    outer loop
      vertex   8.385843e+01 4.309494e+01 -3.000000e+00
      vertex   8.859284e+01 4.473848e+01 -3.000000e+00
      vertex   8.848669e+01 4.498048e+01 -3.000000e+00
    endloop
  endfacet
  facet normal 0.000000e+00 -0.000000e+00 1.000000e+00
    outer loop
      vertex   8.385843e+01 4.309494e+01 -3.000000e+00
      vertex   8.848669e+01 4.498048e+01 -3.000000e+00
      vertex   8.376202e+01 4.330449e+01 -3.000000e+00
    endloop
  endfacet
  facet normal 0.000000e+00 0.000000e+00 1.000000e+00
    outer loop
      vertex   8.376202e+01 4.330449e+01 -3.000000e+00
      vertex   8.848669e+01 4.498048e+01 -3.000000e+00
      vertex   8.842182e+01 4.523665e+01 -3.000000e+00
    endloop
  endfacet
  facet normal 0.000000e+00 -0.000000e+00 1.000000e+00
    outer loop
      vertex   8.376202e+01 4.330449e+01 -3.000000e+00
      vertex   8.842182e+01 4.523665e+01 -3.000000e+00
      vertex   8.362875e+01 4.349276e+01 -3.000000e+00
    endloop
  endfacet
  facet normal 0.000000e+00 0.000000e+00 1.000000e+00
    outer loop
      vertex   8.362875e+01 4.349276e+01 -3.000000e+00
      vertex   8.842182e+01 4.523665e+01 -3.000000e+00
      vertex   8.840000e+01 4.550000e+01 -3.000000e+00
    endloop
  endfacet
  facet normal 0.000000e+00 -0.000000e+00 1.000000e+00
    outer loop
      vertex   8.362875e+01 4.349276e+01 -3.000000e+00
      vertex   8.840000e+01 4.550000e+01 -3.000000e+00
      vertex   8.346315e+01 4.365334e+01 -3.000000e+00
    endloop
  endfacet
  facet normal 0.000000e+00 0.000000e+00 1.000000e+00
    outer loop
      vertex   8.346315e+01 4.365334e+01 -3.000000e+00
      vertex   8.840000e+01 4.550000e+01 -3.000000e+00
      vertex   8.842182e+01 4.576335e+01 -3.000000e+00
    endloop
  endfacet
  facet normal 0.000000e+00 -0.000000e+00 1.000000e+00
    outer loop
      vertex   8.346315e+01 4.365334e+01 -3.000000e+00
      vertex   8.842182e+01 4.576335e+01 -3.000000e+00
      vertex   8.327086e+01 4.378076e+01 -3.000000e+00
    endloop
  endfacet
  facet normal 0.000000e+00 0.000000e+00 1.000000e+00
    outer loop
      vertex   8.327086e+01 4.378076e+01 -3.000000e+00
      vertex   8.842182e+01 4.576335e+01 -3.000000e+00
      vertex   8.848669e+01 4.601952e+01 -3.000000e+00
    endloop
  endfacet
  facet normal 0.000000e+00 -0.000000e+00 1.000000e+00
    outer loop
      vertex   8.327086e+01 4.378076e+01 -3.000000e+00
      vertex   8.848669e+01 4.601952e+01 -3.000000e+00
      vertex   8.125000e+01 4.732051e+01 -3.000000e+00
    endloop
  endfacet
  facet normal -0.000000e+00 0.000000e+00 1.000000e+00
    outer loop
      vertex   8.125000e+01 4.732051e+01 -3.000000e+00
      vertex   8.848669e+01 4.601952e+01 -3.000000e+00
      vertex   8.571011e+01 5.069896e+01 -3.000000e+00
    endloop
  endfacet
  facet normal 0.000000e+00 0.000000e+00 1.000000e+00
    outer loop
      vertex   8.125000e+01 4.732051e+01 -3.000000e+00
      vertex   8.571011e+01 5.069896e+01 -3.000000e+00
      vertex   8.546017e+01 5.078476e+01 -3.000000e+00
    endloop
  endfacet
  facet normal 0.000000e+00 0.000000e+00 1.000000e+00
    outer loop
      vertex   9.428989e+01 5.069896e+01 -3.000000e+00
      vertex   9.402924e+01 5.065546e+01 -3.000000e+00
      vertex   9.151331e+01 4.601952e+01 -3.000000e+00
    endloop
  endfacet
  facet normal 0.000000e+00 -0.000000e+00 1.000000e+00
    outer loop
      vertex   9.151331e+01 4.601952e+01 -3.000000e+00
      vertex   9.402924e+01 5.065546e+01 -3.000000e+00
      vertex   9.140716e+01 4.626152e+01 -3.000000e+00
    endloop
  endfacet
  facet normal 0.000000e+00 0.000000e+00 1.000000e+00
    outer loop
      vertex   9.140716e+01 4.626152e+01 -3.000000e+00
      vertex   9.402924e+01 5.065546e+01 -3.000000e+00
      vertex   9.376499e+01 5.065546e+01 -3.000000e+00
    endloop
  endfacet
  facet normal 0.000000e+00 0.000000e+00 1.000000e+00
    outer loop
      vertex   8.452471e+01 5.251335e+01 -3.000000e+00
      vertex   8.124941e+01 5.271799e+01 -3.000000e+00
      vertex   8.450289e+01 5.225000e+01 -3.000000e+00
    endloop
  endfacet
  facet normal 0.000000e+00 0.000000e+00 1.000000e+00
    outer loop
      vertex   8.450289e+01 5.225000e+01 -3.000000e+00
      vertex   8.124941e+01 5.271799e+01 -3.000000e+00
      vertex   8.123521e+01 5.248775e+01 -3.000000e+00
    endloop
  endfacet
  facet normal 0.000000e+00 0.000000e+00 1.000000e+00
    outer loop
      vertex   8.450289e+01 5.225000e+01 -3.000000e+00
      vertex   8.123521e+01 5.248775e+01 -3.000000e+00
      vertex   8.452471e+01 5.198665e+01 -3.000000e+00
    endloop
  endfacet
  facet normal 0.000000e+00 0.000000e+00 1.000000e+00
    outer loop
      vertex   8.452471e+01 5.198665e+01 -3.000000e+00
      vertex   8.123521e+01 5.248775e+01 -3.000000e+00
      vertex   8.117894e+01 5.226405e+01 -3.000000e+00
    endloop
  endfacet
  facet normal 0.000000e+00 0.000000e+00 1.000000e+00
    outer loop
      vertex   8.452471e+01 5.198665e+01 -3.000000e+00
      vertex   8.117894e+01 5.226405e+01 -3.000000e+00
      vertex   8.458958e+01 5.173048e+01 -3.000000e+00
    endloop
  endfacet
  facet normal 0.000000e+00 0.000000e+00 1.000000e+00
    outer loop
      vertex   8.458958e+01 5.173048e+01 -3.000000e+00
      vertex   8.117894e+01 5.226405e+01 -3.000000e+00
      vertex   8.108253e+01 5.205449e+01 -3.000000e+00
    endloop
  endfacet
  facet normal 0.000000e+00 0.000000e+00 1.000000e+00
    outer loop
      vertex   8.458958e+01 5.173048e+01 -3.000000e+00
      vertex   8.108253e+01 5.205449e+01 -3.000000e+00
      vertex   8.469573e+01 5.148848e+01 -3.000000e+00
    endloop
  endfacet
  facet normal 0.000000e+00 0.000000e+00 1.000000e+00
    outer loop
      vertex   8.469573e+01 5.148848e+01 -3.000000e+00
      vertex   8.108253e+01 5.205449e+01 -3.000000e+00
      vertex   8.094926e+01 5.186622e+01 -3.000000e+00
    endloop
  endfacet
  facet normal 0.000000e+00 0.000000e+00 1.000000e+00
    outer loop
      vertex   8.469573e+01 5.148848e+01 -3.000000e+00
      vertex   8.094926e+01 5.186622e+01 -3.000000e+00
      vertex   8.092376e+01 4.816263e+01 -3.000000e+00
    endloop
  endfacet
  facet normal 0.000000e+00 -0.000000e+00 1.000000e+00
    outer loop
      vertex   8.092376e+01 4.816263e+01 -3.000000e+00
      vertex   8.094926e+01 5.186622e+01 -3.000000e+00
      vertex   8.078365e+01 5.170564e+01 -3.000000e+00
    endloop
  endfacet
  facet normal 0.000000e+00 0.000000e+00 1.000000e+00
    outer loop
      vertex   8.092376e+01 4.816263e+01 -3.000000e+00
      vertex   8.078365e+01 5.170564e+01 -3.000000e+00
      vertex   8.075329e+01 4.831803e+01 -3.000000e+00
    endloop
  endfacet
  facet normal 0.000000e+00 -0.000000e+00 1.000000e+00
    outer loop
      vertex   8.075329e+01 4.831803e+01 -3.000000e+00
      vertex   8.078365e+01 5.170564e+01 -3.000000e+00
      vertex   8.059137e+01 5.157823e+01 -3.000000e+00
    endloop
  endfacet
  facet normal 0.000000e+00 0.000000e+00 1.000000e+00
    outer loop
      vertex   8.075329e+01 4.831803e+01 -3.000000e+00
      vertex   8.059137e+01 5.157823e+01 -3.000000e+00
      vertex   8.055717e+01 4.843946e+01 -3.000000e+00
    endloop
  endfacet
  facet normal 0.000000e+00 -0.000000e+00 1.000000e+00
    outer loop
      vertex   8.055717e+01 4.843946e+01 -3.000000e+00
      vertex   8.059137e+01 5.157823e+01 -3.000000e+00
      vertex   8.037894e+01 5.148831e+01 -3.000000e+00
    endloop
  endfacet
  facet normal 0.000000e+00 0.000000e+00 1.000000e+00
    outer loop
      vertex   8.055717e+01 4.843946e+01 -3.000000e+00
      vertex   8.037894e+01 5.148831e+01 -3.000000e+00
      vertex   8.034208e+01 4.852279e+01 -3.000000e+00
    endloop
  endfacet
  facet normal 0.000000e+00 -0.000000e+00 1.000000e+00
    outer loop
      vertex   8.034208e+01 4.852279e+01 -3.000000e+00
      vertex   8.037894e+01 5.148831e+01 -3.000000e+00
      vertex   8.015361e+01 5.143897e+01 -3.000000e+00
    endloop
  endfacet
  facet normal 0.000000e+00 0.000000e+00 1.000000e+00
    outer loop
      vertex   8.034208e+01 4.852279e+01 -3.000000e+00
      vertex   8.015361e+01 5.143897e+01 -3.000000e+00
      vertex   8.011534e+01 4.856518e+01 -3.000000e+00
    endloop
  endfacet
  facet normal 0.000000e+00 -0.000000e+00 1.000000e+00
    outer loop
      vertex   8.011534e+01 4.856518e+01 -3.000000e+00
      vertex   8.015361e+01 5.143897e+01 -3.000000e+00
      vertex   7.992305e+01 5.143186e+01 -3.000000e+00
    endloop
  endfacet
  facet normal 0.000000e+00 0.000000e+00 1.000000e+00
    outer loop
      vertex   8.011534e+01 4.856518e+01 -3.000000e+00
      vertex   7.992305e+01 5.143186e+01 -3.000000e+00
      vertex   7.988466e+01 4.856518e+01 -3.000000e+00
    endloop
  endfacet
  facet normal 0.000000e+00 -0.000000e+00 1.000000e+00
    outer loop
      vertex   7.988466e+01 4.856518e+01 -3.000000e+00
      vertex   7.992305e+01 5.143186e+01 -3.000000e+00
      vertex   7.969511e+01 5.146725e+01 -3.000000e+00
    endloop
  endfacet
  facet normal 0.000000e+00 0.000000e+00 1.000000e+00
    outer loop
      vertex   7.988466e+01 4.856518e+01 -3.000000e+00
      vertex   7.969511e+01 5.146725e+01 -3.000000e+00
      vertex   7.965792e+01 4.852279e+01 -3.000000e+00
    endloop
  endfacet
  facet normal 0.000000e+00 -0.000000e+00 1.000000e+00
    outer loop
      vertex   7.965792e+01 4.852279e+01 -3.000000e+00
      vertex   7.969511e+01 5.146725e+01 -3.000000e+00
      vertex   7.947755e+01 5.154391e+01 -3.000000e+00
    endloop
  endfacet
  facet normal 0.000000e+00 0.000000e+00 1.000000e+00
    outer loop
      vertex   7.965792e+01 4.852279e+01 -3.000000e+00
      vertex   7.947755e+01 5.154391e+01 -3.000000e+00
      vertex   7.739865e+01 5.018853e+01 -3.000000e+00
    endloop
  endfacet
  facet normal 0.000000e+00 0.000000e+00 1.000000e+00
    outer loop
      vertex   7.739865e+01 5.018853e+01 -3.000000e+00
      vertex   7.947755e+01 5.154391e+01 -3.000000e+00
      vertex   7.927778e+01 5.165925e+01 -3.000000e+00
    endloop
  endfacet
  facet normal 0.000000e+00 0.000000e+00 1.000000e+00
    outer loop
      vertex   7.739865e+01 5.018853e+01 -3.000000e+00
      vertex   7.927778e+01 5.165925e+01 -3.000000e+00
      vertex   7.743248e+01 5.094181e+01 -3.000000e+00
    endloop
  endfacet
  facet normal 0.000000e+00 0.000000e+00 1.000000e+00
    outer loop
      vertex   7.743248e+01 5.094181e+01 -3.000000e+00
      vertex   7.927778e+01 5.165925e+01 -3.000000e+00
      vertex   7.910261e+01 5.180932e+01 -3.000000e+00
    endloop
  endfacet
  facet normal 0.000000e+00 0.000000e+00 1.000000e+00
    outer loop
      vertex   7.743248e+01 5.094181e+01 -3.000000e+00
      vertex   7.910261e+01 5.180932e+01 -3.000000e+00
      vertex   7.751130e+01 5.169171e+01 -3.000000e+00
    endloop
  endfacet
  facet normal 0.000000e+00 0.000000e+00 1.000000e+00
    outer loop
      vertex   7.751130e+01 5.169171e+01 -3.000000e+00
      vertex   7.910261e+01 5.180932e+01 -3.000000e+00
      vertex   7.895800e+01 5.198904e+01 -3.000000e+00
    endloop
  endfacet
  facet normal 0.000000e+00 0.000000e+00 1.000000e+00
    outer loop
      vertex   7.751130e+01 5.169171e+01 -3.000000e+00
      vertex   7.895800e+01 5.198904e+01 -3.000000e+00
      vertex   7.884887e+01 5.219226e+01 -3.000000e+00
    endloop
  endfacet
  facet normal -0.000000e+00 -0.000000e+00 1.000000e+00
    outer loop
      vertex   8.124941e+01 5.271799e+01 -3.000000e+00
      vertex   8.452471e+01 5.251335e+01 -3.000000e+00
      vertex   8.122106e+01 5.294691e+01 -3.000000e+00
    endloop
  endfacet
  facet normal 0.000000e+00 0.000000e+00 1.000000e+00
    outer loop
      vertex   8.122106e+01 5.294691e+01 -3.000000e+00
      vertex   8.452471e+01 5.251335e+01 -3.000000e+00
      vertex   8.458958e+01 5.276952e+01 -3.000000e+00
    endloop
  endfacet
  facet normal -0.000000e+00 -0.000000e+00 1.000000e+00
    outer loop
      vertex   8.122106e+01 5.294691e+01 -3.000000e+00
      vertex   8.458958e+01 5.276952e+01 -3.000000e+00
      vertex   8.115113e+01 5.316672e+01 -3.000000e+00
    endloop
  endfacet
  facet normal 0.000000e+00 0.000000e+00 1.000000e+00
    outer loop
      vertex   8.115113e+01 5.316672e+01 -3.000000e+00
      vertex   8.458958e+01 5.276952e+01 -3.000000e+00
      vertex   8.469573e+01 5.301152e+01 -3.000000e+00
    endloop
  endfacet
  facet normal -0.000000e+00 0.000000e+00 1.000000e+00
    outer loop
      vertex   8.115113e+01 5.316672e+01 -3.000000e+00
      vertex   8.469573e+01 5.301152e+01 -3.000000e+00
      vertex   8.287123e+01 5.608530e+01 -3.000000e+00
    endloop
  endfacet
  facet normal 0.000000e+00 0.000000e+00 1.000000e+00
    outer loop
      vertex   8.287123e+01 5.608530e+01 -3.000000e+00
      vertex   8.469573e+01 5.301152e+01 -3.000000e+00
      vertex   8.484026e+01 5.323274e+01 -3.000000e+00
    endloop
  endfacet
  facet normal -0.000000e+00 0.000000e+00 1.000000e+00
    outer loop
      vertex   8.287123e+01 5.608530e+01 -3.000000e+00
      vertex   8.484026e+01 5.323274e+01 -3.000000e+00
      vertex   8.309494e+01 5.614157e+01 -3.000000e+00
    endloop
  endfacet
  facet normal 0.000000e+00 0.000000e+00 1.000000e+00
    outer loop
      vertex   8.309494e+01 5.614157e+01 -3.000000e+00
      vertex   8.484026e+01 5.323274e+01 -3.000000e+00
      vertex   8.501924e+01 5.342716e+01 -3.000000e+00
    endloop
  endfacet
  facet normal -0.000000e+00 0.000000e+00 1.000000e+00
    outer loop
      vertex   8.309494e+01 5.614157e+01 -3.000000e+00
      vertex   8.501924e+01 5.342716e+01 -3.000000e+00
      vertex   8.330449e+01 5.623798e+01 -3.000000e+00
    endloop
  endfacet
  facet normal 0.000000e+00 0.000000e+00 1.000000e+00
    outer loop
      vertex   8.330449e+01 5.623798e+01 -3.000000e+00
      vertex   8.501924e+01 5.342716e+01 -3.000000e+00
      vertex   8.522777e+01 5.358947e+01 -3.000000e+00
    endloop
  endfacet
  facet normal -0.000000e+00 0.000000e+00 1.000000e+00
    outer loop
      vertex   8.330449e+01 5.623798e+01 -3.000000e+00
      vertex   8.522777e+01 5.358947e+01 -3.000000e+00
      vertex   8.349276e+01 5.637125e+01 -3.000000e+00
    endloop
  endfacet
  facet normal 0.000000e+00 0.000000e+00 1.000000e+00
    outer loop
      vertex   8.349276e+01 5.637125e+01 -3.000000e+00
      vertex   8.522777e+01 5.358947e+01 -3.000000e+00
      vertex   8.546017e+01 5.371524e+01 -3.000000e+00
    endloop
  endfacet
  facet normal -0.000000e+00 0.000000e+00 1.000000e+00
    outer loop
      vertex   8.349276e+01 5.637125e+01 -3.000000e+00
      vertex   8.546017e+01 5.371524e+01 -3.000000e+00
      vertex   8.365334e+01 5.653685e+01 -3.000000e+00
    endloop
  endfacet
  facet normal 0.000000e+00 0.000000e+00 1.000000e+00
    outer loop
      vertex   8.365334e+01 5.653685e+01 -3.000000e+00
      vertex   8.546017e+01 5.371524e+01 -3.000000e+00
      vertex   8.571011e+01 5.380104e+01 -3.000000e+00
    endloop
  endfacet
  facet normal -0.000000e+00 0.000000e+00 1.000000e+00
    outer loop
      vertex   8.365334e+01 5.653685e+01 -3.000000e+00
      vertex   8.571011e+01 5.380104e+01 -3.000000e+00
      vertex   8.378076e+01 5.672914e+01 -3.000000e+00
    endloop
  endfacet
  facet normal 0.000000e+00 0.000000e+00 1.000000e+00
    outer loop
      vertex   8.378076e+01 5.672914e+01 -3.000000e+00
      vertex   8.571011e+01 5.380104e+01 -3.000000e+00
      vertex   8.597076e+01 5.384454e+01 -3.000000e+00
    endloop
  endfacet
  facet normal -0.000000e+00 0.000000e+00 1.000000e+00
    outer loop
      vertex   8.378076e+01 5.672914e+01 -3.000000e+00
      vertex   8.597076e+01 5.384454e+01 -3.000000e+00
      vertex   8.387067e+01 5.694157e+01 -3.000000e+00
    endloop
  endfacet
  facet normal 0.000000e+00 0.000000e+00 1.000000e+00
    outer loop
      vertex   8.387067e+01 5.694157e+01 -3.000000e+00
      vertex   8.597076e+01 5.384454e+01 -3.000000e+00
      vertex   8.623501e+01 5.384454e+01 -3.000000e+00
    endloop
  endfacet
  facet normal -0.000000e+00 0.000000e+00 1.000000e+00
    outer loop
      vertex   8.387067e+01 5.694157e+01 -3.000000e+00
      vertex   8.623501e+01 5.384454e+01 -3.000000e+00
      vertex   8.687999e+01 5.883020e+01 -3.000000e+00
    endloop
  endfacet
  facet normal 0.000000e+00 0.000000e+00 1.000000e+00
    outer loop
      vertex   8.687999e+01 5.883020e+01 -3.000000e+00
      vertex   8.623501e+01 5.384454e+01 -3.000000e+00
      vertex   8.710345e+01 5.876899e+01 -3.000000e+00
    endloop
  endfacet
  facet normal 0.000000e+00 0.000000e+00 1.000000e+00
    outer loop
      vertex   8.710345e+01 5.876899e+01 -3.000000e+00
      vertex   8.623501e+01 5.384454e+01 -3.000000e+00
      vertex   8.649566e+01 5.380104e+01 -3.000000e+00
    endloop
  endfacet
  facet normal 0.000000e+00 0.000000e+00 1.000000e+00
    outer loop
      vertex   8.710345e+01 5.876899e+01 -3.000000e+00
      vertex   8.649566e+01 5.380104e+01 -3.000000e+00
      vertex   8.733436e+01 5.875008e+01 -3.000000e+00
    endloop
  endfacet
  facet normal 0.000000e+00 0.000000e+00 1.000000e+00
    outer loop
      vertex   8.733436e+01 5.875008e+01 -3.000000e+00
      vertex   8.649566e+01 5.380104e+01 -3.000000e+00
      vertex   8.674560e+01 5.371524e+01 -3.000000e+00
    endloop
  endfacet
  facet normal -0.000000e+00 0.000000e+00 1.000000e+00
    outer loop
      vertex   8.733436e+01 5.875008e+01 -3.000000e+00
      vertex   8.674560e+01 5.371524e+01 -3.000000e+00
      vertex   8.756480e+01 5.877410e+01 -3.000000e+00
    endloop
  endfacet
  facet normal 0.000000e+00 0.000000e+00 1.000000e+00
    outer loop
      vertex   8.756480e+01 5.877410e+01 -3.000000e+00
      vertex   8.674560e+01 5.371524e+01 -3.000000e+00
      vertex   8.927086e+01 5.855792e+01 -3.000000e+00
    endloop
  endfacet
  facet normal 0.000000e+00 0.000000e+00 1.000000e+00
    outer loop
      vertex   8.756480e+01 5.877410e+01 -3.000000e+00
      vertex   8.927086e+01 5.855792e+01 -3.000000e+00
      vertex   8.900004e+01 5.868148e+01 -3.000000e+00
    endloop
  endfacet
  facet normal -0.000000e+00 0.000000e+00 1.000000e+00
    outer loop
      vertex   8.674560e+01 5.371524e+01 -3.000000e+00
      vertex   8.697800e+01 5.358947e+01 -3.000000e+00
      vertex   8.927086e+01 5.855792e+01 -3.000000e+00
    endloop
  endfacet
  facet normal 0.000000e+00 0.000000e+00 1.000000e+00
    outer loop
      vertex   8.927086e+01 5.855792e+01 -3.000000e+00
      vertex   8.697800e+01 5.358947e+01 -3.000000e+00
      vertex   8.955651e+01 5.847412e+01 -3.000000e+00
    endloop
  endfacet
  facet normal 0.000000e+00 0.000000e+00 1.000000e+00
    outer loop
      vertex   8.955651e+01 5.847412e+01 -3.000000e+00
      vertex   8.697800e+01 5.358947e+01 -3.000000e+00
      vertex   8.718654e+01 5.342716e+01 -3.000000e+00
    endloop
  endfacet
  facet normal 0.000000e+00 0.000000e+00 1.000000e+00
    outer loop
      vertex   8.955651e+01 5.847412e+01 -3.000000e+00
      vertex   8.718654e+01 5.342716e+01 -3.000000e+00
      vertex   8.985116e+01 5.843179e+01 -3.000000e+00
    endloop
  endfacet
  facet normal 0.000000e+00 0.000000e+00 1.000000e+00
    outer loop
      vertex   8.985116e+01 5.843179e+01 -3.000000e+00
      vertex   8.718654e+01 5.342716e+01 -3.000000e+00
      vertex   8.736551e+01 5.323274e+01 -3.000000e+00
    endloop
  endfacet
  facet normal 0.000000e+00 0.000000e+00 1.000000e+00
    outer loop
      vertex   8.623501e+01 5.065546e+01 -3.000000e+00
      vertex   8.597076e+01 5.065546e+01 -3.000000e+00
      vertex   8.859284e+01 4.626152e+01 -3.000000e+00
    endloop
  endfacet
  facet normal 0.000000e+00 0.000000e+00 1.000000e+00
    outer loop
      vertex   8.859284e+01 4.626152e+01 -3.000000e+00
      vertex   8.597076e+01 5.065546e+01 -3.000000e+00
      vertex   8.848669e+01 4.601952e+01 -3.000000e+00
    endloop
  endfacet
  facet normal 0.000000e+00 0.000000e+00 1.000000e+00
    outer loop
      vertex   8.848669e+01 4.601952e+01 -3.000000e+00
      vertex   8.597076e+01 5.065546e+01 -3.000000e+00
      vertex   8.571011e+01 5.069896e+01 -3.000000e+00
    endloop
  endfacet
  facet normal 0.000000e+00 -0.000000e+00 1.000000e+00
    outer loop
      vertex   8.125000e+01 4.732051e+01 -3.000000e+00
      vertex   8.546017e+01 5.078476e+01 -3.000000e+00
      vertex   8.122872e+01 4.755019e+01 -3.000000e+00
    endloop
  endfacet
  facet normal 0.000000e+00 0.000000e+00 1.000000e+00
    outer loop
      vertex   8.122872e+01 4.755019e+01 -3.000000e+00
      vertex   8.546017e+01 5.078476e+01 -3.000000e+00
      vertex   8.522777e+01 5.091053e+01 -3.000000e+00
    endloop
  endfacet
  facet normal 0.000000e+00 -0.000000e+00 1.000000e+00
    outer loop
      vertex   8.122872e+01 4.755019e+01 -3.000000e+00
      vertex   8.522777e+01 5.091053e+01 -3.000000e+00
      vertex   8.116559e+01 4.777206e+01 -3.000000e+00
    endloop
  endfacet
  facet normal 0.000000e+00 0.000000e+00 1.000000e+00
    outer loop
      vertex   8.116559e+01 4.777206e+01 -3.000000e+00
      vertex   8.522777e+01 5.091053e+01 -3.000000e+00
      vertex   8.501924e+01 5.107284e+01 -3.000000e+00
    endloop
  endfacet
  facet normal 0.000000e+00 -0.000000e+00 1.000000e+00
    outer loop
      vertex   8.116559e+01 4.777206e+01 -3.000000e+00
      vertex   8.501924e+01 5.107284e+01 -3.000000e+00
      vertex   8.106277e+01 4.797855e+01 -3.000000e+00
    endloop
  endfacet
  facet normal 0.000000e+00 0.000000e+00 1.000000e+00
    outer loop
      vertex   8.106277e+01 4.797855e+01 -3.000000e+00
      vertex   8.501924e+01 5.107284e+01 -3.000000e+00
      vertex   8.484026e+01 5.126726e+01 -3.000000e+00
    endloop
  endfacet
  facet normal 0.000000e+00 -0.000000e+00 1.000000e+00
    outer loop
      vertex   8.106277e+01 4.797855e+01 -3.000000e+00
      vertex   8.484026e+01 5.126726e+01 -3.000000e+00
      vertex   8.092376e+01 4.816263e+01 -3.000000e+00
    endloop
  endfacet
  facet normal 0.000000e+00 0.000000e+00 1.000000e+00
    outer loop
      vertex   8.092376e+01 4.816263e+01 -3.000000e+00
      vertex   8.484026e+01 5.126726e+01 -3.000000e+00
      vertex   8.469573e+01 5.148848e+01 -3.000000e+00
    endloop
  endfacet
  facet normal 0.000000e+00 0.000000e+00 1.000000e+00
    outer loop
      vertex   9.951704e+01 4.987059e+01 -3.000000e+00
      vertex   9.921635e+01 4.829436e+01 -3.000000e+00
      vertex   9.956699e+01 4.975000e+01 -3.000000e+00
    endloop
  endfacet
  facet normal 0.000000e+00 0.000000e+00 1.000000e+00
    outer loop
      vertex   9.956699e+01 4.975000e+01 -3.000000e+00
      vertex   9.921635e+01 4.829436e+01 -3.000000e+00
      vertex   9.940863e+01 4.842177e+01 -3.000000e+00
    endloop
  endfacet
  facet normal 0.000000e+00 0.000000e+00 1.000000e+00
    outer loop
      vertex   9.956699e+01 4.975000e+01 -3.000000e+00
      vertex   9.940863e+01 4.842177e+01 -3.000000e+00
      vertex   9.964645e+01 4.964645e+01 -3.000000e+00
    endloop
  endfacet
  facet normal 0.000000e+00 0.000000e+00 1.000000e+00
    outer loop
      vertex   9.964645e+01 4.964645e+01 -3.000000e+00
      vertex   9.940863e+01 4.842177e+01 -3.000000e+00
      vertex   9.962106e+01 4.851169e+01 -3.000000e+00
    endloop
  endfacet
  facet normal 0.000000e+00 0.000000e+00 1.000000e+00
    outer loop
      vertex   9.964645e+01 4.964645e+01 -3.000000e+00
      vertex   9.962106e+01 4.851169e+01 -3.000000e+00
      vertex   9.975000e+01 4.956699e+01 -3.000000e+00
    endloop
  endfacet
  facet normal 0.000000e+00 0.000000e+00 1.000000e+00
    outer loop
      vertex   9.975000e+01 4.956699e+01 -3.000000e+00
      vertex   9.962106e+01 4.851169e+01 -3.000000e+00
      vertex   9.987059e+01 4.951704e+01 -3.000000e+00
    endloop
  endfacet
  facet normal 0.000000e+00 0.000000e+00 1.000000e+00
    outer loop
      vertex   9.987059e+01 4.951704e+01 -3.000000e+00
      vertex   9.962106e+01 4.851169e+01 -3.000000e+00
      vertex   9.984639e+01 4.856103e+01 -3.000000e+00
    endloop
  endfacet
  facet normal 0.000000e+00 0.000000e+00 1.000000e+00
    outer loop
      vertex   9.987059e+01 4.951704e+01 -3.000000e+00
      vertex   9.984639e+01 4.856103e+01 -3.000000e+00
      vertex   1.000000e+02 4.950000e+01 -3.000000e+00
    endloop
  endfacet
  facet normal 0.000000e+00 0.000000e+00 1.000000e+00
    outer loop
      vertex   1.000000e+02 4.950000e+01 -3.000000e+00
      vertex   9.984639e+01 4.856103e+01 -3.000000e+00
      vertex   1.000770e+02 4.856814e+01 -3.000000e+00
    endloop
  endfacet
  facet normal -0.000000e+00 0.000000e+00 1.000000e+00
    outer loop
      vertex   1.000000e+02 4.950000e+01 -3.000000e+00
      vertex   1.000770e+02 4.856814e+01 -3.000000e+00
      vertex   1.001294e+02 4.951704e+01 -3.000000e+00
    endloop
  endfacet
  facet normal 0.000000e+00 0.000000e+00 1.000000e+00
    outer loop
      vertex   1.001294e+02 4.951704e+01 -3.000000e+00
      vertex   1.000770e+02 4.856814e+01 -3.000000e+00
      vertex   1.003049e+02 4.853275e+01 -3.000000e+00
    endloop
  endfacet
  facet normal -0.000000e+00 0.000000e+00 1.000000e+00
    outer loop
      vertex   1.001294e+02 4.951704e+01 -3.000000e+00
      vertex   1.003049e+02 4.853275e+01 -3.000000e+00
      vertex   1.002500e+02 4.956699e+01 -3.000000e+00
    endloop
  endfacet
  facet normal 0.000000e+00 0.000000e+00 1.000000e+00
    outer loop
      vertex   1.002500e+02 4.956699e+01 -3.000000e+00
      vertex   1.003049e+02 4.853275e+01 -3.000000e+00
      vertex   1.005225e+02 4.845609e+01 -3.000000e+00
    endloop
  endfacet
  facet normal -0.000000e+00 0.000000e+00 1.000000e+00
    outer loop
      vertex   1.002500e+02 4.956699e+01 -3.000000e+00
      vertex   1.005225e+02 4.845609e+01 -3.000000e+00
      vertex   1.003536e+02 4.964645e+01 -3.000000e+00
    endloop
  endfacet
  facet normal 0.000000e+00 0.000000e+00 1.000000e+00
    outer loop
      vertex   1.003536e+02 4.964645e+01 -3.000000e+00
      vertex   1.005225e+02 4.845609e+01 -3.000000e+00
      vertex   1.007222e+02 4.834075e+01 -3.000000e+00
    endloop
  endfacet
  facet normal -0.000000e+00 0.000000e+00 1.000000e+00
    outer loop
      vertex   1.003536e+02 4.964645e+01 -3.000000e+00
      vertex   1.007222e+02 4.834075e+01 -3.000000e+00
      vertex   1.004330e+02 4.975000e+01 -3.000000e+00
    endloop
  endfacet
  facet normal 0.000000e+00 0.000000e+00 1.000000e+00
    outer loop
      vertex   1.004330e+02 4.975000e+01 -3.000000e+00
      vertex   1.007222e+02 4.834075e+01 -3.000000e+00
      vertex   1.025901e+02 4.943458e+01 -3.000000e+00
    endloop
  endfacet
  facet normal -0.000000e+00 0.000000e+00 1.000000e+00
    outer loop
      vertex   1.004330e+02 4.975000e+01 -3.000000e+00
      vertex   1.025901e+02 4.943458e+01 -3.000000e+00
      vertex   1.004830e+02 4.987059e+01 -3.000000e+00
    endloop
  endfacet
  facet normal -0.000000e+00 0.000000e+00 1.000000e+00
    outer loop
      vertex   1.004830e+02 4.987059e+01 -3.000000e+00
      vertex   1.025901e+02 4.943458e+01 -3.000000e+00
      vertex   1.005000e+02 5.000000e+01 -3.000000e+00
    endloop
  endfacet
  facet normal -0.000000e+00 0.000000e+00 1.000000e+00
    outer loop
      vertex   1.005000e+02 5.000000e+01 -3.000000e+00
      vertex   1.025901e+02 4.943458e+01 -3.000000e+00
      vertex   1.026014e+02 5.018853e+01 -3.000000e+00
    endloop
  endfacet
  facet normal 0.000000e+00 -0.000000e+00 1.000000e+00
    outer loop
      vertex   1.005000e+02 5.000000e+01 -3.000000e+00
      vertex   1.026014e+02 5.018853e+01 -3.000000e+00
      vertex   1.004830e+02 5.012941e+01 -3.000000e+00
    endloop
  endfacet
  facet normal 0.000000e+00 0.000000e+00 1.000000e+00
    outer loop
      vertex   1.004830e+02 5.012941e+01 -3.000000e+00
      vertex   1.026014e+02 5.018853e+01 -3.000000e+00
      vertex   1.025675e+02 5.094181e+01 -3.000000e+00
    endloop
  endfacet
  facet normal 0.000000e+00 -0.000000e+00 1.000000e+00
    outer loop
      vertex   1.004830e+02 5.012941e+01 -3.000000e+00
      vertex   1.025675e+02 5.094181e+01 -3.000000e+00
      vertex   1.004330e+02 5.025000e+01 -3.000000e+00
    endloop
  endfacet
  facet normal 0.000000e+00 0.000000e+00 1.000000e+00
    outer loop
      vertex   1.004330e+02 5.025000e+01 -3.000000e+00
      vertex   1.025675e+02 5.094181e+01 -3.000000e+00
      vertex   1.007533e+02 5.168197e+01 -3.000000e+00
    endloop
  endfacet
  facet normal 0.000000e+00 0.000000e+00 1.000000e+00
    outer loop
      vertex   1.004330e+02 5.025000e+01 -3.000000e+00
      vertex   1.007533e+02 5.168197e+01 -3.000000e+00
      vertex   1.005572e+02 5.156054e+01 -3.000000e+00
    endloop
  endfacet
  facet normal 0.000000e+00 0.000000e+00 1.000000e+00
    outer loop
      vertex   1.025901e+02 4.943458e+01 -3.000000e+00
      vertex   1.007222e+02 4.834075e+01 -3.000000e+00
      vertex   1.025337e+02 4.868265e+01 -3.000000e+00
    endloop
  endfacet
  facet normal 0.000000e+00 0.000000e+00 1.000000e+00
    outer loop
      vertex   1.025337e+02 4.868265e+01 -3.000000e+00
      vertex   1.007222e+02 4.834075e+01 -3.000000e+00
      vertex   1.008974e+02 4.819068e+01 -3.000000e+00
    endloop
  endfacet
  facet normal 0.000000e+00 0.000000e+00 1.000000e+00
    outer loop
      vertex   1.025337e+02 4.868265e+01 -3.000000e+00
      vertex   1.008974e+02 4.819068e+01 -3.000000e+00
      vertex   1.010420e+02 4.801096e+01 -3.000000e+00
    endloop
  endfacet
  facet normal 0.000000e+00 0.000000e+00 1.000000e+00
    outer loop
      vertex   1.025337e+02 4.868265e+01 -3.000000e+00
      vertex   1.010420e+02 4.801096e+01 -3.000000e+00
      vertex   1.024325e+02 4.793544e+01 -3.000000e+00
    endloop
  endfacet
  facet normal 0.000000e+00 0.000000e+00 1.000000e+00
    outer loop
      vertex   1.024325e+02 4.793544e+01 -3.000000e+00
      vertex   1.010420e+02 4.801096e+01 -3.000000e+00
      vertex   1.011511e+02 4.780774e+01 -3.000000e+00
    endloop
  endfacet
  facet normal 0.000000e+00 0.000000e+00 1.000000e+00
    outer loop
      vertex   1.024325e+02 4.793544e+01 -3.000000e+00
      vertex   1.011511e+02 4.780774e+01 -3.000000e+00
      vertex   1.012211e+02 4.758792e+01 -3.000000e+00
    endloop
  endfacet
  facet normal 0.000000e+00 0.000000e+00 1.000000e+00
    outer loop
      vertex   1.024325e+02 4.793544e+01 -3.000000e+00
      vertex   1.012211e+02 4.758792e+01 -3.000000e+00
      vertex   1.022868e+02 4.719562e+01 -3.000000e+00
    endloop
  endfacet
  facet normal 0.000000e+00 0.000000e+00 1.000000e+00
    outer loop
      vertex   1.022868e+02 4.719562e+01 -3.000000e+00
      vertex   1.012211e+02 4.758792e+01 -3.000000e+00
      vertex   1.012494e+02 4.735900e+01 -3.000000e+00
    endloop
  endfacet
  facet normal 0.000000e+00 0.000000e+00 1.000000e+00
    outer loop
      vertex   1.022868e+02 4.719562e+01 -3.000000e+00
      vertex   1.012494e+02 4.735900e+01 -3.000000e+00
      vertex   1.012352e+02 4.712877e+01 -3.000000e+00
    endloop
  endfacet
  facet normal 0.000000e+00 0.000000e+00 1.000000e+00
    outer loop
      vertex   1.022868e+02 4.719562e+01 -3.000000e+00
      vertex   1.012352e+02 4.712877e+01 -3.000000e+00
      vertex   1.020971e+02 4.646584e+01 -3.000000e+00
    endloop
  endfacet
  facet normal 0.000000e+00 0.000000e+00 1.000000e+00
    outer loop
      vertex   1.020971e+02 4.646584e+01 -3.000000e+00
      vertex   1.012352e+02 4.712877e+01 -3.000000e+00
      vertex   1.011789e+02 4.690506e+01 -3.000000e+00
    endloop
  endfacet
  facet normal 0.000000e+00 0.000000e+00 1.000000e+00
    outer loop
      vertex   1.020971e+02 4.646584e+01 -3.000000e+00
      vertex   1.011789e+02 4.690506e+01 -3.000000e+00
      vertex   1.010825e+02 4.669551e+01 -3.000000e+00
    endloop
  endfacet
  facet normal 0.000000e+00 0.000000e+00 1.000000e+00
    outer loop
      vertex   1.020971e+02 4.646584e+01 -3.000000e+00
      vertex   1.010825e+02 4.669551e+01 -3.000000e+00
      vertex   1.018641e+02 4.574871e+01 -3.000000e+00
    endloop
  endfacet
  facet normal 0.000000e+00 0.000000e+00 1.000000e+00
    outer loop
      vertex   1.018641e+02 4.574871e+01 -3.000000e+00
      vertex   1.010825e+02 4.669551e+01 -3.000000e+00
      vertex   1.009493e+02 4.650724e+01 -3.000000e+00
    endloop
  endfacet
  facet normal 0.000000e+00 0.000000e+00 1.000000e+00
    outer loop
      vertex   1.018641e+02 4.574871e+01 -3.000000e+00
      vertex   1.009493e+02 4.650724e+01 -3.000000e+00
      vertex   1.007837e+02 4.634666e+01 -3.000000e+00
    endloop
  endfacet
  facet normal 0.000000e+00 0.000000e+00 1.000000e+00
    outer loop
      vertex   1.018641e+02 4.574871e+01 -3.000000e+00
      vertex   1.007837e+02 4.634666e+01 -3.000000e+00
      vertex   1.015886e+02 4.504680e+01 -3.000000e+00
    endloop
  endfacet
  facet normal 0.000000e+00 0.000000e+00 1.000000e+00
    outer loop
      vertex   1.015886e+02 4.504680e+01 -3.000000e+00
      vertex   1.007837e+02 4.634666e+01 -3.000000e+00
      vertex   1.005914e+02 4.621924e+01 -3.000000e+00
    endloop
  endfacet
  facet normal 0.000000e+00 0.000000e+00 1.000000e+00
    outer loop
      vertex   1.015886e+02 4.504680e+01 -3.000000e+00
      vertex   1.005914e+02 4.621924e+01 -3.000000e+00
      vertex   1.003789e+02 4.612933e+01 -3.000000e+00
    endloop
  endfacet
  facet normal 0.000000e+00 0.000000e+00 1.000000e+00
    outer loop
      vertex   1.015886e+02 4.504680e+01 -3.000000e+00
      vertex   1.003789e+02 4.612933e+01 -3.000000e+00
      vertex   1.012716e+02 4.436262e+01 -3.000000e+00
    endloop
  endfacet
  facet normal 0.000000e+00 0.000000e+00 1.000000e+00
    outer loop
      vertex   1.012716e+02 4.436262e+01 -3.000000e+00
      vertex   1.003789e+02 4.612933e+01 -3.000000e+00
      vertex   1.001536e+02 4.607998e+01 -3.000000e+00
    endloop
  endfacet
  facet normal 0.000000e+00 0.000000e+00 1.000000e+00
    outer loop
      vertex   1.012716e+02 4.436262e+01 -3.000000e+00
      vertex   1.001536e+02 4.607998e+01 -3.000000e+00
      vertex   9.992305e+01 4.607288e+01 -3.000000e+00
    endloop
  endfacet
  facet normal 0.000000e+00 0.000000e+00 1.000000e+00
    outer loop
      vertex   1.012716e+02 4.436262e+01 -3.000000e+00
      vertex   9.992305e+01 4.607288e+01 -3.000000e+00
      vertex   1.009143e+02 4.369862e+01 -3.000000e+00
    endloop
  endfacet
  facet normal 0.000000e+00 0.000000e+00 1.000000e+00
    outer loop
      vertex   1.009143e+02 4.369862e+01 -3.000000e+00
      vertex   9.992305e+01 4.607288e+01 -3.000000e+00
      vertex   9.969511e+01 4.610826e+01 -3.000000e+00
    endloop
  endfacet
  facet normal 0.000000e+00 0.000000e+00 1.000000e+00
    outer loop
      vertex   1.009143e+02 4.369862e+01 -3.000000e+00
      vertex   9.969511e+01 4.610826e+01 -3.000000e+00
      vertex   9.834075e+01 4.340171e+01 -3.000000e+00
    endloop
  endfacet
  facet normal 0.000000e+00 -0.000000e+00 1.000000e+00
    outer loop
      vertex   9.834075e+01 4.340171e+01 -3.000000e+00
      vertex   9.969511e+01 4.610826e+01 -3.000000e+00
      vertex   9.819068e+01 4.357688e+01 -3.000000e+00
    endloop
  endfacet
  facet normal 0.000000e+00 0.000000e+00 1.000000e+00
    outer loop
      vertex   9.819068e+01 4.357688e+01 -3.000000e+00
      vertex   9.969511e+01 4.610826e+01 -3.000000e+00
      vertex   9.947755e+01 4.618493e+01 -3.000000e+00
    endloop
  endfacet
  facet normal 0.000000e+00 -0.000000e+00 1.000000e+00
    outer loop
      vertex   9.819068e+01 4.357688e+01 -3.000000e+00
      vertex   9.947755e+01 4.618493e+01 -3.000000e+00
      vertex   9.801096e+01 4.372149e+01 -3.000000e+00
    endloop
  endfacet
  facet normal 0.000000e+00 0.000000e+00 1.000000e+00
    outer loop
      vertex   9.801096e+01 4.372149e+01 -3.000000e+00
      vertex   9.947755e+01 4.618493e+01 -3.000000e+00
      vertex   9.927778e+01 4.630026e+01 -3.000000e+00
    endloop
  endfacet
  facet normal 0.000000e+00 -0.000000e+00 1.000000e+00
    outer loop
      vertex   9.801096e+01 4.372149e+01 -3.000000e+00
      vertex   9.927778e+01 4.630026e+01 -3.000000e+00
      vertex   9.780774e+01 4.383062e+01 -3.000000e+00
    endloop
  endfacet
  facet normal 0.000000e+00 0.000000e+00 1.000000e+00
    outer loop
      vertex   9.780774e+01 4.383062e+01 -3.000000e+00
      vertex   9.927778e+01 4.630026e+01 -3.000000e+00
      vertex   9.910261e+01 4.645034e+01 -3.000000e+00
    endloop
  endfacet
  facet normal 0.000000e+00 -0.000000e+00 1.000000e+00
    outer loop
      vertex   9.780774e+01 4.383062e+01 -3.000000e+00
      vertex   9.910261e+01 4.645034e+01 -3.000000e+00
      vertex   9.758792e+01 4.390055e+01 -3.000000e+00
    endloop
  endfacet
  facet normal 0.000000e+00 0.000000e+00 1.000000e+00
    outer loop
      vertex   9.758792e+01 4.390055e+01 -3.000000e+00
      vertex   9.910261e+01 4.645034e+01 -3.000000e+00
      vertex   9.895800e+01 4.663005e+01 -3.000000e+00
    endloop
  endfacet
  facet normal 0.000000e+00 -0.000000e+00 1.000000e+00
    outer loop
      vertex   9.758792e+01 4.390055e+01 -3.000000e+00
      vertex   9.895800e+01 4.663005e+01 -3.000000e+00
      vertex   9.735900e+01 4.392890e+01 -3.000000e+00
    endloop
  endfacet
  facet normal 0.000000e+00 0.000000e+00 1.000000e+00
    outer loop
      vertex   9.735900e+01 4.392890e+01 -3.000000e+00
      vertex   9.895800e+01 4.663005e+01 -3.000000e+00
      vertex   9.884887e+01 4.683328e+01 -3.000000e+00
    endloop
  endfacet
  facet normal 0.000000e+00 -0.000000e+00 1.000000e+00
    outer loop
      vertex   9.735900e+01 4.392890e+01 -3.000000e+00
      vertex   9.884887e+01 4.683328e+01 -3.000000e+00
      vertex   9.712877e+01 4.391470e+01 -3.000000e+00
    endloop
  endfacet
  facet normal 0.000000e+00 0.000000e+00 1.000000e+00
    outer loop
      vertex   9.712877e+01 4.391470e+01 -3.000000e+00
      vertex   9.884887e+01 4.683328e+01 -3.000000e+00
      vertex   9.877894e+01 4.705309e+01 -3.000000e+00
    endloop
  endfacet
  facet normal 0.000000e+00 -0.000000e+00 1.000000e+00
    outer loop
      vertex   9.712877e+01 4.391470e+01 -3.000000e+00
      vertex   9.877894e+01 4.705309e+01 -3.000000e+00
      vertex   9.690506e+01 4.385843e+01 -3.000000e+00
    endloop
  endfacet
  facet normal 0.000000e+00 0.000000e+00 1.000000e+00
    outer loop
      vertex   9.690506e+01 4.385843e+01 -3.000000e+00
      vertex   9.877894e+01 4.705309e+01 -3.000000e+00
      vertex   9.875059e+01 4.728201e+01 -3.000000e+00
    endloop
  endfacet
  facet normal 0.000000e+00 -0.000000e+00 1.000000e+00
    outer loop
      vertex   9.690506e+01 4.385843e+01 -3.000000e+00
      vertex   9.875059e+01 4.728201e+01 -3.000000e+00
      vertex   9.669551e+01 4.376202e+01 -3.000000e+00
    endloop
  endfacet
  facet normal 0.000000e+00 0.000000e+00 1.000000e+00
    outer loop
      vertex   1.009143e+02 4.369862e+01 -3.000000e+00
      vertex   9.834075e+01 4.340171e+01 -3.000000e+00
      vertex   1.005179e+02 4.305718e+01 -3.000000e+00
    endloop
  endfacet
  facet normal 0.000000e+00 0.000000e+00 1.000000e+00
    outer loop
      vertex   1.005179e+02 4.305718e+01 -3.000000e+00
      vertex   9.834075e+01 4.340171e+01 -3.000000e+00
      vertex   9.845609e+01 4.320194e+01 -3.000000e+00
    endloop
  endfacet
  facet normal 0.000000e+00 0.000000e+00 1.000000e+00
    outer loop
      vertex   1.005179e+02 4.305718e+01 -3.000000e+00
      vertex   9.845609e+01 4.320194e+01 -3.000000e+00
      vertex   9.853275e+01 4.298438e+01 -3.000000e+00
    endloop
  endfacet
  facet normal 0.000000e+00 0.000000e+00 1.000000e+00
    outer loop
      vertex   1.005179e+02 4.305718e+01 -3.000000e+00
      vertex   9.853275e+01 4.298438e+01 -3.000000e+00
      vertex   1.000839e+02 4.244059e+01 -3.000000e+00
    endloop
  endfacet
  facet normal 0.000000e+00 0.000000e+00 1.000000e+00
    outer loop
      vertex   1.000839e+02 4.244059e+01 -3.000000e+00
      vertex   9.853275e+01 4.298438e+01 -3.000000e+00
      vertex   9.856814e+01 4.275644e+01 -3.000000e+00
    endloop
  endfacet
  facet normal 0.000000e+00 0.000000e+00 1.000000e+00
    outer loop
      vertex   1.000839e+02 4.244059e+01 -3.000000e+00
      vertex   9.856814e+01 4.275644e+01 -3.000000e+00
      vertex   9.856103e+01 4.252588e+01 -3.000000e+00
    endloop
  endfacet
  facet normal 0.000000e+00 0.000000e+00 1.000000e+00
    outer loop
      vertex   1.000839e+02 4.244059e+01 -3.000000e+00
      vertex   9.856103e+01 4.252588e+01 -3.000000e+00
      vertex   9.961376e+01 4.185106e+01 -3.000000e+00
    endloop
  endfacet
  facet normal 0.000000e+00 0.000000e+00 1.000000e+00
    outer loop
      vertex   9.961376e+01 4.185106e+01 -3.000000e+00
      vertex   9.856103e+01 4.252588e+01 -3.000000e+00
      vertex   9.851169e+01 4.230055e+01 -3.000000e+00
    endloop
  endfacet
  facet normal 0.000000e+00 0.000000e+00 1.000000e+00
    outer loop
      vertex   9.961376e+01 4.185106e+01 -3.000000e+00
      vertex   9.851169e+01 4.230055e+01 -3.000000e+00
      vertex   9.842177e+01 4.208812e+01 -3.000000e+00
    endloop
  endfacet
  facet normal 0.000000e+00 0.000000e+00 1.000000e+00
    outer loop
      vertex   9.961376e+01 4.185106e+01 -3.000000e+00
      vertex   9.842177e+01 4.208812e+01 -3.000000e+00
      vertex   9.910921e+01 4.129070e+01 -3.000000e+00
    endloop
  endfacet
  facet normal 0.000000e+00 0.000000e+00 1.000000e+00
    outer loop
      vertex   9.910921e+01 4.129070e+01 -3.000000e+00
      vertex   9.842177e+01 4.208812e+01 -3.000000e+00
      vertex   9.829436e+01 4.189584e+01 -3.000000e+00
    endloop
  endfacet
  facet normal 0.000000e+00 0.000000e+00 1.000000e+00
    outer loop
      vertex   9.910921e+01 4.129070e+01 -3.000000e+00
      vertex   9.829436e+01 4.189584e+01 -3.000000e+00
      vertex   9.813378e+01 4.173024e+01 -3.000000e+00
    endloop
  endfacet
  facet normal 0.000000e+00 0.000000e+00 1.000000e+00
    outer loop
      vertex   9.910921e+01 4.129070e+01 -3.000000e+00
      vertex   9.813378e+01 4.173024e+01 -3.000000e+00
      vertex   9.857205e+01 4.076152e+01 -3.000000e+00
    endloop
  endfacet
  facet normal 0.000000e+00 0.000000e+00 1.000000e+00
    outer loop
      vertex   9.857205e+01 4.076152e+01 -3.000000e+00
      vertex   9.813378e+01 4.173024e+01 -3.000000e+00
      vertex   9.794551e+01 4.159696e+01 -3.000000e+00
    endloop
  endfacet
  facet normal 0.000000e+00 0.000000e+00 1.000000e+00
    outer loop
      vertex   9.857205e+01 4.076152e+01 -3.000000e+00
      vertex   9.794551e+01 4.159696e+01 -3.000000e+00
      vertex   9.773595e+01 4.150055e+01 -3.000000e+00
    endloop
  endfacet
  facet normal 0.000000e+00 0.000000e+00 1.000000e+00
    outer loop
      vertex   9.857205e+01 4.076152e+01 -3.000000e+00
      vertex   9.773595e+01 4.150055e+01 -3.000000e+00
      vertex   9.800421e+01 4.026541e+01 -3.000000e+00
    endloop
  endfacet
  facet normal 0.000000e+00 0.000000e+00 1.000000e+00
    outer loop
      vertex   9.800421e+01 4.026541e+01 -3.000000e+00
      vertex   9.773595e+01 4.150055e+01 -3.000000e+00
      vertex   9.751225e+01 4.144429e+01 -3.000000e+00
    endloop
  endfacet
  facet normal 0.000000e+00 0.000000e+00 1.000000e+00
    outer loop
      vertex   9.800421e+01 4.026541e+01 -3.000000e+00
      vertex   9.751225e+01 4.144429e+01 -3.000000e+00
      vertex   9.728201e+01 4.143008e+01 -3.000000e+00
    endloop
  endfacet
  facet normal 0.000000e+00 0.000000e+00 1.000000e+00
    outer loop
      vertex   9.800421e+01 4.026541e+01 -3.000000e+00
      vertex   9.728201e+01 4.143008e+01 -3.000000e+00
      vertex   9.740772e+01 3.980415e+01 -3.000000e+00
    endloop
  endfacet
  facet normal 0.000000e+00 0.000000e+00 1.000000e+00
    outer loop
      vertex   9.740772e+01 3.980415e+01 -3.000000e+00
      vertex   9.728201e+01 4.143008e+01 -3.000000e+00
      vertex   9.705309e+01 4.145843e+01 -3.000000e+00
    endloop
  endfacet
  facet normal 0.000000e+00 0.000000e+00 1.000000e+00
    outer loop
      vertex   9.740772e+01 3.980415e+01 -3.000000e+00
      vertex   9.705309e+01 4.145843e+01 -3.000000e+00
      vertex   9.683328e+01 4.152836e+01 -3.000000e+00
    endloop
  endfacet
  facet normal 0.000000e+00 0.000000e+00 1.000000e+00
    outer loop
      vertex   9.740772e+01 3.980415e+01 -3.000000e+00
      vertex   9.683328e+01 4.152836e+01 -3.000000e+00
      vertex   9.678470e+01 3.937939e+01 -3.000000e+00
    endloop
  endfacet
  facet normal 0.000000e+00 -0.000000e+00 1.000000e+00
    outer loop
      vertex   9.678470e+01 3.937939e+01 -3.000000e+00
      vertex   9.683328e+01 4.152836e+01 -3.000000e+00
      vertex   9.663005e+01 4.163749e+01 -3.000000e+00
    endloop
  endfacet
  facet normal 0.000000e+00 0.000000e+00 1.000000e+00
    outer loop
      vertex   9.678470e+01 3.937939e+01 -3.000000e+00
      vertex   9.663005e+01 4.163749e+01 -3.000000e+00
      vertex   9.613740e+01 3.899264e+01 -3.000000e+00
    endloop
  endfacet
  facet normal 0.000000e+00 0.000000e+00 1.000000e+00
    outer loop
      vertex   9.613740e+01 3.899264e+01 -3.000000e+00
      vertex   9.663005e+01 4.163749e+01 -3.000000e+00
      vertex   9.645034e+01 4.178210e+01 -3.000000e+00
    endloop
  endfacet
  facet normal 0.000000e+00 -0.000000e+00 1.000000e+00
    outer loop
      vertex   9.613740e+01 3.899264e+01 -3.000000e+00
      vertex   9.645034e+01 4.178210e+01 -3.000000e+00
      vertex   9.392416e+01 4.011534e+01 -3.000000e+00
    endloop
  endfacet
  facet normal 0.000000e+00 -0.000000e+00 1.000000e+00
    outer loop
      vertex   9.392416e+01 4.011534e+01 -3.000000e+00
      vertex   9.645034e+01 4.178210e+01 -3.000000e+00
      vertex   9.388177e+01 4.034208e+01 -3.000000e+00
    endloop
  endfacet
  facet normal 0.000000e+00 0.000000e+00 1.000000e+00
    outer loop
      vertex   9.388177e+01 4.034208e+01 -3.000000e+00
      vertex   9.645034e+01 4.178210e+01 -3.000000e+00
      vertex   9.630026e+01 4.195727e+01 -3.000000e+00
    endloop
  endfacet
  facet normal 0.000000e+00 -0.000000e+00 1.000000e+00
    outer loop
      vertex   9.388177e+01 4.034208e+01 -3.000000e+00
      vertex   9.630026e+01 4.195727e+01 -3.000000e+00
      vertex   9.379845e+01 4.055717e+01 -3.000000e+00
    endloop
  endfacet
  facet normal 0.000000e+00 0.000000e+00 1.000000e+00
    outer loop
      vertex   9.379845e+01 4.055717e+01 -3.000000e+00
      vertex   9.630026e+01 4.195727e+01 -3.000000e+00
      vertex   9.618493e+01 4.215704e+01 -3.000000e+00
    endloop
  endfacet
  facet normal 0.000000e+00 -0.000000e+00 1.000000e+00
    outer loop
      vertex   9.379845e+01 4.055717e+01 -3.000000e+00
      vertex   9.618493e+01 4.215704e+01 -3.000000e+00
      vertex   9.367701e+01 4.075329e+01 -3.000000e+00
    endloop
  endfacet
  facet normal 0.000000e+00 0.000000e+00 1.000000e+00
    outer loop
      vertex   9.367701e+01 4.075329e+01 -3.000000e+00
      vertex   9.618493e+01 4.215704e+01 -3.000000e+00
      vertex   9.610826e+01 4.237460e+01 -3.000000e+00
    endloop
  endfacet
  facet normal 0.000000e+00 -0.000000e+00 1.000000e+00
    outer loop
      vertex   9.367701e+01 4.075329e+01 -3.000000e+00
      vertex   9.610826e+01 4.237460e+01 -3.000000e+00
      vertex   9.352161e+01 4.092376e+01 -3.000000e+00
    endloop
  endfacet
  facet normal 0.000000e+00 0.000000e+00 1.000000e+00
    outer loop
      vertex   9.352161e+01 4.092376e+01 -3.000000e+00
      vertex   9.610826e+01 4.237460e+01 -3.000000e+00
      vertex   9.607288e+01 4.260254e+01 -3.000000e+00
    endloop
  endfacet
  facet normal 0.000000e+00 -0.000000e+00 1.000000e+00
    outer loop
      vertex   9.352161e+01 4.092376e+01 -3.000000e+00
      vertex   9.607288e+01 4.260254e+01 -3.000000e+00
      vertex   9.333753e+01 4.106277e+01 -3.000000e+00
    endloop
  endfacet
  facet normal 0.000000e+00 0.000000e+00 1.000000e+00
    outer loop
      vertex   9.333753e+01 4.106277e+01 -3.000000e+00
      vertex   9.607288e+01 4.260254e+01 -3.000000e+00
      vertex   9.607998e+01 4.283310e+01 -3.000000e+00
    endloop
  endfacet
  facet normal 0.000000e+00 -0.000000e+00 1.000000e+00
    outer loop
      vertex   9.333753e+01 4.106277e+01 -3.000000e+00
      vertex   9.607998e+01 4.283310e+01 -3.000000e+00
      vertex   9.313104e+01 4.116559e+01 -3.000000e+00
    endloop
  endfacet
  facet normal 0.000000e+00 0.000000e+00 1.000000e+00
    outer loop
      vertex   9.313104e+01 4.116559e+01 -3.000000e+00
      vertex   9.607998e+01 4.283310e+01 -3.000000e+00
      vertex   9.612933e+01 4.305843e+01 -3.000000e+00
    endloop
  endfacet
  facet normal 0.000000e+00 -0.000000e+00 1.000000e+00
    outer loop
      vertex   9.313104e+01 4.116559e+01 -3.000000e+00
      vertex   9.612933e+01 4.305843e+01 -3.000000e+00
      vertex   9.290918e+01 4.122872e+01 -3.000000e+00
    endloop
  endfacet
  facet normal 0.000000e+00 0.000000e+00 1.000000e+00
    outer loop
      vertex   9.392416e+01 4.011534e+01 -3.000000e+00
      vertex   9.392416e+01 3.988466e+01 -3.000000e+00
      vertex   9.613740e+01 3.899264e+01 -3.000000e+00
    endloop
  endfacet
  facet normal 0.000000e+00 0.000000e+00 1.000000e+00
    outer loop
      vertex   9.613740e+01 3.899264e+01 -3.000000e+00
      vertex   9.392416e+01 3.988466e+01 -3.000000e+00
      vertex   9.546813e+01 3.864530e+01 -3.000000e+00
    endloop
  endfacet
  facet normal 0.000000e+00 0.000000e+00 1.000000e+00
    outer loop
      vertex   9.546813e+01 3.864530e+01 -3.000000e+00
      vertex   9.392416e+01 3.988466e+01 -3.000000e+00
      vertex   9.388177e+01 3.965792e+01 -3.000000e+00
    endloop
  endfacet
  facet normal 0.000000e+00 0.000000e+00 1.000000e+00
    outer loop
      vertex   9.546813e+01 3.864530e+01 -3.000000e+00
      vertex   9.388177e+01 3.965792e+01 -3.000000e+00
      vertex   9.477929e+01 3.833861e+01 -3.000000e+00
    endloop
  endfacet
  facet normal 0.000000e+00 0.000000e+00 1.000000e+00
    outer loop
      vertex   9.477929e+01 3.833861e+01 -3.000000e+00
      vertex   9.388177e+01 3.965792e+01 -3.000000e+00
      vertex   9.379845e+01 3.944283e+01 -3.000000e+00
    endloop
  endfacet
  facet normal 0.000000e+00 0.000000e+00 1.000000e+00
    outer loop
      vertex   9.477929e+01 3.833861e+01 -3.000000e+00
      vertex   9.379845e+01 3.944283e+01 -3.000000e+00
      vertex   9.367701e+01 3.924671e+01 -3.000000e+00
    endloop
  endfacet
  facet normal 0.000000e+00 0.000000e+00 1.000000e+00
    outer loop
      vertex   9.477929e+01 3.833861e+01 -3.000000e+00
      vertex   9.367701e+01 3.924671e+01 -3.000000e+00
      vertex   9.407333e+01 3.807366e+01 -3.000000e+00
    endloop
  endfacet
  facet normal 0.000000e+00 0.000000e+00 1.000000e+00
    outer loop
      vertex   9.407333e+01 3.807366e+01 -3.000000e+00
      vertex   9.367701e+01 3.924671e+01 -3.000000e+00
      vertex   9.352161e+01 3.907624e+01 -3.000000e+00
    endloop
  endfacet
  facet normal 0.000000e+00 0.000000e+00 1.000000e+00
    outer loop
      vertex   9.407333e+01 3.807366e+01 -3.000000e+00
      vertex   9.352161e+01 3.907624e+01 -3.000000e+00
      vertex   9.333753e+01 3.893723e+01 -3.000000e+00
    endloop
  endfacet
  facet normal 0.000000e+00 0.000000e+00 1.000000e+00
    outer loop
      vertex   9.407333e+01 3.807366e+01 -3.000000e+00
      vertex   9.333753e+01 3.893723e+01 -3.000000e+00
      vertex   9.335280e+01 3.785141e+01 -3.000000e+00
    endloop
  endfacet
  facet normal 0.000000e+00 0.000000e+00 1.000000e+00
    outer loop
      vertex   9.335280e+01 3.785141e+01 -3.000000e+00
      vertex   9.333753e+01 3.893723e+01 -3.000000e+00
      vertex   9.313104e+01 3.883441e+01 -3.000000e+00
    endloop
  endfacet
  facet normal 0.000000e+00 0.000000e+00 1.000000e+00
    outer loop
      vertex   9.335280e+01 3.785141e+01 -3.000000e+00
      vertex   9.313104e+01 3.883441e+01 -3.000000e+00
      vertex   9.290918e+01 3.877128e+01 -3.000000e+00
    endloop
  endfacet
  facet normal 0.000000e+00 0.000000e+00 1.000000e+00
    outer loop
      vertex   9.335280e+01 3.785141e+01 -3.000000e+00
      vertex   9.290918e+01 3.877128e+01 -3.000000e+00
      vertex   9.262026e+01 3.767264e+01 -3.000000e+00
    endloop
  endfacet
  facet normal 0.000000e+00 0.000000e+00 1.000000e+00
    outer loop
      vertex   9.262026e+01 3.767264e+01 -3.000000e+00
      vertex   9.290918e+01 3.877128e+01 -3.000000e+00
      vertex   9.267949e+01 3.875000e+01 -3.000000e+00
    endloop
  endfacet
  facet normal 0.000000e+00 -0.000000e+00 1.000000e+00
    outer loop
      vertex   9.262026e+01 3.767264e+01 -3.000000e+00
      vertex   9.267949e+01 3.875000e+01 -3.000000e+00
      vertex   9.244981e+01 3.877128e+01 -3.000000e+00
    endloop
  endfacet
  facet normal 0.000000e+00 0.000000e+00 1.000000e+00
    outer loop
      vertex   9.262026e+01 3.767264e+01 -3.000000e+00
      vertex   9.244981e+01 3.877128e+01 -3.000000e+00
      vertex   9.187834e+01 3.753800e+01 -3.000000e+00
    endloop
  endfacet
  facet normal 0.000000e+00 0.000000e+00 1.000000e+00
    outer loop
      vertex   9.187834e+01 3.753800e+01 -3.000000e+00
      vertex   9.244981e+01 3.877128e+01 -3.000000e+00
      vertex   9.222794e+01 3.883441e+01 -3.000000e+00
    endloop
  endfacet
  facet normal 0.000000e+00 0.000000e+00 1.000000e+00
    outer loop
      vertex   9.187834e+01 3.753800e+01 -3.000000e+00
      vertex   9.222794e+01 3.883441e+01 -3.000000e+00
      vertex   9.202145e+01 3.893723e+01 -3.000000e+00
    endloop
  endfacet
  facet normal 0.000000e+00 -0.000000e+00 1.000000e+00
    outer loop
      vertex   9.187834e+01 3.753800e+01 -3.000000e+00
      vertex   9.202145e+01 3.893723e+01 -3.000000e+00
      vertex   9.112970e+01 3.744797e+01 -3.000000e+00
    endloop
  endfacet
  facet normal 0.000000e+00 0.000000e+00 1.000000e+00
    outer loop
      vertex   9.112970e+01 3.744797e+01 -3.000000e+00
      vertex   9.202145e+01 3.893723e+01 -3.000000e+00
      vertex   9.183737e+01 3.907624e+01 -3.000000e+00
    endloop
  endfacet
  facet normal 0.000000e+00 0.000000e+00 1.000000e+00
    outer loop
      vertex   9.112970e+01 3.744797e+01 -3.000000e+00
      vertex   9.183737e+01 3.907624e+01 -3.000000e+00
      vertex   9.168197e+01 3.924671e+01 -3.000000e+00
    endloop
  endfacet
  facet normal 0.000000e+00 -0.000000e+00 1.000000e+00
    outer loop
      vertex   9.112970e+01 3.744797e+01 -3.000000e+00
      vertex   9.168197e+01 3.924671e+01 -3.000000e+00
      vertex   9.037702e+01 3.740288e+01 -3.000000e+00
    endloop
  endfacet
  facet normal 0.000000e+00 0.000000e+00 1.000000e+00
    outer loop
      vertex   9.037702e+01 3.740288e+01 -3.000000e+00
      vertex   9.168197e+01 3.924671e+01 -3.000000e+00
      vertex   9.156054e+01 3.944283e+01 -3.000000e+00
    endloop
  endfacet
  facet normal 0.000000e+00 0.000000e+00 1.000000e+00
    outer loop
      vertex   9.037702e+01 3.740288e+01 -3.000000e+00
      vertex   9.156054e+01 3.944283e+01 -3.000000e+00
      vertex   9.147721e+01 3.965792e+01 -3.000000e+00
    endloop
  endfacet
  facet normal 0.000000e+00 0.000000e+00 1.000000e+00
    outer loop
      vertex   9.143482e+01 3.988466e+01 -3.000000e+00
      vertex   8.853275e+01 3.969511e+01 -3.000000e+00
      vertex   9.147721e+01 3.965792e+01 -3.000000e+00
    endloop
  endfacet
  facet normal 0.000000e+00 0.000000e+00 1.000000e+00
    outer loop
      vertex   9.147721e+01 3.965792e+01 -3.000000e+00
      vertex   8.853275e+01 3.969511e+01 -3.000000e+00
      vertex   8.845609e+01 3.947755e+01 -3.000000e+00
    endloop
  endfacet
  facet normal 0.000000e+00 0.000000e+00 1.000000e+00
    outer loop
      vertex   9.147721e+01 3.965792e+01 -3.000000e+00
      vertex   8.845609e+01 3.947755e+01 -3.000000e+00
      vertex   8.962298e+01 3.740288e+01 -3.000000e+00
    endloop
  endfacet
  facet normal 0.000000e+00 0.000000e+00 1.000000e+00
    outer loop
      vertex   8.962298e+01 3.740288e+01 -3.000000e+00
      vertex   8.845609e+01 3.947755e+01 -3.000000e+00
      vertex   8.834075e+01 3.927778e+01 -3.000000e+00
    endloop
  endfacet
  facet normal 0.000000e+00 0.000000e+00 1.000000e+00
    outer loop
      vertex   8.962298e+01 3.740288e+01 -3.000000e+00
      vertex   8.834075e+01 3.927778e+01 -3.000000e+00
      vertex   8.887030e+01 3.744797e+01 -3.000000e+00
    endloop
  endfacet
  facet normal 0.000000e+00 0.000000e+00 1.000000e+00
    outer loop
      vertex   8.887030e+01 3.744797e+01 -3.000000e+00
      vertex   8.834075e+01 3.927778e+01 -3.000000e+00
      vertex   8.819068e+01 3.910261e+01 -3.000000e+00
    endloop
  endfacet
  facet normal 0.000000e+00 0.000000e+00 1.000000e+00
    outer loop
      vertex   8.887030e+01 3.744797e+01 -3.000000e+00
      vertex   8.819068e+01 3.910261e+01 -3.000000e+00
      vertex   8.801096e+01 3.895800e+01 -3.000000e+00
    endloop
  endfacet
  facet normal 0.000000e+00 0.000000e+00 1.000000e+00
    outer loop
      vertex   8.853275e+01 3.969511e+01 -3.000000e+00
      vertex   9.143482e+01 3.988466e+01 -3.000000e+00
      vertex   8.856814e+01 3.992305e+01 -3.000000e+00
    endloop
  endfacet
  facet normal -0.000000e+00 0.000000e+00 1.000000e+00
    outer loop
      vertex   8.856814e+01 3.992305e+01 -3.000000e+00
      vertex   9.143482e+01 3.988466e+01 -3.000000e+00
      vertex   9.143482e+01 4.011534e+01 -3.000000e+00
    endloop
  endfacet
  facet normal 0.000000e+00 -0.000000e+00 1.000000e+00
    outer loop
      vertex   8.856814e+01 3.992305e+01 -3.000000e+00
      vertex   9.143482e+01 4.011534e+01 -3.000000e+00
      vertex   8.856103e+01 4.015361e+01 -3.000000e+00
    endloop
  endfacet
  facet normal -0.000000e+00 0.000000e+00 1.000000e+00
    outer loop
      vertex   8.856103e+01 4.015361e+01 -3.000000e+00
      vertex   9.143482e+01 4.011534e+01 -3.000000e+00
      vertex   9.147721e+01 4.034208e+01 -3.000000e+00
    endloop
  endfacet
  facet normal 0.000000e+00 -0.000000e+00 1.000000e+00
    outer loop
      vertex   8.856103e+01 4.015361e+01 -3.000000e+00
      vertex   9.147721e+01 4.034208e+01 -3.000000e+00
      vertex   8.851169e+01 4.037894e+01 -3.000000e+00
    endloop
  endfacet
  facet normal -0.000000e+00 0.000000e+00 1.000000e+00
    outer loop
      vertex   8.851169e+01 4.037894e+01 -3.000000e+00
      vertex   9.147721e+01 4.034208e+01 -3.000000e+00
      vertex   9.156054e+01 4.055717e+01 -3.000000e+00
    endloop
  endfacet
  facet normal 0.000000e+00 -0.000000e+00 1.000000e+00
    outer loop
      vertex   8.851169e+01 4.037894e+01 -3.000000e+00
      vertex   9.156054e+01 4.055717e+01 -3.000000e+00
      vertex   8.842177e+01 4.059137e+01 -3.000000e+00
    endloop
  endfacet
  facet normal -0.000000e+00 0.000000e+00 1.000000e+00
    outer loop
      vertex   8.842177e+01 4.059137e+01 -3.000000e+00
      vertex   9.156054e+01 4.055717e+01 -3.000000e+00
      vertex   9.168197e+01 4.075329e+01 -3.000000e+00
    endloop
  endfacet
  facet normal 0.000000e+00 -0.000000e+00 1.000000e+00
    outer loop
      vertex   8.842177e+01 4.059137e+01 -3.000000e+00
      vertex   9.168197e+01 4.075329e+01 -3.000000e+00
      vertex   8.829436e+01 4.078365e+01 -3.000000e+00
    endloop
  endfacet
  facet normal 0.000000e+00 0.000000e+00 1.000000e+00
    outer loop
      vertex   8.887030e+01 3.744797e+01 -3.000000e+00
      vertex   8.801096e+01 3.895800e+01 -3.000000e+00
      vertex   8.812166e+01 3.753800e+01 -3.000000e+00
    endloop
  endfacet
  facet normal 0.000000e+00 0.000000e+00 1.000000e+00
    outer loop
      vertex   8.812166e+01 3.753800e+01 -3.000000e+00
      vertex   8.801096e+01 3.895800e+01 -3.000000e+00
      vertex   8.780774e+01 3.884887e+01 -3.000000e+00
    endloop
  endfacet
  facet normal 0.000000e+00 0.000000e+00 1.000000e+00
    outer loop
      vertex   8.812166e+01 3.753800e+01 -3.000000e+00
      vertex   8.780774e+01 3.884887e+01 -3.000000e+00
      vertex   8.758792e+01 3.877894e+01 -3.000000e+00
    endloop
  endfacet
  facet normal 0.000000e+00 0.000000e+00 1.000000e+00
    outer loop
      vertex   8.812166e+01 3.753800e+01 -3.000000e+00
      vertex   8.758792e+01 3.877894e+01 -3.000000e+00
      vertex   8.737974e+01 3.767264e+01 -3.000000e+00
    endloop
  endfacet
  facet normal 0.000000e+00 -0.000000e+00 1.000000e+00
    outer loop
      vertex   8.737974e+01 3.767264e+01 -3.000000e+00
      vertex   8.758792e+01 3.877894e+01 -3.000000e+00
      vertex   8.735900e+01 3.875059e+01 -3.000000e+00
    endloop
  endfacet
  facet normal 0.000000e+00 0.000000e+00 1.000000e+00
    outer loop
      vertex   8.737974e+01 3.767264e+01 -3.000000e+00
      vertex   8.735900e+01 3.875059e+01 -3.000000e+00
      vertex   8.712877e+01 3.876479e+01 -3.000000e+00
    endloop
  endfacet
  facet normal 0.000000e+00 0.000000e+00 1.000000e+00
    outer loop
      vertex   8.737974e+01 3.767264e+01 -3.000000e+00
      vertex   8.712877e+01 3.876479e+01 -3.000000e+00
      vertex   8.664720e+01 3.785141e+01 -3.000000e+00
    endloop
  endfacet
  facet normal 0.000000e+00 0.000000e+00 1.000000e+00
    outer loop
      vertex   8.664720e+01 3.785141e+01 -3.000000e+00
      vertex   8.712877e+01 3.876479e+01 -3.000000e+00
      vertex   8.690506e+01 3.882106e+01 -3.000000e+00
    endloop
  endfacet
  facet normal 0.000000e+00 0.000000e+00 1.000000e+00
    outer loop
      vertex   8.664720e+01 3.785141e+01 -3.000000e+00
      vertex   8.690506e+01 3.882106e+01 -3.000000e+00
      vertex   8.669551e+01 3.891747e+01 -3.000000e+00
    endloop
  endfacet
  facet normal 0.000000e+00 -0.000000e+00 1.000000e+00
    outer loop
      vertex   8.664720e+01 3.785141e+01 -3.000000e+00
      vertex   8.669551e+01 3.891747e+01 -3.000000e+00
      vertex   8.592667e+01 3.807366e+01 -3.000000e+00
    endloop
  endfacet
  facet normal 0.000000e+00 0.000000e+00 1.000000e+00
    outer loop
      vertex   8.592667e+01 3.807366e+01 -3.000000e+00
      vertex   8.669551e+01 3.891747e+01 -3.000000e+00
      vertex   8.650724e+01 3.905074e+01 -3.000000e+00
    endloop
  endfacet
  facet normal 0.000000e+00 0.000000e+00 1.000000e+00
    outer loop
      vertex   8.592667e+01 3.807366e+01 -3.000000e+00
      vertex   8.650724e+01 3.905074e+01 -3.000000e+00
      vertex   8.634666e+01 3.921635e+01 -3.000000e+00
    endloop
  endfacet
  facet normal 0.000000e+00 -0.000000e+00 1.000000e+00
    outer loop
      vertex   8.592667e+01 3.807366e+01 -3.000000e+00
      vertex   8.634666e+01 3.921635e+01 -3.000000e+00
      vertex   8.522071e+01 3.833861e+01 -3.000000e+00
    endloop
  endfacet
  facet normal 0.000000e+00 0.000000e+00 1.000000e+00
    outer loop
      vertex   8.522071e+01 3.833861e+01 -3.000000e+00
      vertex   8.634666e+01 3.921635e+01 -3.000000e+00
      vertex   8.621924e+01 3.940863e+01 -3.000000e+00
    endloop
  endfacet
  facet normal 0.000000e+00 0.000000e+00 1.000000e+00
    outer loop
      vertex   8.522071e+01 3.833861e+01 -3.000000e+00
      vertex   8.621924e+01 3.940863e+01 -3.000000e+00
      vertex   8.612933e+01 3.962106e+01 -3.000000e+00
    endloop
  endfacet
  facet normal 0.000000e+00 -0.000000e+00 1.000000e+00
    outer loop
      vertex   8.522071e+01 3.833861e+01 -3.000000e+00
      vertex   8.612933e+01 3.962106e+01 -3.000000e+00
      vertex   8.453187e+01 3.864530e+01 -3.000000e+00
    endloop
  endfacet
  facet normal 0.000000e+00 0.000000e+00 1.000000e+00
    outer loop
      vertex   8.453187e+01 3.864530e+01 -3.000000e+00
      vertex   8.612933e+01 3.962106e+01 -3.000000e+00
      vertex   8.607998e+01 3.984639e+01 -3.000000e+00
    endloop
  endfacet
  facet normal 0.000000e+00 -0.000000e+00 1.000000e+00
    outer loop
      vertex   8.453187e+01 3.864530e+01 -3.000000e+00
      vertex   8.607998e+01 3.984639e+01 -3.000000e+00
      vertex   8.386260e+01 3.899264e+01 -3.000000e+00
    endloop
  endfacet
  facet normal 0.000000e+00 0.000000e+00 1.000000e+00
    outer loop
      vertex   8.386260e+01 3.899264e+01 -3.000000e+00
      vertex   8.607998e+01 3.984639e+01 -3.000000e+00
      vertex   8.607288e+01 4.007695e+01 -3.000000e+00
    endloop
  endfacet
  facet normal 0.000000e+00 0.000000e+00 1.000000e+00
    outer loop
      vertex   8.386260e+01 3.899264e+01 -3.000000e+00
      vertex   8.607288e+01 4.007695e+01 -3.000000e+00
      vertex   8.610826e+01 4.030489e+01 -3.000000e+00
    endloop
  endfacet
  facet normal 0.000000e+00 0.000000e+00 1.000000e+00
    outer loop
      vertex   8.618493e+01 4.052245e+01 -3.000000e+00
      vertex   8.357688e+01 4.180932e+01 -3.000000e+00
      vertex   8.610826e+01 4.030489e+01 -3.000000e+00
    endloop
  endfacet
  facet normal 0.000000e+00 0.000000e+00 1.000000e+00
    outer loop
      vertex   8.610826e+01 4.030489e+01 -3.000000e+00
      vertex   8.357688e+01 4.180932e+01 -3.000000e+00
      vertex   8.340171e+01 4.165925e+01 -3.000000e+00
    endloop
  endfacet
  facet normal 0.000000e+00 0.000000e+00 1.000000e+00
    outer loop
      vertex   8.610826e+01 4.030489e+01 -3.000000e+00
      vertex   8.340171e+01 4.165925e+01 -3.000000e+00
      vertex   8.386260e+01 3.899264e+01 -3.000000e+00
    endloop
  endfacet
  facet normal 0.000000e+00 0.000000e+00 1.000000e+00
    outer loop
      vertex   8.386260e+01 3.899264e+01 -3.000000e+00
      vertex   8.340171e+01 4.165925e+01 -3.000000e+00
      vertex   8.321530e+01 3.937939e+01 -3.000000e+00
    endloop
  endfacet
  facet normal 0.000000e+00 -0.000000e+00 1.000000e+00
    outer loop
      vertex   8.321530e+01 3.937939e+01 -3.000000e+00
      vertex   8.340171e+01 4.165925e+01 -3.000000e+00
      vertex   8.320194e+01 4.154391e+01 -3.000000e+00
    endloop
  endfacet
  facet normal 0.000000e+00 0.000000e+00 1.000000e+00
    outer loop
      vertex   8.321530e+01 3.937939e+01 -3.000000e+00
      vertex   8.320194e+01 4.154391e+01 -3.000000e+00
      vertex   8.259228e+01 3.980415e+01 -3.000000e+00
    endloop
  endfacet
  facet normal 0.000000e+00 0.000000e+00 1.000000e+00
    outer loop
      vertex   8.259228e+01 3.980415e+01 -3.000000e+00
      vertex   8.320194e+01 4.154391e+01 -3.000000e+00
      vertex   8.298438e+01 4.146725e+01 -3.000000e+00
    endloop
  endfacet
  facet normal 0.000000e+00 0.000000e+00 1.000000e+00
    outer loop
      vertex   8.259228e+01 3.980415e+01 -3.000000e+00
      vertex   8.298438e+01 4.146725e+01 -3.000000e+00
      vertex   8.275644e+01 4.143186e+01 -3.000000e+00
    endloop
  endfacet
  facet normal -0.000000e+00 0.000000e+00 1.000000e+00
    outer loop
      vertex   8.357688e+01 4.180932e+01 -3.000000e+00
      vertex   8.618493e+01 4.052245e+01 -3.000000e+00
      vertex   8.372149e+01 4.198904e+01 -3.000000e+00
    endloop
  endfacet
  facet normal 0.000000e+00 0.000000e+00 1.000000e+00
    outer loop
      vertex   8.372149e+01 4.198904e+01 -3.000000e+00
      vertex   8.618493e+01 4.052245e+01 -3.000000e+00
      vertex   8.630026e+01 4.072222e+01 -3.000000e+00
    endloop
  endfacet
  facet normal -0.000000e+00 0.000000e+00 1.000000e+00
    outer loop
      vertex   8.372149e+01 4.198904e+01 -3.000000e+00
      vertex   8.630026e+01 4.072222e+01 -3.000000e+00
      vertex   8.383062e+01 4.219226e+01 -3.000000e+00
    endloop
  endfacet
  facet normal 0.000000e+00 0.000000e+00 1.000000e+00
    outer loop
      vertex   8.383062e+01 4.219226e+01 -3.000000e+00
      vertex   8.630026e+01 4.072222e+01 -3.000000e+00
      vertex   8.645034e+01 4.089739e+01 -3.000000e+00
    endloop
  endfacet
  facet normal -0.000000e+00 0.000000e+00 1.000000e+00
    outer loop
      vertex   8.383062e+01 4.219226e+01 -3.000000e+00
      vertex   8.645034e+01 4.089739e+01 -3.000000e+00
      vertex   8.390055e+01 4.241208e+01 -3.000000e+00
    endloop
  endfacet
  facet normal 0.000000e+00 0.000000e+00 1.000000e+00
    outer loop
      vertex   8.390055e+01 4.241208e+01 -3.000000e+00
      vertex   8.645034e+01 4.089739e+01 -3.000000e+00
      vertex   8.663005e+01 4.104200e+01 -3.000000e+00
    endloop
  endfacet
  facet normal -0.000000e+00 0.000000e+00 1.000000e+00
    outer loop
      vertex   8.390055e+01 4.241208e+01 -3.000000e+00
      vertex   8.663005e+01 4.104200e+01 -3.000000e+00
      vertex   8.392890e+01 4.264100e+01 -3.000000e+00
    endloop
  endfacet
  facet normal 0.000000e+00 0.000000e+00 1.000000e+00
    outer loop
      vertex   8.392890e+01 4.264100e+01 -3.000000e+00
      vertex   8.663005e+01 4.104200e+01 -3.000000e+00
      vertex   8.683328e+01 4.115113e+01 -3.000000e+00
    endloop
  endfacet
  facet normal -0.000000e+00 -0.000000e+00 1.000000e+00
    outer loop
      vertex   8.392890e+01 4.264100e+01 -3.000000e+00
      vertex   8.683328e+01 4.115113e+01 -3.000000e+00
      vertex   8.391470e+01 4.287123e+01 -3.000000e+00
    endloop
  endfacet
  facet normal 0.000000e+00 0.000000e+00 1.000000e+00
    outer loop
      vertex   8.391470e+01 4.287123e+01 -3.000000e+00
      vertex   8.683328e+01 4.115113e+01 -3.000000e+00
      vertex   8.705309e+01 4.122106e+01 -3.000000e+00
    endloop
  endfacet
  facet normal -0.000000e+00 -0.000000e+00 1.000000e+00
    outer loop
      vertex   8.391470e+01 4.287123e+01 -3.000000e+00
      vertex   8.705309e+01 4.122106e+01 -3.000000e+00
      vertex   8.385843e+01 4.309494e+01 -3.000000e+00
    endloop
  endfacet
  facet normal 0.000000e+00 -0.000000e+00 1.000000e+00
    outer loop
      vertex   8.259228e+01 3.980415e+01 -3.000000e+00
      vertex   8.275644e+01 4.143186e+01 -3.000000e+00
      vertex   8.199579e+01 4.026541e+01 -3.000000e+00
    endloop
  endfacet
  facet normal 0.000000e+00 0.000000e+00 1.000000e+00
    outer loop
      vertex   8.199579e+01 4.026541e+01 -3.000000e+00
      vertex   8.275644e+01 4.143186e+01 -3.000000e+00
      vertex   8.252588e+01 4.143897e+01 -3.000000e+00
    endloop
  endfacet
  facet normal 0.000000e+00 0.000000e+00 1.000000e+00
    outer loop
      vertex   8.199579e+01 4.026541e+01 -3.000000e+00
      vertex   8.252588e+01 4.143897e+01 -3.000000e+00
      vertex   8.230055e+01 4.148831e+01 -3.000000e+00
    endloop
  endfacet
  facet normal 0.000000e+00 -0.000000e+00 1.000000e+00
    outer loop
      vertex   8.199579e+01 4.026541e+01 -3.000000e+00
      vertex   8.230055e+01 4.148831e+01 -3.000000e+00
      vertex   8.142795e+01 4.076152e+01 -3.000000e+00
    endloop
  endfacet
  facet normal 0.000000e+00 0.000000e+00 1.000000e+00
    outer loop
      vertex   8.142795e+01 4.076152e+01 -3.000000e+00
      vertex   8.230055e+01 4.148831e+01 -3.000000e+00
      vertex   8.208812e+01 4.157823e+01 -3.000000e+00
    endloop
  endfacet
  facet normal 0.000000e+00 0.000000e+00 1.000000e+00
    outer loop
      vertex   8.142795e+01 4.076152e+01 -3.000000e+00
      vertex   8.208812e+01 4.157823e+01 -3.000000e+00
      vertex   8.189584e+01 4.170564e+01 -3.000000e+00
    endloop
  endfacet
  facet normal 0.000000e+00 -0.000000e+00 1.000000e+00
    outer loop
      vertex   8.142795e+01 4.076152e+01 -3.000000e+00
      vertex   8.189584e+01 4.170564e+01 -3.000000e+00
      vertex   8.089079e+01 4.129070e+01 -3.000000e+00
    endloop
  endfacet
  facet normal 0.000000e+00 0.000000e+00 1.000000e+00
    outer loop
      vertex   8.089079e+01 4.129070e+01 -3.000000e+00
      vertex   8.189584e+01 4.170564e+01 -3.000000e+00
      vertex   8.173024e+01 4.186622e+01 -3.000000e+00
    endloop
  endfacet
  facet normal 0.000000e+00 0.000000e+00 1.000000e+00
    outer loop
      vertex   8.089079e+01 4.129070e+01 -3.000000e+00
      vertex   8.173024e+01 4.186622e+01 -3.000000e+00
      vertex   8.159696e+01 4.205449e+01 -3.000000e+00
    endloop
  endfacet
  facet normal 0.000000e+00 -0.000000e+00 1.000000e+00
    outer loop
      vertex   8.089079e+01 4.129070e+01 -3.000000e+00
      vertex   8.159696e+01 4.205449e+01 -3.000000e+00
      vertex   8.038624e+01 4.185106e+01 -3.000000e+00
    endloop
  endfacet
  facet normal 0.000000e+00 0.000000e+00 1.000000e+00
    outer loop
      vertex   8.038624e+01 4.185106e+01 -3.000000e+00
      vertex   8.159696e+01 4.205449e+01 -3.000000e+00
      vertex   8.150055e+01 4.226405e+01 -3.000000e+00
    endloop
  endfacet
  facet normal 0.000000e+00 0.000000e+00 1.000000e+00
    outer loop
      vertex   8.038624e+01 4.185106e+01 -3.000000e+00
      vertex   8.150055e+01 4.226405e+01 -3.000000e+00
      vertex   8.144429e+01 4.248775e+01 -3.000000e+00
    endloop
  endfacet
  facet normal 0.000000e+00 -0.000000e+00 1.000000e+00
    outer loop
      vertex   8.038624e+01 4.185106e+01 -3.000000e+00
      vertex   8.144429e+01 4.248775e+01 -3.000000e+00
      vertex   7.991611e+01 4.244059e+01 -3.000000e+00
    endloop
  endfacet
  facet normal 0.000000e+00 0.000000e+00 1.000000e+00
    outer loop
      vertex   7.991611e+01 4.244059e+01 -3.000000e+00
      vertex   8.144429e+01 4.248775e+01 -3.000000e+00
      vertex   8.143008e+01 4.271799e+01 -3.000000e+00
    endloop
  endfacet
  facet normal 0.000000e+00 0.000000e+00 1.000000e+00
    outer loop
      vertex   7.991611e+01 4.244059e+01 -3.000000e+00
      vertex   8.143008e+01 4.271799e+01 -3.000000e+00
      vertex   8.145843e+01 4.294691e+01 -3.000000e+00
    endloop
  endfacet
  facet normal 0.000000e+00 -0.000000e+00 1.000000e+00
    outer loop
      vertex   7.991611e+01 4.244059e+01 -3.000000e+00
      vertex   8.145843e+01 4.294691e+01 -3.000000e+00
      vertex   7.948207e+01 4.305718e+01 -3.000000e+00
    endloop
  endfacet
  facet normal -0.000000e+00 0.000000e+00 1.000000e+00
    outer loop
      vertex   7.948207e+01 4.305718e+01 -3.000000e+00
      vertex   8.145843e+01 4.294691e+01 -3.000000e+00
      vertex   8.152836e+01 4.316672e+01 -3.000000e+00
    endloop
  endfacet
  facet normal 0.000000e+00 0.000000e+00 1.000000e+00
    outer loop
      vertex   7.948207e+01 4.305718e+01 -3.000000e+00
      vertex   8.152836e+01 4.316672e+01 -3.000000e+00
      vertex   8.163749e+01 4.336995e+01 -3.000000e+00
    endloop
  endfacet
  facet normal 0.000000e+00 -0.000000e+00 1.000000e+00
    outer loop
      vertex   7.948207e+01 4.305718e+01 -3.000000e+00
      vertex   8.163749e+01 4.336995e+01 -3.000000e+00
      vertex   7.908569e+01 4.369862e+01 -3.000000e+00
    endloop
  endfacet
  facet normal 0.000000e+00 0.000000e+00 1.000000e+00
    outer loop
      vertex   7.908569e+01 4.369862e+01 -3.000000e+00
      vertex   8.163749e+01 4.336995e+01 -3.000000e+00
      vertex   8.178210e+01 4.354966e+01 -3.000000e+00
    endloop
  endfacet
  facet normal -0.000000e+00 0.000000e+00 1.000000e+00
    outer loop
      vertex   7.908569e+01 4.369862e+01 -3.000000e+00
      vertex   8.178210e+01 4.354966e+01 -3.000000e+00
      vertex   8.011534e+01 4.607584e+01 -3.000000e+00
    endloop
  endfacet
  facet normal -0.000000e+00 0.000000e+00 1.000000e+00
    outer loop
      vertex   8.011534e+01 4.607584e+01 -3.000000e+00
      vertex   8.178210e+01 4.354966e+01 -3.000000e+00
      vertex   8.034208e+01 4.611823e+01 -3.000000e+00
    endloop
  endfacet
  facet normal 0.000000e+00 0.000000e+00 1.000000e+00
    outer loop
      vertex   8.034208e+01 4.611823e+01 -3.000000e+00
      vertex   8.178210e+01 4.354966e+01 -3.000000e+00
      vertex   8.195727e+01 4.369974e+01 -3.000000e+00
    endloop
  endfacet
  facet normal -0.000000e+00 0.000000e+00 1.000000e+00
    outer loop
      vertex   8.034208e+01 4.611823e+01 -3.000000e+00
      vertex   8.195727e+01 4.369974e+01 -3.000000e+00
      vertex   8.055717e+01 4.620155e+01 -3.000000e+00
    endloop
  endfacet
  facet normal 0.000000e+00 0.000000e+00 1.000000e+00
    outer loop
      vertex   8.055717e+01 4.620155e+01 -3.000000e+00
      vertex   8.195727e+01 4.369974e+01 -3.000000e+00
      vertex   8.215704e+01 4.381507e+01 -3.000000e+00
    endloop
  endfacet
  facet normal -0.000000e+00 0.000000e+00 1.000000e+00
    outer loop
      vertex   8.055717e+01 4.620155e+01 -3.000000e+00
      vertex   8.215704e+01 4.381507e+01 -3.000000e+00
      vertex   8.075329e+01 4.632299e+01 -3.000000e+00
    endloop
  endfacet
  facet normal 0.000000e+00 0.000000e+00 1.000000e+00
    outer loop
      vertex   8.075329e+01 4.632299e+01 -3.000000e+00
      vertex   8.215704e+01 4.381507e+01 -3.000000e+00
      vertex   8.237460e+01 4.389174e+01 -3.000000e+00
    endloop
  endfacet
  facet normal -0.000000e+00 0.000000e+00 1.000000e+00
    outer loop
      vertex   8.075329e+01 4.632299e+01 -3.000000e+00
      vertex   8.237460e+01 4.389174e+01 -3.000000e+00
      vertex   8.092376e+01 4.647839e+01 -3.000000e+00
    endloop
  endfacet
  facet normal 0.000000e+00 0.000000e+00 1.000000e+00
    outer loop
      vertex   8.092376e+01 4.647839e+01 -3.000000e+00
      vertex   8.237460e+01 4.389174e+01 -3.000000e+00
      vertex   8.260254e+01 4.392712e+01 -3.000000e+00
    endloop
  endfacet
  facet normal -0.000000e+00 0.000000e+00 1.000000e+00
    outer loop
      vertex   8.092376e+01 4.647839e+01 -3.000000e+00
      vertex   8.260254e+01 4.392712e+01 -3.000000e+00
      vertex   8.106277e+01 4.666247e+01 -3.000000e+00
    endloop
  endfacet
  facet normal 0.000000e+00 0.000000e+00 1.000000e+00
    outer loop
      vertex   8.106277e+01 4.666247e+01 -3.000000e+00
      vertex   8.260254e+01 4.392712e+01 -3.000000e+00
      vertex   8.283310e+01 4.392002e+01 -3.000000e+00
    endloop
  endfacet
  facet normal -0.000000e+00 0.000000e+00 1.000000e+00
    outer loop
      vertex   8.106277e+01 4.666247e+01 -3.000000e+00
      vertex   8.283310e+01 4.392002e+01 -3.000000e+00
      vertex   8.116559e+01 4.686896e+01 -3.000000e+00
    endloop
  endfacet
  facet normal 0.000000e+00 0.000000e+00 1.000000e+00
    outer loop
      vertex   8.116559e+01 4.686896e+01 -3.000000e+00
      vertex   8.283310e+01 4.392002e+01 -3.000000e+00
      vertex   8.305843e+01 4.387067e+01 -3.000000e+00
    endloop
  endfacet
  facet normal -0.000000e+00 0.000000e+00 1.000000e+00
    outer loop
      vertex   8.116559e+01 4.686896e+01 -3.000000e+00
      vertex   8.305843e+01 4.387067e+01 -3.000000e+00
      vertex   8.122872e+01 4.709082e+01 -3.000000e+00
    endloop
  endfacet
  facet normal 0.000000e+00 0.000000e+00 1.000000e+00
    outer loop
      vertex   8.122872e+01 4.709082e+01 -3.000000e+00
      vertex   8.305843e+01 4.387067e+01 -3.000000e+00
      vertex   8.327086e+01 4.378076e+01 -3.000000e+00
    endloop
  endfacet
  facet normal -0.000000e+00 0.000000e+00 1.000000e+00
    outer loop
      vertex   8.122872e+01 4.709082e+01 -3.000000e+00
      vertex   8.327086e+01 4.378076e+01 -3.000000e+00
      vertex   8.125000e+01 4.732051e+01 -3.000000e+00
    endloop
  endfacet
  facet normal 0.000000e+00 -0.000000e+00 1.000000e+00
    outer loop
      vertex   7.908569e+01 4.369862e+01 -3.000000e+00
      vertex   8.011534e+01 4.607584e+01 -3.000000e+00
      vertex   7.872837e+01 4.436262e+01 -3.000000e+00
    endloop
  endfacet
  facet normal 0.000000e+00 0.000000e+00 1.000000e+00
    outer loop
      vertex   7.872837e+01 4.436262e+01 -3.000000e+00
      vertex   8.011534e+01 4.607584e+01 -3.000000e+00
      vertex   7.988466e+01 4.607584e+01 -3.000000e+00
    endloop
  endfacet
  facet normal 0.000000e+00 0.000000e+00 1.000000e+00
    outer loop
      vertex   7.872837e+01 4.436262e+01 -3.000000e+00
      vertex   7.988466e+01 4.607584e+01 -3.000000e+00
      vertex   7.965792e+01 4.611823e+01 -3.000000e+00
    endloop
  endfacet
  facet normal 0.000000e+00 -0.000000e+00 1.000000e+00
    outer loop
      vertex   7.872837e+01 4.436262e+01 -3.000000e+00
      vertex   7.965792e+01 4.611823e+01 -3.000000e+00
      vertex   7.841141e+01 4.504680e+01 -3.000000e+00
    endloop
  endfacet
  facet normal 0.000000e+00 0.000000e+00 1.000000e+00
    outer loop
      vertex   7.841141e+01 4.504680e+01 -3.000000e+00
      vertex   7.965792e+01 4.611823e+01 -3.000000e+00
      vertex   7.944283e+01 4.620155e+01 -3.000000e+00
    endloop
  endfacet
  facet normal 0.000000e+00 0.000000e+00 1.000000e+00
    outer loop
      vertex   7.841141e+01 4.504680e+01 -3.000000e+00
      vertex   7.944283e+01 4.620155e+01 -3.000000e+00
      vertex   7.924671e+01 4.632299e+01 -3.000000e+00
    endloop
  endfacet
  facet normal 0.000000e+00 -0.000000e+00 1.000000e+00
    outer loop
      vertex   7.841141e+01 4.504680e+01 -3.000000e+00
      vertex   7.924671e+01 4.632299e+01 -3.000000e+00
      vertex   7.813593e+01 4.574871e+01 -3.000000e+00
    endloop
  endfacet
  facet normal 0.000000e+00 0.000000e+00 1.000000e+00
    outer loop
      vertex   7.813593e+01 4.574871e+01 -3.000000e+00
      vertex   7.924671e+01 4.632299e+01 -3.000000e+00
      vertex   7.907624e+01 4.647839e+01 -3.000000e+00
    endloop
  endfacet
  facet normal 0.000000e+00 0.000000e+00 1.000000e+00
    outer loop
      vertex   7.813593e+01 4.574871e+01 -3.000000e+00
      vertex   7.907624e+01 4.647839e+01 -3.000000e+00
      vertex   7.893723e+01 4.666247e+01 -3.000000e+00
    endloop
  endfacet
  facet normal 0.000000e+00 -0.000000e+00 1.000000e+00
    outer loop
      vertex   7.813593e+01 4.574871e+01 -3.000000e+00
      vertex   7.893723e+01 4.666247e+01 -3.000000e+00
      vertex   7.790292e+01 4.646584e+01 -3.000000e+00
    endloop
  endfacet
  facet normal 0.000000e+00 0.000000e+00 1.000000e+00
    outer loop
      vertex   7.790292e+01 4.646584e+01 -3.000000e+00
      vertex   7.893723e+01 4.666247e+01 -3.000000e+00
      vertex   7.883441e+01 4.686896e+01 -3.000000e+00
    endloop
  endfacet
  facet normal 0.000000e+00 0.000000e+00 1.000000e+00
    outer loop
      vertex   7.790292e+01 4.646584e+01 -3.000000e+00
      vertex   7.883441e+01 4.686896e+01 -3.000000e+00
      vertex   7.877128e+01 4.709082e+01 -3.000000e+00
    endloop
  endfacet
  facet normal 0.000000e+00 -0.000000e+00 1.000000e+00
    outer loop
      vertex   7.790292e+01 4.646584e+01 -3.000000e+00
      vertex   7.877128e+01 4.709082e+01 -3.000000e+00
      vertex   7.771322e+01 4.719562e+01 -3.000000e+00
    endloop
  endfacet
  facet normal -0.000000e+00 0.000000e+00 1.000000e+00
    outer loop
      vertex   7.771322e+01 4.719562e+01 -3.000000e+00
      vertex   7.877128e+01 4.709082e+01 -3.000000e+00
      vertex   7.875000e+01 4.732051e+01 -3.000000e+00
    endloop
  endfacet
  facet normal 0.000000e+00 0.000000e+00 1.000000e+00
    outer loop
      vertex   7.771322e+01 4.719562e+01 -3.000000e+00
      vertex   7.875000e+01 4.732051e+01 -3.000000e+00
      vertex   7.877128e+01 4.755019e+01 -3.000000e+00
    endloop
  endfacet
  facet normal 0.000000e+00 -0.000000e+00 1.000000e+00
    outer loop
      vertex   7.771322e+01 4.719562e+01 -3.000000e+00
      vertex   7.877128e+01 4.755019e+01 -3.000000e+00
      vertex   7.756749e+01 4.793544e+01 -3.000000e+00
    endloop
  endfacet
  facet normal 0.000000e+00 0.000000e+00 1.000000e+00
    outer loop
      vertex   7.756749e+01 4.793544e+01 -3.000000e+00
      vertex   7.877128e+01 4.755019e+01 -3.000000e+00
      vertex   7.883441e+01 4.777206e+01 -3.000000e+00
    endloop
  endfacet
  facet normal -0.000000e+00 0.000000e+00 1.000000e+00
    outer loop
      vertex   7.756749e+01 4.793544e+01 -3.000000e+00
      vertex   7.883441e+01 4.777206e+01 -3.000000e+00
      vertex   7.893723e+01 4.797855e+01 -3.000000e+00
    endloop
  endfacet
  facet normal 0.000000e+00 -0.000000e+00 1.000000e+00
    outer loop
      vertex   7.756749e+01 4.793544e+01 -3.000000e+00
      vertex   7.893723e+01 4.797855e+01 -3.000000e+00
      vertex   7.746628e+01 4.868265e+01 -3.000000e+00
    endloop
  endfacet
  facet normal 0.000000e+00 0.000000e+00 1.000000e+00
    outer loop
      vertex   7.746628e+01 4.868265e+01 -3.000000e+00
      vertex   7.893723e+01 4.797855e+01 -3.000000e+00
      vertex   7.907624e+01 4.816263e+01 -3.000000e+00
    endloop
  endfacet
  facet normal 0.000000e+00 0.000000e+00 1.000000e+00
    outer loop
      vertex   7.746628e+01 4.868265e+01 -3.000000e+00
      vertex   7.907624e+01 4.816263e+01 -3.000000e+00
      vertex   7.924671e+01 4.831803e+01 -3.000000e+00
    endloop
  endfacet
  facet normal -0.000000e+00 -0.000000e+00 1.000000e+00
    outer loop
      vertex   7.746628e+01 4.868265e+01 -3.000000e+00
      vertex   7.924671e+01 4.831803e+01 -3.000000e+00
      vertex   7.740993e+01 4.943458e+01 -3.000000e+00
    endloop
  endfacet
  facet normal 0.000000e+00 0.000000e+00 1.000000e+00
    outer loop
      vertex   7.740993e+01 4.943458e+01 -3.000000e+00
      vertex   7.924671e+01 4.831803e+01 -3.000000e+00
      vertex   7.944283e+01 4.843946e+01 -3.000000e+00
    endloop
  endfacet
  facet normal -0.000000e+00 -0.000000e+00 1.000000e+00
    outer loop
      vertex   7.740993e+01 4.943458e+01 -3.000000e+00
      vertex   7.944283e+01 4.843946e+01 -3.000000e+00
      vertex   7.739865e+01 5.018853e+01 -3.000000e+00
    endloop
  endfacet
  facet normal 0.000000e+00 0.000000e+00 1.000000e+00
    outer loop
      vertex   7.739865e+01 5.018853e+01 -3.000000e+00
      vertex   7.944283e+01 4.843946e+01 -3.000000e+00
      vertex   7.965792e+01 4.852279e+01 -3.000000e+00
    endloop
  endfacet
  facet normal 0.000000e+00 0.000000e+00 1.000000e+00
    outer loop
      vertex   7.751130e+01 5.169171e+01 -3.000000e+00
      vertex   7.884887e+01 5.219226e+01 -3.000000e+00
      vertex   7.763482e+01 5.243556e+01 -3.000000e+00
    endloop
  endfacet
  facet normal 0.000000e+00 0.000000e+00 1.000000e+00
    outer loop
      vertex   7.763482e+01 5.243556e+01 -3.000000e+00
      vertex   7.884887e+01 5.219226e+01 -3.000000e+00
      vertex   7.877894e+01 5.241208e+01 -3.000000e+00
    endloop
  endfacet
  facet normal -0.000000e+00 0.000000e+00 1.000000e+00
    outer loop
      vertex   7.763482e+01 5.243556e+01 -3.000000e+00
      vertex   7.877894e+01 5.241208e+01 -3.000000e+00
      vertex   7.875059e+01 5.264100e+01 -3.000000e+00
    endloop
  endfacet
  facet normal 0.000000e+00 0.000000e+00 1.000000e+00
    outer loop
      vertex   7.763482e+01 5.243556e+01 -3.000000e+00
      vertex   7.875059e+01 5.264100e+01 -3.000000e+00
      vertex   7.780261e+01 5.317069e+01 -3.000000e+00
    endloop
  endfacet
  facet normal 0.000000e+00 0.000000e+00 1.000000e+00
    outer loop
      vertex   7.780261e+01 5.317069e+01 -3.000000e+00
      vertex   7.875059e+01 5.264100e+01 -3.000000e+00
      vertex   7.876479e+01 5.287123e+01 -3.000000e+00
    endloop
  endfacet
  facet normal 0.000000e+00 0.000000e+00 1.000000e+00
    outer loop
      vertex   7.780261e+01 5.317069e+01 -3.000000e+00
      vertex   7.876479e+01 5.287123e+01 -3.000000e+00
      vertex   7.882106e+01 5.309494e+01 -3.000000e+00
    endloop
  endfacet
  facet normal -0.000000e+00 0.000000e+00 1.000000e+00
    outer loop
      vertex   7.780261e+01 5.317069e+01 -3.000000e+00
      vertex   7.882106e+01 5.309494e+01 -3.000000e+00
      vertex   7.801406e+01 5.389447e+01 -3.000000e+00
    endloop
  endfacet
  facet normal 0.000000e+00 0.000000e+00 1.000000e+00
    outer loop
      vertex   7.801406e+01 5.389447e+01 -3.000000e+00
      vertex   7.882106e+01 5.309494e+01 -3.000000e+00
      vertex   7.891747e+01 5.330449e+01 -3.000000e+00
    endloop
  endfacet
  facet normal 0.000000e+00 0.000000e+00 1.000000e+00
    outer loop
      vertex   7.801406e+01 5.389447e+01 -3.000000e+00
      vertex   7.891747e+01 5.330449e+01 -3.000000e+00
      vertex   7.905074e+01 5.349276e+01 -3.000000e+00
    endloop
  endfacet
  facet normal -0.000000e+00 0.000000e+00 1.000000e+00
    outer loop
      vertex   7.801406e+01 5.389447e+01 -3.000000e+00
      vertex   7.905074e+01 5.349276e+01 -3.000000e+00
      vertex   7.826842e+01 5.460431e+01 -3.000000e+00
    endloop
  endfacet
  facet normal 0.000000e+00 0.000000e+00 1.000000e+00
    outer loop
      vertex   7.826842e+01 5.460431e+01 -3.000000e+00
      vertex   7.905074e+01 5.349276e+01 -3.000000e+00
      vertex   7.921635e+01 5.365334e+01 -3.000000e+00
    endloop
  endfacet
  facet normal 0.000000e+00 0.000000e+00 1.000000e+00
    outer loop
      vertex   7.826842e+01 5.460431e+01 -3.000000e+00
      vertex   7.921635e+01 5.365334e+01 -3.000000e+00
      vertex   7.940863e+01 5.378076e+01 -3.000000e+00
    endloop
  endfacet
  facet normal -0.000000e+00 0.000000e+00 1.000000e+00
    outer loop
      vertex   7.826842e+01 5.460431e+01 -3.000000e+00
      vertex   7.940863e+01 5.378076e+01 -3.000000e+00
      vertex   7.856477e+01 5.529766e+01 -3.000000e+00
    endloop
  endfacet
  facet normal 0.000000e+00 0.000000e+00 1.000000e+00
    outer loop
      vertex   7.856477e+01 5.529766e+01 -3.000000e+00
      vertex   7.940863e+01 5.378076e+01 -3.000000e+00
      vertex   7.962106e+01 5.387067e+01 -3.000000e+00
    endloop
  endfacet
  facet normal 0.000000e+00 0.000000e+00 1.000000e+00
    outer loop
      vertex   7.856477e+01 5.529766e+01 -3.000000e+00
      vertex   7.962106e+01 5.387067e+01 -3.000000e+00
      vertex   7.984639e+01 5.392002e+01 -3.000000e+00
    endloop
  endfacet
  facet normal -0.000000e+00 0.000000e+00 1.000000e+00
    outer loop
      vertex   7.856477e+01 5.529766e+01 -3.000000e+00
      vertex   7.984639e+01 5.392002e+01 -3.000000e+00
      vertex   7.890206e+01 5.597205e+01 -3.000000e+00
    endloop
  endfacet
  facet normal 0.000000e+00 0.000000e+00 1.000000e+00
    outer loop
      vertex   7.890206e+01 5.597205e+01 -3.000000e+00
      vertex   7.984639e+01 5.392002e+01 -3.000000e+00
      vertex   8.007695e+01 5.392712e+01 -3.000000e+00
    endloop
  endfacet
  facet normal 0.000000e+00 0.000000e+00 1.000000e+00
    outer loop
      vertex   7.890206e+01 5.597205e+01 -3.000000e+00
      vertex   8.007695e+01 5.392712e+01 -3.000000e+00
      vertex   8.030489e+01 5.389174e+01 -3.000000e+00
    endloop
  endfacet
  facet normal 0.000000e+00 -0.000000e+00 1.000000e+00
    outer loop
      vertex   8.052245e+01 5.381507e+01 -3.000000e+00
      vertex   8.180932e+01 5.642312e+01 -3.000000e+00
      vertex   8.030489e+01 5.389174e+01 -3.000000e+00
    endloop
  endfacet
  facet normal 0.000000e+00 0.000000e+00 1.000000e+00
    outer loop
      vertex   8.030489e+01 5.389174e+01 -3.000000e+00
      vertex   8.180932e+01 5.642312e+01 -3.000000e+00
      vertex   8.165925e+01 5.659829e+01 -3.000000e+00
    endloop
  endfacet
  facet normal 0.000000e+00 -0.000000e+00 1.000000e+00
    outer loop
      vertex   8.030489e+01 5.389174e+01 -3.000000e+00
      vertex   8.165925e+01 5.659829e+01 -3.000000e+00
      vertex   7.927908e+01 5.662507e+01 -3.000000e+00
    endloop
  endfacet
  facet normal -0.000000e+00 0.000000e+00 1.000000e+00
    outer loop
      vertex   7.927908e+01 5.662507e+01 -3.000000e+00
      vertex   8.165925e+01 5.659829e+01 -3.000000e+00
      vertex   8.154391e+01 5.679806e+01 -3.000000e+00
    endloop
  endfacet
  facet normal 0.000000e+00 0.000000e+00 1.000000e+00
    outer loop
      vertex   7.927908e+01 5.662507e+01 -3.000000e+00
      vertex   8.154391e+01 5.679806e+01 -3.000000e+00
      vertex   7.969448e+01 5.725436e+01 -3.000000e+00
    endloop
  endfacet
  facet normal 0.000000e+00 0.000000e+00 1.000000e+00
    outer loop
      vertex   7.969448e+01 5.725436e+01 -3.000000e+00
      vertex   8.154391e+01 5.679806e+01 -3.000000e+00
      vertex   8.146725e+01 5.701562e+01 -3.000000e+00
    endloop
  endfacet
  facet normal 0.000000e+00 0.000000e+00 1.000000e+00
    outer loop
      vertex   7.969448e+01 5.725436e+01 -3.000000e+00
      vertex   8.146725e+01 5.701562e+01 -3.000000e+00
      vertex   8.143186e+01 5.724356e+01 -3.000000e+00
    endloop
  endfacet
  facet normal 0.000000e+00 0.000000e+00 1.000000e+00
    outer loop
      vertex   8.180932e+01 5.642312e+01 -3.000000e+00
      vertex   8.052245e+01 5.381507e+01 -3.000000e+00
      vertex   8.198904e+01 5.627851e+01 -3.000000e+00
    endloop
  endfacet
  facet normal 0.000000e+00 0.000000e+00 1.000000e+00
    outer loop
      vertex   8.198904e+01 5.627851e+01 -3.000000e+00
      vertex   8.052245e+01 5.381507e+01 -3.000000e+00
      vertex   8.072222e+01 5.369974e+01 -3.000000e+00
    endloop
  endfacet
  facet normal 0.000000e+00 0.000000e+00 1.000000e+00
    outer loop
      vertex   8.198904e+01 5.627851e+01 -3.000000e+00
      vertex   8.072222e+01 5.369974e+01 -3.000000e+00
      vertex   8.219226e+01 5.616938e+01 -3.000000e+00
    endloop
  endfacet
  facet normal 0.000000e+00 0.000000e+00 1.000000e+00
    outer loop
      vertex   8.219226e+01 5.616938e+01 -3.000000e+00
      vertex   8.072222e+01 5.369974e+01 -3.000000e+00
      vertex   8.089739e+01 5.354966e+01 -3.000000e+00
    endloop
  endfacet
  facet normal 0.000000e+00 0.000000e+00 1.000000e+00
    outer loop
      vertex   8.219226e+01 5.616938e+01 -3.000000e+00
      vertex   8.089739e+01 5.354966e+01 -3.000000e+00
      vertex   8.241208e+01 5.609945e+01 -3.000000e+00
    endloop
  endfacet
  facet normal 0.000000e+00 0.000000e+00 1.000000e+00
    outer loop
      vertex   8.241208e+01 5.609945e+01 -3.000000e+00
      vertex   8.089739e+01 5.354966e+01 -3.000000e+00
      vertex   8.104200e+01 5.336995e+01 -3.000000e+00
    endloop
  endfacet
  facet normal 0.000000e+00 0.000000e+00 1.000000e+00
    outer loop
      vertex   8.241208e+01 5.609945e+01 -3.000000e+00
      vertex   8.104200e+01 5.336995e+01 -3.000000e+00
      vertex   8.264100e+01 5.607110e+01 -3.000000e+00
    endloop
  endfacet
  facet normal 0.000000e+00 0.000000e+00 1.000000e+00
    outer loop
      vertex   8.264100e+01 5.607110e+01 -3.000000e+00
      vertex   8.104200e+01 5.336995e+01 -3.000000e+00
      vertex   8.115113e+01 5.316672e+01 -3.000000e+00
    endloop
  endfacet
  facet normal -0.000000e+00 0.000000e+00 1.000000e+00
    outer loop
      vertex   8.264100e+01 5.607110e+01 -3.000000e+00
      vertex   8.115113e+01 5.316672e+01 -3.000000e+00
      vertex   8.287123e+01 5.608530e+01 -3.000000e+00
    endloop
  endfacet
  facet normal -0.000000e+00 0.000000e+00 1.000000e+00
    outer loop
      vertex   7.969448e+01 5.725436e+01 -3.000000e+00
      vertex   8.143186e+01 5.724356e+01 -3.000000e+00
      vertex   8.014676e+01 5.785769e+01 -3.000000e+00
    endloop
  endfacet
  facet normal 0.000000e+00 0.000000e+00 1.000000e+00
    outer loop
      vertex   8.014676e+01 5.785769e+01 -3.000000e+00
      vertex   8.143186e+01 5.724356e+01 -3.000000e+00
      vertex   8.143897e+01 5.747412e+01 -3.000000e+00
    endloop
  endfacet
  facet normal 0.000000e+00 0.000000e+00 1.000000e+00
    outer loop
      vertex   8.014676e+01 5.785769e+01 -3.000000e+00
      vertex   8.143897e+01 5.747412e+01 -3.000000e+00
      vertex   8.148831e+01 5.769945e+01 -3.000000e+00
    endloop
  endfacet
  facet normal -0.000000e+00 0.000000e+00 1.000000e+00
    outer loop
      vertex   8.014676e+01 5.785769e+01 -3.000000e+00
      vertex   8.148831e+01 5.769945e+01 -3.000000e+00
      vertex   8.063432e+01 5.843289e+01 -3.000000e+00
    endloop
  endfacet
  facet normal 0.000000e+00 0.000000e+00 1.000000e+00
    outer loop
      vertex   8.063432e+01 5.843289e+01 -3.000000e+00
      vertex   8.148831e+01 5.769945e+01 -3.000000e+00
      vertex   8.157823e+01 5.791188e+01 -3.000000e+00
    endloop
  endfacet
  facet normal 0.000000e+00 0.000000e+00 1.000000e+00
    outer loop
      vertex   8.063432e+01 5.843289e+01 -3.000000e+00
      vertex   8.157823e+01 5.791188e+01 -3.000000e+00
      vertex   8.170564e+01 5.810416e+01 -3.000000e+00
    endloop
  endfacet
  facet normal -0.000000e+00 0.000000e+00 1.000000e+00
    outer loop
      vertex   8.063432e+01 5.843289e+01 -3.000000e+00
      vertex   8.170564e+01 5.810416e+01 -3.000000e+00
      vertex   8.115541e+01 5.897791e+01 -3.000000e+00
    endloop
  endfacet
  facet normal 0.000000e+00 0.000000e+00 1.000000e+00
    outer loop
      vertex   8.115541e+01 5.897791e+01 -3.000000e+00
      vertex   8.170564e+01 5.810416e+01 -3.000000e+00
      vertex   8.186622e+01 5.826976e+01 -3.000000e+00
    endloop
  endfacet
  facet normal 0.000000e+00 0.000000e+00 1.000000e+00
    outer loop
      vertex   8.115541e+01 5.897791e+01 -3.000000e+00
      vertex   8.186622e+01 5.826976e+01 -3.000000e+00
      vertex   8.205449e+01 5.840304e+01 -3.000000e+00
    endloop
  endfacet
  facet normal -0.000000e+00 0.000000e+00 1.000000e+00
    outer loop
      vertex   8.115541e+01 5.897791e+01 -3.000000e+00
      vertex   8.205449e+01 5.840304e+01 -3.000000e+00
      vertex   8.170815e+01 5.949078e+01 -3.000000e+00
    endloop
  endfacet
  facet normal 0.000000e+00 0.000000e+00 1.000000e+00
    outer loop
      vertex   8.170815e+01 5.949078e+01 -3.000000e+00
      vertex   8.205449e+01 5.840304e+01 -3.000000e+00
      vertex   8.226405e+01 5.849945e+01 -3.000000e+00
    endloop
  endfacet
  facet normal 0.000000e+00 0.000000e+00 1.000000e+00
    outer loop
      vertex   8.170815e+01 5.949078e+01 -3.000000e+00
      vertex   8.226405e+01 5.849945e+01 -3.000000e+00
      vertex   8.248775e+01 5.855571e+01 -3.000000e+00
    endloop
  endfacet
  facet normal -0.000000e+00 0.000000e+00 1.000000e+00
    outer loop
      vertex   8.170815e+01 5.949078e+01 -3.000000e+00
      vertex   8.248775e+01 5.855571e+01 -3.000000e+00
      vertex   8.229058e+01 5.996968e+01 -3.000000e+00
    endloop
  endfacet
  facet normal 0.000000e+00 0.000000e+00 1.000000e+00
    outer loop
      vertex   8.229058e+01 5.996968e+01 -3.000000e+00
      vertex   8.248775e+01 5.855571e+01 -3.000000e+00
      vertex   8.271799e+01 5.856992e+01 -3.000000e+00
    endloop
  endfacet
  facet normal 0.000000e+00 0.000000e+00 1.000000e+00
    outer loop
      vertex   8.229058e+01 5.996968e+01 -3.000000e+00
      vertex   8.271799e+01 5.856992e+01 -3.000000e+00
      vertex   8.294691e+01 5.854157e+01 -3.000000e+00
    endloop
  endfacet
  facet normal -0.000000e+00 0.000000e+00 1.000000e+00
    outer loop
      vertex   8.229058e+01 5.996968e+01 -3.000000e+00
      vertex   8.294691e+01 5.854157e+01 -3.000000e+00
      vertex   8.290061e+01 6.041289e+01 -3.000000e+00
    endloop
  endfacet
  facet normal 0.000000e+00 0.000000e+00 1.000000e+00
    outer loop
      vertex   8.290061e+01 6.041289e+01 -3.000000e+00
      vertex   8.294691e+01 5.854157e+01 -3.000000e+00
      vertex   8.316672e+01 5.847164e+01 -3.000000e+00
    endloop
  endfacet
  facet normal -0.000000e+00 0.000000e+00 1.000000e+00
    outer loop
      vertex   8.290061e+01 6.041289e+01 -3.000000e+00
      vertex   8.316672e+01 5.847164e+01 -3.000000e+00
      vertex   8.353605e+01 6.081883e+01 -3.000000e+00
    endloop
  endfacet
  facet normal 0.000000e+00 0.000000e+00 1.000000e+00
    outer loop
      vertex   8.353605e+01 6.081883e+01 -3.000000e+00
      vertex   8.316672e+01 5.847164e+01 -3.000000e+00
      vertex   8.336995e+01 5.836251e+01 -3.000000e+00
    endloop
  endfacet
  facet normal 0.000000e+00 0.000000e+00 1.000000e+00
    outer loop
      vertex   8.353605e+01 6.081883e+01 -3.000000e+00
      vertex   8.336995e+01 5.836251e+01 -3.000000e+00
      vertex   8.354966e+01 5.821790e+01 -3.000000e+00
    endloop
  endfacet
  facet normal 0.000000e+00 -0.000000e+00 1.000000e+00
    outer loop
      vertex   8.369974e+01 5.804273e+01 -3.000000e+00
      vertex   8.612008e+01 5.965148e+01 -3.000000e+00
      vertex   8.354966e+01 5.821790e+01 -3.000000e+00
    endloop
  endfacet
  facet normal 0.000000e+00 0.000000e+00 1.000000e+00
    outer loop
      vertex   8.354966e+01 5.821790e+01 -3.000000e+00
      vertex   8.612008e+01 5.965148e+01 -3.000000e+00
      vertex   8.607638e+01 5.987901e+01 -3.000000e+00
    endloop
  endfacet
  facet normal 0.000000e+00 -0.000000e+00 1.000000e+00
    outer loop
      vertex   8.354966e+01 5.821790e+01 -3.000000e+00
      vertex   8.607638e+01 5.987901e+01 -3.000000e+00
      vertex   8.353605e+01 6.081883e+01 -3.000000e+00
    endloop
  endfacet
  facet normal -0.000000e+00 0.000000e+00 1.000000e+00
    outer loop
      vertex   8.353605e+01 6.081883e+01 -3.000000e+00
      vertex   8.607638e+01 5.987901e+01 -3.000000e+00
      vertex   8.419463e+01 6.118603e+01 -3.000000e+00
    endloop
  endfacet
  facet normal 0.000000e+00 0.000000e+00 1.000000e+00
    outer loop
      vertex   8.419463e+01 6.118603e+01 -3.000000e+00
      vertex   8.607638e+01 5.987901e+01 -3.000000e+00
      vertex   8.607542e+01 6.011070e+01 -3.000000e+00
    endloop
  endfacet
  facet normal -0.000000e+00 0.000000e+00 1.000000e+00
    outer loop
      vertex   8.419463e+01 6.118603e+01 -3.000000e+00
      vertex   8.607542e+01 6.011070e+01 -3.000000e+00
      vertex   8.487399e+01 6.151320e+01 -3.000000e+00
    endloop
  endfacet
  facet normal 0.000000e+00 0.000000e+00 1.000000e+00
    outer loop
      vertex   8.487399e+01 6.151320e+01 -3.000000e+00
      vertex   8.607542e+01 6.011070e+01 -3.000000e+00
      vertex   8.611724e+01 6.033859e+01 -3.000000e+00
    endloop
  endfacet
  facet normal 0.000000e+00 0.000000e+00 1.000000e+00
    outer loop
      vertex   8.487399e+01 6.151320e+01 -3.000000e+00
      vertex   8.611724e+01 6.033859e+01 -3.000000e+00
      vertex   8.620039e+01 6.055484e+01 -3.000000e+00
    endloop
  endfacet
  facet normal 0.000000e+00 0.000000e+00 1.000000e+00
    outer loop
      vertex   8.612008e+01 5.965148e+01 -3.000000e+00
      vertex   8.369974e+01 5.804273e+01 -3.000000e+00
      vertex   8.620502e+01 5.943593e+01 -3.000000e+00
    endloop
  endfacet
  facet normal 0.000000e+00 0.000000e+00 1.000000e+00
    outer loop
      vertex   8.620502e+01 5.943593e+01 -3.000000e+00
      vertex   8.369974e+01 5.804273e+01 -3.000000e+00
      vertex   8.381507e+01 5.784296e+01 -3.000000e+00
    endloop
  endfacet
  facet normal 0.000000e+00 0.000000e+00 1.000000e+00
    outer loop
      vertex   8.620502e+01 5.943593e+01 -3.000000e+00
      vertex   8.381507e+01 5.784296e+01 -3.000000e+00
      vertex   8.632828e+01 5.923975e+01 -3.000000e+00
    endloop
  endfacet
  facet normal 0.000000e+00 0.000000e+00 1.000000e+00
    outer loop
      vertex   8.632828e+01 5.923975e+01 -3.000000e+00
      vertex   8.381507e+01 5.784296e+01 -3.000000e+00
      vertex   8.389174e+01 5.762540e+01 -3.000000e+00
    endloop
  endfacet
  facet normal 0.000000e+00 0.000000e+00 1.000000e+00
    outer loop
      vertex   8.632828e+01 5.923975e+01 -3.000000e+00
      vertex   8.389174e+01 5.762540e+01 -3.000000e+00
      vertex   8.648563e+01 5.906969e+01 -3.000000e+00
    endloop
  endfacet
  facet normal 0.000000e+00 0.000000e+00 1.000000e+00
    outer loop
      vertex   8.648563e+01 5.906969e+01 -3.000000e+00
      vertex   8.389174e+01 5.762540e+01 -3.000000e+00
      vertex   8.392712e+01 5.739746e+01 -3.000000e+00
    endloop
  endfacet
  facet normal 0.000000e+00 0.000000e+00 1.000000e+00
    outer loop
      vertex   8.648563e+01 5.906969e+01 -3.000000e+00
      vertex   8.392712e+01 5.739746e+01 -3.000000e+00
      vertex   8.667166e+01 5.893159e+01 -3.000000e+00
    endloop
  endfacet
  facet normal 0.000000e+00 0.000000e+00 1.000000e+00
    outer loop
      vertex   8.667166e+01 5.893159e+01 -3.000000e+00
      vertex   8.392712e+01 5.739746e+01 -3.000000e+00
      vertex   8.392002e+01 5.716690e+01 -3.000000e+00
    endloop
  endfacet
  facet normal 0.000000e+00 0.000000e+00 1.000000e+00
    outer loop
      vertex   8.667166e+01 5.893159e+01 -3.000000e+00
      vertex   8.392002e+01 5.716690e+01 -3.000000e+00
      vertex   8.687999e+01 5.883020e+01 -3.000000e+00
    endloop
  endfacet
  facet normal 0.000000e+00 0.000000e+00 1.000000e+00
    outer loop
      vertex   8.687999e+01 5.883020e+01 -3.000000e+00
      vertex   8.392002e+01 5.716690e+01 -3.000000e+00
      vertex   8.387067e+01 5.694157e+01 -3.000000e+00
    endloop
  endfacet
  facet normal 0.000000e+00 0.000000e+00 1.000000e+00
    outer loop
      vertex   8.832934e+01 5.926193e+01 -3.000000e+00
      vertex   8.817580e+01 5.908842e+01 -3.000000e+00
      vertex   8.852445e+01 5.903710e+01 -3.000000e+00
    endloop
  endfacet
  facet normal 0.000000e+00 0.000000e+00 1.000000e+00
    outer loop
      vertex   8.852445e+01 5.903710e+01 -3.000000e+00
      vertex   8.817580e+01 5.908842e+01 -3.000000e+00
      vertex   8.799288e+01 5.894623e+01 -3.000000e+00
    endloop
  endfacet
  facet normal 0.000000e+00 0.000000e+00 1.000000e+00
    outer loop
      vertex   8.852445e+01 5.903710e+01 -3.000000e+00
      vertex   8.799288e+01 5.894623e+01 -3.000000e+00
      vertex   8.874954e+01 5.884230e+01 -3.000000e+00
    endloop
  endfacet
  facet normal 0.000000e+00 0.000000e+00 1.000000e+00
    outer loop
      vertex   8.874954e+01 5.884230e+01 -3.000000e+00
      vertex   8.799288e+01 5.894623e+01 -3.000000e+00
      vertex   8.778685e+01 5.884025e+01 -3.000000e+00
    endloop
  endfacet
  facet normal 0.000000e+00 0.000000e+00 1.000000e+00
    outer loop
      vertex   8.874954e+01 5.884230e+01 -3.000000e+00
      vertex   8.778685e+01 5.884025e+01 -3.000000e+00
      vertex   8.900004e+01 5.868148e+01 -3.000000e+00
    endloop
  endfacet
  facet normal 0.000000e+00 0.000000e+00 1.000000e+00
    outer loop
      vertex   8.900004e+01 5.868148e+01 -3.000000e+00
      vertex   8.778685e+01 5.884025e+01 -3.000000e+00
      vertex   8.756480e+01 5.877410e+01 -3.000000e+00
    endloop
  endfacet
  facet normal -0.000000e+00 0.000000e+00 1.000000e+00
    outer loop
      vertex   8.487399e+01 6.151320e+01 -3.000000e+00
      vertex   8.620039e+01 6.055484e+01 -3.000000e+00
      vertex   8.557171e+01 6.179915e+01 -3.000000e+00
    endloop
  endfacet
  facet normal 0.000000e+00 0.000000e+00 1.000000e+00
    outer loop
      vertex   8.557171e+01 6.179915e+01 -3.000000e+00
      vertex   8.620039e+01 6.055484e+01 -3.000000e+00
      vertex   8.632203e+01 6.075203e+01 -3.000000e+00
    endloop
  endfacet
  facet normal 0.000000e+00 0.000000e+00 1.000000e+00
    outer loop
      vertex   8.557171e+01 6.179915e+01 -3.000000e+00
      vertex   8.632203e+01 6.075203e+01 -3.000000e+00
      vertex   8.647797e+01 6.092338e+01 -3.000000e+00
    endloop
  endfacet
  facet normal -0.000000e+00 0.000000e+00 1.000000e+00
    outer loop
      vertex   8.557171e+01 6.179915e+01 -3.000000e+00
      vertex   8.647797e+01 6.092338e+01 -3.000000e+00
      vertex   8.628527e+01 6.204286e+01 -3.000000e+00
    endloop
  endfacet
  facet normal 0.000000e+00 0.000000e+00 1.000000e+00
    outer loop
      vertex   8.628527e+01 6.204286e+01 -3.000000e+00
      vertex   8.647797e+01 6.092338e+01 -3.000000e+00
      vertex   8.666286e+01 6.106301e+01 -3.000000e+00
    endloop
  endfacet
  facet normal 0.000000e+00 0.000000e+00 1.000000e+00
    outer loop
      vertex   8.628527e+01 6.204286e+01 -3.000000e+00
      vertex   8.666286e+01 6.106301e+01 -3.000000e+00
      vertex   8.687034e+01 6.116612e+01 -3.000000e+00
    endloop
  endfacet
  facet normal -0.000000e+00 0.000000e+00 1.000000e+00
    outer loop
      vertex   8.628527e+01 6.204286e+01 -3.000000e+00
      vertex   8.687034e+01 6.116612e+01 -3.000000e+00
      vertex   8.701213e+01 6.224346e+01 -3.000000e+00
    endloop
  endfacet
  facet normal 0.000000e+00 0.000000e+00 1.000000e+00
    outer loop
      vertex   8.701213e+01 6.224346e+01 -3.000000e+00
      vertex   8.687034e+01 6.116612e+01 -3.000000e+00
      vertex   8.709328e+01 6.122917e+01 -3.000000e+00
    endloop
  endfacet
  facet normal 0.000000e+00 0.000000e+00 1.000000e+00
    outer loop
      vertex   8.701213e+01 6.224346e+01 -3.000000e+00
      vertex   8.709328e+01 6.122917e+01 -3.000000e+00
      vertex   8.732403e+01 6.125000e+01 -3.000000e+00
    endloop
  endfacet
  facet normal -0.000000e+00 0.000000e+00 1.000000e+00
    outer loop
      vertex   8.701213e+01 6.224346e+01 -3.000000e+00
      vertex   8.732403e+01 6.125000e+01 -3.000000e+00
      vertex   8.774969e+01 6.240023e+01 -3.000000e+00
    endloop
  endfacet
  facet normal 0.000000e+00 0.000000e+00 1.000000e+00
    outer loop
      vertex   8.774969e+01 6.240023e+01 -3.000000e+00
      vertex   8.732403e+01 6.125000e+01 -3.000000e+00
      vertex   8.755467e+01 6.122787e+01 -3.000000e+00
    endloop
  endfacet
  facet normal 0.000000e+00 0.000000e+00 1.000000e+00
    outer loop
      vertex   8.774969e+01 6.240023e+01 -3.000000e+00
      vertex   8.755467e+01 6.122787e+01 -3.000000e+00
      vertex   8.822453e+01 6.161373e+01 -3.000000e+00
    endloop
  endfacet
  facet normal 0.000000e+00 0.000000e+00 1.000000e+00
    outer loop
      vertex   8.822453e+01 6.161373e+01 -3.000000e+00
      vertex   8.755467e+01 6.122787e+01 -3.000000e+00
      vertex   8.808418e+01 6.134525e+01 -3.000000e+00
    endloop
  endfacet
  facet normal 0.000000e+00 0.000000e+00 1.000000e+00
    outer loop
      vertex   8.808418e+01 6.134525e+01 -3.000000e+00
      vertex   8.755467e+01 6.122787e+01 -3.000000e+00
      vertex   8.777725e+01 6.116357e+01 -3.000000e+00
    endloop
  endfacet
  facet normal 0.000000e+00 0.000000e+00 1.000000e+00
    outer loop
      vertex   8.808418e+01 6.134525e+01 -3.000000e+00
      vertex   8.777725e+01 6.116357e+01 -3.000000e+00
      vertex   8.798415e+01 6.105929e+01 -3.000000e+00
    endloop
  endfacet
  facet normal 0.000000e+00 -0.000000e+00 1.000000e+00
    outer loop
      vertex   8.822453e+01 6.161373e+01 -3.000000e+00
      vertex   8.840226e+01 6.185908e+01 -3.000000e+00
      vertex   8.774969e+01 6.240023e+01 -3.000000e+00
    endloop
  endfacet
  facet normal -0.000000e+00 0.000000e+00 1.000000e+00
    outer loop
      vertex   8.774969e+01 6.240023e+01 -3.000000e+00
      vertex   8.840226e+01 6.185908e+01 -3.000000e+00
      vertex   8.849530e+01 6.251261e+01 -3.000000e+00
    endloop
  endfacet
  facet normal 0.000000e+00 0.000000e+00 1.000000e+00
    outer loop
      vertex   8.849530e+01 6.251261e+01 -3.000000e+00
      vertex   8.840226e+01 6.185908e+01 -3.000000e+00
      vertex   8.861362e+01 6.207613e+01 -3.000000e+00
    endloop
  endfacet
  facet normal 0.000000e+00 0.000000e+00 1.000000e+00
    outer loop
      vertex   8.849530e+01 6.251261e+01 -3.000000e+00
      vertex   8.861362e+01 6.207613e+01 -3.000000e+00
      vertex   8.885417e+01 6.226030e+01 -3.000000e+00
    endloop
  endfacet
  facet normal 0.000000e+00 -0.000000e+00 1.000000e+00
    outer loop
      vertex   8.885417e+01 6.226030e+01 -3.000000e+00
      vertex   8.911883e+01 6.240773e+01 -3.000000e+00
      vertex   8.849530e+01 6.251261e+01 -3.000000e+00
    endloop
  endfacet
  facet normal -0.000000e+00 0.000000e+00 1.000000e+00
    outer loop
      vertex   8.849530e+01 6.251261e+01 -3.000000e+00
      vertex   8.911883e+01 6.240773e+01 -3.000000e+00
      vertex   8.924630e+01 6.258020e+01 -3.000000e+00
    endloop
  endfacet
  facet normal 0.000000e+00 0.000000e+00 1.000000e+00
    outer loop
      vertex   8.924630e+01 6.258020e+01 -3.000000e+00
      vertex   8.911883e+01 6.240773e+01 -3.000000e+00
      vertex   8.940204e+01 6.251532e+01 -3.000000e+00
    endloop
  endfacet
  facet normal -0.000000e+00 0.000000e+00 1.000000e+00
    outer loop
      vertex   8.924630e+01 6.258020e+01 -3.000000e+00
      vertex   8.940204e+01 6.251532e+01 -3.000000e+00
      vertex   8.969784e+01 6.258078e+01 -3.000000e+00
    endloop
  endfacet
  facet normal 0.000000e+00 -0.000000e+00 1.000000e+00
    outer loop
      vertex   8.969784e+01 6.258078e+01 -3.000000e+00
      vertex   9.000000e+01 6.260276e+01 -3.000000e+00
      vertex   8.924630e+01 6.258020e+01 -3.000000e+00
    endloop
  endfacet
  facet normal 0.000000e+00 0.000000e+00 1.000000e+00
    outer loop
      vertex   7.927908e+01 5.662507e+01 -3.000000e+00
      vertex   7.890206e+01 5.597205e+01 -3.000000e+00
      vertex   8.030489e+01 5.389174e+01 -3.000000e+00
    endloop
  endfacet
  facet normal 0.000000e+00 0.000000e+00 1.000000e+00
    outer loop
      vertex   8.962298e+01 3.740288e+01 -3.000000e+00
      vertex   9.037702e+01 3.740288e+01 -3.000000e+00
      vertex   9.147721e+01 3.965792e+01 -3.000000e+00
    endloop
  endfacet
  facet normal -0.000000e+00 0.000000e+00 1.000000e+00
    outer loop
      vertex   1.007533e+02 5.168197e+01 -3.000000e+00
      vertex   1.025675e+02 5.094181e+01 -3.000000e+00
      vertex   1.009238e+02 5.183737e+01 -3.000000e+00
    endloop
  endfacet
  facet normal 0.000000e+00 0.000000e+00 1.000000e+00
    outer loop
      vertex   1.009238e+02 5.183737e+01 -3.000000e+00
      vertex   1.025675e+02 5.094181e+01 -3.000000e+00
      vertex   1.024887e+02 5.169171e+01 -3.000000e+00
    endloop
  endfacet
  facet normal -0.000000e+00 0.000000e+00 1.000000e+00
    outer loop
      vertex   1.009238e+02 5.183737e+01 -3.000000e+00
      vertex   1.024887e+02 5.169171e+01 -3.000000e+00
      vertex   1.010628e+02 5.202145e+01 -3.000000e+00
    endloop
  endfacet
  facet normal -0.000000e+00 0.000000e+00 1.000000e+00
    outer loop
      vertex   1.010628e+02 5.202145e+01 -3.000000e+00
      vertex   1.024887e+02 5.169171e+01 -3.000000e+00
      vertex   1.011656e+02 5.222794e+01 -3.000000e+00
    endloop
  endfacet
  facet normal -0.000000e+00 0.000000e+00 1.000000e+00
    outer loop
      vertex   1.011656e+02 5.222794e+01 -3.000000e+00
      vertex   1.024887e+02 5.169171e+01 -3.000000e+00
      vertex   1.023652e+02 5.243556e+01 -3.000000e+00
    endloop
  endfacet
  facet normal 0.000000e+00 0.000000e+00 1.000000e+00
    outer loop
      vertex   1.011656e+02 5.222794e+01 -3.000000e+00
      vertex   1.023652e+02 5.243556e+01 -3.000000e+00
      vertex   1.012287e+02 5.244981e+01 -3.000000e+00
    endloop
  endfacet
  facet normal -0.000000e+00 0.000000e+00 1.000000e+00
    outer loop
      vertex   1.012287e+02 5.244981e+01 -3.000000e+00
      vertex   1.023652e+02 5.243556e+01 -3.000000e+00
      vertex   1.012500e+02 5.267949e+01 -3.000000e+00
    endloop
  endfacet
  facet normal -0.000000e+00 0.000000e+00 1.000000e+00
    outer loop
      vertex   1.012500e+02 5.267949e+01 -3.000000e+00
      vertex   1.023652e+02 5.243556e+01 -3.000000e+00
      vertex   1.021974e+02 5.317069e+01 -3.000000e+00
    endloop
  endfacet
  facet normal 0.000000e+00 -0.000000e+00 1.000000e+00
    outer loop
      vertex   1.012500e+02 5.267949e+01 -3.000000e+00
      vertex   1.021974e+02 5.317069e+01 -3.000000e+00
      vertex   1.012287e+02 5.290918e+01 -3.000000e+00
    endloop
  endfacet
  facet normal 0.000000e+00 -0.000000e+00 1.000000e+00
    outer loop
      vertex   1.012287e+02 5.290918e+01 -3.000000e+00
      vertex   1.021974e+02 5.317069e+01 -3.000000e+00
      vertex   1.011656e+02 5.313104e+01 -3.000000e+00
    endloop
  endfacet
  facet normal 0.000000e+00 0.000000e+00 1.000000e+00
    outer loop
      vertex   1.011656e+02 5.313104e+01 -3.000000e+00
      vertex   1.021974e+02 5.317069e+01 -3.000000e+00
      vertex   1.019859e+02 5.389447e+01 -3.000000e+00
    endloop
  endfacet
  facet normal 0.000000e+00 -0.000000e+00 1.000000e+00
    outer loop
      vertex   1.011656e+02 5.313104e+01 -3.000000e+00
      vertex   1.019859e+02 5.389447e+01 -3.000000e+00
      vertex   1.010628e+02 5.333753e+01 -3.000000e+00
    endloop
  endfacet
  facet normal 0.000000e+00 -0.000000e+00 1.000000e+00
    outer loop
      vertex   1.010628e+02 5.333753e+01 -3.000000e+00
      vertex   1.019859e+02 5.389447e+01 -3.000000e+00
      vertex   1.009238e+02 5.352161e+01 -3.000000e+00
    endloop
  endfacet
  facet normal 0.000000e+00 0.000000e+00 1.000000e+00
    outer loop
      vertex   1.009238e+02 5.352161e+01 -3.000000e+00
      vertex   1.019859e+02 5.389447e+01 -3.000000e+00
      vertex   1.017316e+02 5.460431e+01 -3.000000e+00
    endloop
  endfacet
  facet normal 0.000000e+00 -0.000000e+00 1.000000e+00
    outer loop
      vertex   1.009238e+02 5.352161e+01 -3.000000e+00
      vertex   1.017316e+02 5.460431e+01 -3.000000e+00
      vertex   1.007533e+02 5.367701e+01 -3.000000e+00
    endloop
  endfacet
  facet normal 0.000000e+00 -0.000000e+00 1.000000e+00
    outer loop
      vertex   1.007533e+02 5.367701e+01 -3.000000e+00
      vertex   1.017316e+02 5.460431e+01 -3.000000e+00
      vertex   1.005572e+02 5.379845e+01 -3.000000e+00
    endloop
  endfacet
  facet normal 0.000000e+00 0.000000e+00 1.000000e+00
    outer loop
      vertex   1.005572e+02 5.379845e+01 -3.000000e+00
      vertex   1.017316e+02 5.460431e+01 -3.000000e+00
      vertex   1.014352e+02 5.529766e+01 -3.000000e+00
    endloop
  endfacet
  facet normal 0.000000e+00 -0.000000e+00 1.000000e+00
    outer loop
      vertex   1.005572e+02 5.379845e+01 -3.000000e+00
      vertex   1.014352e+02 5.529766e+01 -3.000000e+00
      vertex   1.003421e+02 5.388177e+01 -3.000000e+00
    endloop
  endfacet
  facet normal 0.000000e+00 -0.000000e+00 1.000000e+00
    outer loop
      vertex   1.003421e+02 5.388177e+01 -3.000000e+00
      vertex   1.014352e+02 5.529766e+01 -3.000000e+00
      vertex   1.001153e+02 5.392416e+01 -3.000000e+00
    endloop
  endfacet
  facet normal 0.000000e+00 0.000000e+00 1.000000e+00
    outer loop
      vertex   1.001153e+02 5.392416e+01 -3.000000e+00
      vertex   1.014352e+02 5.529766e+01 -3.000000e+00
      vertex   1.010979e+02 5.597205e+01 -3.000000e+00
    endloop
  endfacet
  facet normal 0.000000e+00 -0.000000e+00 1.000000e+00
    outer loop
      vertex   1.001153e+02 5.392416e+01 -3.000000e+00
      vertex   1.010979e+02 5.597205e+01 -3.000000e+00
      vertex   9.988466e+01 5.392416e+01 -3.000000e+00
    endloop
  endfacet
  facet normal 0.000000e+00 -0.000000e+00 1.000000e+00
    outer loop
      vertex   9.988466e+01 5.392416e+01 -3.000000e+00
      vertex   1.010979e+02 5.597205e+01 -3.000000e+00
      vertex   9.821790e+01 5.645034e+01 -3.000000e+00
    endloop
  endfacet
  facet normal 0.000000e+00 0.000000e+00 1.000000e+00
    outer loop
      vertex   9.988466e+01 5.392416e+01 -3.000000e+00
      vertex   9.821790e+01 5.645034e+01 -3.000000e+00
      vertex   9.965792e+01 5.388177e+01 -3.000000e+00
    endloop
  endfacet
  facet normal 0.000000e+00 0.000000e+00 1.000000e+00
    outer loop
      vertex   9.965792e+01 5.388177e+01 -3.000000e+00
      vertex   9.821790e+01 5.645034e+01 -3.000000e+00
      vertex   9.804273e+01 5.630026e+01 -3.000000e+00
    endloop
  endfacet
  facet normal 0.000000e+00 0.000000e+00 1.000000e+00
    outer loop
      vertex   9.965792e+01 5.388177e+01 -3.000000e+00
      vertex   9.804273e+01 5.630026e+01 -3.000000e+00
      vertex   9.944283e+01 5.379845e+01 -3.000000e+00
    endloop
  endfacet
  facet normal 0.000000e+00 0.000000e+00 1.000000e+00
    outer loop
      vertex   9.944283e+01 5.379845e+01 -3.000000e+00
      vertex   9.804273e+01 5.630026e+01 -3.000000e+00
      vertex   9.784296e+01 5.618493e+01 -3.000000e+00
    endloop
  endfacet
  facet normal 0.000000e+00 0.000000e+00 1.000000e+00
    outer loop
      vertex   9.944283e+01 5.379845e+01 -3.000000e+00
      vertex   9.784296e+01 5.618493e+01 -3.000000e+00
      vertex   9.924671e+01 5.367701e+01 -3.000000e+00
    endloop
  endfacet
  facet normal 0.000000e+00 0.000000e+00 1.000000e+00
    outer loop
      vertex   9.924671e+01 5.367701e+01 -3.000000e+00
      vertex   9.784296e+01 5.618493e+01 -3.000000e+00
      vertex   9.762540e+01 5.610826e+01 -3.000000e+00
    endloop
  endfacet
  facet normal 0.000000e+00 0.000000e+00 1.000000e+00
    outer loop
      vertex   9.924671e+01 5.367701e+01 -3.000000e+00
      vertex   9.762540e+01 5.610826e+01 -3.000000e+00
      vertex   9.907624e+01 5.352161e+01 -3.000000e+00
    endloop
  endfacet
  facet normal 0.000000e+00 0.000000e+00 1.000000e+00
    outer loop
      vertex   9.907624e+01 5.352161e+01 -3.000000e+00
      vertex   9.762540e+01 5.610826e+01 -3.000000e+00
      vertex   9.739746e+01 5.607288e+01 -3.000000e+00
    endloop
  endfacet
  facet normal 0.000000e+00 0.000000e+00 1.000000e+00
    outer loop
      vertex   9.907624e+01 5.352161e+01 -3.000000e+00
      vertex   9.739746e+01 5.607288e+01 -3.000000e+00
      vertex   9.893723e+01 5.333753e+01 -3.000000e+00
    endloop
  endfacet
  facet normal 0.000000e+00 0.000000e+00 1.000000e+00
    outer loop
      vertex   9.893723e+01 5.333753e+01 -3.000000e+00
      vertex   9.739746e+01 5.607288e+01 -3.000000e+00
      vertex   9.716690e+01 5.607998e+01 -3.000000e+00
    endloop
  endfacet
  facet normal 0.000000e+00 0.000000e+00 1.000000e+00
    outer loop
      vertex   9.893723e+01 5.333753e+01 -3.000000e+00
      vertex   9.716690e+01 5.607998e+01 -3.000000e+00
      vertex   9.883441e+01 5.313104e+01 -3.000000e+00
    endloop
  endfacet
  facet normal 0.000000e+00 0.000000e+00 1.000000e+00
    outer loop
      vertex   1.010979e+02 5.597205e+01 -3.000000e+00
      vertex   1.007209e+02 5.662507e+01 -3.000000e+00
      vertex   9.821790e+01 5.645034e+01 -3.000000e+00
    endloop
  endfacet
  facet normal 0.000000e+00 0.000000e+00 1.000000e+00
    outer loop
      vertex   9.821790e+01 5.645034e+01 -3.000000e+00
      vertex   1.007209e+02 5.662507e+01 -3.000000e+00
      vertex   9.836251e+01 5.663005e+01 -3.000000e+00
    endloop
  endfacet
  facet normal -0.000000e+00 0.000000e+00 1.000000e+00
    outer loop
      vertex   9.836251e+01 5.663005e+01 -3.000000e+00
      vertex   1.007209e+02 5.662507e+01 -3.000000e+00
      vertex   9.847164e+01 5.683328e+01 -3.000000e+00
    endloop
  endfacet
  facet normal -0.000000e+00 0.000000e+00 1.000000e+00
    outer loop
      vertex   9.847164e+01 5.683328e+01 -3.000000e+00
      vertex   1.007209e+02 5.662507e+01 -3.000000e+00
      vertex   1.003055e+02 5.725436e+01 -3.000000e+00
    endloop
  endfacet
  facet normal 0.000000e+00 0.000000e+00 1.000000e+00
    outer loop
      vertex   9.847164e+01 5.683328e+01 -3.000000e+00
      vertex   1.003055e+02 5.725436e+01 -3.000000e+00
      vertex   9.854157e+01 5.705309e+01 -3.000000e+00
    endloop
  endfacet
  facet normal 0.000000e+00 0.000000e+00 1.000000e+00
    outer loop
      vertex   9.854157e+01 5.705309e+01 -3.000000e+00
      vertex   1.003055e+02 5.725436e+01 -3.000000e+00
      vertex   9.856992e+01 5.728201e+01 -3.000000e+00
    endloop
  endfacet
  facet normal -0.000000e+00 0.000000e+00 1.000000e+00
    outer loop
      vertex   9.856992e+01 5.728201e+01 -3.000000e+00
      vertex   1.003055e+02 5.725436e+01 -3.000000e+00
      vertex   9.985324e+01 5.785769e+01 -3.000000e+00
    endloop
  endfacet
  facet normal 0.000000e+00 -0.000000e+00 1.000000e+00
    outer loop
      vertex   9.856992e+01 5.728201e+01 -3.000000e+00
      vertex   9.985324e+01 5.785769e+01 -3.000000e+00
      vertex   9.855571e+01 5.751225e+01 -3.000000e+00
    endloop
  endfacet
  facet normal 0.000000e+00 -0.000000e+00 1.000000e+00
    outer loop
      vertex   9.855571e+01 5.751225e+01 -3.000000e+00
      vertex   9.985324e+01 5.785769e+01 -3.000000e+00
      vertex   9.849945e+01 5.773595e+01 -3.000000e+00
    endloop
  endfacet
  facet normal 0.000000e+00 0.000000e+00 1.000000e+00
    outer loop
      vertex   9.849945e+01 5.773595e+01 -3.000000e+00
      vertex   9.985324e+01 5.785769e+01 -3.000000e+00
      vertex   9.936568e+01 5.843289e+01 -3.000000e+00
    endloop
  endfacet
  facet normal 0.000000e+00 -0.000000e+00 1.000000e+00
    outer loop
      vertex   9.849945e+01 5.773595e+01 -3.000000e+00
      vertex   9.936568e+01 5.843289e+01 -3.000000e+00
      vertex   9.840304e+01 5.794551e+01 -3.000000e+00
    endloop
  endfacet
  facet normal 0.000000e+00 -0.000000e+00 1.000000e+00
    outer loop
      vertex   9.840304e+01 5.794551e+01 -3.000000e+00
      vertex   9.936568e+01 5.843289e+01 -3.000000e+00
      vertex   9.826976e+01 5.813378e+01 -3.000000e+00
    endloop
  endfacet
  facet normal 0.000000e+00 0.000000e+00 1.000000e+00
    outer loop
      vertex   9.826976e+01 5.813378e+01 -3.000000e+00
      vertex   9.936568e+01 5.843289e+01 -3.000000e+00
      vertex   9.884459e+01 5.897791e+01 -3.000000e+00
    endloop
  endfacet
  facet normal 0.000000e+00 -0.000000e+00 1.000000e+00
    outer loop
      vertex   9.826976e+01 5.813378e+01 -3.000000e+00
      vertex   9.884459e+01 5.897791e+01 -3.000000e+00
      vertex   9.810416e+01 5.829436e+01 -3.000000e+00
    endloop
  endfacet
  facet normal 0.000000e+00 -0.000000e+00 1.000000e+00
    outer loop
      vertex   9.810416e+01 5.829436e+01 -3.000000e+00
      vertex   9.884459e+01 5.897791e+01 -3.000000e+00
      vertex   9.791188e+01 5.842177e+01 -3.000000e+00
    endloop
  endfacet
  facet normal 0.000000e+00 0.000000e+00 1.000000e+00
    outer loop
      vertex   9.791188e+01 5.842177e+01 -3.000000e+00
      vertex   9.884459e+01 5.897791e+01 -3.000000e+00
      vertex   9.829185e+01 5.949078e+01 -3.000000e+00
    endloop
  endfacet
  facet normal 0.000000e+00 -0.000000e+00 1.000000e+00
    outer loop
      vertex   9.791188e+01 5.842177e+01 -3.000000e+00
      vertex   9.829185e+01 5.949078e+01 -3.000000e+00
      vertex   9.769945e+01 5.851169e+01 -3.000000e+00
    endloop
  endfacet
  facet normal 0.000000e+00 -0.000000e+00 1.000000e+00
    outer loop
      vertex   9.769945e+01 5.851169e+01 -3.000000e+00
      vertex   9.829185e+01 5.949078e+01 -3.000000e+00
      vertex   9.747412e+01 5.856103e+01 -3.000000e+00
    endloop
  endfacet
  facet normal 0.000000e+00 0.000000e+00 1.000000e+00
    outer loop
      vertex   9.747412e+01 5.856103e+01 -3.000000e+00
      vertex   9.829185e+01 5.949078e+01 -3.000000e+00
      vertex   9.770942e+01 5.996968e+01 -3.000000e+00
    endloop
  endfacet
  facet normal 0.000000e+00 -0.000000e+00 1.000000e+00
    outer loop
      vertex   9.747412e+01 5.856103e+01 -3.000000e+00
      vertex   9.770942e+01 5.996968e+01 -3.000000e+00
      vertex   9.724356e+01 5.856814e+01 -3.000000e+00
    endloop
  endfacet
  facet normal 0.000000e+00 -0.000000e+00 1.000000e+00
    outer loop
      vertex   9.724356e+01 5.856814e+01 -3.000000e+00
      vertex   9.770942e+01 5.996968e+01 -3.000000e+00
      vertex   9.701562e+01 5.853275e+01 -3.000000e+00
    endloop
  endfacet
  facet normal 0.000000e+00 0.000000e+00 1.000000e+00
    outer loop
      vertex   9.701562e+01 5.853275e+01 -3.000000e+00
      vertex   9.770942e+01 5.996968e+01 -3.000000e+00
      vertex   9.709939e+01 6.041289e+01 -3.000000e+00
    endloop
  endfacet
  facet normal 0.000000e+00 -0.000000e+00 1.000000e+00
    outer loop
      vertex   9.701562e+01 5.853275e+01 -3.000000e+00
      vertex   9.709939e+01 6.041289e+01 -3.000000e+00
      vertex   9.679806e+01 5.845609e+01 -3.000000e+00
    endloop
  endfacet
  facet normal 0.000000e+00 -0.000000e+00 1.000000e+00
    outer loop
      vertex   9.679806e+01 5.845609e+01 -3.000000e+00
      vertex   9.709939e+01 6.041289e+01 -3.000000e+00
      vertex   9.646395e+01 6.081883e+01 -3.000000e+00
    endloop
  endfacet
  facet normal 0.000000e+00 0.000000e+00 1.000000e+00
    outer loop
      vertex   9.679806e+01 5.845609e+01 -3.000000e+00
      vertex   9.646395e+01 6.081883e+01 -3.000000e+00
      vertex   9.659829e+01 5.834075e+01 -3.000000e+00
    endloop
  endfacet
  facet normal 0.000000e+00 0.000000e+00 1.000000e+00
    outer loop
      vertex   9.659829e+01 5.834075e+01 -3.000000e+00
      vertex   9.646395e+01 6.081883e+01 -3.000000e+00
      vertex   9.392362e+01 5.987901e+01 -3.000000e+00
    endloop
  endfacet
  facet normal 0.000000e+00 0.000000e+00 1.000000e+00
    outer loop
      vertex   9.659829e+01 5.834075e+01 -3.000000e+00
      vertex   9.392362e+01 5.987901e+01 -3.000000e+00
      vertex   9.642312e+01 5.819068e+01 -3.000000e+00
    endloop
  endfacet
  facet normal 0.000000e+00 0.000000e+00 1.000000e+00
    outer loop
      vertex   9.642312e+01 5.819068e+01 -3.000000e+00
      vertex   9.392362e+01 5.987901e+01 -3.000000e+00
      vertex   9.387992e+01 5.965148e+01 -3.000000e+00
    endloop
  endfacet
  facet normal 0.000000e+00 0.000000e+00 1.000000e+00
    outer loop
      vertex   9.642312e+01 5.819068e+01 -3.000000e+00
      vertex   9.387992e+01 5.965148e+01 -3.000000e+00
      vertex   9.627851e+01 5.801096e+01 -3.000000e+00
    endloop
  endfacet
  facet normal 0.000000e+00 0.000000e+00 1.000000e+00
    outer loop
      vertex   9.627851e+01 5.801096e+01 -3.000000e+00
      vertex   9.387992e+01 5.965148e+01 -3.000000e+00
      vertex   9.379498e+01 5.943593e+01 -3.000000e+00
    endloop
  endfacet
  facet normal 0.000000e+00 0.000000e+00 1.000000e+00
    outer loop
      vertex   9.627851e+01 5.801096e+01 -3.000000e+00
      vertex   9.379498e+01 5.943593e+01 -3.000000e+00
      vertex   9.616938e+01 5.780774e+01 -3.000000e+00
    endloop
  endfacet
  facet normal 0.000000e+00 0.000000e+00 1.000000e+00
    outer loop
      vertex   9.616938e+01 5.780774e+01 -3.000000e+00
      vertex   9.379498e+01 5.943593e+01 -3.000000e+00
      vertex   9.367172e+01 5.923975e+01 -3.000000e+00
    endloop
  endfacet
  facet normal 0.000000e+00 0.000000e+00 1.000000e+00
    outer loop
      vertex   9.616938e+01 5.780774e+01 -3.000000e+00
      vertex   9.367172e+01 5.923975e+01 -3.000000e+00
      vertex   9.609945e+01 5.758792e+01 -3.000000e+00
    endloop
  endfacet
  facet normal 0.000000e+00 0.000000e+00 1.000000e+00
    outer loop
      vertex   9.609945e+01 5.758792e+01 -3.000000e+00
      vertex   9.367172e+01 5.923975e+01 -3.000000e+00
      vertex   9.351437e+01 5.906969e+01 -3.000000e+00
    endloop
  endfacet
  facet normal 0.000000e+00 0.000000e+00 1.000000e+00
    outer loop
      vertex   9.609945e+01 5.758792e+01 -3.000000e+00
      vertex   9.351437e+01 5.906969e+01 -3.000000e+00
      vertex   9.607110e+01 5.735900e+01 -3.000000e+00
    endloop
  endfacet
  facet normal 0.000000e+00 0.000000e+00 1.000000e+00
    outer loop
      vertex   9.607110e+01 5.735900e+01 -3.000000e+00
      vertex   9.351437e+01 5.906969e+01 -3.000000e+00
      vertex   9.332834e+01 5.893159e+01 -3.000000e+00
    endloop
  endfacet
  facet normal 0.000000e+00 0.000000e+00 1.000000e+00
    outer loop
      vertex   9.607110e+01 5.735900e+01 -3.000000e+00
      vertex   9.332834e+01 5.893159e+01 -3.000000e+00
      vertex   9.608530e+01 5.712877e+01 -3.000000e+00
    endloop
  endfacet
  facet normal 0.000000e+00 0.000000e+00 1.000000e+00
    outer loop
      vertex   9.608530e+01 5.712877e+01 -3.000000e+00
      vertex   9.332834e+01 5.893159e+01 -3.000000e+00
      vertex   9.312001e+01 5.883020e+01 -3.000000e+00
    endloop
  endfacet
  facet normal 0.000000e+00 0.000000e+00 1.000000e+00
    outer loop
      vertex   9.646395e+01 6.081883e+01 -3.000000e+00
      vertex   9.580537e+01 6.118603e+01 -3.000000e+00
      vertex   9.392362e+01 5.987901e+01 -3.000000e+00
    endloop
  endfacet
  facet normal 0.000000e+00 0.000000e+00 1.000000e+00
    outer loop
      vertex   9.392362e+01 5.987901e+01 -3.000000e+00
      vertex   9.580537e+01 6.118603e+01 -3.000000e+00
      vertex   9.392458e+01 6.011070e+01 -3.000000e+00
    endloop
  endfacet
  facet normal 0.000000e+00 0.000000e+00 1.000000e+00
    outer loop
      vertex   9.392458e+01 6.011070e+01 -3.000000e+00
      vertex   9.580537e+01 6.118603e+01 -3.000000e+00
      vertex   9.512601e+01 6.151320e+01 -3.000000e+00
    endloop
  endfacet
  facet normal 0.000000e+00 -0.000000e+00 1.000000e+00
    outer loop
      vertex   9.392458e+01 6.011070e+01 -3.000000e+00
      vertex   9.512601e+01 6.151320e+01 -3.000000e+00
      vertex   9.388276e+01 6.033859e+01 -3.000000e+00
    endloop
  endfacet
  facet normal 0.000000e+00 -0.000000e+00 1.000000e+00
    outer loop
      vertex   9.388276e+01 6.033859e+01 -3.000000e+00
      vertex   9.512601e+01 6.151320e+01 -3.000000e+00
      vertex   9.379961e+01 6.055484e+01 -3.000000e+00
    endloop
  endfacet
  facet normal 0.000000e+00 0.000000e+00 1.000000e+00
    outer loop
      vertex   9.379961e+01 6.055484e+01 -3.000000e+00
      vertex   9.512601e+01 6.151320e+01 -3.000000e+00
      vertex   9.442829e+01 6.179915e+01 -3.000000e+00
    endloop
  endfacet
  facet normal 0.000000e+00 -0.000000e+00 1.000000e+00
    outer loop
      vertex   9.379961e+01 6.055484e+01 -3.000000e+00
      vertex   9.442829e+01 6.179915e+01 -3.000000e+00
      vertex   9.367797e+01 6.075203e+01 -3.000000e+00
    endloop
  endfacet
  facet normal 0.000000e+00 -0.000000e+00 1.000000e+00
    outer loop
      vertex   9.367797e+01 6.075203e+01 -3.000000e+00
      vertex   9.442829e+01 6.179915e+01 -3.000000e+00
      vertex   9.352203e+01 6.092338e+01 -3.000000e+00
    endloop
  endfacet
  facet normal 0.000000e+00 0.000000e+00 1.000000e+00
    outer loop
      vertex   9.352203e+01 6.092338e+01 -3.000000e+00
      vertex   9.442829e+01 6.179915e+01 -3.000000e+00
      vertex   9.371473e+01 6.204286e+01 -3.000000e+00
    endloop
  endfacet
  facet normal 0.000000e+00 -0.000000e+00 1.000000e+00
    outer loop
      vertex   9.352203e+01 6.092338e+01 -3.000000e+00
      vertex   9.371473e+01 6.204286e+01 -3.000000e+00
      vertex   9.333714e+01 6.106301e+01 -3.000000e+00
    endloop
  endfacet
  facet normal 0.000000e+00 -0.000000e+00 1.000000e+00
    outer loop
      vertex   9.333714e+01 6.106301e+01 -3.000000e+00
      vertex   9.371473e+01 6.204286e+01 -3.000000e+00
      vertex   9.312966e+01 6.116612e+01 -3.000000e+00
    endloop
  endfacet
  facet normal 0.000000e+00 -0.000000e+00 1.000000e+00
    outer loop
      vertex   9.312966e+01 6.116612e+01 -3.000000e+00
      vertex   9.371473e+01 6.204286e+01 -3.000000e+00
      vertex   9.298787e+01 6.224346e+01 -3.000000e+00
    endloop
  endfacet
  facet normal 0.000000e+00 0.000000e+00 1.000000e+00
    outer loop
      vertex   9.312966e+01 6.116612e+01 -3.000000e+00
      vertex   9.298787e+01 6.224346e+01 -3.000000e+00
      vertex   9.290672e+01 6.122917e+01 -3.000000e+00
    endloop
  endfacet
  facet normal 0.000000e+00 -0.000000e+00 1.000000e+00
    outer loop
      vertex   9.290672e+01 6.122917e+01 -3.000000e+00
      vertex   9.298787e+01 6.224346e+01 -3.000000e+00
      vertex   9.267597e+01 6.125000e+01 -3.000000e+00
    endloop
  endfacet
  facet normal 0.000000e+00 -0.000000e+00 1.000000e+00
    outer loop
      vertex   9.267597e+01 6.125000e+01 -3.000000e+00
      vertex   9.298787e+01 6.224346e+01 -3.000000e+00
      vertex   9.225031e+01 6.240023e+01 -3.000000e+00
    endloop
  endfacet
  facet normal 0.000000e+00 0.000000e+00 1.000000e+00
    outer loop
      vertex   9.267597e+01 6.125000e+01 -3.000000e+00
      vertex   9.225031e+01 6.240023e+01 -3.000000e+00
      vertex   9.244533e+01 6.122787e+01 -3.000000e+00
    endloop
  endfacet
  facet normal 0.000000e+00 0.000000e+00 1.000000e+00
    outer loop
      vertex   9.244533e+01 6.122787e+01 -3.000000e+00
      vertex   9.225031e+01 6.240023e+01 -3.000000e+00
      vertex   9.177547e+01 6.161373e+01 -3.000000e+00
    endloop
  endfacet
  facet normal 0.000000e+00 0.000000e+00 1.000000e+00
    outer loop
      vertex   9.244533e+01 6.122787e+01 -3.000000e+00
      vertex   9.177547e+01 6.161373e+01 -3.000000e+00
      vertex   9.191582e+01 6.134525e+01 -3.000000e+00
    endloop
  endfacet
  facet normal 0.000000e+00 -0.000000e+00 1.000000e+00
    outer loop
      vertex   9.177547e+01 6.161373e+01 -3.000000e+00
      vertex   9.225031e+01 6.240023e+01 -3.000000e+00
      vertex   9.159774e+01 6.185908e+01 -3.000000e+00
    endloop
  endfacet
  facet normal 0.000000e+00 -0.000000e+00 1.000000e+00
    outer loop
      vertex   9.159774e+01 6.185908e+01 -3.000000e+00
      vertex   9.225031e+01 6.240023e+01 -3.000000e+00
      vertex   9.150470e+01 6.251261e+01 -3.000000e+00
    endloop
  endfacet
  facet normal 0.000000e+00 0.000000e+00 1.000000e+00
    outer loop
      vertex   9.159774e+01 6.185908e+01 -3.000000e+00
      vertex   9.150470e+01 6.251261e+01 -3.000000e+00
      vertex   9.138638e+01 6.207613e+01 -3.000000e+00
    endloop
  endfacet
  facet normal 0.000000e+00 -0.000000e+00 1.000000e+00
    outer loop
      vertex   9.138638e+01 6.207613e+01 -3.000000e+00
      vertex   9.150470e+01 6.251261e+01 -3.000000e+00
      vertex   9.114583e+01 6.226030e+01 -3.000000e+00
    endloop
  endfacet
  facet normal 0.000000e+00 -0.000000e+00 1.000000e+00
    outer loop
      vertex   9.114583e+01 6.226030e+01 -3.000000e+00
      vertex   9.150470e+01 6.251261e+01 -3.000000e+00
      vertex   9.088117e+01 6.240773e+01 -3.000000e+00
    endloop
  endfacet
  facet normal 0.000000e+00 -0.000000e+00 1.000000e+00
    outer loop
      vertex   9.088117e+01 6.240773e+01 -3.000000e+00
      vertex   9.150470e+01 6.251261e+01 -3.000000e+00
      vertex   9.075370e+01 6.258020e+01 -3.000000e+00
    endloop
  endfacet
  facet normal 0.000000e+00 0.000000e+00 1.000000e+00
    outer loop
      vertex   9.088117e+01 6.240773e+01 -3.000000e+00
      vertex   9.075370e+01 6.258020e+01 -3.000000e+00
      vertex   9.059796e+01 6.251532e+01 -3.000000e+00
    endloop
  endfacet
  facet normal 0.000000e+00 -0.000000e+00 1.000000e+00
    outer loop
      vertex   9.059796e+01 6.251532e+01 -3.000000e+00
      vertex   9.075370e+01 6.258020e+01 -3.000000e+00
      vertex   9.030216e+01 6.258078e+01 -3.000000e+00
    endloop
  endfacet
  facet normal -0.000000e+00 -0.000000e+00 1.000000e+00
    outer loop
      vertex   9.030216e+01 6.258078e+01 -3.000000e+00
      vertex   9.075370e+01 6.258020e+01 -3.000000e+00
      vertex   9.000000e+01 6.260276e+01 -3.000000e+00
    endloop
  endfacet
  facet normal 0.000000e+00 -0.000000e+00 1.000000e+00
    outer loop
      vertex   9.201585e+01 6.105929e+01 -3.000000e+00
      vertex   9.222275e+01 6.116357e+01 -3.000000e+00
      vertex   9.191582e+01 6.134525e+01 -3.000000e+00
    endloop
  endfacet
  facet normal 0.000000e+00 0.000000e+00 1.000000e+00
    outer loop
      vertex   9.191582e+01 6.134525e+01 -3.000000e+00
      vertex   9.222275e+01 6.116357e+01 -3.000000e+00
      vertex   9.244533e+01 6.122787e+01 -3.000000e+00
    endloop
  endfacet
  facet normal 0.000000e+00 0.000000e+00 1.000000e+00
    outer loop
      vertex   9.072914e+01 5.855792e+01 -3.000000e+00
      vertex   9.243520e+01 5.877410e+01 -3.000000e+00
      vertex   9.099996e+01 5.868148e+01 -3.000000e+00
    endloop
  endfacet
  facet normal 0.000000e+00 0.000000e+00 1.000000e+00
    outer loop
      vertex   9.099996e+01 5.868148e+01 -3.000000e+00
      vertex   9.243520e+01 5.877410e+01 -3.000000e+00
      vertex   9.221315e+01 5.884025e+01 -3.000000e+00
    endloop
  endfacet
  facet normal 0.000000e+00 0.000000e+00 1.000000e+00
    outer loop
      vertex   9.099996e+01 5.868148e+01 -3.000000e+00
      vertex   9.221315e+01 5.884025e+01 -3.000000e+00
      vertex   9.125046e+01 5.884230e+01 -3.000000e+00
    endloop
  endfacet
  facet normal -0.000000e+00 0.000000e+00 1.000000e+00
    outer loop
      vertex   9.125046e+01 5.884230e+01 -3.000000e+00
      vertex   9.221315e+01 5.884025e+01 -3.000000e+00
      vertex   9.200712e+01 5.894623e+01 -3.000000e+00
    endloop
  endfacet
  facet normal 0.000000e+00 0.000000e+00 1.000000e+00
    outer loop
      vertex   9.125046e+01 5.884230e+01 -3.000000e+00
      vertex   9.200712e+01 5.894623e+01 -3.000000e+00
      vertex   9.147555e+01 5.903710e+01 -3.000000e+00
    endloop
  endfacet
  facet normal -0.000000e+00 0.000000e+00 1.000000e+00
    outer loop
      vertex   9.147555e+01 5.903710e+01 -3.000000e+00
      vertex   9.200712e+01 5.894623e+01 -3.000000e+00
      vertex   9.182420e+01 5.908842e+01 -3.000000e+00
    endloop
  endfacet
  facet normal 0.000000e+00 0.000000e+00 1.000000e+00
    outer loop
      vertex   9.147555e+01 5.903710e+01 -3.000000e+00
      vertex   9.182420e+01 5.908842e+01 -3.000000e+00
      vertex   9.167066e+01 5.926193e+01 -3.000000e+00
    endloop
  endfacet
  facet normal 0.000000e+00 0.000000e+00 1.000000e+00
    outer loop
      vertex   9.944283e+01 5.156054e+01 -3.000000e+00
      vertex   9.975000e+01 5.043301e+01 -3.000000e+00
      vertex   9.965792e+01 5.147721e+01 -3.000000e+00
    endloop
  endfacet
  facet normal 0.000000e+00 0.000000e+00 1.000000e+00
    outer loop
      vertex   9.965792e+01 5.147721e+01 -3.000000e+00
      vertex   9.975000e+01 5.043301e+01 -3.000000e+00
      vertex   9.987059e+01 5.048296e+01 -3.000000e+00
    endloop
  endfacet
  facet normal 0.000000e+00 0.000000e+00 1.000000e+00
    outer loop
      vertex   9.965792e+01 5.147721e+01 -3.000000e+00
      vertex   9.987059e+01 5.048296e+01 -3.000000e+00
      vertex   9.988466e+01 5.143482e+01 -3.000000e+00
    endloop
  endfacet
  facet normal 0.000000e+00 0.000000e+00 1.000000e+00
    outer loop
      vertex   9.988466e+01 5.143482e+01 -3.000000e+00
      vertex   9.987059e+01 5.048296e+01 -3.000000e+00
      vertex   1.000000e+02 5.050000e+01 -3.000000e+00
    endloop
  endfacet
  facet normal -0.000000e+00 0.000000e+00 1.000000e+00
    outer loop
      vertex   9.988466e+01 5.143482e+01 -3.000000e+00
      vertex   1.000000e+02 5.050000e+01 -3.000000e+00
      vertex   1.001153e+02 5.143482e+01 -3.000000e+00
    endloop
  endfacet
  facet normal 0.000000e+00 0.000000e+00 1.000000e+00
    outer loop
      vertex   1.001153e+02 5.143482e+01 -3.000000e+00
      vertex   1.000000e+02 5.050000e+01 -3.000000e+00
      vertex   1.001294e+02 5.048296e+01 -3.000000e+00
    endloop
  endfacet
  facet normal -0.000000e+00 0.000000e+00 1.000000e+00
    outer loop
      vertex   1.001153e+02 5.143482e+01 -3.000000e+00
      vertex   1.001294e+02 5.048296e+01 -3.000000e+00
      vertex   1.003421e+02 5.147721e+01 -3.000000e+00
    endloop
  endfacet
  facet normal 0.000000e+00 0.000000e+00 1.000000e+00
    outer loop
      vertex   1.003421e+02 5.147721e+01 -3.000000e+00
      vertex   1.001294e+02 5.048296e+01 -3.000000e+00
      vertex   1.002500e+02 5.043301e+01 -3.000000e+00
    endloop
  endfacet
  facet normal -0.000000e+00 0.000000e+00 1.000000e+00
    outer loop
      vertex   1.003421e+02 5.147721e+01 -3.000000e+00
      vertex   1.002500e+02 5.043301e+01 -3.000000e+00
      vertex   1.005572e+02 5.156054e+01 -3.000000e+00
    endloop
  endfacet
  facet normal 0.000000e+00 0.000000e+00 1.000000e+00
    outer loop
      vertex   1.005572e+02 5.156054e+01 -3.000000e+00
      vertex   1.002500e+02 5.043301e+01 -3.000000e+00
      vertex   1.003536e+02 5.035355e+01 -3.000000e+00
    endloop
  endfacet
  facet normal 0.000000e+00 0.000000e+00 1.000000e+00
    outer loop
      vertex   1.005572e+02 5.156054e+01 -3.000000e+00
      vertex   1.003536e+02 5.035355e+01 -3.000000e+00
      vertex   1.004330e+02 5.025000e+01 -3.000000e+00
    endloop
  endfacet
  facet normal 8.575216e-01 5.144445e-01 -1.894240e-03
    outer loop
      vertex   9.155344e+01 5.945731e+01 -2.500000e+00
      vertex   9.167066e+01 5.926193e+01 -2.500000e+00
      vertex   9.157823e+01 5.940863e+01 -4.500000e+00
    endloop
  endfacet
  facet normal 8.460782e-01 5.330587e-01 0.000000e+00
    outer loop
      vertex   9.157823e+01 5.940863e+01 -4.500000e+00
      vertex   9.167066e+01 5.926193e+01 -2.500000e+00
      vertex   9.167066e+01 5.926193e+01 -3.000000e+00
    endloop
  endfacet
  facet normal 8.335994e-01 5.523630e-01 2.656939e-03
    outer loop
      vertex   9.157823e+01 5.940863e+01 -4.500000e+00
      vertex   9.167066e+01 5.926193e+01 -3.000000e+00
      vertex   9.170564e+01 5.921635e+01 -4.500000e+00
    endloop
  endfacet
  facet normal 7.488725e-01 6.627087e-01 -2.672568e-03
    outer loop
      vertex   9.170564e+01 5.921635e+01 -4.500000e+00
      vertex   9.167066e+01 5.926193e+01 -3.000000e+00
      vertex   9.182420e+01 5.908842e+01 -3.000000e+00
    endloop
  endfacet
  facet normal 7.179094e-01 6.961315e-01 2.625027e-03
    outer loop
      vertex   9.170564e+01 5.921635e+01 -4.500000e+00
      vertex   9.182420e+01 5.908842e+01 -3.000000e+00
      vertex   9.186622e+01 5.905074e+01 -4.500000e+00
    endloop
  endfacet
  facet normal 6.137035e-01 7.895321e-01 -2.640377e-03
    outer loop
      vertex   9.186622e+01 5.905074e+01 -4.500000e+00
      vertex   9.182420e+01 5.908842e+01 -3.000000e+00
      vertex   9.200712e+01 5.894623e+01 -3.000000e+00
    endloop
  endfacet
  facet normal 5.777719e-01 8.161942e-01 2.592557e-03
    outer loop
      vertex   9.186622e+01 5.905074e+01 -4.500000e+00
      vertex   9.200712e+01 5.894623e+01 -3.000000e+00
      vertex   9.205449e+01 5.891747e+01 -4.500000e+00
    endloop
  endfacet
  facet normal 4.574507e-01 8.892311e-01 -2.607630e-03
    outer loop
      vertex   9.205449e+01 5.891747e+01 -4.500000e+00
      vertex   9.200712e+01 5.894623e+01 -3.000000e+00
      vertex   9.221315e+01 5.884025e+01 -3.000000e+00
    endloop
  endfacet
  facet normal 4.179590e-01 9.084623e-01 2.559531e-03
    outer loop
      vertex   9.205449e+01 5.891747e+01 -4.500000e+00
      vertex   9.221315e+01 5.884025e+01 -3.000000e+00
      vertex   9.226405e+01 5.882106e+01 -4.500000e+00
    endloop
  endfacet
  facet normal 2.854822e-01 9.583806e-01 -2.574325e-03
    outer loop
      vertex   9.226405e+01 5.882106e+01 -4.500000e+00
      vertex   9.221315e+01 5.884025e+01 -3.000000e+00
      vertex   9.243520e+01 5.877410e+01 -3.000000e+00
    endloop
  endfacet
  facet normal 2.439129e-01 9.697938e-01 2.525947e-03
    outer loop
      vertex   9.226405e+01 5.882106e+01 -4.500000e+00
      vertex   9.243520e+01 5.877410e+01 -3.000000e+00
      vertex   9.248775e+01 5.876479e+01 -4.500000e+00
    endloop
  endfacet
  facet normal 1.037058e-01 9.946048e-01 -2.540463e-03
    outer loop
      vertex   9.248775e+01 5.876479e+01 -4.500000e+00
      vertex   9.243520e+01 5.877410e+01 -3.000000e+00
      vertex   9.266564e+01 5.875008e+01 -3.000000e+00
    endloop
  endfacet
  facet normal 6.156072e-02 9.981002e-01 2.491807e-03
    outer loop
      vertex   9.248775e+01 5.876479e+01 -4.500000e+00
      vertex   9.266564e+01 5.875008e+01 -3.000000e+00
      vertex   9.271799e+01 5.875059e+01 -4.500000e+00
    endloop
  endfacet
  facet normal -8.163339e-02 9.966593e-01 -2.506044e-03
    outer loop
      vertex   9.271799e+01 5.875059e+01 -4.500000e+00
      vertex   9.266564e+01 5.875008e+01 -3.000000e+00
      vertex   9.289655e+01 5.876899e+01 -3.000000e+00
    endloop
  endfacet
  facet normal -1.228879e-01 9.924175e-01 2.457110e-03
    outer loop
      vertex   9.271799e+01 5.875059e+01 -4.500000e+00
      vertex   9.289655e+01 5.876899e+01 -3.000000e+00
      vertex   9.294691e+01 5.877894e+01 -4.500000e+00
    endloop
  endfacet
  facet normal -2.641681e-01 9.644735e-01 -2.471069e-03
    outer loop
      vertex   9.294691e+01 5.877894e+01 -4.500000e+00
      vertex   9.289655e+01 5.876899e+01 -3.000000e+00
      vertex   9.312001e+01 5.883020e+01 -3.000000e+00
    endloop
  endfacet
  facet normal -3.031518e-01 9.529392e-01 2.421856e-03
    outer loop
      vertex   9.294691e+01 5.877894e+01 -4.500000e+00
      vertex   9.312001e+01 5.883020e+01 -3.000000e+00
      vertex   9.316672e+01 5.884887e+01 -4.500000e+00
    endloop
  endfacet
  facet normal -4.376273e-01 8.991531e-01 -2.435537e-03
    outer loop
      vertex   9.316672e+01 5.884887e+01 -4.500000e+00
      vertex   9.312001e+01 5.883020e+01 -3.000000e+00
      vertex   9.332834e+01 5.893159e+01 -3.000000e+00
    endloop
  endfacet
  facet normal -4.730922e-01 8.810097e-01 2.386046e-03
    outer loop
      vertex   9.316672e+01 5.884887e+01 -4.500000e+00
      vertex   9.332834e+01 5.893159e+01 -3.000000e+00
      vertex   9.336995e+01 5.895800e+01 -4.500000e+00
    endloop
  endfacet
  facet normal -5.960519e-01 8.029423e-01 -2.399448e-03
    outer loop
      vertex   9.336995e+01 5.895800e+01 -4.500000e+00
      vertex   9.332834e+01 5.893159e+01 -3.000000e+00
      vertex   9.351437e+01 5.906969e+01 -3.000000e+00
    endloop
  endfacet
  facet normal -6.269221e-01 7.790784e-01 2.349678e-03
    outer loop
      vertex   9.336995e+01 5.895800e+01 -4.500000e+00
      vertex   9.351437e+01 5.906969e+01 -3.000000e+00
      vertex   9.354966e+01 5.910261e+01 -4.500000e+00
    endloop
  endfacet
  facet normal -7.339991e-01 6.791464e-01 -2.362802e-03
    outer loop
      vertex   9.354966e+01 5.910261e+01 -4.500000e+00
      vertex   9.351437e+01 5.906969e+01 -3.000000e+00
      vertex   9.367172e+01 5.923975e+01 -3.000000e+00
    endloop
  endfacet
  facet normal -7.594029e-01 6.506166e-01 2.312754e-03
    outer loop
      vertex   9.354966e+01 5.910261e+01 -4.500000e+00
      vertex   9.367172e+01 5.923975e+01 -3.000000e+00
      vertex   9.369974e+01 5.927778e+01 -4.500000e+00
    endloop
  endfacet
  facet normal -8.467297e-01 5.320182e-01 -2.325599e-03
    outer loop
      vertex   9.369974e+01 5.927778e+01 -4.500000e+00
      vertex   9.367172e+01 5.923975e+01 -3.000000e+00
      vertex   9.379498e+01 5.943593e+01 -3.000000e+00
    endloop
  endfacet
  facet normal -8.660232e-01 4.999987e-01 2.275273e-03
    outer loop
      vertex   9.369974e+01 5.927778e+01 -4.500000e+00
      vertex   9.379498e+01 5.943593e+01 -3.000000e+00
      vertex   9.381507e+01 5.947755e+01 -4.500000e+00
    endloop
  endfacet
  facet normal -9.303709e-01 3.666126e-01 -2.287840e-03
    outer loop
      vertex   9.381507e+01 5.947755e+01 -4.500000e+00
      vertex   9.379498e+01 5.943593e+01 -3.000000e+00
      vertex   9.387992e+01 5.965148e+01 -3.000000e+00
    endloop
  endfacet
  facet normal -9.431521e-01 3.323540e-01 2.237236e-03
    outer loop
      vertex   9.381507e+01 5.947755e+01 -4.500000e+00
      vertex   9.387992e+01 5.965148e+01 -3.000000e+00
      vertex   9.389174e+01 5.969511e+01 -4.500000e+00
    endloop
  endfacet
  facet normal -9.820491e-01 1.886119e-01 -2.249524e-03
    outer loop
      vertex   9.389174e+01 5.969511e+01 -4.500000e+00
      vertex   9.387992e+01 5.965148e+01 -3.000000e+00
      vertex   9.392362e+01 5.987901e+01 -3.000000e+00
    endloop
  endfacet
  facet normal -9.881631e-01 1.533913e-01 2.198641e-03
    outer loop
      vertex   9.389174e+01 5.969511e+01 -4.500000e+00
      vertex   9.392362e+01 5.987901e+01 -3.000000e+00
      vertex   9.392712e+01 5.992305e+01 -4.500000e+00
    endloop
  endfacet
  facet normal -9.999890e-01 4.131421e-03 -2.210652e-03
    outer loop
      vertex   9.392712e+01 5.992305e+01 -4.500000e+00
      vertex   9.392362e+01 5.987901e+01 -3.000000e+00
      vertex   9.392458e+01 6.011070e+01 -3.000000e+00
    endloop
  endfacet
  facet normal -9.995234e-01 -3.079499e-02 2.159490e-03
    outer loop
      vertex   9.392712e+01 5.992305e+01 -4.500000e+00
      vertex   9.392458e+01 6.011070e+01 -3.000000e+00
      vertex   9.392002e+01 6.015361e+01 -4.500000e+00
    endloop
  endfacet
  facet normal -9.835742e-01 -1.804910e-01 -2.171222e-03
    outer loop
      vertex   9.392002e+01 6.015361e+01 -4.500000e+00
      vertex   9.392458e+01 6.011070e+01 -3.000000e+00
      vertex   9.388276e+01 6.033859e+01 -3.000000e+00
    endloop
  endfacet
  facet normal -9.768461e-01 -2.139326e-01 2.119783e-03
    outer loop
      vertex   9.392002e+01 6.015361e+01 -4.500000e+00
      vertex   9.388276e+01 6.033859e+01 -3.000000e+00
      vertex   9.387067e+01 6.037894e+01 -4.500000e+00
    endloop
  endfacet
  facet normal -9.333687e-01 -3.589127e-01 -2.131236e-03
    outer loop
      vertex   9.387067e+01 6.037894e+01 -4.500000e+00
      vertex   9.388276e+01 6.033859e+01 -3.000000e+00
      vertex   9.379961e+01 6.055484e+01 -3.000000e+00
    endloop
  endfacet
  facet normal -9.209035e-01 -3.897850e-01 2.079519e-03
    outer loop
      vertex   9.387067e+01 6.037894e+01 -4.500000e+00
      vertex   9.379961e+01 6.055484e+01 -3.000000e+00
      vertex   9.378076e+01 6.059137e+01 -4.500000e+00
    endloop
  endfacet
  facet normal -8.510972e-01 -5.250040e-01 -2.090694e-03
    outer loop
      vertex   9.378076e+01 6.059137e+01 -4.500000e+00
      vertex   9.379961e+01 6.055484e+01 -3.000000e+00
      vertex   9.367797e+01 6.075203e+01 -3.000000e+00
    endloop
  endfacet
  facet normal -8.336007e-01 -5.523638e-01 2.038698e-03
    outer loop
      vertex   9.378076e+01 6.059137e+01 -4.500000e+00
      vertex   9.367797e+01 6.075203e+01 -3.000000e+00
      vertex   9.365334e+01 6.078365e+01 -4.500000e+00
    endloop
  endfacet
  facet normal -7.395862e-01 -6.730588e-01 -2.049595e-03
    outer loop
      vertex   9.365334e+01 6.078365e+01 -4.500000e+00
      vertex   9.367797e+01 6.075203e+01 -3.000000e+00
      vertex   9.352203e+01 6.092338e+01 -3.000000e+00
    endloop
  endfacet
  facet normal -7.179105e-01 -6.961326e-01 1.997321e-03
    outer loop
      vertex   9.365334e+01 6.078365e+01 -4.500000e+00
      vertex   9.352203e+01 6.092338e+01 -3.000000e+00
      vertex   9.349276e+01 6.094926e+01 -4.500000e+00
    endloop
  endfacet
  facet normal -6.026666e-01 -7.979905e-01 -2.007939e-03
    outer loop
      vertex   9.349276e+01 6.094926e+01 -4.500000e+00
      vertex   9.352203e+01 6.092338e+01 -3.000000e+00
      vertex   9.333714e+01 6.106301e+01 -3.000000e+00
    endloop
  endfacet
  facet normal -5.777727e-01 -8.161954e-01 1.955387e-03
    outer loop
      vertex   9.349276e+01 6.094926e+01 -4.500000e+00
      vertex   9.333714e+01 6.106301e+01 -3.000000e+00
      vertex   9.330449e+01 6.108253e+01 -4.500000e+00
    endloop
  endfacet
  facet normal -4.450424e-01 -8.955073e-01 -1.965727e-03
    outer loop
      vertex   9.330449e+01 6.108253e+01 -4.500000e+00
      vertex   9.333714e+01 6.106301e+01 -3.000000e+00
      vertex   9.312966e+01 6.116612e+01 -3.000000e+00
    endloop
  endfacet
  facet normal -4.179596e-01 -9.084636e-01 1.912896e-03
    outer loop
      vertex   9.330449e+01 6.108253e+01 -4.500000e+00
      vertex   9.312966e+01 6.116612e+01 -3.000000e+00
      vertex   9.309494e+01 6.117894e+01 -4.500000e+00
    endloop
  endfacet
  facet normal -2.721287e-01 -9.622590e-01 -1.922959e-03
    outer loop
      vertex   9.309494e+01 6.117894e+01 -4.500000e+00
      vertex   9.312966e+01 6.116612e+01 -3.000000e+00
      vertex   9.290672e+01 6.122917e+01 -3.000000e+00
    endloop
  endfacet
  facet normal -2.439133e-01 -9.697952e-01 1.869850e-03
    outer loop
      vertex   9.309494e+01 6.117894e+01 -4.500000e+00
      vertex   9.290672e+01 6.122917e+01 -3.000000e+00
      vertex   9.287123e+01 6.123521e+01 -4.500000e+00
    endloop
  endfacet
  facet normal -8.986592e-02 -9.959521e-01 -1.879634e-03
    outer loop
      vertex   9.287123e+01 6.123521e+01 -4.500000e+00
      vertex   9.290672e+01 6.122917e+01 -3.000000e+00
      vertex   9.267597e+01 6.125000e+01 -3.000000e+00
    endloop
  endfacet
  facet normal -6.156080e-02 -9.981017e-01 1.826246e-03
    outer loop
      vertex   9.287123e+01 6.123521e+01 -4.500000e+00
      vertex   9.267597e+01 6.125000e+01 -3.000000e+00
      vertex   9.264100e+01 6.124941e+01 -4.500000e+00
    endloop
  endfacet
  facet normal 9.548421e-02 -9.954293e-01 -1.835752e-03
    outer loop
      vertex   9.264100e+01 6.124941e+01 -4.500000e+00
      vertex   9.267597e+01 6.125000e+01 -3.000000e+00
      vertex   9.244533e+01 6.122787e+01 -3.000000e+00
    endloop
  endfacet
  facet normal 1.228881e-01 -9.924189e-01 1.782087e-03
    outer loop
      vertex   9.264100e+01 6.124941e+01 -4.500000e+00
      vertex   9.244533e+01 6.122787e+01 -3.000000e+00
      vertex   9.241208e+01 6.122106e+01 -4.500000e+00
    endloop
  endfacet
  facet normal 2.775540e-01 -9.607084e-01 -1.791314e-03
    outer loop
      vertex   9.241208e+01 6.122106e+01 -4.500000e+00
      vertex   9.244533e+01 6.122787e+01 -3.000000e+00
      vertex   9.222275e+01 6.116357e+01 -3.000000e+00
    endloop
  endfacet
  facet normal 3.031522e-01 -9.529406e-01 1.737371e-03
    outer loop
      vertex   9.241208e+01 6.122106e+01 -4.500000e+00
      vertex   9.222275e+01 6.116357e+01 -3.000000e+00
      vertex   9.219226e+01 6.115113e+01 -4.500000e+00
    endloop
  endfacet
  facet normal 4.500884e-01 -8.929823e-01 -1.746320e-03
    outer loop
      vertex   9.219226e+01 6.115113e+01 -4.500000e+00
      vertex   9.222275e+01 6.116357e+01 -3.000000e+00
      vertex   9.201585e+01 6.105929e+01 -3.000000e+00
    endloop
  endfacet
  facet normal 4.730929e-01 -8.810109e-01 1.692098e-03
    outer loop
      vertex   9.219226e+01 6.115113e+01 -4.500000e+00
      vertex   9.201585e+01 6.105929e+01 -3.000000e+00
      vertex   9.198904e+01 6.104200e+01 -4.500000e+00
    endloop
  endfacet
  facet normal 5.416815e-01 -8.405838e-01 0.000000e+00
    outer loop
      vertex   9.198904e+01 6.104200e+01 -4.500000e+00
      vertex   9.201585e+01 6.105929e+01 -3.000000e+00
      vertex   9.201585e+01 6.105929e+01 -2.500000e+00
    endloop
  endfacet
  facet normal 6.059321e-01 -7.955154e-01 -1.251008e-03
    outer loop
      vertex   9.198904e+01 6.104200e+01 -4.500000e+00
      vertex   9.201585e+01 6.105929e+01 -2.500000e+00
      vertex   9.183460e+01 6.092123e+01 -2.500000e+00
    endloop
  endfacet
  facet normal 6.269232e-01 -7.790799e-01 1.362362e-03
    outer loop
      vertex   9.198904e+01 6.104200e+01 -4.500000e+00
      vertex   9.183460e+01 6.092123e+01 -2.500000e+00
      vertex   9.180932e+01 6.089739e+01 -4.500000e+00
    endloop
  endfacet
  facet normal 7.402647e-01 -6.723141e-01 -1.342685e-03
    outer loop
      vertex   9.180932e+01 6.089739e+01 -4.500000e+00
      vertex   9.183460e+01 6.092123e+01 -2.500000e+00
      vertex   9.168142e+01 6.075256e+01 -2.500000e+00
    endloop
  endfacet
  facet normal 7.594041e-01 -6.506176e-01 1.452429e-03
    outer loop
      vertex   9.180932e+01 6.089739e+01 -4.500000e+00
      vertex   9.168142e+01 6.075256e+01 -2.500000e+00
      vertex   9.165925e+01 6.072222e+01 -4.500000e+00
    endloop
  endfacet
  facet normal 8.500029e-01 -5.267760e-01 -1.431143e-03
    outer loop
      vertex   9.165925e+01 6.072222e+01 -4.500000e+00
      vertex   9.168142e+01 6.075256e+01 -2.500000e+00
      vertex   9.156140e+01 6.055890e+01 -2.500000e+00
    endloop
  endfacet
  facet normal 8.660244e-01 -4.999994e-01 1.539276e-03
    outer loop
      vertex   9.165925e+01 6.072222e+01 -4.500000e+00
      vertex   9.156140e+01 6.055890e+01 -2.500000e+00
      vertex   9.154391e+01 6.052245e+01 -4.500000e+00
    endloop
  endfacet
  facet normal 9.315007e-01 -3.637364e-01 -1.516380e-03
    outer loop
      vertex   9.154391e+01 6.052245e+01 -4.500000e+00
      vertex   9.156140e+01 6.055890e+01 -2.500000e+00
      vertex   9.147852e+01 6.034666e+01 -2.500000e+00
    endloop
  endfacet
  facet normal 9.431532e-01 -3.323544e-01 1.622903e-03
    outer loop
      vertex   9.154391e+01 6.052245e+01 -4.500000e+00
      vertex   9.147852e+01 6.034666e+01 -2.500000e+00
      vertex   9.146725e+01 6.030489e+01 -4.500000e+00
    endloop
  endfacet
  facet normal 9.820504e-01 -1.886121e-01 -1.598395e-03
    outer loop
      vertex   9.146725e+01 6.030489e+01 -4.500000e+00
      vertex   9.147852e+01 6.034666e+01 -2.500000e+00
      vertex   9.143555e+01 6.012291e+01 -2.500000e+00
    endloop
  endfacet
  facet normal 9.881640e-01 -1.533914e-01 1.703308e-03
    outer loop
      vertex   9.146725e+01 6.030489e+01 -4.500000e+00
      vertex   9.143555e+01 6.012291e+01 -2.500000e+00
      vertex   9.143186e+01 6.007695e+01 -4.500000e+00
    endloop
  endfacet
  facet normal 9.999725e-01 -7.221474e-03 -1.677190e-03
    outer loop
      vertex   9.143186e+01 6.007695e+01 -4.500000e+00
      vertex   9.143555e+01 6.012291e+01 -2.500000e+00
      vertex   9.143390e+01 5.989507e+01 -2.500000e+00
    endloop
  endfacet
  facet normal 9.995241e-01 3.079501e-02 1.780491e-03
    outer loop
      vertex   9.143186e+01 6.007695e+01 -4.500000e+00
      vertex   9.143390e+01 5.989507e+01 -2.500000e+00
      vertex   9.143897e+01 5.984639e+01 -4.500000e+00
    endloop
  endfacet
  facet normal 9.846717e-01 1.744091e-01 -1.752762e-03
    outer loop
      vertex   9.143897e+01 5.984639e+01 -4.500000e+00
      vertex   9.143390e+01 5.989507e+01 -2.500000e+00
      vertex   9.147364e+01 5.967072e+01 -2.500000e+00
    endloop
  endfacet
  facet normal 9.768466e-01 2.139327e-01 1.854452e-03
    outer loop
      vertex   9.143897e+01 5.984639e+01 -4.500000e+00
      vertex   9.147364e+01 5.967072e+01 -2.500000e+00
      vertex   9.148831e+01 5.962106e+01 -4.500000e+00
    endloop
  endfacet
  facet normal 9.366563e-01 3.502450e-01 -1.825112e-03
    outer loop
      vertex   9.148831e+01 5.962106e+01 -4.500000e+00
      vertex   9.147364e+01 5.967072e+01 -2.500000e+00
      vertex   9.155344e+01 5.945731e+01 -2.500000e+00
    endloop
  endfacet
  facet normal 9.209038e-01 3.897852e-01 1.925191e-03
    outer loop
      vertex   9.148831e+01 5.962106e+01 -4.500000e+00
      vertex   9.155344e+01 5.945731e+01 -2.500000e+00
      vertex   9.157823e+01 5.940863e+01 -4.500000e+00
    endloop
  endfacet
  facet normal -7.552729e-01 -6.554104e-01 -0.000000e+00
    outer loop
      vertex   8.832934e+01 5.926193e+01 -2.500000e+00
      vertex   8.832934e+01 5.926193e+01 -3.000000e+00
      vertex   8.852445e+01 5.903710e+01 -2.500000e+00
    endloop
  endfacet
  facet normal -7.552729e-01 -6.554104e-01 -0.000000e+00
    outer loop
      vertex   8.852445e+01 5.903710e+01 -2.500000e+00
      vertex   8.832934e+01 5.926193e+01 -3.000000e+00
      vertex   8.852445e+01 5.903710e+01 -3.000000e+00
    endloop
  endfacet
  facet normal -6.544024e-01 -7.561465e-01 -0.000000e+00
    outer loop
      vertex   8.852445e+01 5.903710e+01 -2.500000e+00
      vertex   8.852445e+01 5.903710e+01 -3.000000e+00
      vertex   8.874954e+01 5.884230e+01 -2.500000e+00
    endloop
  endfacet
  facet normal -6.544024e-01 -7.561465e-01 -0.000000e+00
    outer loop
      vertex   8.874954e+01 5.884230e+01 -2.500000e+00
      vertex   8.852445e+01 5.903710e+01 -3.000000e+00
      vertex   8.874954e+01 5.884230e+01 -3.000000e+00
    endloop
  endfacet
  facet normal -5.402327e-01 -8.415157e-01 -0.000000e+00
    outer loop
      vertex   8.874954e+01 5.884230e+01 -2.500000e+00
      vertex   8.874954e+01 5.884230e+01 -3.000000e+00
      vertex   8.900004e+01 5.868148e+01 -2.500000e+00
    endloop
  endfacet
  facet normal -5.402327e-01 -8.415157e-01 -0.000000e+00
    outer loop
      vertex   8.900004e+01 5.868148e+01 -2.500000e+00
      vertex   8.874954e+01 5.884230e+01 -3.000000e+00
      vertex   8.900004e+01 5.868148e+01 -3.000000e+00
    endloop
  endfacet
  facet normal -4.150841e-01 -9.097831e-01 -0.000000e+00
    outer loop
      vertex   8.900004e+01 5.868148e+01 -2.500000e+00
      vertex   8.900004e+01 5.868148e+01 -3.000000e+00
      vertex   8.927086e+01 5.855792e+01 -2.500000e+00
    endloop
  endfacet
  facet normal -4.150841e-01 -9.097831e-01 -0.000000e+00
    outer loop
      vertex   8.927086e+01 5.855792e+01 -2.500000e+00
      vertex   8.900004e+01 5.868148e+01 -3.000000e+00
      vertex   8.927086e+01 5.855792e+01 -3.000000e+00
    endloop
  endfacet
  facet normal -2.814999e-01 -9.595613e-01 -0.000000e+00
    outer loop
      vertex   8.927086e+01 5.855792e+01 -2.500000e+00
      vertex   8.927086e+01 5.855792e+01 -3.000000e+00
      vertex   8.955651e+01 5.847412e+01 -2.500000e+00
    endloop
  endfacet
  facet normal -2.814999e-01 -9.595613e-01 -0.000000e+00
    outer loop
      vertex   8.955651e+01 5.847412e+01 -2.500000e+00
      vertex   8.927086e+01 5.855792e+01 -3.000000e+00
      vertex   8.955651e+01 5.847412e+01 -3.000000e+00
    endloop
  endfacet
  facet normal -1.421948e-01 -9.898387e-01 -0.000000e+00
    outer loop
      vertex   8.955651e+01 5.847412e+01 -2.500000e+00
      vertex   8.955651e+01 5.847412e+01 -3.000000e+00
      vertex   8.985116e+01 5.843179e+01 -2.500000e+00
    endloop
  endfacet
  facet normal -1.421948e-01 -9.898387e-01 -0.000000e+00
    outer loop
      vertex   8.985116e+01 5.843179e+01 -2.500000e+00
      vertex   8.955651e+01 5.847412e+01 -3.000000e+00
      vertex   8.985116e+01 5.843179e+01 -3.000000e+00
    endloop
  endfacet
  facet normal 0.000000e+00 -1.000000e+00 0.000000e+00
    outer loop
      vertex   8.985116e+01 5.843179e+01 -2.500000e+00
      vertex   8.985116e+01 5.843179e+01 -3.000000e+00
      vertex   9.014884e+01 5.843179e+01 -2.500000e+00
    endloop
  endfacet
  facet normal 0.000000e+00 -1.000000e+00 -0.000000e+00
    outer loop
      vertex   9.014884e+01 5.843179e+01 -2.500000e+00
      vertex   8.985116e+01 5.843179e+01 -3.000000e+00
      vertex   9.014884e+01 5.843179e+01 -3.000000e+00
    endloop
  endfacet
  facet normal 1.421948e-01 -9.898387e-01 0.000000e+00
    outer loop
      vertex   9.014884e+01 5.843179e+01 -2.500000e+00
      vertex   9.014884e+01 5.843179e+01 -3.000000e+00
      vertex   9.044349e+01 5.847412e+01 -2.500000e+00
    endloop
  endfacet
  facet normal 1.421948e-01 -9.898387e-01 0.000000e+00
    outer loop
      vertex   9.044349e+01 5.847412e+01 -2.500000e+00
      vertex   9.014884e+01 5.843179e+01 -3.000000e+00
      vertex   9.044349e+01 5.847412e+01 -3.000000e+00
    endloop
  endfacet
  facet normal 2.814999e-01 -9.595613e-01 0.000000e+00
    outer loop
      vertex   9.044349e+01 5.847412e+01 -2.500000e+00
      vertex   9.044349e+01 5.847412e+01 -3.000000e+00
      vertex   9.072914e+01 5.855792e+01 -2.500000e+00
    endloop
  endfacet
  facet normal 2.814999e-01 -9.595613e-01 0.000000e+00
    outer loop
      vertex   9.072914e+01 5.855792e+01 -2.500000e+00
      vertex   9.044349e+01 5.847412e+01 -3.000000e+00
      vertex   9.072914e+01 5.855792e+01 -3.000000e+00
    endloop
  endfacet
  facet normal 4.150841e-01 -9.097831e-01 0.000000e+00
    outer loop
      vertex   9.072914e+01 5.855792e+01 -2.500000e+00
      vertex   9.072914e+01 5.855792e+01 -3.000000e+00
      vertex   9.099996e+01 5.868148e+01 -2.500000e+00
    endloop
  endfacet
  facet normal 4.150841e-01 -9.097831e-01 0.000000e+00
    outer loop
      vertex   9.099996e+01 5.868148e+01 -2.500000e+00
      vertex   9.072914e+01 5.855792e+01 -3.000000e+00
      vertex   9.099996e+01 5.868148e+01 -3.000000e+00
    endloop
  endfacet
  facet normal 5.402327e-01 -8.415157e-01 0.000000e+00
    outer loop
      vertex   9.099996e+01 5.868148e+01 -2.500000e+00
      vertex   9.099996e+01 5.868148e+01 -3.000000e+00
      vertex   9.125046e+01 5.884230e+01 -2.500000e+00
    endloop
  endfacet
  facet normal 5.402327e-01 -8.415157e-01 0.000000e+00
    outer loop
      vertex   9.125046e+01 5.884230e+01 -2.500000e+00
      vertex   9.099996e+01 5.868148e+01 -3.000000e+00
      vertex   9.125046e+01 5.884230e+01 -3.000000e+00
    endloop
  endfacet
  facet normal 6.544024e-01 -7.561465e-01 0.000000e+00
    outer loop
      vertex   9.125046e+01 5.884230e+01 -2.500000e+00
      vertex   9.125046e+01 5.884230e+01 -3.000000e+00
      vertex   9.147555e+01 5.903710e+01 -2.500000e+00
    endloop
  endfacet
  facet normal 6.544024e-01 -7.561465e-01 0.000000e+00
    outer loop
      vertex   9.147555e+01 5.903710e+01 -2.500000e+00
      vertex   9.125046e+01 5.884230e+01 -3.000000e+00
      vertex   9.147555e+01 5.903710e+01 -3.000000e+00
    endloop
  endfacet
  facet normal 7.552729e-01 -6.554104e-01 0.000000e+00
    outer loop
      vertex   9.147555e+01 5.903710e+01 -2.500000e+00
      vertex   9.147555e+01 5.903710e+01 -3.000000e+00
      vertex   9.167066e+01 5.926193e+01 -2.500000e+00
    endloop
  endfacet
  facet normal 7.552729e-01 -6.554104e-01 0.000000e+00
    outer loop
      vertex   9.167066e+01 5.926193e+01 -2.500000e+00
      vertex   9.147555e+01 5.903710e+01 -3.000000e+00
      vertex   9.167066e+01 5.926193e+01 -3.000000e+00
    endloop
  endfacet
  facet normal 0.000000e+00 0.000000e+00 1.000000e+00
    outer loop
      vertex   8.877128e+01 6.074431e+01 -2.500000e+00
      vertex   8.843860e+01 6.055890e+01 -2.500000e+00
      vertex   8.875000e+01 6.051462e+01 -2.500000e+00
    endloop
  endfacet
  facet normal 0.000000e+00 0.000000e+00 1.000000e+00
    outer loop
      vertex   8.875000e+01 6.051462e+01 -2.500000e+00
      vertex   8.843860e+01 6.055890e+01 -2.500000e+00
      vertex   8.852148e+01 6.034666e+01 -2.500000e+00
    endloop
  endfacet
  facet normal 0.000000e+00 0.000000e+00 1.000000e+00
    outer loop
      vertex   8.875000e+01 6.051462e+01 -2.500000e+00
      vertex   8.852148e+01 6.034666e+01 -2.500000e+00
      vertex   8.877128e+01 6.028494e+01 -2.500000e+00
    endloop
  endfacet
  facet normal 0.000000e+00 0.000000e+00 1.000000e+00
    outer loop
      vertex   8.877128e+01 6.028494e+01 -2.500000e+00
      vertex   8.852148e+01 6.034666e+01 -2.500000e+00
      vertex   8.856445e+01 6.012291e+01 -2.500000e+00
    endloop
  endfacet
  facet normal 0.000000e+00 0.000000e+00 1.000000e+00
    outer loop
      vertex   8.877128e+01 6.028494e+01 -2.500000e+00
      vertex   8.856445e+01 6.012291e+01 -2.500000e+00
      vertex   8.883441e+01 6.006307e+01 -2.500000e+00
    endloop
  endfacet
  facet normal 0.000000e+00 0.000000e+00 1.000000e+00
    outer loop
      vertex   8.883441e+01 6.006307e+01 -2.500000e+00
      vertex   8.856445e+01 6.012291e+01 -2.500000e+00
      vertex   8.856610e+01 5.989507e+01 -2.500000e+00
    endloop
  endfacet
  facet normal 0.000000e+00 0.000000e+00 1.000000e+00
    outer loop
      vertex   8.883441e+01 6.006307e+01 -2.500000e+00
      vertex   8.856610e+01 5.989507e+01 -2.500000e+00
      vertex   8.893723e+01 5.985658e+01 -2.500000e+00
    endloop
  endfacet
  facet normal 0.000000e+00 0.000000e+00 1.000000e+00
    outer loop
      vertex   8.893723e+01 5.985658e+01 -2.500000e+00
      vertex   8.856610e+01 5.989507e+01 -2.500000e+00
      vertex   8.852636e+01 5.967072e+01 -2.500000e+00
    endloop
  endfacet
  facet normal 0.000000e+00 0.000000e+00 1.000000e+00
    outer loop
      vertex   8.893723e+01 5.985658e+01 -2.500000e+00
      vertex   8.852636e+01 5.967072e+01 -2.500000e+00
      vertex   8.907624e+01 5.967250e+01 -2.500000e+00
    endloop
  endfacet
  facet normal 0.000000e+00 0.000000e+00 1.000000e+00
    outer loop
      vertex   8.907624e+01 5.967250e+01 -2.500000e+00
      vertex   8.852636e+01 5.967072e+01 -2.500000e+00
      vertex   8.844656e+01 5.945731e+01 -2.500000e+00
    endloop
  endfacet
  facet normal 0.000000e+00 0.000000e+00 1.000000e+00
    outer loop
      vertex   8.907624e+01 5.967250e+01 -2.500000e+00
      vertex   8.844656e+01 5.945731e+01 -2.500000e+00
      vertex   8.852445e+01 5.903710e+01 -2.500000e+00
    endloop
  endfacet
  facet normal 0.000000e+00 0.000000e+00 1.000000e+00
    outer loop
      vertex   8.852445e+01 5.903710e+01 -2.500000e+00
      vertex   8.844656e+01 5.945731e+01 -2.500000e+00
      vertex   8.832934e+01 5.926193e+01 -2.500000e+00
    endloop
  endfacet
  facet normal 0.000000e+00 -0.000000e+00 1.000000e+00
    outer loop
      vertex   8.843860e+01 6.055890e+01 -2.500000e+00
      vertex   8.877128e+01 6.074431e+01 -2.500000e+00
      vertex   8.831858e+01 6.075256e+01 -2.500000e+00
    endloop
  endfacet
  facet normal -0.000000e+00 0.000000e+00 1.000000e+00
    outer loop
      vertex   8.831858e+01 6.075256e+01 -2.500000e+00
      vertex   8.877128e+01 6.074431e+01 -2.500000e+00
      vertex   8.883441e+01 6.096617e+01 -2.500000e+00
    endloop
  endfacet
  facet normal 0.000000e+00 -0.000000e+00 1.000000e+00
    outer loop
      vertex   8.831858e+01 6.075256e+01 -2.500000e+00
      vertex   8.883441e+01 6.096617e+01 -2.500000e+00
      vertex   8.816540e+01 6.092123e+01 -2.500000e+00
    endloop
  endfacet
  facet normal 0.000000e+00 -0.000000e+00 1.000000e+00
    outer loop
      vertex   8.816540e+01 6.092123e+01 -2.500000e+00
      vertex   8.883441e+01 6.096617e+01 -2.500000e+00
      vertex   8.808418e+01 6.134525e+01 -2.500000e+00
    endloop
  endfacet
  facet normal 0.000000e+00 0.000000e+00 1.000000e+00
    outer loop
      vertex   8.816540e+01 6.092123e+01 -2.500000e+00
      vertex   8.808418e+01 6.134525e+01 -2.500000e+00
      vertex   8.798415e+01 6.105929e+01 -2.500000e+00
    endloop
  endfacet
  facet normal 0.000000e+00 -0.000000e+00 1.000000e+00
    outer loop
      vertex   8.883441e+01 6.096617e+01 -2.500000e+00
      vertex   8.893723e+01 6.117266e+01 -2.500000e+00
      vertex   8.808418e+01 6.134525e+01 -2.500000e+00
    endloop
  endfacet
  facet normal -0.000000e+00 0.000000e+00 1.000000e+00
    outer loop
      vertex   8.808418e+01 6.134525e+01 -2.500000e+00
      vertex   8.893723e+01 6.117266e+01 -2.500000e+00
      vertex   8.822453e+01 6.161373e+01 -2.500000e+00
    endloop
  endfacet
  facet normal -0.000000e+00 0.000000e+00 1.000000e+00
    outer loop
      vertex   8.822453e+01 6.161373e+01 -2.500000e+00
      vertex   8.893723e+01 6.117266e+01 -2.500000e+00
      vertex   8.840226e+01 6.185908e+01 -2.500000e+00
    endloop
  endfacet
  facet normal 0.000000e+00 0.000000e+00 1.000000e+00
    outer loop
      vertex   8.840226e+01 6.185908e+01 -2.500000e+00
      vertex   8.893723e+01 6.117266e+01 -2.500000e+00
      vertex   8.907624e+01 6.135674e+01 -2.500000e+00
    endloop
  endfacet
  facet normal -0.000000e+00 0.000000e+00 1.000000e+00
    outer loop
      vertex   8.840226e+01 6.185908e+01 -2.500000e+00
      vertex   8.907624e+01 6.135674e+01 -2.500000e+00
      vertex   8.861362e+01 6.207613e+01 -2.500000e+00
    endloop
  endfacet
  facet normal 0.000000e+00 0.000000e+00 1.000000e+00
    outer loop
      vertex   8.861362e+01 6.207613e+01 -2.500000e+00
      vertex   8.907624e+01 6.135674e+01 -2.500000e+00
      vertex   8.924671e+01 6.151214e+01 -2.500000e+00
    endloop
  endfacet
  facet normal -0.000000e+00 0.000000e+00 1.000000e+00
    outer loop
      vertex   8.861362e+01 6.207613e+01 -2.500000e+00
      vertex   8.924671e+01 6.151214e+01 -2.500000e+00
      vertex   8.885417e+01 6.226030e+01 -2.500000e+00
    endloop
  endfacet
  facet normal 0.000000e+00 0.000000e+00 1.000000e+00
    outer loop
      vertex   8.885417e+01 6.226030e+01 -2.500000e+00
      vertex   8.924671e+01 6.151214e+01 -2.500000e+00
      vertex   8.944283e+01 6.163358e+01 -2.500000e+00
    endloop
  endfacet
  facet normal -0.000000e+00 0.000000e+00 1.000000e+00
    outer loop
      vertex   8.885417e+01 6.226030e+01 -2.500000e+00
      vertex   8.944283e+01 6.163358e+01 -2.500000e+00
      vertex   8.911883e+01 6.240773e+01 -2.500000e+00
    endloop
  endfacet
  facet normal -0.000000e+00 0.000000e+00 1.000000e+00
    outer loop
      vertex   8.911883e+01 6.240773e+01 -2.500000e+00
      vertex   8.944283e+01 6.163358e+01 -2.500000e+00
      vertex   8.940204e+01 6.251532e+01 -2.500000e+00
    endloop
  endfacet
  facet normal 0.000000e+00 0.000000e+00 1.000000e+00
    outer loop
      vertex   8.940204e+01 6.251532e+01 -2.500000e+00
      vertex   8.944283e+01 6.163358e+01 -2.500000e+00
      vertex   8.965792e+01 6.171690e+01 -2.500000e+00
    endloop
  endfacet
  facet normal -0.000000e+00 0.000000e+00 1.000000e+00
    outer loop
      vertex   8.940204e+01 6.251532e+01 -2.500000e+00
      vertex   8.965792e+01 6.171690e+01 -2.500000e+00
      vertex   8.969784e+01 6.258078e+01 -2.500000e+00
    endloop
  endfacet
  facet normal 0.000000e+00 0.000000e+00 1.000000e+00
    outer loop
      vertex   8.969784e+01 6.258078e+01 -2.500000e+00
      vertex   8.965792e+01 6.171690e+01 -2.500000e+00
      vertex   8.988466e+01 6.175929e+01 -2.500000e+00
    endloop
  endfacet
  facet normal -0.000000e+00 0.000000e+00 1.000000e+00
    outer loop
      vertex   8.969784e+01 6.258078e+01 -2.500000e+00
      vertex   8.988466e+01 6.175929e+01 -2.500000e+00
      vertex   9.000000e+01 6.260276e+01 -2.500000e+00
    endloop
  endfacet
  facet normal 0.000000e+00 0.000000e+00 1.000000e+00
    outer loop
      vertex   9.000000e+01 6.260276e+01 -2.500000e+00
      vertex   8.988466e+01 6.175929e+01 -2.500000e+00
      vertex   9.011534e+01 6.175929e+01 -2.500000e+00
    endloop
  endfacet
  facet normal 0.000000e+00 0.000000e+00 1.000000e+00
    outer loop
      vertex   9.000000e+01 6.260276e+01 -2.500000e+00
      vertex   9.011534e+01 6.175929e+01 -2.500000e+00
      vertex   9.030216e+01 6.258078e+01 -2.500000e+00
    endloop
  endfacet
  facet normal 0.000000e+00 0.000000e+00 1.000000e+00
    outer loop
      vertex   9.030216e+01 6.258078e+01 -2.500000e+00
      vertex   9.011534e+01 6.175929e+01 -2.500000e+00
      vertex   9.034208e+01 6.171690e+01 -2.500000e+00
    endloop
  endfacet
  facet normal 0.000000e+00 0.000000e+00 1.000000e+00
    outer loop
      vertex   9.030216e+01 6.258078e+01 -2.500000e+00
      vertex   9.034208e+01 6.171690e+01 -2.500000e+00
      vertex   9.059796e+01 6.251532e+01 -2.500000e+00
    endloop
  endfacet
  facet normal 0.000000e+00 0.000000e+00 1.000000e+00
    outer loop
      vertex   9.059796e+01 6.251532e+01 -2.500000e+00
      vertex   9.034208e+01 6.171690e+01 -2.500000e+00
      vertex   9.055717e+01 6.163358e+01 -2.500000e+00
    endloop
  endfacet
  facet normal 0.000000e+00 0.000000e+00 1.000000e+00
    outer loop
      vertex   9.059796e+01 6.251532e+01 -2.500000e+00
      vertex   9.055717e+01 6.163358e+01 -2.500000e+00
      vertex   9.088117e+01 6.240773e+01 -2.500000e+00
    endloop
  endfacet
  facet normal 0.000000e+00 0.000000e+00 1.000000e+00
    outer loop
      vertex   9.088117e+01 6.240773e+01 -2.500000e+00
      vertex   9.055717e+01 6.163358e+01 -2.500000e+00
      vertex   9.114583e+01 6.226030e+01 -2.500000e+00
    endloop
  endfacet
  facet normal 0.000000e+00 0.000000e+00 1.000000e+00
    outer loop
      vertex   9.114583e+01 6.226030e+01 -2.500000e+00
      vertex   9.055717e+01 6.163358e+01 -2.500000e+00
      vertex   9.075329e+01 6.151214e+01 -2.500000e+00
    endloop
  endfacet
  facet normal 0.000000e+00 0.000000e+00 1.000000e+00
    outer loop
      vertex   9.114583e+01 6.226030e+01 -2.500000e+00
      vertex   9.075329e+01 6.151214e+01 -2.500000e+00
      vertex   9.138638e+01 6.207613e+01 -2.500000e+00
    endloop
  endfacet
  facet normal 0.000000e+00 0.000000e+00 1.000000e+00
    outer loop
      vertex   9.138638e+01 6.207613e+01 -2.500000e+00
      vertex   9.075329e+01 6.151214e+01 -2.500000e+00
      vertex   9.092376e+01 6.135674e+01 -2.500000e+00
    endloop
  endfacet
  facet normal 0.000000e+00 0.000000e+00 1.000000e+00
    outer loop
      vertex   9.138638e+01 6.207613e+01 -2.500000e+00
      vertex   9.092376e+01 6.135674e+01 -2.500000e+00
      vertex   9.159774e+01 6.185908e+01 -2.500000e+00
    endloop
  endfacet
  facet normal 0.000000e+00 0.000000e+00 1.000000e+00
    outer loop
      vertex   9.159774e+01 6.185908e+01 -2.500000e+00
      vertex   9.092376e+01 6.135674e+01 -2.500000e+00
      vertex   9.106277e+01 6.117266e+01 -2.500000e+00
    endloop
  endfacet
  facet normal 0.000000e+00 0.000000e+00 1.000000e+00
    outer loop
      vertex   9.159774e+01 6.185908e+01 -2.500000e+00
      vertex   9.106277e+01 6.117266e+01 -2.500000e+00
      vertex   9.177547e+01 6.161373e+01 -2.500000e+00
    endloop
  endfacet
  facet normal 0.000000e+00 0.000000e+00 1.000000e+00
    outer loop
      vertex   9.177547e+01 6.161373e+01 -2.500000e+00
      vertex   9.106277e+01 6.117266e+01 -2.500000e+00
      vertex   9.191582e+01 6.134525e+01 -2.500000e+00
    endloop
  endfacet
  facet normal 0.000000e+00 0.000000e+00 1.000000e+00
    outer loop
      vertex   9.191582e+01 6.134525e+01 -2.500000e+00
      vertex   9.106277e+01 6.117266e+01 -2.500000e+00
      vertex   9.116559e+01 6.096617e+01 -2.500000e+00
    endloop
  endfacet
  facet normal 0.000000e+00 0.000000e+00 1.000000e+00
    outer loop
      vertex   9.191582e+01 6.134525e+01 -2.500000e+00
      vertex   9.116559e+01 6.096617e+01 -2.500000e+00
      vertex   9.183460e+01 6.092123e+01 -2.500000e+00
    endloop
  endfacet
  facet normal 0.000000e+00 0.000000e+00 1.000000e+00
    outer loop
      vertex   9.183460e+01 6.092123e+01 -2.500000e+00
      vertex   9.116559e+01 6.096617e+01 -2.500000e+00
      vertex   9.168142e+01 6.075256e+01 -2.500000e+00
    endloop
  endfacet
  facet normal 0.000000e+00 0.000000e+00 1.000000e+00
    outer loop
      vertex   9.168142e+01 6.075256e+01 -2.500000e+00
      vertex   9.116559e+01 6.096617e+01 -2.500000e+00
      vertex   9.122872e+01 6.074431e+01 -2.500000e+00
    endloop
  endfacet
  facet normal 0.000000e+00 0.000000e+00 1.000000e+00
    outer loop
      vertex   9.168142e+01 6.075256e+01 -2.500000e+00
      vertex   9.122872e+01 6.074431e+01 -2.500000e+00
      vertex   9.156140e+01 6.055890e+01 -2.500000e+00
    endloop
  endfacet
  facet normal 0.000000e+00 0.000000e+00 1.000000e+00
    outer loop
      vertex   9.156140e+01 6.055890e+01 -2.500000e+00
      vertex   9.122872e+01 6.074431e+01 -2.500000e+00
      vertex   9.125000e+01 6.051462e+01 -2.500000e+00
    endloop
  endfacet
  facet normal 0.000000e+00 0.000000e+00 1.000000e+00
    outer loop
      vertex   9.156140e+01 6.055890e+01 -2.500000e+00
      vertex   9.125000e+01 6.051462e+01 -2.500000e+00
      vertex   9.147852e+01 6.034666e+01 -2.500000e+00
    endloop
  endfacet
  facet normal 0.000000e+00 0.000000e+00 1.000000e+00
    outer loop
      vertex   9.147852e+01 6.034666e+01 -2.500000e+00
      vertex   9.125000e+01 6.051462e+01 -2.500000e+00
      vertex   9.122872e+01 6.028494e+01 -2.500000e+00
    endloop
  endfacet
  facet normal 0.000000e+00 0.000000e+00 1.000000e+00
    outer loop
      vertex   9.147852e+01 6.034666e+01 -2.500000e+00
      vertex   9.122872e+01 6.028494e+01 -2.500000e+00
      vertex   9.143555e+01 6.012291e+01 -2.500000e+00
    endloop
  endfacet
  facet normal 0.000000e+00 0.000000e+00 1.000000e+00
    outer loop
      vertex   9.143555e+01 6.012291e+01 -2.500000e+00
      vertex   9.122872e+01 6.028494e+01 -2.500000e+00
      vertex   9.116559e+01 6.006307e+01 -2.500000e+00
    endloop
  endfacet
  facet normal 0.000000e+00 0.000000e+00 1.000000e+00
    outer loop
      vertex   9.143555e+01 6.012291e+01 -2.500000e+00
      vertex   9.116559e+01 6.006307e+01 -2.500000e+00
      vertex   9.143390e+01 5.989507e+01 -2.500000e+00
    endloop
  endfacet
  facet normal 0.000000e+00 0.000000e+00 1.000000e+00
    outer loop
      vertex   9.143390e+01 5.989507e+01 -2.500000e+00
      vertex   9.116559e+01 6.006307e+01 -2.500000e+00
      vertex   9.106277e+01 5.985658e+01 -2.500000e+00
    endloop
  endfacet
  facet normal 0.000000e+00 0.000000e+00 1.000000e+00
    outer loop
      vertex   9.143390e+01 5.989507e+01 -2.500000e+00
      vertex   9.106277e+01 5.985658e+01 -2.500000e+00
      vertex   9.147364e+01 5.967072e+01 -2.500000e+00
    endloop
  endfacet
  facet normal 0.000000e+00 0.000000e+00 1.000000e+00
    outer loop
      vertex   9.147364e+01 5.967072e+01 -2.500000e+00
      vertex   9.106277e+01 5.985658e+01 -2.500000e+00
      vertex   9.092376e+01 5.967250e+01 -2.500000e+00
    endloop
  endfacet
  facet normal 0.000000e+00 0.000000e+00 1.000000e+00
    outer loop
      vertex   9.147364e+01 5.967072e+01 -2.500000e+00
      vertex   9.092376e+01 5.967250e+01 -2.500000e+00
      vertex   9.155344e+01 5.945731e+01 -2.500000e+00
    endloop
  endfacet
  facet normal 0.000000e+00 0.000000e+00 1.000000e+00
    outer loop
      vertex   9.155344e+01 5.945731e+01 -2.500000e+00
      vertex   9.092376e+01 5.967250e+01 -2.500000e+00
      vertex   9.147555e+01 5.903710e+01 -2.500000e+00
    endloop
  endfacet
  facet normal 0.000000e+00 0.000000e+00 1.000000e+00
    outer loop
      vertex   9.155344e+01 5.945731e+01 -2.500000e+00
      vertex   9.147555e+01 5.903710e+01 -2.500000e+00
      vertex   9.167066e+01 5.926193e+01 -2.500000e+00
    endloop
  endfacet
  facet normal 0.000000e+00 0.000000e+00 1.000000e+00
    outer loop
      vertex   9.092376e+01 5.967250e+01 -2.500000e+00
      vertex   9.075329e+01 5.951710e+01 -2.500000e+00
      vertex   9.147555e+01 5.903710e+01 -2.500000e+00
    endloop
  endfacet
  facet normal 0.000000e+00 0.000000e+00 1.000000e+00
    outer loop
      vertex   9.147555e+01 5.903710e+01 -2.500000e+00
      vertex   9.075329e+01 5.951710e+01 -2.500000e+00
      vertex   9.125046e+01 5.884230e+01 -2.500000e+00
    endloop
  endfacet
  facet normal 0.000000e+00 0.000000e+00 1.000000e+00
    outer loop
      vertex   9.125046e+01 5.884230e+01 -2.500000e+00
      vertex   9.075329e+01 5.951710e+01 -2.500000e+00
      vertex   9.099996e+01 5.868148e+01 -2.500000e+00
    endloop
  endfacet
  facet normal 0.000000e+00 0.000000e+00 1.000000e+00
    outer loop
      vertex   9.099996e+01 5.868148e+01 -2.500000e+00
      vertex   9.075329e+01 5.951710e+01 -2.500000e+00
      vertex   9.055717e+01 5.939567e+01 -2.500000e+00
    endloop
  endfacet
  facet normal 0.000000e+00 0.000000e+00 1.000000e+00
    outer loop
      vertex   9.099996e+01 5.868148e+01 -2.500000e+00
      vertex   9.055717e+01 5.939567e+01 -2.500000e+00
      vertex   9.072914e+01 5.855792e+01 -2.500000e+00
    endloop
  endfacet
  facet normal 0.000000e+00 0.000000e+00 1.000000e+00
    outer loop
      vertex   9.072914e+01 5.855792e+01 -2.500000e+00
      vertex   9.055717e+01 5.939567e+01 -2.500000e+00
      vertex   9.034208e+01 5.931234e+01 -2.500000e+00
    endloop
  endfacet
  facet normal 0.000000e+00 0.000000e+00 1.000000e+00
    outer loop
      vertex   9.072914e+01 5.855792e+01 -2.500000e+00
      vertex   9.034208e+01 5.931234e+01 -2.500000e+00
      vertex   9.044349e+01 5.847412e+01 -2.500000e+00
    endloop
  endfacet
  facet normal 0.000000e+00 0.000000e+00 1.000000e+00
    outer loop
      vertex   9.044349e+01 5.847412e+01 -2.500000e+00
      vertex   9.034208e+01 5.931234e+01 -2.500000e+00
      vertex   9.011534e+01 5.926995e+01 -2.500000e+00
    endloop
  endfacet
  facet normal 0.000000e+00 0.000000e+00 1.000000e+00
    outer loop
      vertex   9.044349e+01 5.847412e+01 -2.500000e+00
      vertex   9.011534e+01 5.926995e+01 -2.500000e+00
      vertex   9.014884e+01 5.843179e+01 -2.500000e+00
    endloop
  endfacet
  facet normal 0.000000e+00 0.000000e+00 1.000000e+00
    outer loop
      vertex   9.014884e+01 5.843179e+01 -2.500000e+00
      vertex   9.011534e+01 5.926995e+01 -2.500000e+00
      vertex   8.988466e+01 5.926995e+01 -2.500000e+00
    endloop
  endfacet
  facet normal 0.000000e+00 0.000000e+00 1.000000e+00
    outer loop
      vertex   9.014884e+01 5.843179e+01 -2.500000e+00
      vertex   8.988466e+01 5.926995e+01 -2.500000e+00
      vertex   8.985116e+01 5.843179e+01 -2.500000e+00
    endloop
  endfacet
  facet normal 0.000000e+00 -0.000000e+00 1.000000e+00
    outer loop
      vertex   8.985116e+01 5.843179e+01 -2.500000e+00
      vertex   8.988466e+01 5.926995e+01 -2.500000e+00
      vertex   8.955651e+01 5.847412e+01 -2.500000e+00
    endloop
  endfacet
  facet normal 0.000000e+00 0.000000e+00 1.000000e+00
    outer loop
      vertex   8.955651e+01 5.847412e+01 -2.500000e+00
      vertex   8.988466e+01 5.926995e+01 -2.500000e+00
      vertex   8.965792e+01 5.931234e+01 -2.500000e+00
    endloop
  endfacet
  facet normal 0.000000e+00 -0.000000e+00 1.000000e+00
    outer loop
      vertex   8.955651e+01 5.847412e+01 -2.500000e+00
      vertex   8.965792e+01 5.931234e+01 -2.500000e+00
      vertex   8.927086e+01 5.855792e+01 -2.500000e+00
    endloop
  endfacet
  facet normal 0.000000e+00 0.000000e+00 1.000000e+00
    outer loop
      vertex   8.927086e+01 5.855792e+01 -2.500000e+00
      vertex   8.965792e+01 5.931234e+01 -2.500000e+00
      vertex   8.944283e+01 5.939567e+01 -2.500000e+00
    endloop
  endfacet
  facet normal 0.000000e+00 -0.000000e+00 1.000000e+00
    outer loop
      vertex   8.927086e+01 5.855792e+01 -2.500000e+00
      vertex   8.944283e+01 5.939567e+01 -2.500000e+00
      vertex   8.900004e+01 5.868148e+01 -2.500000e+00
    endloop
  endfacet
  facet normal 0.000000e+00 0.000000e+00 1.000000e+00
    outer loop
      vertex   8.900004e+01 5.868148e+01 -2.500000e+00
      vertex   8.944283e+01 5.939567e+01 -2.500000e+00
      vertex   8.924671e+01 5.951710e+01 -2.500000e+00
    endloop
  endfacet
  facet normal 0.000000e+00 -0.000000e+00 1.000000e+00
    outer loop
      vertex   8.900004e+01 5.868148e+01 -2.500000e+00
      vertex   8.924671e+01 5.951710e+01 -2.500000e+00
      vertex   8.874954e+01 5.884230e+01 -2.500000e+00
    endloop
  endfacet
  facet normal 0.000000e+00 -0.000000e+00 1.000000e+00
    outer loop
      vertex   8.874954e+01 5.884230e+01 -2.500000e+00
      vertex   8.924671e+01 5.951710e+01 -2.500000e+00
      vertex   8.852445e+01 5.903710e+01 -2.500000e+00
    endloop
  endfacet
  facet normal 0.000000e+00 0.000000e+00 1.000000e+00
    outer loop
      vertex   8.852445e+01 5.903710e+01 -2.500000e+00
      vertex   8.924671e+01 5.951710e+01 -2.500000e+00
      vertex   8.907624e+01 5.967250e+01 -2.500000e+00
    endloop
  endfacet
  facet normal 0.000000e+00 0.000000e+00 1.000000e+00
    outer loop
      vertex   9.183460e+01 6.092123e+01 -2.500000e+00
      vertex   9.201585e+01 6.105929e+01 -2.500000e+00
      vertex   9.191582e+01 6.134525e+01 -2.500000e+00
    endloop
  endfacet
  facet normal -4.500891e-01 -8.929836e-01 -3.958547e-04
    outer loop
      vertex   8.777725e+01 6.116357e+01 -3.000000e+00
      vertex   8.797855e+01 6.106277e+01 -4.500000e+00
      vertex   8.798415e+01 6.105929e+01 -3.000000e+00
    endloop
  endfacet
  facet normal -6.026346e-01 -7.980172e-01 3.940641e-04
    outer loop
      vertex   8.798415e+01 6.105929e+01 -3.000000e+00
      vertex   8.797855e+01 6.106277e+01 -4.500000e+00
      vertex   8.816263e+01 6.092376e+01 -4.500000e+00
    endloop
  endfacet
  facet normal -6.056376e-01 -7.957406e-01 -1.689426e-04
    outer loop
      vertex   8.798415e+01 6.105929e+01 -3.000000e+00
      vertex   8.816263e+01 6.092376e+01 -4.500000e+00
      vertex   8.816540e+01 6.092123e+01 -2.500000e+00
    endloop
  endfacet
  facet normal -7.390089e-01 -6.736956e-01 1.703732e-04
    outer loop
      vertex   8.816540e+01 6.092123e+01 -2.500000e+00
      vertex   8.816263e+01 6.092376e+01 -4.500000e+00
      vertex   8.831803e+01 6.075329e+01 -4.500000e+00
    endloop
  endfacet
  facet normal -7.402654e-01 -6.723147e-01 -4.146777e-05
    outer loop
      vertex   8.816540e+01 6.092123e+01 -2.500000e+00
      vertex   8.831803e+01 6.075329e+01 -4.500000e+00
      vertex   8.831858e+01 6.075256e+01 -2.500000e+00
    endloop
  endfacet
  facet normal -8.500038e-01 -5.267766e-01 4.180029e-05
    outer loop
      vertex   8.831858e+01 6.075256e+01 -2.500000e+00
      vertex   8.831803e+01 6.075329e+01 -4.500000e+00
      vertex   8.843860e+01 6.055890e+01 -2.500000e+00
    endloop
  endfacet
  facet normal -8.502171e-01 -5.264322e-01 8.813886e-05
    outer loop
      vertex   8.843860e+01 6.055890e+01 -2.500000e+00
      vertex   8.831803e+01 6.075329e+01 -4.500000e+00
      vertex   8.843946e+01 6.055717e+01 -4.500000e+00
    endloop
  endfacet
  facet normal -9.315017e-01 -3.637369e-01 -8.704907e-05
    outer loop
      vertex   8.843860e+01 6.055890e+01 -2.500000e+00
      vertex   8.843946e+01 6.055717e+01 -4.500000e+00
      vertex   8.852148e+01 6.034666e+01 -2.500000e+00
    endloop
  endfacet
  facet normal -9.324722e-01 -3.612417e-01 2.153815e-04
    outer loop
      vertex   8.852148e+01 6.034666e+01 -2.500000e+00
      vertex   8.843946e+01 6.055717e+01 -4.500000e+00
      vertex   8.852279e+01 6.034208e+01 -4.500000e+00
    endloop
  endfacet
  facet normal -9.820516e-01 -1.886124e-01 -2.126848e-04
    outer loop
      vertex   8.852148e+01 6.034666e+01 -2.500000e+00
      vertex   8.852279e+01 6.034208e+01 -4.500000e+00
      vertex   8.856445e+01 6.012291e+01 -2.500000e+00
    endloop
  endfacet
  facet normal -9.829730e-01 -1.837495e-01 3.394101e-04
    outer loop
      vertex   8.856445e+01 6.012291e+01 -2.500000e+00
      vertex   8.852279e+01 6.034208e+01 -4.500000e+00
      vertex   8.856518e+01 6.011534e+01 -4.500000e+00
    endloop
  endfacet
  facet normal -9.999739e-01 -7.221483e-03 -3.351062e-04
    outer loop
      vertex   8.856445e+01 6.012291e+01 -2.500000e+00
      vertex   8.856518e+01 6.011534e+01 -4.500000e+00
      vertex   8.856610e+01 5.989507e+01 -2.500000e+00
    endloop
  endfacet
  facet normal -9.999999e-01 0.000000e+00 4.602241e-04
    outer loop
      vertex   8.856610e+01 5.989507e+01 -2.500000e+00
      vertex   8.856518e+01 6.011534e+01 -4.500000e+00
      vertex   8.856518e+01 5.988466e+01 -4.500000e+00
    endloop
  endfacet
  facet normal -9.846731e-01 1.744093e-01 -4.543127e-04
    outer loop
      vertex   8.856610e+01 5.989507e+01 -2.500000e+00
      vertex   8.856518e+01 5.988466e+01 -4.500000e+00
      vertex   8.852636e+01 5.967072e+01 -2.500000e+00
    endloop
  endfacet
  facet normal -9.829729e-01 1.837495e-01 5.778229e-04
    outer loop
      vertex   8.852636e+01 5.967072e+01 -2.500000e+00
      vertex   8.856518e+01 5.988466e+01 -4.500000e+00
      vertex   8.852279e+01 5.965792e+01 -4.500000e+00
    endloop
  endfacet
  facet normal -9.366577e-01 3.502456e-01 -5.703036e-04
    outer loop
      vertex   8.852636e+01 5.967072e+01 -2.500000e+00
      vertex   8.852279e+01 5.965792e+01 -4.500000e+00
      vertex   8.844656e+01 5.945731e+01 -2.500000e+00
    endloop
  endfacet
  facet normal -9.324720e-01 3.612416e-01 6.922058e-04
    outer loop
      vertex   8.844656e+01 5.945731e+01 -2.500000e+00
      vertex   8.852279e+01 5.965792e+01 -4.500000e+00
      vertex   8.843946e+01 5.944283e+01 -4.500000e+00
    endloop
  endfacet
  facet normal -8.567369e-01 5.157532e-01 -6.953377e-04
    outer loop
      vertex   8.844656e+01 5.945731e+01 -2.500000e+00
      vertex   8.843946e+01 5.944283e+01 -4.500000e+00
      vertex   8.832934e+01 5.926193e+01 -3.000000e+00
    endloop
  endfacet
  facet normal -8.502166e-01 5.264319e-01 1.071163e-03
    outer loop
      vertex   8.832934e+01 5.926193e+01 -3.000000e+00
      vertex   8.843946e+01 5.944283e+01 -4.500000e+00
      vertex   8.831803e+01 5.924671e+01 -4.500000e+00
    endloop
  endfacet
  facet normal -7.488747e-01 6.627107e-01 -1.076316e-03
    outer loop
      vertex   8.832934e+01 5.926193e+01 -3.000000e+00
      vertex   8.831803e+01 5.924671e+01 -4.500000e+00
      vertex   8.817580e+01 5.908842e+01 -3.000000e+00
    endloop
  endfacet
  facet normal -7.390085e-01 6.736953e-01 1.018297e-03
    outer loop
      vertex   8.817580e+01 5.908842e+01 -3.000000e+00
      vertex   8.831803e+01 5.924671e+01 -4.500000e+00
      vertex   8.816263e+01 5.907624e+01 -4.500000e+00
    endloop
  endfacet
  facet normal -6.137053e-01 7.895345e-01 -1.023172e-03
    outer loop
      vertex   8.817580e+01 5.908842e+01 -3.000000e+00
      vertex   8.816263e+01 5.907624e+01 -4.500000e+00
      vertex   8.799288e+01 5.894623e+01 -3.000000e+00
    endloop
  endfacet
  facet normal -6.026344e-01 7.980169e-01 9.648753e-04
    outer loop
      vertex   8.799288e+01 5.894623e+01 -3.000000e+00
      vertex   8.816263e+01 5.907624e+01 -4.500000e+00
      vertex   8.797855e+01 5.893723e+01 -4.500000e+00
    endloop
  endfacet
  facet normal -4.574521e-01 8.892337e-01 -9.694723e-04
    outer loop
      vertex   8.799288e+01 5.894623e+01 -3.000000e+00
      vertex   8.797855e+01 5.893723e+01 -4.500000e+00
      vertex   8.778685e+01 5.884025e+01 -3.000000e+00
    endloop
  endfacet
  facet normal -4.457382e-01 8.951629e-01 9.108979e-04
    outer loop
      vertex   8.778685e+01 5.884025e+01 -3.000000e+00
      vertex   8.797855e+01 5.893723e+01 -4.500000e+00
      vertex   8.777206e+01 5.883441e+01 -4.500000e+00
    endloop
  endfacet
  facet normal -2.854830e-01 9.583833e-01 -9.152170e-04
    outer loop
      vertex   8.778685e+01 5.884025e+01 -3.000000e+00
      vertex   8.777206e+01 5.883441e+01 -4.500000e+00
      vertex   8.756480e+01 5.877410e+01 -3.000000e+00
    endloop
  endfacet
  facet normal -2.736629e-01 9.618253e-01 8.563646e-04
    outer loop
      vertex   8.756480e+01 5.877410e+01 -3.000000e+00
      vertex   8.777206e+01 5.883441e+01 -4.500000e+00
      vertex   8.755019e+01 5.877128e+01 -4.500000e+00
    endloop
  endfacet
  facet normal -1.037061e-01 9.946076e-01 -8.604058e-04
    outer loop
      vertex   8.756480e+01 5.877410e+01 -3.000000e+00
      vertex   8.755019e+01 5.877128e+01 -4.500000e+00
      vertex   8.733436e+01 5.875008e+01 -3.000000e+00
    endloop
  endfacet
  facet normal -9.226833e-02 9.957339e-01 8.012756e-04
    outer loop
      vertex   8.733436e+01 5.875008e+01 -3.000000e+00
      vertex   8.755019e+01 5.877128e+01 -4.500000e+00
      vertex   8.732051e+01 5.875000e+01 -4.500000e+00
    endloop
  endfacet
  facet normal 8.163362e-02 9.966621e-01 -8.050389e-04
    outer loop
      vertex   8.733436e+01 5.875008e+01 -3.000000e+00
      vertex   8.732051e+01 5.875000e+01 -4.500000e+00
      vertex   8.710345e+01 5.876899e+01 -3.000000e+00
    endloop
  endfacet
  facet normal 9.226833e-02 9.957339e-01 7.456308e-04
    outer loop
      vertex   8.710345e+01 5.876899e+01 -3.000000e+00
      vertex   8.732051e+01 5.875000e+01 -4.500000e+00
      vertex   8.709082e+01 5.877128e+01 -4.500000e+00
    endloop
  endfacet
  facet normal 2.641688e-01 9.644762e-01 -7.491164e-04
    outer loop
      vertex   8.710345e+01 5.876899e+01 -3.000000e+00
      vertex   8.709082e+01 5.877128e+01 -4.500000e+00
      vertex   8.687999e+01 5.883020e+01 -3.000000e+00
    endloop
  endfacet
  facet normal 2.736629e-01 9.618254e-01 6.894304e-04
    outer loop
      vertex   8.687999e+01 5.883020e+01 -3.000000e+00
      vertex   8.709082e+01 5.877128e+01 -4.500000e+00
      vertex   8.686896e+01 5.883441e+01 -4.500000e+00
    endloop
  endfacet
  facet normal 4.376285e-01 8.991556e-01 -6.926381e-04
    outer loop
      vertex   8.687999e+01 5.883020e+01 -3.000000e+00
      vertex   8.686896e+01 5.883441e+01 -4.500000e+00
      vertex   8.667166e+01 5.893159e+01 -3.000000e+00
    endloop
  endfacet
  facet normal 4.457383e-01 8.951631e-01 6.326743e-04
    outer loop
      vertex   8.667166e+01 5.893159e+01 -3.000000e+00
      vertex   8.686896e+01 5.883441e+01 -4.500000e+00
      vertex   8.666247e+01 5.893723e+01 -4.500000e+00
    endloop
  endfacet
  facet normal 5.960535e-01 8.029445e-01 -6.356042e-04
    outer loop
      vertex   8.667166e+01 5.893159e+01 -3.000000e+00
      vertex   8.666247e+01 5.893723e+01 -4.500000e+00
      vertex   8.648563e+01 5.906969e+01 -3.000000e+00
    endloop
  endfacet
  facet normal 6.026345e-01 7.980171e-01 5.753626e-04
    outer loop
      vertex   8.648563e+01 5.906969e+01 -3.000000e+00
      vertex   8.666247e+01 5.893723e+01 -4.500000e+00
      vertex   8.647839e+01 5.907624e+01 -4.500000e+00
    endloop
  endfacet
  facet normal 7.340010e-01 6.791481e-01 -5.780147e-04
    outer loop
      vertex   8.648563e+01 5.906969e+01 -3.000000e+00
      vertex   8.647839e+01 5.907624e+01 -4.500000e+00
      vertex   8.632828e+01 5.923975e+01 -3.000000e+00
    endloop
  endfacet
  facet normal 7.390088e-01 6.736956e-01 5.174953e-04
    outer loop
      vertex   8.632828e+01 5.923975e+01 -3.000000e+00
      vertex   8.647839e+01 5.907624e+01 -4.500000e+00
      vertex   8.632299e+01 5.924671e+01 -4.500000e+00
    endloop
  endfacet
  facet normal 8.467319e-01 5.320196e-01 -5.198697e-04
    outer loop
      vertex   8.632828e+01 5.923975e+01 -3.000000e+00
      vertex   8.632299e+01 5.924671e+01 -4.500000e+00
      vertex   8.620502e+01 5.943593e+01 -3.000000e+00
    endloop
  endfacet
  facet normal 8.502170e-01 5.264321e-01 4.590725e-04
    outer loop
      vertex   8.620502e+01 5.943593e+01 -3.000000e+00
      vertex   8.632299e+01 5.924671e+01 -4.500000e+00
      vertex   8.620155e+01 5.944283e+01 -4.500000e+00
    endloop
  endfacet
  facet normal 9.303732e-01 3.666135e-01 -4.611691e-04
    outer loop
      vertex   8.620502e+01 5.943593e+01 -3.000000e+00
      vertex   8.620155e+01 5.944283e+01 -4.500000e+00
      vertex   8.612008e+01 5.965148e+01 -3.000000e+00
    endloop
  endfacet
  facet normal 9.324722e-01 3.612416e-01 4.000942e-04
    outer loop
      vertex   8.612008e+01 5.965148e+01 -3.000000e+00
      vertex   8.620155e+01 5.944283e+01 -4.500000e+00
      vertex   8.611823e+01 5.965792e+01 -4.500000e+00
    endloop
  endfacet
  facet normal 9.820515e-01 1.886124e-01 -4.019131e-04
    outer loop
      vertex   8.612008e+01 5.965148e+01 -3.000000e+00
      vertex   8.611823e+01 5.965792e+01 -4.500000e+00
      vertex   8.607638e+01 5.987901e+01 -3.000000e+00
    endloop
  endfacet
  facet normal 9.829730e-01 1.837495e-01 3.405605e-04
    outer loop
      vertex   8.607638e+01 5.987901e+01 -3.000000e+00
      vertex   8.611823e+01 5.965792e+01 -4.500000e+00
      vertex   8.607584e+01 5.988466e+01 -4.500000e+00
    endloop
  endfacet
  facet normal 9.999914e-01 4.131431e-03 -3.421016e-04
    outer loop
      vertex   8.607638e+01 5.987901e+01 -3.000000e+00
      vertex   8.607584e+01 5.988466e+01 -4.500000e+00
      vertex   8.607542e+01 6.011070e+01 -3.000000e+00
    endloop
  endfacet
  facet normal 1.000000e+00 0.000000e+00 2.804713e-04
    outer loop
      vertex   8.607542e+01 6.011070e+01 -3.000000e+00
      vertex   8.607584e+01 5.988466e+01 -4.500000e+00
      vertex   8.607584e+01 6.011534e+01 -4.500000e+00
    endloop
  endfacet
  facet normal 9.835765e-01 -1.804915e-01 -2.817348e-04
    outer loop
      vertex   8.607542e+01 6.011070e+01 -3.000000e+00
      vertex   8.607584e+01 6.011534e+01 -4.500000e+00
      vertex   8.611724e+01 6.033859e+01 -3.000000e+00
    endloop
  endfacet
  facet normal 9.829731e-01 -1.837495e-01 2.198268e-04
    outer loop
      vertex   8.611724e+01 6.033859e+01 -3.000000e+00
      vertex   8.607584e+01 6.011534e+01 -4.500000e+00
      vertex   8.611823e+01 6.034208e+01 -4.500000e+00
    endloop
  endfacet
  facet normal 9.333708e-01 -3.589135e-01 -2.208126e-04
    outer loop
      vertex   8.611724e+01 6.033859e+01 -3.000000e+00
      vertex   8.611823e+01 6.034208e+01 -4.500000e+00
      vertex   8.620039e+01 6.055484e+01 -3.000000e+00
    endloop
  endfacet
  facet normal 9.324722e-01 -3.612417e-01 1.586269e-04
    outer loop
      vertex   8.620039e+01 6.055484e+01 -3.000000e+00
      vertex   8.611823e+01 6.034208e+01 -4.500000e+00
      vertex   8.620155e+01 6.055717e+01 -4.500000e+00
    endloop
  endfacet
  facet normal 8.510990e-01 -5.250051e-01 -1.593350e-04
    outer loop
      vertex   8.620039e+01 6.055484e+01 -3.000000e+00
      vertex   8.620155e+01 6.055717e+01 -4.500000e+00
      vertex   8.632203e+01 6.075203e+01 -3.000000e+00
    endloop
  endfacet
  facet normal 8.502171e-01 -5.264322e-01 9.687174e-05
    outer loop
      vertex   8.632203e+01 6.075203e+01 -3.000000e+00
      vertex   8.620155e+01 6.055717e+01 -4.500000e+00
      vertex   8.632299e+01 6.075329e+01 -4.500000e+00
    endloop
  endfacet
  facet normal 7.395877e-01 -6.730602e-01 -9.730226e-05
    outer loop
      vertex   8.632203e+01 6.075203e+01 -3.000000e+00
      vertex   8.632299e+01 6.075329e+01 -4.500000e+00
      vertex   8.647797e+01 6.092338e+01 -3.000000e+00
    endloop
  endfacet
  facet normal 7.390089e-01 -6.736956e-01 3.456133e-05
    outer loop
      vertex   8.647797e+01 6.092338e+01 -3.000000e+00
      vertex   8.632299e+01 6.075329e+01 -4.500000e+00
      vertex   8.647839e+01 6.092376e+01 -4.500000e+00
    endloop
  endfacet
  facet normal 6.026678e-01 -7.979922e-01 -3.471424e-05
    outer loop
      vertex   8.647797e+01 6.092338e+01 -3.000000e+00
      vertex   8.647839e+01 6.092376e+01 -4.500000e+00
      vertex   8.666286e+01 6.106301e+01 -3.000000e+00
    endloop
  endfacet
  facet normal 6.026346e-01 -7.980172e-01 -2.830428e-05
    outer loop
      vertex   8.666286e+01 6.106301e+01 -3.000000e+00
      vertex   8.647839e+01 6.092376e+01 -4.500000e+00
      vertex   8.666247e+01 6.106277e+01 -4.500000e+00
    endloop
  endfacet
  facet normal 4.457384e-01 -8.951633e-01 2.819229e-05
    outer loop
      vertex   8.666286e+01 6.106301e+01 -3.000000e+00
      vertex   8.666247e+01 6.106277e+01 -4.500000e+00
      vertex   8.686896e+01 6.116559e+01 -4.500000e+00
    endloop
  endfacet
  facet normal -4.457383e-01 -8.951632e-01 3.344738e-04
    outer loop
      vertex   8.797855e+01 6.106277e+01 -4.500000e+00
      vertex   8.777725e+01 6.116357e+01 -3.000000e+00
      vertex   8.777206e+01 6.116559e+01 -4.500000e+00
    endloop
  endfacet
  facet normal -2.775544e-01 -9.607099e-01 -3.359868e-04
    outer loop
      vertex   8.777206e+01 6.116559e+01 -4.500000e+00
      vertex   8.777725e+01 6.116357e+01 -3.000000e+00
      vertex   8.755467e+01 6.122787e+01 -3.000000e+00
    endloop
  endfacet
  facet normal -2.736630e-01 -9.618256e-01 2.743282e-04
    outer loop
      vertex   8.777206e+01 6.116559e+01 -4.500000e+00
      vertex   8.755467e+01 6.122787e+01 -3.000000e+00
      vertex   8.755019e+01 6.122872e+01 -4.500000e+00
    endloop
  endfacet
  facet normal -9.548436e-02 -9.954309e-01 -2.755634e-04
    outer loop
      vertex   8.755019e+01 6.122872e+01 -4.500000e+00
      vertex   8.755467e+01 6.122787e+01 -3.000000e+00
      vertex   8.732403e+01 6.125000e+01 -3.000000e+00
    endloop
  endfacet
  facet normal -9.226836e-02 -9.957342e-01 2.136272e-04
    outer loop
      vertex   8.755019e+01 6.122872e+01 -4.500000e+00
      vertex   8.732403e+01 6.125000e+01 -3.000000e+00
      vertex   8.732051e+01 6.125000e+01 -4.500000e+00
    endloop
  endfacet
  facet normal 8.986608e-02 -9.959538e-01 -2.145847e-04
    outer loop
      vertex   8.732051e+01 6.125000e+01 -4.500000e+00
      vertex   8.732403e+01 6.125000e+01 -3.000000e+00
      vertex   8.709328e+01 6.122917e+01 -3.000000e+00
    endloop
  endfacet
  facet normal 9.226836e-02 -9.957342e-01 1.523708e-04
    outer loop
      vertex   8.732051e+01 6.125000e+01 -4.500000e+00
      vertex   8.709328e+01 6.122917e+01 -3.000000e+00
      vertex   8.709082e+01 6.122872e+01 -4.500000e+00
    endloop
  endfacet
  facet normal 2.721292e-01 -9.622607e-01 -1.530507e-04
    outer loop
      vertex   8.709082e+01 6.122872e+01 -4.500000e+00
      vertex   8.709328e+01 6.122917e+01 -3.000000e+00
      vertex   8.687034e+01 6.116612e+01 -3.000000e+00
    endloop
  endfacet
  facet normal 2.736630e-01 -9.618256e-01 9.055917e-05
    outer loop
      vertex   8.709082e+01 6.122872e+01 -4.500000e+00
      vertex   8.687034e+01 6.116612e+01 -3.000000e+00
      vertex   8.686896e+01 6.116559e+01 -4.500000e+00
    endloop
  endfacet
  facet normal 4.450432e-01 -8.955091e-01 -9.096145e-05
    outer loop
      vertex   8.686896e+01 6.116559e+01 -4.500000e+00
      vertex   8.687034e+01 6.116612e+01 -3.000000e+00
      vertex   8.666286e+01 6.106301e+01 -3.000000e+00
    endloop
  endfacet
  facet normal -8.575231e-01 5.144454e-01 0.000000e+00
    outer loop
      vertex   8.832934e+01 5.926193e+01 -3.000000e+00
      vertex   8.832934e+01 5.926193e+01 -2.500000e+00
      vertex   8.844656e+01 5.945731e+01 -2.500000e+00
    endloop
  endfacet
  facet normal -6.059326e-01 -7.955160e-01 0.000000e+00
    outer loop
      vertex   8.816540e+01 6.092123e+01 -2.500000e+00
      vertex   8.798415e+01 6.105929e+01 -2.500000e+00
      vertex   8.798415e+01 6.105929e+01 -3.000000e+00
    endloop
  endfacet
  facet normal -5.777738e-01 8.161969e-01 0.000000e+00
    outer loop
      vertex   8.349276e+01 5.637125e+01 -3.000000e+00
      vertex   8.349276e+01 5.637125e+01 -4.500000e+00
      vertex   8.330449e+01 5.623798e+01 -3.000000e+00
    endloop
  endfacet
  facet normal -5.777738e-01 8.161969e-01 0.000000e+00
    outer loop
      vertex   8.330449e+01 5.623798e+01 -3.000000e+00
      vertex   8.349276e+01 5.637125e+01 -4.500000e+00
      vertex   8.330449e+01 5.623798e+01 -4.500000e+00
    endloop
  endfacet
  facet normal -4.179603e-01 9.084653e-01 0.000000e+00
    outer loop
      vertex   8.330449e+01 5.623798e+01 -3.000000e+00
      vertex   8.330449e+01 5.623798e+01 -4.500000e+00
      vertex   8.309494e+01 5.614157e+01 -3.000000e+00
    endloop
  endfacet
  facet normal -4.179603e-01 9.084653e-01 0.000000e+00
    outer loop
      vertex   8.309494e+01 5.614157e+01 -3.000000e+00
      vertex   8.330449e+01 5.623798e+01 -4.500000e+00
      vertex   8.309494e+01 5.614157e+01 -4.500000e+00
    endloop
  endfacet
  facet normal -2.439137e-01 9.697969e-01 0.000000e+00
    outer loop
      vertex   8.309494e+01 5.614157e+01 -3.000000e+00
      vertex   8.309494e+01 5.614157e+01 -4.500000e+00
      vertex   8.287123e+01 5.608530e+01 -4.500000e+00
    endloop
  endfacet
  facet normal -7.179119e-01 6.961339e-01 0.000000e+00
    outer loop
      vertex   8.349276e+01 5.637125e+01 -3.000000e+00
      vertex   8.365334e+01 5.653685e+01 -3.000000e+00
      vertex   8.349276e+01 5.637125e+01 -4.500000e+00
    endloop
  endfacet
  facet normal -7.179119e-01 6.961339e-01 0.000000e+00
    outer loop
      vertex   8.349276e+01 5.637125e+01 -4.500000e+00
      vertex   8.365334e+01 5.653685e+01 -3.000000e+00
      vertex   8.365334e+01 5.653685e+01 -4.500000e+00
    endloop
  endfacet
  facet normal -8.336024e-01 5.523650e-01 0.000000e+00
    outer loop
      vertex   8.365334e+01 5.653685e+01 -4.500000e+00
      vertex   8.365334e+01 5.653685e+01 -3.000000e+00
      vertex   8.378076e+01 5.672914e+01 -3.000000e+00
    endloop
  endfacet
  facet normal -8.336024e-01 5.523650e-01 0.000000e+00
    outer loop
      vertex   8.365334e+01 5.653685e+01 -4.500000e+00
      vertex   8.378076e+01 5.672914e+01 -3.000000e+00
      vertex   8.378076e+01 5.672914e+01 -4.500000e+00
    endloop
  endfacet
  facet normal -9.209055e-01 3.897859e-01 0.000000e+00
    outer loop
      vertex   8.378076e+01 5.672914e+01 -4.500000e+00
      vertex   8.378076e+01 5.672914e+01 -3.000000e+00
      vertex   8.387067e+01 5.694157e+01 -3.000000e+00
    endloop
  endfacet
  facet normal -9.209055e-01 3.897859e-01 0.000000e+00
    outer loop
      vertex   8.378076e+01 5.672914e+01 -4.500000e+00
      vertex   8.387067e+01 5.694157e+01 -3.000000e+00
      vertex   8.387067e+01 5.694157e+01 -4.500000e+00
    endloop
  endfacet
  facet normal -9.768483e-01 2.139331e-01 0.000000e+00
    outer loop
      vertex   8.387067e+01 5.694157e+01 -4.500000e+00
      vertex   8.387067e+01 5.694157e+01 -3.000000e+00
      vertex   8.392002e+01 5.716690e+01 -3.000000e+00
    endloop
  endfacet
  facet normal -9.768483e-01 2.139331e-01 0.000000e+00
    outer loop
      vertex   8.387067e+01 5.694157e+01 -4.500000e+00
      vertex   8.392002e+01 5.716690e+01 -3.000000e+00
      vertex   8.392002e+01 5.716690e+01 -4.500000e+00
    endloop
  endfacet
  facet normal -9.995257e-01 3.079506e-02 0.000000e+00
    outer loop
      vertex   8.392002e+01 5.716690e+01 -4.500000e+00
      vertex   8.392002e+01 5.716690e+01 -3.000000e+00
      vertex   8.392712e+01 5.739746e+01 -3.000000e+00
    endloop
  endfacet
  facet normal -9.995257e-01 3.079506e-02 0.000000e+00
    outer loop
      vertex   8.392002e+01 5.716690e+01 -4.500000e+00
      vertex   8.392712e+01 5.739746e+01 -3.000000e+00
      vertex   8.392712e+01 5.739746e+01 -4.500000e+00
    endloop
  endfacet
  facet normal -9.881655e-01 -1.533917e-01 0.000000e+00
    outer loop
      vertex   8.392712e+01 5.739746e+01 -4.500000e+00
      vertex   8.392712e+01 5.739746e+01 -3.000000e+00
      vertex   8.389174e+01 5.762540e+01 -3.000000e+00
    endloop
  endfacet
  facet normal -9.881655e-01 -1.533917e-01 0.000000e+00
    outer loop
      vertex   8.392712e+01 5.739746e+01 -4.500000e+00
      vertex   8.389174e+01 5.762540e+01 -3.000000e+00
      vertex   8.389174e+01 5.762540e+01 -4.500000e+00
    endloop
  endfacet
  facet normal -9.431544e-01 -3.323548e-01 0.000000e+00
    outer loop
      vertex   8.389174e+01 5.762540e+01 -4.500000e+00
      vertex   8.389174e+01 5.762540e+01 -3.000000e+00
      vertex   8.381507e+01 5.784296e+01 -3.000000e+00
    endloop
  endfacet
  facet normal -9.431544e-01 -3.323548e-01 0.000000e+00
    outer loop
      vertex   8.389174e+01 5.762540e+01 -4.500000e+00
      vertex   8.381507e+01 5.784296e+01 -3.000000e+00
      vertex   8.381507e+01 5.784296e+01 -4.500000e+00
    endloop
  endfacet
  facet normal -8.660254e-01 -5.000000e-01 0.000000e+00
    outer loop
      vertex   8.381507e+01 5.784296e+01 -4.500000e+00
      vertex   8.381507e+01 5.784296e+01 -3.000000e+00
      vertex   8.369974e+01 5.804273e+01 -3.000000e+00
    endloop
  endfacet
  facet normal -8.660254e-01 -5.000000e-01 0.000000e+00
    outer loop
      vertex   8.381507e+01 5.784296e+01 -4.500000e+00
      vertex   8.369974e+01 5.804273e+01 -3.000000e+00
      vertex   8.369974e+01 5.804273e+01 -4.500000e+00
    endloop
  endfacet
  facet normal -7.594049e-01 -6.506183e-01 0.000000e+00
    outer loop
      vertex   8.369974e+01 5.804273e+01 -4.500000e+00
      vertex   8.369974e+01 5.804273e+01 -3.000000e+00
      vertex   8.354966e+01 5.821790e+01 -3.000000e+00
    endloop
  endfacet
  facet normal -7.594049e-01 -6.506183e-01 0.000000e+00
    outer loop
      vertex   8.369974e+01 5.804273e+01 -4.500000e+00
      vertex   8.354966e+01 5.821790e+01 -3.000000e+00
      vertex   8.354966e+01 5.821790e+01 -4.500000e+00
    endloop
  endfacet
  facet normal -6.269238e-01 -7.790806e-01 0.000000e+00
    outer loop
      vertex   8.354966e+01 5.821790e+01 -4.500000e+00
      vertex   8.354966e+01 5.821790e+01 -3.000000e+00
      vertex   8.336995e+01 5.836251e+01 -3.000000e+00
    endloop
  endfacet
  facet normal -6.269238e-01 -7.790806e-01 0.000000e+00
    outer loop
      vertex   8.354966e+01 5.821790e+01 -4.500000e+00
      vertex   8.336995e+01 5.836251e+01 -3.000000e+00
      vertex   8.336995e+01 5.836251e+01 -4.500000e+00
    endloop
  endfacet
  facet normal -4.730936e-01 -8.810122e-01 0.000000e+00
    outer loop
      vertex   8.336995e+01 5.836251e+01 -4.500000e+00
      vertex   8.336995e+01 5.836251e+01 -3.000000e+00
      vertex   8.316672e+01 5.847164e+01 -3.000000e+00
    endloop
  endfacet
  facet normal -4.730936e-01 -8.810122e-01 0.000000e+00
    outer loop
      vertex   8.336995e+01 5.836251e+01 -4.500000e+00
      vertex   8.316672e+01 5.847164e+01 -3.000000e+00
      vertex   8.316672e+01 5.847164e+01 -4.500000e+00
    endloop
  endfacet
  facet normal -3.031527e-01 -9.529420e-01 0.000000e+00
    outer loop
      vertex   8.316672e+01 5.847164e+01 -4.500000e+00
      vertex   8.316672e+01 5.847164e+01 -3.000000e+00
      vertex   8.294691e+01 5.854157e+01 -3.000000e+00
    endloop
  endfacet
  facet normal -3.031527e-01 -9.529420e-01 0.000000e+00
    outer loop
      vertex   8.316672e+01 5.847164e+01 -4.500000e+00
      vertex   8.294691e+01 5.854157e+01 -3.000000e+00
      vertex   8.294691e+01 5.854157e+01 -4.500000e+00
    endloop
  endfacet
  facet normal -1.228883e-01 -9.924205e-01 0.000000e+00
    outer loop
      vertex   8.294691e+01 5.854157e+01 -4.500000e+00
      vertex   8.294691e+01 5.854157e+01 -3.000000e+00
      vertex   8.271799e+01 5.856992e+01 -3.000000e+00
    endloop
  endfacet
  facet normal -1.228883e-01 -9.924205e-01 0.000000e+00
    outer loop
      vertex   8.294691e+01 5.854157e+01 -4.500000e+00
      vertex   8.271799e+01 5.856992e+01 -3.000000e+00
      vertex   8.271799e+01 5.856992e+01 -4.500000e+00
    endloop
  endfacet
  facet normal 6.156091e-02 -9.981033e-01 0.000000e+00
    outer loop
      vertex   8.271799e+01 5.856992e+01 -4.500000e+00
      vertex   8.271799e+01 5.856992e+01 -3.000000e+00
      vertex   8.248775e+01 5.855571e+01 -3.000000e+00
    endloop
  endfacet
  facet normal 6.156091e-02 -9.981033e-01 0.000000e+00
    outer loop
      vertex   8.271799e+01 5.856992e+01 -4.500000e+00
      vertex   8.248775e+01 5.855571e+01 -3.000000e+00
      vertex   8.248775e+01 5.855571e+01 -4.500000e+00
    endloop
  endfacet
  facet normal 2.439137e-01 -9.697969e-01 0.000000e+00
    outer loop
      vertex   8.248775e+01 5.855571e+01 -4.500000e+00
      vertex   8.248775e+01 5.855571e+01 -3.000000e+00
      vertex   8.226405e+01 5.849945e+01 -3.000000e+00
    endloop
  endfacet
  facet normal 2.439137e-01 -9.697969e-01 0.000000e+00
    outer loop
      vertex   8.248775e+01 5.855571e+01 -4.500000e+00
      vertex   8.226405e+01 5.849945e+01 -3.000000e+00
      vertex   8.226405e+01 5.849945e+01 -4.500000e+00
    endloop
  endfacet
  facet normal 4.179603e-01 -9.084653e-01 0.000000e+00
    outer loop
      vertex   8.226405e+01 5.849945e+01 -4.500000e+00
      vertex   8.226405e+01 5.849945e+01 -3.000000e+00
      vertex   8.205449e+01 5.840304e+01 -3.000000e+00
    endloop
  endfacet
  facet normal 4.179603e-01 -9.084653e-01 0.000000e+00
    outer loop
      vertex   8.226405e+01 5.849945e+01 -4.500000e+00
      vertex   8.205449e+01 5.840304e+01 -3.000000e+00
      vertex   8.205449e+01 5.840304e+01 -4.500000e+00
    endloop
  endfacet
  facet normal 5.777738e-01 -8.161969e-01 0.000000e+00
    outer loop
      vertex   8.205449e+01 5.840304e+01 -4.500000e+00
      vertex   8.205449e+01 5.840304e+01 -3.000000e+00
      vertex   8.186622e+01 5.826976e+01 -3.000000e+00
    endloop
  endfacet
  facet normal 5.777738e-01 -8.161969e-01 0.000000e+00
    outer loop
      vertex   8.205449e+01 5.840304e+01 -4.500000e+00
      vertex   8.186622e+01 5.826976e+01 -3.000000e+00
      vertex   8.186622e+01 5.826976e+01 -4.500000e+00
    endloop
  endfacet
  facet normal 7.179119e-01 -6.961339e-01 0.000000e+00
    outer loop
      vertex   8.186622e+01 5.826976e+01 -4.500000e+00
      vertex   8.186622e+01 5.826976e+01 -3.000000e+00
      vertex   8.170564e+01 5.810416e+01 -3.000000e+00
    endloop
  endfacet
  facet normal 7.179119e-01 -6.961339e-01 0.000000e+00
    outer loop
      vertex   8.186622e+01 5.826976e+01 -4.500000e+00
      vertex   8.170564e+01 5.810416e+01 -3.000000e+00
      vertex   8.170564e+01 5.810416e+01 -4.500000e+00
    endloop
  endfacet
  facet normal 8.336024e-01 -5.523650e-01 0.000000e+00
    outer loop
      vertex   8.170564e+01 5.810416e+01 -4.500000e+00
      vertex   8.170564e+01 5.810416e+01 -3.000000e+00
      vertex   8.157823e+01 5.791188e+01 -3.000000e+00
    endloop
  endfacet
  facet normal 8.336024e-01 -5.523650e-01 0.000000e+00
    outer loop
      vertex   8.170564e+01 5.810416e+01 -4.500000e+00
      vertex   8.157823e+01 5.791188e+01 -3.000000e+00
      vertex   8.157823e+01 5.791188e+01 -4.500000e+00
    endloop
  endfacet
  facet normal 9.209055e-01 -3.897859e-01 0.000000e+00
    outer loop
      vertex   8.157823e+01 5.791188e+01 -4.500000e+00
      vertex   8.157823e+01 5.791188e+01 -3.000000e+00
      vertex   8.148831e+01 5.769945e+01 -3.000000e+00
    endloop
  endfacet
  facet normal 9.209055e-01 -3.897859e-01 0.000000e+00
    outer loop
      vertex   8.157823e+01 5.791188e+01 -4.500000e+00
      vertex   8.148831e+01 5.769945e+01 -3.000000e+00
      vertex   8.148831e+01 5.769945e+01 -4.500000e+00
    endloop
  endfacet
  facet normal 9.768483e-01 -2.139331e-01 0.000000e+00
    outer loop
      vertex   8.148831e+01 5.769945e+01 -4.500000e+00
      vertex   8.148831e+01 5.769945e+01 -3.000000e+00
      vertex   8.143897e+01 5.747412e+01 -3.000000e+00
    endloop
  endfacet
  facet normal 9.768483e-01 -2.139331e-01 0.000000e+00
    outer loop
      vertex   8.148831e+01 5.769945e+01 -4.500000e+00
      vertex   8.143897e+01 5.747412e+01 -3.000000e+00
      vertex   8.143897e+01 5.747412e+01 -4.500000e+00
    endloop
  endfacet
  facet normal 9.995257e-01 -3.079506e-02 0.000000e+00
    outer loop
      vertex   8.143897e+01 5.747412e+01 -4.500000e+00
      vertex   8.143897e+01 5.747412e+01 -3.000000e+00
      vertex   8.143186e+01 5.724356e+01 -3.000000e+00
    endloop
  endfacet
  facet normal 9.995257e-01 -3.079506e-02 0.000000e+00
    outer loop
      vertex   8.143897e+01 5.747412e+01 -4.500000e+00
      vertex   8.143186e+01 5.724356e+01 -3.000000e+00
      vertex   8.143186e+01 5.724356e+01 -4.500000e+00
    endloop
  endfacet
  facet normal 9.881655e-01 1.533917e-01 -0.000000e+00
    outer loop
      vertex   8.143186e+01 5.724356e+01 -4.500000e+00
      vertex   8.143186e+01 5.724356e+01 -3.000000e+00
      vertex   8.146725e+01 5.701562e+01 -3.000000e+00
    endloop
  endfacet
  facet normal 9.881655e-01 1.533917e-01 0.000000e+00
    outer loop
      vertex   8.143186e+01 5.724356e+01 -4.500000e+00
      vertex   8.146725e+01 5.701562e+01 -3.000000e+00
      vertex   8.146725e+01 5.701562e+01 -4.500000e+00
    endloop
  endfacet
  facet normal 9.431544e-01 3.323548e-01 -0.000000e+00
    outer loop
      vertex   8.146725e+01 5.701562e+01 -4.500000e+00
      vertex   8.146725e+01 5.701562e+01 -3.000000e+00
      vertex   8.154391e+01 5.679806e+01 -3.000000e+00
    endloop
  endfacet
  facet normal 9.431544e-01 3.323548e-01 0.000000e+00
    outer loop
      vertex   8.146725e+01 5.701562e+01 -4.500000e+00
      vertex   8.154391e+01 5.679806e+01 -3.000000e+00
      vertex   8.154391e+01 5.679806e+01 -4.500000e+00
    endloop
  endfacet
  facet normal 8.660254e-01 5.000000e-01 -0.000000e+00
    outer loop
      vertex   8.154391e+01 5.679806e+01 -4.500000e+00
      vertex   8.154391e+01 5.679806e+01 -3.000000e+00
      vertex   8.165925e+01 5.659829e+01 -3.000000e+00
    endloop
  endfacet
  facet normal 8.660254e-01 5.000000e-01 0.000000e+00
    outer loop
      vertex   8.154391e+01 5.679806e+01 -4.500000e+00
      vertex   8.165925e+01 5.659829e+01 -3.000000e+00
      vertex   8.165925e+01 5.659829e+01 -4.500000e+00
    endloop
  endfacet
  facet normal 7.594049e-01 6.506183e-01 -0.000000e+00
    outer loop
      vertex   8.165925e+01 5.659829e+01 -4.500000e+00
      vertex   8.165925e+01 5.659829e+01 -3.000000e+00
      vertex   8.180932e+01 5.642312e+01 -3.000000e+00
    endloop
  endfacet
  facet normal 7.594049e-01 6.506183e-01 0.000000e+00
    outer loop
      vertex   8.165925e+01 5.659829e+01 -4.500000e+00
      vertex   8.180932e+01 5.642312e+01 -3.000000e+00
      vertex   8.180932e+01 5.642312e+01 -4.500000e+00
    endloop
  endfacet
  facet normal 6.269238e-01 7.790806e-01 -0.000000e+00
    outer loop
      vertex   8.180932e+01 5.642312e+01 -4.500000e+00
      vertex   8.180932e+01 5.642312e+01 -3.000000e+00
      vertex   8.198904e+01 5.627851e+01 -3.000000e+00
    endloop
  endfacet
  facet normal 6.269238e-01 7.790806e-01 0.000000e+00
    outer loop
      vertex   8.180932e+01 5.642312e+01 -4.500000e+00
      vertex   8.198904e+01 5.627851e+01 -3.000000e+00
      vertex   8.198904e+01 5.627851e+01 -4.500000e+00
    endloop
  endfacet
  facet normal 4.730936e-01 8.810122e-01 -0.000000e+00
    outer loop
      vertex   8.198904e+01 5.627851e+01 -4.500000e+00
      vertex   8.198904e+01 5.627851e+01 -3.000000e+00
      vertex   8.219226e+01 5.616938e+01 -3.000000e+00
    endloop
  endfacet
  facet normal 4.730936e-01 8.810122e-01 0.000000e+00
    outer loop
      vertex   8.198904e+01 5.627851e+01 -4.500000e+00
      vertex   8.219226e+01 5.616938e+01 -3.000000e+00
      vertex   8.219226e+01 5.616938e+01 -4.500000e+00
    endloop
  endfacet
  facet normal 3.031527e-01 9.529420e-01 -0.000000e+00
    outer loop
      vertex   8.219226e+01 5.616938e+01 -4.500000e+00
      vertex   8.219226e+01 5.616938e+01 -3.000000e+00
      vertex   8.241208e+01 5.609945e+01 -3.000000e+00
    endloop
  endfacet
  facet normal 3.031527e-01 9.529420e-01 2.872770e-15
    outer loop
      vertex   8.219226e+01 5.616938e+01 -4.500000e+00
      vertex   8.241208e+01 5.609945e+01 -3.000000e+00
      vertex   8.241208e+01 5.609945e+01 -4.500000e+00
    endloop
  endfacet
  facet normal 1.228883e-01 9.924205e-01 1.164232e-15
    outer loop
      vertex   8.241208e+01 5.609945e+01 -4.500000e+00
      vertex   8.241208e+01 5.609945e+01 -3.000000e+00
      vertex   8.264100e+01 5.607110e+01 -3.000000e+00
    endloop
  endfacet
  facet normal 1.228883e-01 9.924205e-01 0.000000e+00
    outer loop
      vertex   8.241208e+01 5.609945e+01 -4.500000e+00
      vertex   8.264100e+01 5.607110e+01 -3.000000e+00
      vertex   8.264100e+01 5.607110e+01 -4.500000e+00
    endloop
  endfacet
  facet normal -6.156091e-02 9.981033e-01 0.000000e+00
    outer loop
      vertex   8.264100e+01 5.607110e+01 -4.500000e+00
      vertex   8.264100e+01 5.607110e+01 -3.000000e+00
      vertex   8.287123e+01 5.608530e+01 -3.000000e+00
    endloop
  endfacet
  facet normal -6.156091e-02 9.981033e-01 0.000000e+00
    outer loop
      vertex   8.264100e+01 5.607110e+01 -4.500000e+00
      vertex   8.287123e+01 5.608530e+01 -3.000000e+00
      vertex   8.287123e+01 5.608530e+01 -4.500000e+00
    endloop
  endfacet
  facet normal -2.439137e-01 9.697969e-01 0.000000e+00
    outer loop
      vertex   8.287123e+01 5.608530e+01 -4.500000e+00
      vertex   8.287123e+01 5.608530e+01 -3.000000e+00
      vertex   8.309494e+01 5.614157e+01 -3.000000e+00
    endloop
  endfacet
  facet normal -9.084653e-01 4.179603e-01 0.000000e+00
    outer loop
      vertex   8.117894e+01 5.226405e+01 -3.000000e+00
      vertex   8.117894e+01 5.226405e+01 -4.500000e+00
      vertex   8.108253e+01 5.205449e+01 -3.000000e+00
    endloop
  endfacet
  facet normal -9.084653e-01 4.179603e-01 0.000000e+00
    outer loop
      vertex   8.108253e+01 5.205449e+01 -3.000000e+00
      vertex   8.117894e+01 5.226405e+01 -4.500000e+00
      vertex   8.108253e+01 5.205449e+01 -4.500000e+00
    endloop
  endfacet
  facet normal -8.161969e-01 5.777738e-01 0.000000e+00
    outer loop
      vertex   8.108253e+01 5.205449e+01 -3.000000e+00
      vertex   8.108253e+01 5.205449e+01 -4.500000e+00
      vertex   8.094926e+01 5.186622e+01 -3.000000e+00
    endloop
  endfacet
  facet normal -8.161969e-01 5.777738e-01 0.000000e+00
    outer loop
      vertex   8.094926e+01 5.186622e+01 -3.000000e+00
      vertex   8.108253e+01 5.205449e+01 -4.500000e+00
      vertex   8.094926e+01 5.186622e+01 -4.500000e+00
    endloop
  endfacet
  facet normal -6.961339e-01 7.179119e-01 0.000000e+00
    outer loop
      vertex   8.094926e+01 5.186622e+01 -3.000000e+00
      vertex   8.094926e+01 5.186622e+01 -4.500000e+00
      vertex   8.078365e+01 5.170564e+01 -4.500000e+00
    endloop
  endfacet
  facet normal -9.697969e-01 2.439137e-01 0.000000e+00
    outer loop
      vertex   8.117894e+01 5.226405e+01 -3.000000e+00
      vertex   8.123521e+01 5.248775e+01 -3.000000e+00
      vertex   8.117894e+01 5.226405e+01 -4.500000e+00
    endloop
  endfacet
  facet normal -9.697969e-01 2.439137e-01 0.000000e+00
    outer loop
      vertex   8.117894e+01 5.226405e+01 -4.500000e+00
      vertex   8.123521e+01 5.248775e+01 -3.000000e+00
      vertex   8.123521e+01 5.248775e+01 -4.500000e+00
    endloop
  endfacet
  facet normal -9.981033e-01 6.156091e-02 0.000000e+00
    outer loop
      vertex   8.123521e+01 5.248775e+01 -4.500000e+00
      vertex   8.123521e+01 5.248775e+01 -3.000000e+00
      vertex   8.124941e+01 5.271799e+01 -3.000000e+00
    endloop
  endfacet
  facet normal -9.981033e-01 6.156091e-02 0.000000e+00
    outer loop
      vertex   8.123521e+01 5.248775e+01 -4.500000e+00
      vertex   8.124941e+01 5.271799e+01 -3.000000e+00
      vertex   8.124941e+01 5.271799e+01 -4.500000e+00
    endloop
  endfacet
  facet normal -9.924205e-01 -1.228883e-01 0.000000e+00
    outer loop
      vertex   8.124941e+01 5.271799e+01 -4.500000e+00
      vertex   8.124941e+01 5.271799e+01 -3.000000e+00
      vertex   8.122106e+01 5.294691e+01 -3.000000e+00
    endloop
  endfacet
  facet normal -9.924205e-01 -1.228883e-01 0.000000e+00
    outer loop
      vertex   8.124941e+01 5.271799e+01 -4.500000e+00
      vertex   8.122106e+01 5.294691e+01 -3.000000e+00
      vertex   8.122106e+01 5.294691e+01 -4.500000e+00
    endloop
  endfacet
  facet normal -9.529420e-01 -3.031527e-01 0.000000e+00
    outer loop
      vertex   8.122106e+01 5.294691e+01 -4.500000e+00
      vertex   8.122106e+01 5.294691e+01 -3.000000e+00
      vertex   8.115113e+01 5.316672e+01 -3.000000e+00
    endloop
  endfacet
  facet normal -9.529420e-01 -3.031527e-01 0.000000e+00
    outer loop
      vertex   8.122106e+01 5.294691e+01 -4.500000e+00
      vertex   8.115113e+01 5.316672e+01 -3.000000e+00
      vertex   8.115113e+01 5.316672e+01 -4.500000e+00
    endloop
  endfacet
  facet normal -8.810122e-01 -4.730936e-01 0.000000e+00
    outer loop
      vertex   8.115113e+01 5.316672e+01 -4.500000e+00
      vertex   8.115113e+01 5.316672e+01 -3.000000e+00
      vertex   8.104200e+01 5.336995e+01 -3.000000e+00
    endloop
  endfacet
  facet normal -8.810122e-01 -4.730936e-01 0.000000e+00
    outer loop
      vertex   8.115113e+01 5.316672e+01 -4.500000e+00
      vertex   8.104200e+01 5.336995e+01 -3.000000e+00
      vertex   8.104200e+01 5.336995e+01 -4.500000e+00
    endloop
  endfacet
  facet normal -7.790806e-01 -6.269238e-01 0.000000e+00
    outer loop
      vertex   8.104200e+01 5.336995e+01 -4.500000e+00
      vertex   8.104200e+01 5.336995e+01 -3.000000e+00
      vertex   8.089739e+01 5.354966e+01 -3.000000e+00
    endloop
  endfacet
  facet normal -7.790806e-01 -6.269238e-01 0.000000e+00
    outer loop
      vertex   8.104200e+01 5.336995e+01 -4.500000e+00
      vertex   8.089739e+01 5.354966e+01 -3.000000e+00
      vertex   8.089739e+01 5.354966e+01 -4.500000e+00
    endloop
  endfacet
  facet normal -6.506183e-01 -7.594049e-01 0.000000e+00
    outer loop
      vertex   8.089739e+01 5.354966e+01 -4.500000e+00
      vertex   8.089739e+01 5.354966e+01 -3.000000e+00
      vertex   8.072222e+01 5.369974e+01 -3.000000e+00
    endloop
  endfacet
  facet normal -6.506183e-01 -7.594049e-01 0.000000e+00
    outer loop
      vertex   8.089739e+01 5.354966e+01 -4.500000e+00
      vertex   8.072222e+01 5.369974e+01 -3.000000e+00
      vertex   8.072222e+01 5.369974e+01 -4.500000e+00
    endloop
  endfacet
  facet normal -5.000000e-01 -8.660254e-01 0.000000e+00
    outer loop
      vertex   8.072222e+01 5.369974e+01 -4.500000e+00
      vertex   8.072222e+01 5.369974e+01 -3.000000e+00
      vertex   8.052245e+01 5.381507e+01 -3.000000e+00
    endloop
  endfacet
  facet normal -5.000000e-01 -8.660254e-01 0.000000e+00
    outer loop
      vertex   8.072222e+01 5.369974e+01 -4.500000e+00
      vertex   8.052245e+01 5.381507e+01 -3.000000e+00
      vertex   8.052245e+01 5.381507e+01 -4.500000e+00
    endloop
  endfacet
  facet normal -3.323548e-01 -9.431544e-01 0.000000e+00
    outer loop
      vertex   8.052245e+01 5.381507e+01 -4.500000e+00
      vertex   8.052245e+01 5.381507e+01 -3.000000e+00
      vertex   8.030489e+01 5.389174e+01 -3.000000e+00
    endloop
  endfacet
  facet normal -3.323548e-01 -9.431544e-01 0.000000e+00
    outer loop
      vertex   8.052245e+01 5.381507e+01 -4.500000e+00
      vertex   8.030489e+01 5.389174e+01 -3.000000e+00
      vertex   8.030489e+01 5.389174e+01 -4.500000e+00
    endloop
  endfacet
  facet normal -1.533917e-01 -9.881655e-01 0.000000e+00
    outer loop
      vertex   8.030489e+01 5.389174e+01 -4.500000e+00
      vertex   8.030489e+01 5.389174e+01 -3.000000e+00
      vertex   8.007695e+01 5.392712e+01 -3.000000e+00
    endloop
  endfacet
  facet normal -1.533917e-01 -9.881655e-01 0.000000e+00
    outer loop
      vertex   8.030489e+01 5.389174e+01 -4.500000e+00
      vertex   8.007695e+01 5.392712e+01 -3.000000e+00
      vertex   8.007695e+01 5.392712e+01 -4.500000e+00
    endloop
  endfacet
  facet normal 3.079506e-02 -9.995257e-01 0.000000e+00
    outer loop
      vertex   8.007695e+01 5.392712e+01 -4.500000e+00
      vertex   8.007695e+01 5.392712e+01 -3.000000e+00
      vertex   7.984639e+01 5.392002e+01 -3.000000e+00
    endloop
  endfacet
  facet normal 3.079506e-02 -9.995257e-01 0.000000e+00
    outer loop
      vertex   8.007695e+01 5.392712e+01 -4.500000e+00
      vertex   7.984639e+01 5.392002e+01 -3.000000e+00
      vertex   7.984639e+01 5.392002e+01 -4.500000e+00
    endloop
  endfacet
  facet normal 2.139331e-01 -9.768483e-01 0.000000e+00
    outer loop
      vertex   7.984639e+01 5.392002e+01 -4.500000e+00
      vertex   7.984639e+01 5.392002e+01 -3.000000e+00
      vertex   7.962106e+01 5.387067e+01 -3.000000e+00
    endloop
  endfacet
  facet normal 2.139331e-01 -9.768483e-01 0.000000e+00
    outer loop
      vertex   7.984639e+01 5.392002e+01 -4.500000e+00
      vertex   7.962106e+01 5.387067e+01 -3.000000e+00
      vertex   7.962106e+01 5.387067e+01 -4.500000e+00
    endloop
  endfacet
  facet normal 3.897859e-01 -9.209055e-01 0.000000e+00
    outer loop
      vertex   7.962106e+01 5.387067e+01 -4.500000e+00
      vertex   7.962106e+01 5.387067e+01 -3.000000e+00
      vertex   7.940863e+01 5.378076e+01 -3.000000e+00
    endloop
  endfacet
  facet normal 3.897859e-01 -9.209055e-01 0.000000e+00
    outer loop
      vertex   7.962106e+01 5.387067e+01 -4.500000e+00
      vertex   7.940863e+01 5.378076e+01 -3.000000e+00
      vertex   7.940863e+01 5.378076e+01 -4.500000e+00
    endloop
  endfacet
  facet normal 5.523650e-01 -8.336024e-01 0.000000e+00
    outer loop
      vertex   7.940863e+01 5.378076e+01 -4.500000e+00
      vertex   7.940863e+01 5.378076e+01 -3.000000e+00
      vertex   7.921635e+01 5.365334e+01 -3.000000e+00
    endloop
  endfacet
  facet normal 5.523650e-01 -8.336024e-01 0.000000e+00
    outer loop
      vertex   7.940863e+01 5.378076e+01 -4.500000e+00
      vertex   7.921635e+01 5.365334e+01 -3.000000e+00
      vertex   7.921635e+01 5.365334e+01 -4.500000e+00
    endloop
  endfacet
  facet normal 6.961339e-01 -7.179119e-01 0.000000e+00
    outer loop
      vertex   7.921635e+01 5.365334e+01 -4.500000e+00
      vertex   7.921635e+01 5.365334e+01 -3.000000e+00
      vertex   7.905074e+01 5.349276e+01 -3.000000e+00
    endloop
  endfacet
  facet normal 6.961339e-01 -7.179119e-01 0.000000e+00
    outer loop
      vertex   7.921635e+01 5.365334e+01 -4.500000e+00
      vertex   7.905074e+01 5.349276e+01 -3.000000e+00
      vertex   7.905074e+01 5.349276e+01 -4.500000e+00
    endloop
  endfacet
  facet normal 8.161969e-01 -5.777738e-01 0.000000e+00
    outer loop
      vertex   7.905074e+01 5.349276e+01 -4.500000e+00
      vertex   7.905074e+01 5.349276e+01 -3.000000e+00
      vertex   7.891747e+01 5.330449e+01 -3.000000e+00
    endloop
  endfacet
  facet normal 8.161969e-01 -5.777738e-01 0.000000e+00
    outer loop
      vertex   7.905074e+01 5.349276e+01 -4.500000e+00
      vertex   7.891747e+01 5.330449e+01 -3.000000e+00
      vertex   7.891747e+01 5.330449e+01 -4.500000e+00
    endloop
  endfacet
  facet normal 9.084653e-01 -4.179603e-01 0.000000e+00
    outer loop
      vertex   7.891747e+01 5.330449e+01 -4.500000e+00
      vertex   7.891747e+01 5.330449e+01 -3.000000e+00
      vertex   7.882106e+01 5.309494e+01 -3.000000e+00
    endloop
  endfacet
  facet normal 9.084653e-01 -4.179603e-01 0.000000e+00
    outer loop
      vertex   7.891747e+01 5.330449e+01 -4.500000e+00
      vertex   7.882106e+01 5.309494e+01 -3.000000e+00
      vertex   7.882106e+01 5.309494e+01 -4.500000e+00
    endloop
  endfacet
  facet normal 9.697969e-01 -2.439137e-01 0.000000e+00
    outer loop
      vertex   7.882106e+01 5.309494e+01 -4.500000e+00
      vertex   7.882106e+01 5.309494e+01 -3.000000e+00
      vertex   7.876479e+01 5.287123e+01 -3.000000e+00
    endloop
  endfacet
  facet normal 9.697969e-01 -2.439137e-01 0.000000e+00
    outer loop
      vertex   7.882106e+01 5.309494e+01 -4.500000e+00
      vertex   7.876479e+01 5.287123e+01 -3.000000e+00
      vertex   7.876479e+01 5.287123e+01 -4.500000e+00
    endloop
  endfacet
  facet normal 9.981033e-01 -6.156091e-02 0.000000e+00
    outer loop
      vertex   7.876479e+01 5.287123e+01 -4.500000e+00
      vertex   7.876479e+01 5.287123e+01 -3.000000e+00
      vertex   7.875059e+01 5.264100e+01 -3.000000e+00
    endloop
  endfacet
  facet normal 9.981033e-01 -6.156091e-02 0.000000e+00
    outer loop
      vertex   7.876479e+01 5.287123e+01 -4.500000e+00
      vertex   7.875059e+01 5.264100e+01 -3.000000e+00
      vertex   7.875059e+01 5.264100e+01 -4.500000e+00
    endloop
  endfacet
  facet normal 9.924205e-01 1.228883e-01 -0.000000e+00
    outer loop
      vertex   7.875059e+01 5.264100e+01 -4.500000e+00
      vertex   7.875059e+01 5.264100e+01 -3.000000e+00
      vertex   7.877894e+01 5.241208e+01 -3.000000e+00
    endloop
  endfacet
  facet normal 9.924205e-01 1.228883e-01 0.000000e+00
    outer loop
      vertex   7.875059e+01 5.264100e+01 -4.500000e+00
      vertex   7.877894e+01 5.241208e+01 -3.000000e+00
      vertex   7.877894e+01 5.241208e+01 -4.500000e+00
    endloop
  endfacet
  facet normal 9.529420e-01 3.031527e-01 -0.000000e+00
    outer loop
      vertex   7.877894e+01 5.241208e+01 -4.500000e+00
      vertex   7.877894e+01 5.241208e+01 -3.000000e+00
      vertex   7.884887e+01 5.219226e+01 -3.000000e+00
    endloop
  endfacet
  facet normal 9.529420e-01 3.031527e-01 0.000000e+00
    outer loop
      vertex   7.877894e+01 5.241208e+01 -4.500000e+00
      vertex   7.884887e+01 5.219226e+01 -3.000000e+00
      vertex   7.884887e+01 5.219226e+01 -4.500000e+00
    endloop
  endfacet
  facet normal 8.810122e-01 4.730936e-01 -0.000000e+00
    outer loop
      vertex   7.884887e+01 5.219226e+01 -4.500000e+00
      vertex   7.884887e+01 5.219226e+01 -3.000000e+00
      vertex   7.895800e+01 5.198904e+01 -3.000000e+00
    endloop
  endfacet
  facet normal 8.810122e-01 4.730936e-01 0.000000e+00
    outer loop
      vertex   7.884887e+01 5.219226e+01 -4.500000e+00
      vertex   7.895800e+01 5.198904e+01 -3.000000e+00
      vertex   7.895800e+01 5.198904e+01 -4.500000e+00
    endloop
  endfacet
  facet normal 7.790806e-01 6.269238e-01 -0.000000e+00
    outer loop
      vertex   7.895800e+01 5.198904e+01 -4.500000e+00
      vertex   7.895800e+01 5.198904e+01 -3.000000e+00
      vertex   7.910261e+01 5.180932e+01 -3.000000e+00
    endloop
  endfacet
  facet normal 7.790806e-01 6.269238e-01 0.000000e+00
    outer loop
      vertex   7.895800e+01 5.198904e+01 -4.500000e+00
      vertex   7.910261e+01 5.180932e+01 -3.000000e+00
      vertex   7.910261e+01 5.180932e+01 -4.500000e+00
    endloop
  endfacet
  facet normal 6.506183e-01 7.594049e-01 -0.000000e+00
    outer loop
      vertex   7.910261e+01 5.180932e+01 -4.500000e+00
      vertex   7.910261e+01 5.180932e+01 -3.000000e+00
      vertex   7.927778e+01 5.165925e+01 -3.000000e+00
    endloop
  endfacet
  facet normal 6.506183e-01 7.594049e-01 0.000000e+00
    outer loop
      vertex   7.910261e+01 5.180932e+01 -4.500000e+00
      vertex   7.927778e+01 5.165925e+01 -3.000000e+00
      vertex   7.927778e+01 5.165925e+01 -4.500000e+00
    endloop
  endfacet
  facet normal 5.000000e-01 8.660254e-01 -0.000000e+00
    outer loop
      vertex   7.927778e+01 5.165925e+01 -4.500000e+00
      vertex   7.927778e+01 5.165925e+01 -3.000000e+00
      vertex   7.947755e+01 5.154391e+01 -3.000000e+00
    endloop
  endfacet
  facet normal 5.000000e-01 8.660254e-01 0.000000e+00
    outer loop
      vertex   7.927778e+01 5.165925e+01 -4.500000e+00
      vertex   7.947755e+01 5.154391e+01 -3.000000e+00
      vertex   7.947755e+01 5.154391e+01 -4.500000e+00
    endloop
  endfacet
  facet normal 3.323548e-01 9.431544e-01 -0.000000e+00
    outer loop
      vertex   7.947755e+01 5.154391e+01 -4.500000e+00
      vertex   7.947755e+01 5.154391e+01 -3.000000e+00
      vertex   7.969511e+01 5.146725e+01 -3.000000e+00
    endloop
  endfacet
  facet normal 3.323548e-01 9.431544e-01 0.000000e+00
    outer loop
      vertex   7.947755e+01 5.154391e+01 -4.500000e+00
      vertex   7.969511e+01 5.146725e+01 -3.000000e+00
      vertex   7.969511e+01 5.146725e+01 -4.500000e+00
    endloop
  endfacet
  facet normal 1.533917e-01 9.881655e-01 -0.000000e+00
    outer loop
      vertex   7.969511e+01 5.146725e+01 -4.500000e+00
      vertex   7.969511e+01 5.146725e+01 -3.000000e+00
      vertex   7.992305e+01 5.143186e+01 -3.000000e+00
    endloop
  endfacet
  facet normal 1.533917e-01 9.881655e-01 0.000000e+00
    outer loop
      vertex   7.969511e+01 5.146725e+01 -4.500000e+00
      vertex   7.992305e+01 5.143186e+01 -3.000000e+00
      vertex   7.992305e+01 5.143186e+01 -4.500000e+00
    endloop
  endfacet
  facet normal -3.079506e-02 9.995257e-01 0.000000e+00
    outer loop
      vertex   7.992305e+01 5.143186e+01 -4.500000e+00
      vertex   7.992305e+01 5.143186e+01 -3.000000e+00
      vertex   8.015361e+01 5.143897e+01 -3.000000e+00
    endloop
  endfacet
  facet normal -3.079506e-02 9.995257e-01 0.000000e+00
    outer loop
      vertex   7.992305e+01 5.143186e+01 -4.500000e+00
      vertex   8.015361e+01 5.143897e+01 -3.000000e+00
      vertex   8.015361e+01 5.143897e+01 -4.500000e+00
    endloop
  endfacet
  facet normal -2.139331e-01 9.768483e-01 0.000000e+00
    outer loop
      vertex   8.015361e+01 5.143897e+01 -4.500000e+00
      vertex   8.015361e+01 5.143897e+01 -3.000000e+00
      vertex   8.037894e+01 5.148831e+01 -3.000000e+00
    endloop
  endfacet
  facet normal -2.139331e-01 9.768483e-01 0.000000e+00
    outer loop
      vertex   8.015361e+01 5.143897e+01 -4.500000e+00
      vertex   8.037894e+01 5.148831e+01 -3.000000e+00
      vertex   8.037894e+01 5.148831e+01 -4.500000e+00
    endloop
  endfacet
  facet normal -3.897859e-01 9.209055e-01 0.000000e+00
    outer loop
      vertex   8.037894e+01 5.148831e+01 -4.500000e+00
      vertex   8.037894e+01 5.148831e+01 -3.000000e+00
      vertex   8.059137e+01 5.157823e+01 -3.000000e+00
    endloop
  endfacet
  facet normal -3.897859e-01 9.209055e-01 0.000000e+00
    outer loop
      vertex   8.037894e+01 5.148831e+01 -4.500000e+00
      vertex   8.059137e+01 5.157823e+01 -3.000000e+00
      vertex   8.059137e+01 5.157823e+01 -4.500000e+00
    endloop
  endfacet
  facet normal -5.523650e-01 8.336024e-01 0.000000e+00
    outer loop
      vertex   8.059137e+01 5.157823e+01 -4.500000e+00
      vertex   8.059137e+01 5.157823e+01 -3.000000e+00
      vertex   8.078365e+01 5.170564e+01 -3.000000e+00
    endloop
  endfacet
  facet normal -5.523650e-01 8.336024e-01 0.000000e+00
    outer loop
      vertex   8.059137e+01 5.157823e+01 -4.500000e+00
      vertex   8.078365e+01 5.170564e+01 -3.000000e+00
      vertex   8.078365e+01 5.170564e+01 -4.500000e+00
    endloop
  endfacet
  facet normal -6.961339e-01 7.179119e-01 0.000000e+00
    outer loop
      vertex   8.078365e+01 5.170564e+01 -4.500000e+00
      vertex   8.078365e+01 5.170564e+01 -3.000000e+00
      vertex   8.094926e+01 5.186622e+01 -3.000000e+00
    endloop
  endfacet
  facet normal -9.957342e-01 -9.226836e-02 -0.000000e+00
    outer loop
      vertex   8.122872e+01 4.755019e+01 -3.000000e+00
      vertex   8.122872e+01 4.755019e+01 -4.500000e+00
      vertex   8.125000e+01 4.732051e+01 -3.000000e+00
    endloop
  endfacet
  facet normal -9.957342e-01 -9.226836e-02 -0.000000e+00
    outer loop
      vertex   8.125000e+01 4.732051e+01 -3.000000e+00
      vertex   8.122872e+01 4.755019e+01 -4.500000e+00
      vertex   8.125000e+01 4.732051e+01 -4.500000e+00
    endloop
  endfacet
  facet normal -9.957342e-01 9.226836e-02 0.000000e+00
    outer loop
      vertex   8.125000e+01 4.732051e+01 -3.000000e+00
      vertex   8.125000e+01 4.732051e+01 -4.500000e+00
      vertex   8.122872e+01 4.709082e+01 -3.000000e+00
    endloop
  endfacet
  facet normal -9.957342e-01 9.226836e-02 0.000000e+00
    outer loop
      vertex   8.122872e+01 4.709082e+01 -3.000000e+00
      vertex   8.125000e+01 4.732051e+01 -4.500000e+00
      vertex   8.122872e+01 4.709082e+01 -4.500000e+00
    endloop
  endfacet
  facet normal -9.618256e-01 2.736630e-01 0.000000e+00
    outer loop
      vertex   8.122872e+01 4.709082e+01 -3.000000e+00
      vertex   8.122872e+01 4.709082e+01 -4.500000e+00
      vertex   8.116559e+01 4.686896e+01 -4.500000e+00
    endloop
  endfacet
  facet normal -9.618256e-01 -2.736630e-01 -0.000000e+00
    outer loop
      vertex   8.122872e+01 4.755019e+01 -3.000000e+00
      vertex   8.116559e+01 4.777206e+01 -3.000000e+00
      vertex   8.122872e+01 4.755019e+01 -4.500000e+00
    endloop
  endfacet
  facet normal -9.618256e-01 -2.736630e-01 0.000000e+00
    outer loop
      vertex   8.122872e+01 4.755019e+01 -4.500000e+00
      vertex   8.116559e+01 4.777206e+01 -3.000000e+00
      vertex   8.116559e+01 4.777206e+01 -4.500000e+00
    endloop
  endfacet
  facet normal -8.951633e-01 -4.457384e-01 0.000000e+00
    outer loop
      vertex   8.116559e+01 4.777206e+01 -4.500000e+00
      vertex   8.116559e+01 4.777206e+01 -3.000000e+00
      vertex   8.106277e+01 4.797855e+01 -3.000000e+00
    endloop
  endfacet
  facet normal -8.951633e-01 -4.457384e-01 0.000000e+00
    outer loop
      vertex   8.116559e+01 4.777206e+01 -4.500000e+00
      vertex   8.106277e+01 4.797855e+01 -3.000000e+00
      vertex   8.106277e+01 4.797855e+01 -4.500000e+00
    endloop
  endfacet
  facet normal -7.980172e-01 -6.026346e-01 0.000000e+00
    outer loop
      vertex   8.106277e+01 4.797855e+01 -4.500000e+00
      vertex   8.106277e+01 4.797855e+01 -3.000000e+00
      vertex   8.092376e+01 4.816263e+01 -3.000000e+00
    endloop
  endfacet
  facet normal -7.980172e-01 -6.026346e-01 0.000000e+00
    outer loop
      vertex   8.106277e+01 4.797855e+01 -4.500000e+00
      vertex   8.092376e+01 4.816263e+01 -3.000000e+00
      vertex   8.092376e+01 4.816263e+01 -4.500000e+00
    endloop
  endfacet
  facet normal -6.736956e-01 -7.390089e-01 0.000000e+00
    outer loop
      vertex   8.092376e+01 4.816263e+01 -4.500000e+00
      vertex   8.092376e+01 4.816263e+01 -3.000000e+00
      vertex   8.075329e+01 4.831803e+01 -3.000000e+00
    endloop
  endfacet
  facet normal -6.736956e-01 -7.390089e-01 0.000000e+00
    outer loop
      vertex   8.092376e+01 4.816263e+01 -4.500000e+00
      vertex   8.075329e+01 4.831803e+01 -3.000000e+00
      vertex   8.075329e+01 4.831803e+01 -4.500000e+00
    endloop
  endfacet
  facet normal -5.264322e-01 -8.502171e-01 0.000000e+00
    outer loop
      vertex   8.075329e+01 4.831803e+01 -4.500000e+00
      vertex   8.075329e+01 4.831803e+01 -3.000000e+00
      vertex   8.055717e+01 4.843946e+01 -3.000000e+00
    endloop
  endfacet
  facet normal -5.264322e-01 -8.502171e-01 0.000000e+00
    outer loop
      vertex   8.075329e+01 4.831803e+01 -4.500000e+00
      vertex   8.055717e+01 4.843946e+01 -3.000000e+00
      vertex   8.055717e+01 4.843946e+01 -4.500000e+00
    endloop
  endfacet
  facet normal -3.612417e-01 -9.324722e-01 0.000000e+00
    outer loop
      vertex   8.055717e+01 4.843946e+01 -4.500000e+00
      vertex   8.055717e+01 4.843946e+01 -3.000000e+00
      vertex   8.034208e+01 4.852279e+01 -3.000000e+00
    endloop
  endfacet
  facet normal -3.612417e-01 -9.324722e-01 0.000000e+00
    outer loop
      vertex   8.055717e+01 4.843946e+01 -4.500000e+00
      vertex   8.034208e+01 4.852279e+01 -3.000000e+00
      vertex   8.034208e+01 4.852279e+01 -4.500000e+00
    endloop
  endfacet
  facet normal -1.837495e-01 -9.829731e-01 0.000000e+00
    outer loop
      vertex   8.034208e+01 4.852279e+01 -4.500000e+00
      vertex   8.034208e+01 4.852279e+01 -3.000000e+00
      vertex   8.011534e+01 4.856518e+01 -3.000000e+00
    endloop
  endfacet
  facet normal -1.837495e-01 -9.829731e-01 0.000000e+00
    outer loop
      vertex   8.034208e+01 4.852279e+01 -4.500000e+00
      vertex   8.011534e+01 4.856518e+01 -3.000000e+00
      vertex   8.011534e+01 4.856518e+01 -4.500000e+00
    endloop
  endfacet
  facet normal 0.000000e+00 -1.000000e+00 0.000000e+00
    outer loop
      vertex   8.011534e+01 4.856518e+01 -4.500000e+00
      vertex   8.011534e+01 4.856518e+01 -3.000000e+00
      vertex   7.988466e+01 4.856518e+01 -3.000000e+00
    endloop
  endfacet
  facet normal 0.000000e+00 -1.000000e+00 0.000000e+00
    outer loop
      vertex   8.011534e+01 4.856518e+01 -4.500000e+00
      vertex   7.988466e+01 4.856518e+01 -3.000000e+00
      vertex   7.988466e+01 4.856518e+01 -4.500000e+00
    endloop
  endfacet
  facet normal 1.837495e-01 -9.829731e-01 0.000000e+00
    outer loop
      vertex   7.988466e+01 4.856518e+01 -4.500000e+00
      vertex   7.988466e+01 4.856518e+01 -3.000000e+00
      vertex   7.965792e+01 4.852279e+01 -3.000000e+00
    endloop
  endfacet
  facet normal 1.837495e-01 -9.829731e-01 0.000000e+00
    outer loop
      vertex   7.988466e+01 4.856518e+01 -4.500000e+00
      vertex   7.965792e+01 4.852279e+01 -3.000000e+00
      vertex   7.965792e+01 4.852279e+01 -4.500000e+00
    endloop
  endfacet
  facet normal 3.612417e-01 -9.324722e-01 0.000000e+00
    outer loop
      vertex   7.965792e+01 4.852279e+01 -4.500000e+00
      vertex   7.965792e+01 4.852279e+01 -3.000000e+00
      vertex   7.944283e+01 4.843946e+01 -3.000000e+00
    endloop
  endfacet
  facet normal 3.612417e-01 -9.324722e-01 0.000000e+00
    outer loop
      vertex   7.965792e+01 4.852279e+01 -4.500000e+00
      vertex   7.944283e+01 4.843946e+01 -3.000000e+00
      vertex   7.944283e+01 4.843946e+01 -4.500000e+00
    endloop
  endfacet
  facet normal 5.264322e-01 -8.502171e-01 0.000000e+00
    outer loop
      vertex   7.944283e+01 4.843946e+01 -4.500000e+00
      vertex   7.944283e+01 4.843946e+01 -3.000000e+00
      vertex   7.924671e+01 4.831803e+01 -3.000000e+00
    endloop
  endfacet
  facet normal 5.264322e-01 -8.502171e-01 0.000000e+00
    outer loop
      vertex   7.944283e+01 4.843946e+01 -4.500000e+00
      vertex   7.924671e+01 4.831803e+01 -3.000000e+00
      vertex   7.924671e+01 4.831803e+01 -4.500000e+00
    endloop
  endfacet
  facet normal 6.736956e-01 -7.390089e-01 0.000000e+00
    outer loop
      vertex   7.924671e+01 4.831803e+01 -4.500000e+00
      vertex   7.924671e+01 4.831803e+01 -3.000000e+00
      vertex   7.907624e+01 4.816263e+01 -3.000000e+00
    endloop
  endfacet
  facet normal 6.736956e-01 -7.390089e-01 0.000000e+00
    outer loop
      vertex   7.924671e+01 4.831803e+01 -4.500000e+00
      vertex   7.907624e+01 4.816263e+01 -3.000000e+00
      vertex   7.907624e+01 4.816263e+01 -4.500000e+00
    endloop
  endfacet
  facet normal 7.980172e-01 -6.026346e-01 0.000000e+00
    outer loop
      vertex   7.907624e+01 4.816263e+01 -4.500000e+00
      vertex   7.907624e+01 4.816263e+01 -3.000000e+00
      vertex   7.893723e+01 4.797855e+01 -3.000000e+00
    endloop
  endfacet
  facet normal 7.980172e-01 -6.026346e-01 0.000000e+00
    outer loop
      vertex   7.907624e+01 4.816263e+01 -4.500000e+00
      vertex   7.893723e+01 4.797855e+01 -3.000000e+00
      vertex   7.893723e+01 4.797855e+01 -4.500000e+00
    endloop
  endfacet
  facet normal 8.951633e-01 -4.457384e-01 0.000000e+00
    outer loop
      vertex   7.893723e+01 4.797855e+01 -4.500000e+00
      vertex   7.893723e+01 4.797855e+01 -3.000000e+00
      vertex   7.883441e+01 4.777206e+01 -3.000000e+00
    endloop
  endfacet
  facet normal 8.951633e-01 -4.457384e-01 0.000000e+00
    outer loop
      vertex   7.893723e+01 4.797855e+01 -4.500000e+00
      vertex   7.883441e+01 4.777206e+01 -3.000000e+00
      vertex   7.883441e+01 4.777206e+01 -4.500000e+00
    endloop
  endfacet
  facet normal 9.618256e-01 -2.736630e-01 0.000000e+00
    outer loop
      vertex   7.883441e+01 4.777206e+01 -4.500000e+00
      vertex   7.883441e+01 4.777206e+01 -3.000000e+00
      vertex   7.877128e+01 4.755019e+01 -3.000000e+00
    endloop
  endfacet
  facet normal 9.618256e-01 -2.736630e-01 0.000000e+00
    outer loop
      vertex   7.883441e+01 4.777206e+01 -4.500000e+00
      vertex   7.877128e+01 4.755019e+01 -3.000000e+00
      vertex   7.877128e+01 4.755019e+01 -4.500000e+00
    endloop
  endfacet
  facet normal 9.957342e-01 -9.226836e-02 0.000000e+00
    outer loop
      vertex   7.877128e+01 4.755019e+01 -4.500000e+00
      vertex   7.877128e+01 4.755019e+01 -3.000000e+00
      vertex   7.875000e+01 4.732051e+01 -3.000000e+00
    endloop
  endfacet
  facet normal 9.957342e-01 -9.226836e-02 0.000000e+00
    outer loop
      vertex   7.877128e+01 4.755019e+01 -4.500000e+00
      vertex   7.875000e+01 4.732051e+01 -3.000000e+00
      vertex   7.875000e+01 4.732051e+01 -4.500000e+00
    endloop
  endfacet
  facet normal 9.957342e-01 9.226836e-02 -0.000000e+00
    outer loop
      vertex   7.875000e+01 4.732051e+01 -4.500000e+00
      vertex   7.875000e+01 4.732051e+01 -3.000000e+00
      vertex   7.877128e+01 4.709082e+01 -3.000000e+00
    endloop
  endfacet
  facet normal 9.957342e-01 9.226836e-02 0.000000e+00
    outer loop
      vertex   7.875000e+01 4.732051e+01 -4.500000e+00
      vertex   7.877128e+01 4.709082e+01 -3.000000e+00
      vertex   7.877128e+01 4.709082e+01 -4.500000e+00
    endloop
  endfacet
  facet normal 9.618256e-01 2.736630e-01 -0.000000e+00
    outer loop
      vertex   7.877128e+01 4.709082e+01 -4.500000e+00
      vertex   7.877128e+01 4.709082e+01 -3.000000e+00
      vertex   7.883441e+01 4.686896e+01 -3.000000e+00
    endloop
  endfacet
  facet normal 9.618256e-01 2.736630e-01 0.000000e+00
    outer loop
      vertex   7.877128e+01 4.709082e+01 -4.500000e+00
      vertex   7.883441e+01 4.686896e+01 -3.000000e+00
      vertex   7.883441e+01 4.686896e+01 -4.500000e+00
    endloop
  endfacet
  facet normal 8.951633e-01 4.457384e-01 -0.000000e+00
    outer loop
      vertex   7.883441e+01 4.686896e+01 -4.500000e+00
      vertex   7.883441e+01 4.686896e+01 -3.000000e+00
      vertex   7.893723e+01 4.666247e+01 -3.000000e+00
    endloop
  endfacet
  facet normal 8.951633e-01 4.457384e-01 0.000000e+00
    outer loop
      vertex   7.883441e+01 4.686896e+01 -4.500000e+00
      vertex   7.893723e+01 4.666247e+01 -3.000000e+00
      vertex   7.893723e+01 4.666247e+01 -4.500000e+00
    endloop
  endfacet
  facet normal 7.980172e-01 6.026346e-01 -0.000000e+00
    outer loop
      vertex   7.893723e+01 4.666247e+01 -4.500000e+00
      vertex   7.893723e+01 4.666247e+01 -3.000000e+00
      vertex   7.907624e+01 4.647839e+01 -3.000000e+00
    endloop
  endfacet
  facet normal 7.980172e-01 6.026346e-01 0.000000e+00
    outer loop
      vertex   7.893723e+01 4.666247e+01 -4.500000e+00
      vertex   7.907624e+01 4.647839e+01 -3.000000e+00
      vertex   7.907624e+01 4.647839e+01 -4.500000e+00
    endloop
  endfacet
  facet normal 6.736956e-01 7.390089e-01 -0.000000e+00
    outer loop
      vertex   7.907624e+01 4.647839e+01 -4.500000e+00
      vertex   7.907624e+01 4.647839e+01 -3.000000e+00
      vertex   7.924671e+01 4.632299e+01 -3.000000e+00
    endloop
  endfacet
  facet normal 6.736956e-01 7.390089e-01 0.000000e+00
    outer loop
      vertex   7.907624e+01 4.647839e+01 -4.500000e+00
      vertex   7.924671e+01 4.632299e+01 -3.000000e+00
      vertex   7.924671e+01 4.632299e+01 -4.500000e+00
    endloop
  endfacet
  facet normal 5.264322e-01 8.502171e-01 -0.000000e+00
    outer loop
      vertex   7.924671e+01 4.632299e+01 -4.500000e+00
      vertex   7.924671e+01 4.632299e+01 -3.000000e+00
      vertex   7.944283e+01 4.620155e+01 -3.000000e+00
    endloop
  endfacet
  facet normal 5.264322e-01 8.502171e-01 0.000000e+00
    outer loop
      vertex   7.924671e+01 4.632299e+01 -4.500000e+00
      vertex   7.944283e+01 4.620155e+01 -3.000000e+00
      vertex   7.944283e+01 4.620155e+01 -4.500000e+00
    endloop
  endfacet
  facet normal 3.612417e-01 9.324722e-01 -0.000000e+00
    outer loop
      vertex   7.944283e+01 4.620155e+01 -4.500000e+00
      vertex   7.944283e+01 4.620155e+01 -3.000000e+00
      vertex   7.965792e+01 4.611823e+01 -3.000000e+00
    endloop
  endfacet
  facet normal 3.612417e-01 9.324722e-01 0.000000e+00
    outer loop
      vertex   7.944283e+01 4.620155e+01 -4.500000e+00
      vertex   7.965792e+01 4.611823e+01 -3.000000e+00
      vertex   7.965792e+01 4.611823e+01 -4.500000e+00
    endloop
  endfacet
  facet normal 1.837495e-01 9.829731e-01 -0.000000e+00
    outer loop
      vertex   7.965792e+01 4.611823e+01 -4.500000e+00
      vertex   7.965792e+01 4.611823e+01 -3.000000e+00
      vertex   7.988466e+01 4.607584e+01 -3.000000e+00
    endloop
  endfacet
  facet normal 1.837495e-01 9.829731e-01 0.000000e+00
    outer loop
      vertex   7.965792e+01 4.611823e+01 -4.500000e+00
      vertex   7.988466e+01 4.607584e+01 -3.000000e+00
      vertex   7.988466e+01 4.607584e+01 -4.500000e+00
    endloop
  endfacet
  facet normal 0.000000e+00 1.000000e+00 0.000000e+00
    outer loop
      vertex   7.988466e+01 4.607584e+01 -4.500000e+00
      vertex   7.988466e+01 4.607584e+01 -3.000000e+00
      vertex   8.011534e+01 4.607584e+01 -3.000000e+00
    endloop
  endfacet
  facet normal 0.000000e+00 1.000000e+00 0.000000e+00
    outer loop
      vertex   7.988466e+01 4.607584e+01 -4.500000e+00
      vertex   8.011534e+01 4.607584e+01 -3.000000e+00
      vertex   8.011534e+01 4.607584e+01 -4.500000e+00
    endloop
  endfacet
  facet normal -1.837495e-01 9.829731e-01 0.000000e+00
    outer loop
      vertex   8.011534e+01 4.607584e+01 -4.500000e+00
      vertex   8.011534e+01 4.607584e+01 -3.000000e+00
      vertex   8.034208e+01 4.611823e+01 -3.000000e+00
    endloop
  endfacet
  facet normal -1.837495e-01 9.829731e-01 0.000000e+00
    outer loop
      vertex   8.011534e+01 4.607584e+01 -4.500000e+00
      vertex   8.034208e+01 4.611823e+01 -3.000000e+00
      vertex   8.034208e+01 4.611823e+01 -4.500000e+00
    endloop
  endfacet
  facet normal -3.612417e-01 9.324722e-01 0.000000e+00
    outer loop
      vertex   8.034208e+01 4.611823e+01 -4.500000e+00
      vertex   8.034208e+01 4.611823e+01 -3.000000e+00
      vertex   8.055717e+01 4.620155e+01 -3.000000e+00
    endloop
  endfacet
  facet normal -3.612417e-01 9.324722e-01 0.000000e+00
    outer loop
      vertex   8.034208e+01 4.611823e+01 -4.500000e+00
      vertex   8.055717e+01 4.620155e+01 -3.000000e+00
      vertex   8.055717e+01 4.620155e+01 -4.500000e+00
    endloop
  endfacet
  facet normal -5.264322e-01 8.502171e-01 0.000000e+00
    outer loop
      vertex   8.055717e+01 4.620155e+01 -4.500000e+00
      vertex   8.055717e+01 4.620155e+01 -3.000000e+00
      vertex   8.075329e+01 4.632299e+01 -3.000000e+00
    endloop
  endfacet
  facet normal -5.264322e-01 8.502171e-01 0.000000e+00
    outer loop
      vertex   8.055717e+01 4.620155e+01 -4.500000e+00
      vertex   8.075329e+01 4.632299e+01 -3.000000e+00
      vertex   8.075329e+01 4.632299e+01 -4.500000e+00
    endloop
  endfacet
  facet normal -6.736956e-01 7.390089e-01 0.000000e+00
    outer loop
      vertex   8.075329e+01 4.632299e+01 -4.500000e+00
      vertex   8.075329e+01 4.632299e+01 -3.000000e+00
      vertex   8.092376e+01 4.647839e+01 -3.000000e+00
    endloop
  endfacet
  facet normal -6.736956e-01 7.390089e-01 0.000000e+00
    outer loop
      vertex   8.075329e+01 4.632299e+01 -4.500000e+00
      vertex   8.092376e+01 4.647839e+01 -3.000000e+00
      vertex   8.092376e+01 4.647839e+01 -4.500000e+00
    endloop
  endfacet
  facet normal -7.980172e-01 6.026346e-01 0.000000e+00
    outer loop
      vertex   8.092376e+01 4.647839e+01 -4.500000e+00
      vertex   8.092376e+01 4.647839e+01 -3.000000e+00
      vertex   8.106277e+01 4.666247e+01 -3.000000e+00
    endloop
  endfacet
  facet normal -7.980172e-01 6.026346e-01 0.000000e+00
    outer loop
      vertex   8.092376e+01 4.647839e+01 -4.500000e+00
      vertex   8.106277e+01 4.666247e+01 -3.000000e+00
      vertex   8.106277e+01 4.666247e+01 -4.500000e+00
    endloop
  endfacet
  facet normal -8.951633e-01 4.457384e-01 0.000000e+00
    outer loop
      vertex   8.106277e+01 4.666247e+01 -4.500000e+00
      vertex   8.106277e+01 4.666247e+01 -3.000000e+00
      vertex   8.116559e+01 4.686896e+01 -3.000000e+00
    endloop
  endfacet
  facet normal -8.951633e-01 4.457384e-01 0.000000e+00
    outer loop
      vertex   8.106277e+01 4.666247e+01 -4.500000e+00
      vertex   8.116559e+01 4.686896e+01 -3.000000e+00
      vertex   8.116559e+01 4.686896e+01 -4.500000e+00
    endloop
  endfacet
  facet normal -9.618256e-01 2.736630e-01 0.000000e+00
    outer loop
      vertex   8.116559e+01 4.686896e+01 -4.500000e+00
      vertex   8.116559e+01 4.686896e+01 -3.000000e+00
      vertex   8.122872e+01 4.709082e+01 -3.000000e+00
    endloop
  endfacet
  facet normal -8.161969e-01 -5.777738e-01 -0.000000e+00
    outer loop
      vertex   8.362875e+01 4.349276e+01 -3.000000e+00
      vertex   8.362875e+01 4.349276e+01 -4.500000e+00
      vertex   8.376202e+01 4.330449e+01 -3.000000e+00
    endloop
  endfacet
  facet normal -8.161969e-01 -5.777738e-01 -0.000000e+00
    outer loop
      vertex   8.376202e+01 4.330449e+01 -3.000000e+00
      vertex   8.362875e+01 4.349276e+01 -4.500000e+00
      vertex   8.376202e+01 4.330449e+01 -4.500000e+00
    endloop
  endfacet
  facet normal -9.084653e-01 -4.179603e-01 -0.000000e+00
    outer loop
      vertex   8.376202e+01 4.330449e+01 -3.000000e+00
      vertex   8.376202e+01 4.330449e+01 -4.500000e+00
      vertex   8.385843e+01 4.309494e+01 -3.000000e+00
    endloop
  endfacet
  facet normal -9.084653e-01 -4.179603e-01 -0.000000e+00
    outer loop
      vertex   8.385843e+01 4.309494e+01 -3.000000e+00
      vertex   8.376202e+01 4.330449e+01 -4.500000e+00
      vertex   8.385843e+01 4.309494e+01 -4.500000e+00
    endloop
  endfacet
  facet normal -9.697969e-01 -2.439137e-01 -0.000000e+00
    outer loop
      vertex   8.385843e+01 4.309494e+01 -3.000000e+00
      vertex   8.385843e+01 4.309494e+01 -4.500000e+00
      vertex   8.391470e+01 4.287123e+01 -4.500000e+00
    endloop
  endfacet
  facet normal -6.961339e-01 -7.179119e-01 -0.000000e+00
    outer loop
      vertex   8.362875e+01 4.349276e+01 -3.000000e+00
      vertex   8.346315e+01 4.365334e+01 -3.000000e+00
      vertex   8.362875e+01 4.349276e+01 -4.500000e+00
    endloop
  endfacet
  facet normal -6.961339e-01 -7.179119e-01 0.000000e+00
    outer loop
      vertex   8.362875e+01 4.349276e+01 -4.500000e+00
      vertex   8.346315e+01 4.365334e+01 -3.000000e+00
      vertex   8.346315e+01 4.365334e+01 -4.500000e+00
    endloop
  endfacet
  facet normal -5.523650e-01 -8.336024e-01 0.000000e+00
    outer loop
      vertex   8.346315e+01 4.365334e+01 -4.500000e+00
      vertex   8.346315e+01 4.365334e+01 -3.000000e+00
      vertex   8.327086e+01 4.378076e+01 -3.000000e+00
    endloop
  endfacet
  facet normal -5.523650e-01 -8.336024e-01 0.000000e+00
    outer loop
      vertex   8.346315e+01 4.365334e+01 -4.500000e+00
      vertex   8.327086e+01 4.378076e+01 -3.000000e+00
      vertex   8.327086e+01 4.378076e+01 -4.500000e+00
    endloop
  endfacet
  facet normal -3.897859e-01 -9.209055e-01 0.000000e+00
    outer loop
      vertex   8.327086e+01 4.378076e+01 -4.500000e+00
      vertex   8.327086e+01 4.378076e+01 -3.000000e+00
      vertex   8.305843e+01 4.387067e+01 -3.000000e+00
    endloop
  endfacet
  facet normal -3.897859e-01 -9.209055e-01 0.000000e+00
    outer loop
      vertex   8.327086e+01 4.378076e+01 -4.500000e+00
      vertex   8.305843e+01 4.387067e+01 -3.000000e+00
      vertex   8.305843e+01 4.387067e+01 -4.500000e+00
    endloop
  endfacet
  facet normal -2.139331e-01 -9.768483e-01 0.000000e+00
    outer loop
      vertex   8.305843e+01 4.387067e+01 -4.500000e+00
      vertex   8.305843e+01 4.387067e+01 -3.000000e+00
      vertex   8.283310e+01 4.392002e+01 -3.000000e+00
    endloop
  endfacet
  facet normal -2.139331e-01 -9.768483e-01 0.000000e+00
    outer loop
      vertex   8.305843e+01 4.387067e+01 -4.500000e+00
      vertex   8.283310e+01 4.392002e+01 -3.000000e+00
      vertex   8.283310e+01 4.392002e+01 -4.500000e+00
    endloop
  endfacet
  facet normal -3.079506e-02 -9.995257e-01 0.000000e+00
    outer loop
      vertex   8.283310e+01 4.392002e+01 -4.500000e+00
      vertex   8.283310e+01 4.392002e+01 -3.000000e+00
      vertex   8.260254e+01 4.392712e+01 -3.000000e+00
    endloop
  endfacet
  facet normal -3.079506e-02 -9.995257e-01 0.000000e+00
    outer loop
      vertex   8.283310e+01 4.392002e+01 -4.500000e+00
      vertex   8.260254e+01 4.392712e+01 -3.000000e+00
      vertex   8.260254e+01 4.392712e+01 -4.500000e+00
    endloop
  endfacet
  facet normal 1.533917e-01 -9.881655e-01 0.000000e+00
    outer loop
      vertex   8.260254e+01 4.392712e+01 -4.500000e+00
      vertex   8.260254e+01 4.392712e+01 -3.000000e+00
      vertex   8.237460e+01 4.389174e+01 -3.000000e+00
    endloop
  endfacet
  facet normal 1.533917e-01 -9.881655e-01 0.000000e+00
    outer loop
      vertex   8.260254e+01 4.392712e+01 -4.500000e+00
      vertex   8.237460e+01 4.389174e+01 -3.000000e+00
      vertex   8.237460e+01 4.389174e+01 -4.500000e+00
    endloop
  endfacet
  facet normal 3.323548e-01 -9.431544e-01 0.000000e+00
    outer loop
      vertex   8.237460e+01 4.389174e+01 -4.500000e+00
      vertex   8.237460e+01 4.389174e+01 -3.000000e+00
      vertex   8.215704e+01 4.381507e+01 -3.000000e+00
    endloop
  endfacet
  facet normal 3.323548e-01 -9.431544e-01 0.000000e+00
    outer loop
      vertex   8.237460e+01 4.389174e+01 -4.500000e+00
      vertex   8.215704e+01 4.381507e+01 -3.000000e+00
      vertex   8.215704e+01 4.381507e+01 -4.500000e+00
    endloop
  endfacet
  facet normal 5.000000e-01 -8.660254e-01 0.000000e+00
    outer loop
      vertex   8.215704e+01 4.381507e+01 -4.500000e+00
      vertex   8.215704e+01 4.381507e+01 -3.000000e+00
      vertex   8.195727e+01 4.369974e+01 -3.000000e+00
    endloop
  endfacet
  facet normal 5.000000e-01 -8.660254e-01 0.000000e+00
    outer loop
      vertex   8.215704e+01 4.381507e+01 -4.500000e+00
      vertex   8.195727e+01 4.369974e+01 -3.000000e+00
      vertex   8.195727e+01 4.369974e+01 -4.500000e+00
    endloop
  endfacet
  facet normal 6.506183e-01 -7.594049e-01 0.000000e+00
    outer loop
      vertex   8.195727e+01 4.369974e+01 -4.500000e+00
      vertex   8.195727e+01 4.369974e+01 -3.000000e+00
      vertex   8.178210e+01 4.354966e+01 -3.000000e+00
    endloop
  endfacet
  facet normal 6.506183e-01 -7.594049e-01 0.000000e+00
    outer loop
      vertex   8.195727e+01 4.369974e+01 -4.500000e+00
      vertex   8.178210e+01 4.354966e+01 -3.000000e+00
      vertex   8.178210e+01 4.354966e+01 -4.500000e+00
    endloop
  endfacet
  facet normal 7.790806e-01 -6.269238e-01 0.000000e+00
    outer loop
      vertex   8.178210e+01 4.354966e+01 -4.500000e+00
      vertex   8.178210e+01 4.354966e+01 -3.000000e+00
      vertex   8.163749e+01 4.336995e+01 -3.000000e+00
    endloop
  endfacet
  facet normal 7.790806e-01 -6.269238e-01 0.000000e+00
    outer loop
      vertex   8.178210e+01 4.354966e+01 -4.500000e+00
      vertex   8.163749e+01 4.336995e+01 -3.000000e+00
      vertex   8.163749e+01 4.336995e+01 -4.500000e+00
    endloop
  endfacet
  facet normal 8.810122e-01 -4.730936e-01 0.000000e+00
    outer loop
      vertex   8.163749e+01 4.336995e+01 -4.500000e+00
      vertex   8.163749e+01 4.336995e+01 -3.000000e+00
      vertex   8.152836e+01 4.316672e+01 -3.000000e+00
    endloop
  endfacet
  facet normal 8.810122e-01 -4.730936e-01 0.000000e+00
    outer loop
      vertex   8.163749e+01 4.336995e+01 -4.500000e+00
      vertex   8.152836e+01 4.316672e+01 -3.000000e+00
      vertex   8.152836e+01 4.316672e+01 -4.500000e+00
    endloop
  endfacet
  facet normal 9.529420e-01 -3.031527e-01 0.000000e+00
    outer loop
      vertex   8.152836e+01 4.316672e+01 -4.500000e+00
      vertex   8.152836e+01 4.316672e+01 -3.000000e+00
      vertex   8.145843e+01 4.294691e+01 -3.000000e+00
    endloop
  endfacet
  facet normal 9.529420e-01 -3.031527e-01 0.000000e+00
    outer loop
      vertex   8.152836e+01 4.316672e+01 -4.500000e+00
      vertex   8.145843e+01 4.294691e+01 -3.000000e+00
      vertex   8.145843e+01 4.294691e+01 -4.500000e+00
    endloop
  endfacet
  facet normal 9.924205e-01 -1.228883e-01 0.000000e+00
    outer loop
      vertex   8.145843e+01 4.294691e+01 -4.500000e+00
      vertex   8.145843e+01 4.294691e+01 -3.000000e+00
      vertex   8.143008e+01 4.271799e+01 -3.000000e+00
    endloop
  endfacet
  facet normal 9.924205e-01 -1.228883e-01 0.000000e+00
    outer loop
      vertex   8.145843e+01 4.294691e+01 -4.500000e+00
      vertex   8.143008e+01 4.271799e+01 -3.000000e+00
      vertex   8.143008e+01 4.271799e+01 -4.500000e+00
    endloop
  endfacet
  facet normal 9.981033e-01 6.156091e-02 -0.000000e+00
    outer loop
      vertex   8.143008e+01 4.271799e+01 -4.500000e+00
      vertex   8.143008e+01 4.271799e+01 -3.000000e+00
      vertex   8.144429e+01 4.248775e+01 -3.000000e+00
    endloop
  endfacet
  facet normal 9.981033e-01 6.156091e-02 0.000000e+00
    outer loop
      vertex   8.143008e+01 4.271799e+01 -4.500000e+00
      vertex   8.144429e+01 4.248775e+01 -3.000000e+00
      vertex   8.144429e+01 4.248775e+01 -4.500000e+00
    endloop
  endfacet
  facet normal 9.697969e-01 2.439137e-01 -0.000000e+00
    outer loop
      vertex   8.144429e+01 4.248775e+01 -4.500000e+00
      vertex   8.144429e+01 4.248775e+01 -3.000000e+00
      vertex   8.150055e+01 4.226405e+01 -3.000000e+00
    endloop
  endfacet
  facet normal 9.697969e-01 2.439137e-01 0.000000e+00
    outer loop
      vertex   8.144429e+01 4.248775e+01 -4.500000e+00
      vertex   8.150055e+01 4.226405e+01 -3.000000e+00
      vertex   8.150055e+01 4.226405e+01 -4.500000e+00
    endloop
  endfacet
  facet normal 9.084653e-01 4.179603e-01 -0.000000e+00
    outer loop
      vertex   8.150055e+01 4.226405e+01 -4.500000e+00
      vertex   8.150055e+01 4.226405e+01 -3.000000e+00
      vertex   8.159696e+01 4.205449e+01 -3.000000e+00
    endloop
  endfacet
  facet normal 9.084653e-01 4.179603e-01 0.000000e+00
    outer loop
      vertex   8.150055e+01 4.226405e+01 -4.500000e+00
      vertex   8.159696e+01 4.205449e+01 -3.000000e+00
      vertex   8.159696e+01 4.205449e+01 -4.500000e+00
    endloop
  endfacet
  facet normal 8.161969e-01 5.777738e-01 -0.000000e+00
    outer loop
      vertex   8.159696e+01 4.205449e+01 -4.500000e+00
      vertex   8.159696e+01 4.205449e+01 -3.000000e+00
      vertex   8.173024e+01 4.186622e+01 -3.000000e+00
    endloop
  endfacet
  facet normal 8.161969e-01 5.777738e-01 0.000000e+00
    outer loop
      vertex   8.159696e+01 4.205449e+01 -4.500000e+00
      vertex   8.173024e+01 4.186622e+01 -3.000000e+00
      vertex   8.173024e+01 4.186622e+01 -4.500000e+00
    endloop
  endfacet
  facet normal 6.961339e-01 7.179119e-01 -0.000000e+00
    outer loop
      vertex   8.173024e+01 4.186622e+01 -4.500000e+00
      vertex   8.173024e+01 4.186622e+01 -3.000000e+00
      vertex   8.189584e+01 4.170564e+01 -3.000000e+00
    endloop
  endfacet
  facet normal 6.961339e-01 7.179119e-01 0.000000e+00
    outer loop
      vertex   8.173024e+01 4.186622e+01 -4.500000e+00
      vertex   8.189584e+01 4.170564e+01 -3.000000e+00
      vertex   8.189584e+01 4.170564e+01 -4.500000e+00
    endloop
  endfacet
  facet normal 5.523650e-01 8.336024e-01 -0.000000e+00
    outer loop
      vertex   8.189584e+01 4.170564e+01 -4.500000e+00
      vertex   8.189584e+01 4.170564e+01 -3.000000e+00
      vertex   8.208812e+01 4.157823e+01 -3.000000e+00
    endloop
  endfacet
  facet normal 5.523650e-01 8.336024e-01 0.000000e+00
    outer loop
      vertex   8.189584e+01 4.170564e+01 -4.500000e+00
      vertex   8.208812e+01 4.157823e+01 -3.000000e+00
      vertex   8.208812e+01 4.157823e+01 -4.500000e+00
    endloop
  endfacet
  facet normal 3.897859e-01 9.209055e-01 -0.000000e+00
    outer loop
      vertex   8.208812e+01 4.157823e+01 -4.500000e+00
      vertex   8.208812e+01 4.157823e+01 -3.000000e+00
      vertex   8.230055e+01 4.148831e+01 -3.000000e+00
    endloop
  endfacet
  facet normal 3.897859e-01 9.209055e-01 0.000000e+00
    outer loop
      vertex   8.208812e+01 4.157823e+01 -4.500000e+00
      vertex   8.230055e+01 4.148831e+01 -3.000000e+00
      vertex   8.230055e+01 4.148831e+01 -4.500000e+00
    endloop
  endfacet
  facet normal 2.139331e-01 9.768483e-01 -0.000000e+00
    outer loop
      vertex   8.230055e+01 4.148831e+01 -4.500000e+00
      vertex   8.230055e+01 4.148831e+01 -3.000000e+00
      vertex   8.252588e+01 4.143897e+01 -3.000000e+00
    endloop
  endfacet
  facet normal 2.139331e-01 9.768483e-01 0.000000e+00
    outer loop
      vertex   8.230055e+01 4.148831e+01 -4.500000e+00
      vertex   8.252588e+01 4.143897e+01 -3.000000e+00
      vertex   8.252588e+01 4.143897e+01 -4.500000e+00
    endloop
  endfacet
  facet normal 3.079506e-02 9.995257e-01 -0.000000e+00
    outer loop
      vertex   8.252588e+01 4.143897e+01 -4.500000e+00
      vertex   8.252588e+01 4.143897e+01 -3.000000e+00
      vertex   8.275644e+01 4.143186e+01 -3.000000e+00
    endloop
  endfacet
  facet normal 3.079506e-02 9.995257e-01 0.000000e+00
    outer loop
      vertex   8.252588e+01 4.143897e+01 -4.500000e+00
      vertex   8.275644e+01 4.143186e+01 -3.000000e+00
      vertex   8.275644e+01 4.143186e+01 -4.500000e+00
    endloop
  endfacet
  facet normal -1.533917e-01 9.881655e-01 0.000000e+00
    outer loop
      vertex   8.275644e+01 4.143186e+01 -4.500000e+00
      vertex   8.275644e+01 4.143186e+01 -3.000000e+00
      vertex   8.298438e+01 4.146725e+01 -3.000000e+00
    endloop
  endfacet
  facet normal -1.533917e-01 9.881655e-01 0.000000e+00
    outer loop
      vertex   8.275644e+01 4.143186e+01 -4.500000e+00
      vertex   8.298438e+01 4.146725e+01 -3.000000e+00
      vertex   8.298438e+01 4.146725e+01 -4.500000e+00
    endloop
  endfacet
  facet normal -3.323548e-01 9.431544e-01 0.000000e+00
    outer loop
      vertex   8.298438e+01 4.146725e+01 -4.500000e+00
      vertex   8.298438e+01 4.146725e+01 -3.000000e+00
      vertex   8.320194e+01 4.154391e+01 -3.000000e+00
    endloop
  endfacet
  facet normal -3.323548e-01 9.431544e-01 0.000000e+00
    outer loop
      vertex   8.298438e+01 4.146725e+01 -4.500000e+00
      vertex   8.320194e+01 4.154391e+01 -3.000000e+00
      vertex   8.320194e+01 4.154391e+01 -4.500000e+00
    endloop
  endfacet
  facet normal -5.000000e-01 8.660254e-01 0.000000e+00
    outer loop
      vertex   8.320194e+01 4.154391e+01 -4.500000e+00
      vertex   8.320194e+01 4.154391e+01 -3.000000e+00
      vertex   8.340171e+01 4.165925e+01 -3.000000e+00
    endloop
  endfacet
  facet normal -5.000000e-01 8.660254e-01 0.000000e+00
    outer loop
      vertex   8.320194e+01 4.154391e+01 -4.500000e+00
      vertex   8.340171e+01 4.165925e+01 -3.000000e+00
      vertex   8.340171e+01 4.165925e+01 -4.500000e+00
    endloop
  endfacet
  facet normal -6.506183e-01 7.594049e-01 0.000000e+00
    outer loop
      vertex   8.340171e+01 4.165925e+01 -4.500000e+00
      vertex   8.340171e+01 4.165925e+01 -3.000000e+00
      vertex   8.357688e+01 4.180932e+01 -3.000000e+00
    endloop
  endfacet
  facet normal -6.506183e-01 7.594049e-01 0.000000e+00
    outer loop
      vertex   8.340171e+01 4.165925e+01 -4.500000e+00
      vertex   8.357688e+01 4.180932e+01 -3.000000e+00
      vertex   8.357688e+01 4.180932e+01 -4.500000e+00
    endloop
  endfacet
  facet normal -7.790806e-01 6.269238e-01 0.000000e+00
    outer loop
      vertex   8.357688e+01 4.180932e+01 -4.500000e+00
      vertex   8.357688e+01 4.180932e+01 -3.000000e+00
      vertex   8.372149e+01 4.198904e+01 -3.000000e+00
    endloop
  endfacet
  facet normal -7.790806e-01 6.269238e-01 0.000000e+00
    outer loop
      vertex   8.357688e+01 4.180932e+01 -4.500000e+00
      vertex   8.372149e+01 4.198904e+01 -3.000000e+00
      vertex   8.372149e+01 4.198904e+01 -4.500000e+00
    endloop
  endfacet
  facet normal -8.810122e-01 4.730936e-01 0.000000e+00
    outer loop
      vertex   8.372149e+01 4.198904e+01 -4.500000e+00
      vertex   8.372149e+01 4.198904e+01 -3.000000e+00
      vertex   8.383062e+01 4.219226e+01 -3.000000e+00
    endloop
  endfacet
  facet normal -8.810122e-01 4.730936e-01 0.000000e+00
    outer loop
      vertex   8.372149e+01 4.198904e+01 -4.500000e+00
      vertex   8.383062e+01 4.219226e+01 -3.000000e+00
      vertex   8.383062e+01 4.219226e+01 -4.500000e+00
    endloop
  endfacet
  facet normal -9.529420e-01 3.031527e-01 0.000000e+00
    outer loop
      vertex   8.383062e+01 4.219226e+01 -4.500000e+00
      vertex   8.383062e+01 4.219226e+01 -3.000000e+00
      vertex   8.390055e+01 4.241208e+01 -3.000000e+00
    endloop
  endfacet
  facet normal -9.529420e-01 3.031527e-01 0.000000e+00
    outer loop
      vertex   8.383062e+01 4.219226e+01 -4.500000e+00
      vertex   8.390055e+01 4.241208e+01 -3.000000e+00
      vertex   8.390055e+01 4.241208e+01 -4.500000e+00
    endloop
  endfacet
  facet normal -9.924205e-01 1.228883e-01 0.000000e+00
    outer loop
      vertex   8.390055e+01 4.241208e+01 -4.500000e+00
      vertex   8.390055e+01 4.241208e+01 -3.000000e+00
      vertex   8.392890e+01 4.264100e+01 -3.000000e+00
    endloop
  endfacet
  facet normal -9.924205e-01 1.228883e-01 0.000000e+00
    outer loop
      vertex   8.390055e+01 4.241208e+01 -4.500000e+00
      vertex   8.392890e+01 4.264100e+01 -3.000000e+00
      vertex   8.392890e+01 4.264100e+01 -4.500000e+00
    endloop
  endfacet
  facet normal -9.981033e-01 -6.156091e-02 0.000000e+00
    outer loop
      vertex   8.392890e+01 4.264100e+01 -4.500000e+00
      vertex   8.392890e+01 4.264100e+01 -3.000000e+00
      vertex   8.391470e+01 4.287123e+01 -3.000000e+00
    endloop
  endfacet
  facet normal -9.981033e-01 -6.156091e-02 0.000000e+00
    outer loop
      vertex   8.392890e+01 4.264100e+01 -4.500000e+00
      vertex   8.391470e+01 4.287123e+01 -3.000000e+00
      vertex   8.391470e+01 4.287123e+01 -4.500000e+00
    endloop
  endfacet
  facet normal -9.697969e-01 -2.439137e-01 0.000000e+00
    outer loop
      vertex   8.391470e+01 4.287123e+01 -4.500000e+00
      vertex   8.391470e+01 4.287123e+01 -3.000000e+00
      vertex   8.385843e+01 4.309494e+01 -3.000000e+00
    endloop
  endfacet
  facet normal -4.179603e-01 -9.084653e-01 -0.000000e+00
    outer loop
      vertex   8.773595e+01 4.117894e+01 -3.000000e+00
      vertex   8.773595e+01 4.117894e+01 -4.500000e+00
      vertex   8.794551e+01 4.108253e+01 -3.000000e+00
    endloop
  endfacet
  facet normal -4.179603e-01 -9.084653e-01 -0.000000e+00
    outer loop
      vertex   8.794551e+01 4.108253e+01 -3.000000e+00
      vertex   8.773595e+01 4.117894e+01 -4.500000e+00
      vertex   8.794551e+01 4.108253e+01 -4.500000e+00
    endloop
  endfacet
  facet normal -5.777738e-01 -8.161969e-01 -0.000000e+00
    outer loop
      vertex   8.794551e+01 4.108253e+01 -3.000000e+00
      vertex   8.794551e+01 4.108253e+01 -4.500000e+00
      vertex   8.813378e+01 4.094926e+01 -3.000000e+00
    endloop
  endfacet
  facet normal -5.777738e-01 -8.161969e-01 -0.000000e+00
    outer loop
      vertex   8.813378e+01 4.094926e+01 -3.000000e+00
      vertex   8.794551e+01 4.108253e+01 -4.500000e+00
      vertex   8.813378e+01 4.094926e+01 -4.500000e+00
    endloop
  endfacet
  facet normal -7.179119e-01 -6.961339e-01 -0.000000e+00
    outer loop
      vertex   8.813378e+01 4.094926e+01 -3.000000e+00
      vertex   8.813378e+01 4.094926e+01 -4.500000e+00
      vertex   8.829436e+01 4.078365e+01 -4.500000e+00
    endloop
  endfacet
  facet normal -2.439137e-01 -9.697969e-01 -0.000000e+00
    outer loop
      vertex   8.773595e+01 4.117894e+01 -3.000000e+00
      vertex   8.751225e+01 4.123521e+01 -3.000000e+00
      vertex   8.773595e+01 4.117894e+01 -4.500000e+00
    endloop
  endfacet
  facet normal -2.439137e-01 -9.697969e-01 0.000000e+00
    outer loop
      vertex   8.773595e+01 4.117894e+01 -4.500000e+00
      vertex   8.751225e+01 4.123521e+01 -3.000000e+00
      vertex   8.751225e+01 4.123521e+01 -4.500000e+00
    endloop
  endfacet
  facet normal -6.156091e-02 -9.981033e-01 0.000000e+00
    outer loop
      vertex   8.751225e+01 4.123521e+01 -4.500000e+00
      vertex   8.751225e+01 4.123521e+01 -3.000000e+00
      vertex   8.728201e+01 4.124941e+01 -3.000000e+00
    endloop
  endfacet
  facet normal -6.156091e-02 -9.981033e-01 0.000000e+00
    outer loop
      vertex   8.751225e+01 4.123521e+01 -4.500000e+00
      vertex   8.728201e+01 4.124941e+01 -3.000000e+00
      vertex   8.728201e+01 4.124941e+01 -4.500000e+00
    endloop
  endfacet
  facet normal 1.228883e-01 -9.924205e-01 0.000000e+00
    outer loop
      vertex   8.728201e+01 4.124941e+01 -4.500000e+00
      vertex   8.728201e+01 4.124941e+01 -3.000000e+00
      vertex   8.705309e+01 4.122106e+01 -3.000000e+00
    endloop
  endfacet
  facet normal 1.228883e-01 -9.924205e-01 -2.328798e-15
    outer loop
      vertex   8.728201e+01 4.124941e+01 -4.500000e+00
      vertex   8.705309e+01 4.122106e+01 -3.000000e+00
      vertex   8.705309e+01 4.122106e+01 -4.500000e+00
    endloop
  endfacet
  facet normal 3.031527e-01 -9.529420e-01 -5.744078e-15
    outer loop
      vertex   8.705309e+01 4.122106e+01 -4.500000e+00
      vertex   8.705309e+01 4.122106e+01 -3.000000e+00
      vertex   8.683328e+01 4.115113e+01 -3.000000e+00
    endloop
  endfacet
  facet normal 3.031527e-01 -9.529420e-01 0.000000e+00
    outer loop
      vertex   8.705309e+01 4.122106e+01 -4.500000e+00
      vertex   8.683328e+01 4.115113e+01 -3.000000e+00
      vertex   8.683328e+01 4.115113e+01 -4.500000e+00
    endloop
  endfacet
  facet normal 4.730936e-01 -8.810122e-01 0.000000e+00
    outer loop
      vertex   8.683328e+01 4.115113e+01 -4.500000e+00
      vertex   8.683328e+01 4.115113e+01 -3.000000e+00
      vertex   8.663005e+01 4.104200e+01 -3.000000e+00
    endloop
  endfacet
  facet normal 4.730936e-01 -8.810122e-01 0.000000e+00
    outer loop
      vertex   8.683328e+01 4.115113e+01 -4.500000e+00
      vertex   8.663005e+01 4.104200e+01 -3.000000e+00
      vertex   8.663005e+01 4.104200e+01 -4.500000e+00
    endloop
  endfacet
  facet normal 6.269238e-01 -7.790806e-01 0.000000e+00
    outer loop
      vertex   8.663005e+01 4.104200e+01 -4.500000e+00
      vertex   8.663005e+01 4.104200e+01 -3.000000e+00
      vertex   8.645034e+01 4.089739e+01 -3.000000e+00
    endloop
  endfacet
  facet normal 6.269238e-01 -7.790806e-01 0.000000e+00
    outer loop
      vertex   8.663005e+01 4.104200e+01 -4.500000e+00
      vertex   8.645034e+01 4.089739e+01 -3.000000e+00
      vertex   8.645034e+01 4.089739e+01 -4.500000e+00
    endloop
  endfacet
  facet normal 7.594049e-01 -6.506183e-01 0.000000e+00
    outer loop
      vertex   8.645034e+01 4.089739e+01 -4.500000e+00
      vertex   8.645034e+01 4.089739e+01 -3.000000e+00
      vertex   8.630026e+01 4.072222e+01 -3.000000e+00
    endloop
  endfacet
  facet normal 7.594049e-01 -6.506183e-01 0.000000e+00
    outer loop
      vertex   8.645034e+01 4.089739e+01 -4.500000e+00
      vertex   8.630026e+01 4.072222e+01 -3.000000e+00
      vertex   8.630026e+01 4.072222e+01 -4.500000e+00
    endloop
  endfacet
  facet normal 8.660254e-01 -5.000000e-01 0.000000e+00
    outer loop
      vertex   8.630026e+01 4.072222e+01 -4.500000e+00
      vertex   8.630026e+01 4.072222e+01 -3.000000e+00
      vertex   8.618493e+01 4.052245e+01 -3.000000e+00
    endloop
  endfacet
  facet normal 8.660254e-01 -5.000000e-01 0.000000e+00
    outer loop
      vertex   8.630026e+01 4.072222e+01 -4.500000e+00
      vertex   8.618493e+01 4.052245e+01 -3.000000e+00
      vertex   8.618493e+01 4.052245e+01 -4.500000e+00
    endloop
  endfacet
  facet normal 9.431544e-01 -3.323548e-01 0.000000e+00
    outer loop
      vertex   8.618493e+01 4.052245e+01 -4.500000e+00
      vertex   8.618493e+01 4.052245e+01 -3.000000e+00
      vertex   8.610826e+01 4.030489e+01 -3.000000e+00
    endloop
  endfacet
  facet normal 9.431544e-01 -3.323548e-01 0.000000e+00
    outer loop
      vertex   8.618493e+01 4.052245e+01 -4.500000e+00
      vertex   8.610826e+01 4.030489e+01 -3.000000e+00
      vertex   8.610826e+01 4.030489e+01 -4.500000e+00
    endloop
  endfacet
  facet normal 9.881655e-01 -1.533917e-01 0.000000e+00
    outer loop
      vertex   8.610826e+01 4.030489e+01 -4.500000e+00
      vertex   8.610826e+01 4.030489e+01 -3.000000e+00
      vertex   8.607288e+01 4.007695e+01 -3.000000e+00
    endloop
  endfacet
  facet normal 9.881655e-01 -1.533917e-01 0.000000e+00
    outer loop
      vertex   8.610826e+01 4.030489e+01 -4.500000e+00
      vertex   8.607288e+01 4.007695e+01 -3.000000e+00
      vertex   8.607288e+01 4.007695e+01 -4.500000e+00
    endloop
  endfacet
  facet normal 9.995257e-01 3.079506e-02 -0.000000e+00
    outer loop
      vertex   8.607288e+01 4.007695e+01 -4.500000e+00
      vertex   8.607288e+01 4.007695e+01 -3.000000e+00
      vertex   8.607998e+01 3.984639e+01 -3.000000e+00
    endloop
  endfacet
  facet normal 9.995257e-01 3.079506e-02 0.000000e+00
    outer loop
      vertex   8.607288e+01 4.007695e+01 -4.500000e+00
      vertex   8.607998e+01 3.984639e+01 -3.000000e+00
      vertex   8.607998e+01 3.984639e+01 -4.500000e+00
    endloop
  endfacet
  facet normal 9.768483e-01 2.139331e-01 -0.000000e+00
    outer loop
      vertex   8.607998e+01 3.984639e+01 -4.500000e+00
      vertex   8.607998e+01 3.984639e+01 -3.000000e+00
      vertex   8.612933e+01 3.962106e+01 -3.000000e+00
    endloop
  endfacet
  facet normal 9.768483e-01 2.139331e-01 0.000000e+00
    outer loop
      vertex   8.607998e+01 3.984639e+01 -4.500000e+00
      vertex   8.612933e+01 3.962106e+01 -3.000000e+00
      vertex   8.612933e+01 3.962106e+01 -4.500000e+00
    endloop
  endfacet
  facet normal 9.209055e-01 3.897859e-01 -0.000000e+00
    outer loop
      vertex   8.612933e+01 3.962106e+01 -4.500000e+00
      vertex   8.612933e+01 3.962106e+01 -3.000000e+00
      vertex   8.621924e+01 3.940863e+01 -3.000000e+00
    endloop
  endfacet
  facet normal 9.209055e-01 3.897859e-01 0.000000e+00
    outer loop
      vertex   8.612933e+01 3.962106e+01 -4.500000e+00
      vertex   8.621924e+01 3.940863e+01 -3.000000e+00
      vertex   8.621924e+01 3.940863e+01 -4.500000e+00
    endloop
  endfacet
  facet normal 8.336024e-01 5.523650e-01 -0.000000e+00
    outer loop
      vertex   8.621924e+01 3.940863e+01 -4.500000e+00
      vertex   8.621924e+01 3.940863e+01 -3.000000e+00
      vertex   8.634666e+01 3.921635e+01 -3.000000e+00
    endloop
  endfacet
  facet normal 8.336024e-01 5.523650e-01 0.000000e+00
    outer loop
      vertex   8.621924e+01 3.940863e+01 -4.500000e+00
      vertex   8.634666e+01 3.921635e+01 -3.000000e+00
      vertex   8.634666e+01 3.921635e+01 -4.500000e+00
    endloop
  endfacet
  facet normal 7.179119e-01 6.961339e-01 -0.000000e+00
    outer loop
      vertex   8.634666e+01 3.921635e+01 -4.500000e+00
      vertex   8.634666e+01 3.921635e+01 -3.000000e+00
      vertex   8.650724e+01 3.905074e+01 -3.000000e+00
    endloop
  endfacet
  facet normal 7.179119e-01 6.961339e-01 0.000000e+00
    outer loop
      vertex   8.634666e+01 3.921635e+01 -4.500000e+00
      vertex   8.650724e+01 3.905074e+01 -3.000000e+00
      vertex   8.650724e+01 3.905074e+01 -4.500000e+00
    endloop
  endfacet
  facet normal 5.777738e-01 8.161969e-01 -0.000000e+00
    outer loop
      vertex   8.650724e+01 3.905074e+01 -4.500000e+00
      vertex   8.650724e+01 3.905074e+01 -3.000000e+00
      vertex   8.669551e+01 3.891747e+01 -3.000000e+00
    endloop
  endfacet
  facet normal 5.777738e-01 8.161969e-01 0.000000e+00
    outer loop
      vertex   8.650724e+01 3.905074e+01 -4.500000e+00
      vertex   8.669551e+01 3.891747e+01 -3.000000e+00
      vertex   8.669551e+01 3.891747e+01 -4.500000e+00
    endloop
  endfacet
  facet normal 4.179603e-01 9.084653e-01 -0.000000e+00
    outer loop
      vertex   8.669551e+01 3.891747e+01 -4.500000e+00
      vertex   8.669551e+01 3.891747e+01 -3.000000e+00
      vertex   8.690506e+01 3.882106e+01 -3.000000e+00
    endloop
  endfacet
  facet normal 4.179603e-01 9.084653e-01 0.000000e+00
    outer loop
      vertex   8.669551e+01 3.891747e+01 -4.500000e+00
      vertex   8.690506e+01 3.882106e+01 -3.000000e+00
      vertex   8.690506e+01 3.882106e+01 -4.500000e+00
    endloop
  endfacet
  facet normal 2.439137e-01 9.697969e-01 -0.000000e+00
    outer loop
      vertex   8.690506e+01 3.882106e+01 -4.500000e+00
      vertex   8.690506e+01 3.882106e+01 -3.000000e+00
      vertex   8.712877e+01 3.876479e+01 -3.000000e+00
    endloop
  endfacet
  facet normal 2.439137e-01 9.697969e-01 0.000000e+00
    outer loop
      vertex   8.690506e+01 3.882106e+01 -4.500000e+00
      vertex   8.712877e+01 3.876479e+01 -3.000000e+00
      vertex   8.712877e+01 3.876479e+01 -4.500000e+00
    endloop
  endfacet
  facet normal 6.156091e-02 9.981033e-01 -0.000000e+00
    outer loop
      vertex   8.712877e+01 3.876479e+01 -4.500000e+00
      vertex   8.712877e+01 3.876479e+01 -3.000000e+00
      vertex   8.735900e+01 3.875059e+01 -3.000000e+00
    endloop
  endfacet
  facet normal 6.156091e-02 9.981033e-01 0.000000e+00
    outer loop
      vertex   8.712877e+01 3.876479e+01 -4.500000e+00
      vertex   8.735900e+01 3.875059e+01 -3.000000e+00
      vertex   8.735900e+01 3.875059e+01 -4.500000e+00
    endloop
  endfacet
  facet normal -1.228883e-01 9.924205e-01 0.000000e+00
    outer loop
      vertex   8.735900e+01 3.875059e+01 -4.500000e+00
      vertex   8.735900e+01 3.875059e+01 -3.000000e+00
      vertex   8.758792e+01 3.877894e+01 -3.000000e+00
    endloop
  endfacet
  facet normal -1.228883e-01 9.924205e-01 0.000000e+00
    outer loop
      vertex   8.735900e+01 3.875059e+01 -4.500000e+00
      vertex   8.758792e+01 3.877894e+01 -3.000000e+00
      vertex   8.758792e+01 3.877894e+01 -4.500000e+00
    endloop
  endfacet
  facet normal -3.031527e-01 9.529420e-01 0.000000e+00
    outer loop
      vertex   8.758792e+01 3.877894e+01 -4.500000e+00
      vertex   8.758792e+01 3.877894e+01 -3.000000e+00
      vertex   8.780774e+01 3.884887e+01 -3.000000e+00
    endloop
  endfacet
  facet normal -3.031527e-01 9.529420e-01 0.000000e+00
    outer loop
      vertex   8.758792e+01 3.877894e+01 -4.500000e+00
      vertex   8.780774e+01 3.884887e+01 -3.000000e+00
      vertex   8.780774e+01 3.884887e+01 -4.500000e+00
    endloop
  endfacet
  facet normal -4.730936e-01 8.810122e-01 0.000000e+00
    outer loop
      vertex   8.780774e+01 3.884887e+01 -4.500000e+00
      vertex   8.780774e+01 3.884887e+01 -3.000000e+00
      vertex   8.801096e+01 3.895800e+01 -3.000000e+00
    endloop
  endfacet
  facet normal -4.730936e-01 8.810122e-01 0.000000e+00
    outer loop
      vertex   8.780774e+01 3.884887e+01 -4.500000e+00
      vertex   8.801096e+01 3.895800e+01 -3.000000e+00
      vertex   8.801096e+01 3.895800e+01 -4.500000e+00
    endloop
  endfacet
  facet normal -6.269238e-01 7.790806e-01 0.000000e+00
    outer loop
      vertex   8.801096e+01 3.895800e+01 -4.500000e+00
      vertex   8.801096e+01 3.895800e+01 -3.000000e+00
      vertex   8.819068e+01 3.910261e+01 -3.000000e+00
    endloop
  endfacet
  facet normal -6.269238e-01 7.790806e-01 0.000000e+00
    outer loop
      vertex   8.801096e+01 3.895800e+01 -4.500000e+00
      vertex   8.819068e+01 3.910261e+01 -3.000000e+00
      vertex   8.819068e+01 3.910261e+01 -4.500000e+00
    endloop
  endfacet
  facet normal -7.594049e-01 6.506183e-01 0.000000e+00
    outer loop
      vertex   8.819068e+01 3.910261e+01 -4.500000e+00
      vertex   8.819068e+01 3.910261e+01 -3.000000e+00
      vertex   8.834075e+01 3.927778e+01 -3.000000e+00
    endloop
  endfacet
  facet normal -7.594049e-01 6.506183e-01 0.000000e+00
    outer loop
      vertex   8.819068e+01 3.910261e+01 -4.500000e+00
      vertex   8.834075e+01 3.927778e+01 -3.000000e+00
      vertex   8.834075e+01 3.927778e+01 -4.500000e+00
    endloop
  endfacet
  facet normal -8.660254e-01 5.000000e-01 0.000000e+00
    outer loop
      vertex   8.834075e+01 3.927778e+01 -4.500000e+00
      vertex   8.834075e+01 3.927778e+01 -3.000000e+00
      vertex   8.845609e+01 3.947755e+01 -3.000000e+00
    endloop
  endfacet
  facet normal -8.660254e-01 5.000000e-01 0.000000e+00
    outer loop
      vertex   8.834075e+01 3.927778e+01 -4.500000e+00
      vertex   8.845609e+01 3.947755e+01 -3.000000e+00
      vertex   8.845609e+01 3.947755e+01 -4.500000e+00
    endloop
  endfacet
  facet normal -9.431544e-01 3.323548e-01 0.000000e+00
    outer loop
      vertex   8.845609e+01 3.947755e+01 -4.500000e+00
      vertex   8.845609e+01 3.947755e+01 -3.000000e+00
      vertex   8.853275e+01 3.969511e+01 -3.000000e+00
    endloop
  endfacet
  facet normal -9.431544e-01 3.323548e-01 0.000000e+00
    outer loop
      vertex   8.845609e+01 3.947755e+01 -4.500000e+00
      vertex   8.853275e+01 3.969511e+01 -3.000000e+00
      vertex   8.853275e+01 3.969511e+01 -4.500000e+00
    endloop
  endfacet
  facet normal -9.881655e-01 1.533917e-01 0.000000e+00
    outer loop
      vertex   8.853275e+01 3.969511e+01 -4.500000e+00
      vertex   8.853275e+01 3.969511e+01 -3.000000e+00
      vertex   8.856814e+01 3.992305e+01 -3.000000e+00
    endloop
  endfacet
  facet normal -9.881655e-01 1.533917e-01 0.000000e+00
    outer loop
      vertex   8.853275e+01 3.969511e+01 -4.500000e+00
      vertex   8.856814e+01 3.992305e+01 -3.000000e+00
      vertex   8.856814e+01 3.992305e+01 -4.500000e+00
    endloop
  endfacet
  facet normal -9.995257e-01 -3.079506e-02 0.000000e+00
    outer loop
      vertex   8.856814e+01 3.992305e+01 -4.500000e+00
      vertex   8.856814e+01 3.992305e+01 -3.000000e+00
      vertex   8.856103e+01 4.015361e+01 -3.000000e+00
    endloop
  endfacet
  facet normal -9.995257e-01 -3.079506e-02 0.000000e+00
    outer loop
      vertex   8.856814e+01 3.992305e+01 -4.500000e+00
      vertex   8.856103e+01 4.015361e+01 -3.000000e+00
      vertex   8.856103e+01 4.015361e+01 -4.500000e+00
    endloop
  endfacet
  facet normal -9.768483e-01 -2.139331e-01 0.000000e+00
    outer loop
      vertex   8.856103e+01 4.015361e+01 -4.500000e+00
      vertex   8.856103e+01 4.015361e+01 -3.000000e+00
      vertex   8.851169e+01 4.037894e+01 -3.000000e+00
    endloop
  endfacet
  facet normal -9.768483e-01 -2.139331e-01 0.000000e+00
    outer loop
      vertex   8.856103e+01 4.015361e+01 -4.500000e+00
      vertex   8.851169e+01 4.037894e+01 -3.000000e+00
      vertex   8.851169e+01 4.037894e+01 -4.500000e+00
    endloop
  endfacet
  facet normal -9.209055e-01 -3.897859e-01 0.000000e+00
    outer loop
      vertex   8.851169e+01 4.037894e+01 -4.500000e+00
      vertex   8.851169e+01 4.037894e+01 -3.000000e+00
      vertex   8.842177e+01 4.059137e+01 -3.000000e+00
    endloop
  endfacet
  facet normal -9.209055e-01 -3.897859e-01 0.000000e+00
    outer loop
      vertex   8.851169e+01 4.037894e+01 -4.500000e+00
      vertex   8.842177e+01 4.059137e+01 -3.000000e+00
      vertex   8.842177e+01 4.059137e+01 -4.500000e+00
    endloop
  endfacet
  facet normal -8.336024e-01 -5.523650e-01 0.000000e+00
    outer loop
      vertex   8.842177e+01 4.059137e+01 -4.500000e+00
      vertex   8.842177e+01 4.059137e+01 -3.000000e+00
      vertex   8.829436e+01 4.078365e+01 -3.000000e+00
    endloop
  endfacet
  facet normal -8.336024e-01 -5.523650e-01 0.000000e+00
    outer loop
      vertex   8.842177e+01 4.059137e+01 -4.500000e+00
      vertex   8.829436e+01 4.078365e+01 -3.000000e+00
      vertex   8.829436e+01 4.078365e+01 -4.500000e+00
    endloop
  endfacet
  facet normal -7.179119e-01 -6.961339e-01 0.000000e+00
    outer loop
      vertex   8.829436e+01 4.078365e+01 -4.500000e+00
      vertex   8.829436e+01 4.078365e+01 -3.000000e+00
      vertex   8.813378e+01 4.094926e+01 -3.000000e+00
    endloop
  endfacet
  facet normal 9.226836e-02 -9.957342e-01 0.000000e+00
    outer loop
      vertex   9.244981e+01 4.122872e+01 -3.000000e+00
      vertex   9.244981e+01 4.122872e+01 -4.500000e+00
      vertex   9.267949e+01 4.125000e+01 -3.000000e+00
    endloop
  endfacet
  facet normal 9.226836e-02 -9.957342e-01 0.000000e+00
    outer loop
      vertex   9.267949e+01 4.125000e+01 -3.000000e+00
      vertex   9.244981e+01 4.122872e+01 -4.500000e+00
      vertex   9.267949e+01 4.125000e+01 -4.500000e+00
    endloop
  endfacet
  facet normal -9.226836e-02 -9.957342e-01 -0.000000e+00
    outer loop
      vertex   9.267949e+01 4.125000e+01 -3.000000e+00
      vertex   9.267949e+01 4.125000e+01 -4.500000e+00
      vertex   9.290918e+01 4.122872e+01 -3.000000e+00
    endloop
  endfacet
  facet normal -9.226836e-02 -9.957342e-01 -0.000000e+00
    outer loop
      vertex   9.290918e+01 4.122872e+01 -3.000000e+00
      vertex   9.267949e+01 4.125000e+01 -4.500000e+00
      vertex   9.290918e+01 4.122872e+01 -4.500000e+00
    endloop
  endfacet
  facet normal -2.736630e-01 -9.618256e-01 -0.000000e+00
    outer loop
      vertex   9.290918e+01 4.122872e+01 -3.000000e+00
      vertex   9.290918e+01 4.122872e+01 -4.500000e+00
      vertex   9.313104e+01 4.116559e+01 -4.500000e+00
    endloop
  endfacet
  facet normal 2.736630e-01 -9.618256e-01 0.000000e+00
    outer loop
      vertex   9.244981e+01 4.122872e+01 -3.000000e+00
      vertex   9.222794e+01 4.116559e+01 -3.000000e+00
      vertex   9.244981e+01 4.122872e+01 -4.500000e+00
    endloop
  endfacet
  facet normal 2.736630e-01 -9.618256e-01 0.000000e+00
    outer loop
      vertex   9.244981e+01 4.122872e+01 -4.500000e+00
      vertex   9.222794e+01 4.116559e+01 -3.000000e+00
      vertex   9.222794e+01 4.116559e+01 -4.500000e+00
    endloop
  endfacet
  facet normal 4.457384e-01 -8.951633e-01 0.000000e+00
    outer loop
      vertex   9.222794e+01 4.116559e+01 -4.500000e+00
      vertex   9.222794e+01 4.116559e+01 -3.000000e+00
      vertex   9.202145e+01 4.106277e+01 -3.000000e+00
    endloop
  endfacet
  facet normal 4.457384e-01 -8.951633e-01 0.000000e+00
    outer loop
      vertex   9.222794e+01 4.116559e+01 -4.500000e+00
      vertex   9.202145e+01 4.106277e+01 -3.000000e+00
      vertex   9.202145e+01 4.106277e+01 -4.500000e+00
    endloop
  endfacet
  facet normal 6.026346e-01 -7.980172e-01 0.000000e+00
    outer loop
      vertex   9.202145e+01 4.106277e+01 -4.500000e+00
      vertex   9.202145e+01 4.106277e+01 -3.000000e+00
      vertex   9.183737e+01 4.092376e+01 -3.000000e+00
    endloop
  endfacet
  facet normal 6.026346e-01 -7.980172e-01 0.000000e+00
    outer loop
      vertex   9.202145e+01 4.106277e+01 -4.500000e+00
      vertex   9.183737e+01 4.092376e+01 -3.000000e+00
      vertex   9.183737e+01 4.092376e+01 -4.500000e+00
    endloop
  endfacet
  facet normal 7.390089e-01 -6.736956e-01 0.000000e+00
    outer loop
      vertex   9.183737e+01 4.092376e+01 -4.500000e+00
      vertex   9.183737e+01 4.092376e+01 -3.000000e+00
      vertex   9.168197e+01 4.075329e+01 -3.000000e+00
    endloop
  endfacet
  facet normal 7.390089e-01 -6.736956e-01 0.000000e+00
    outer loop
      vertex   9.183737e+01 4.092376e+01 -4.500000e+00
      vertex   9.168197e+01 4.075329e+01 -3.000000e+00
      vertex   9.168197e+01 4.075329e+01 -4.500000e+00
    endloop
  endfacet
  facet normal 8.502171e-01 -5.264322e-01 0.000000e+00
    outer loop
      vertex   9.168197e+01 4.075329e+01 -4.500000e+00
      vertex   9.168197e+01 4.075329e+01 -3.000000e+00
      vertex   9.156054e+01 4.055717e+01 -3.000000e+00
    endloop
  endfacet
  facet normal 8.502171e-01 -5.264322e-01 0.000000e+00
    outer loop
      vertex   9.168197e+01 4.075329e+01 -4.500000e+00
      vertex   9.156054e+01 4.055717e+01 -3.000000e+00
      vertex   9.156054e+01 4.055717e+01 -4.500000e+00
    endloop
  endfacet
  facet normal 9.324722e-01 -3.612417e-01 0.000000e+00
    outer loop
      vertex   9.156054e+01 4.055717e+01 -4.500000e+00
      vertex   9.156054e+01 4.055717e+01 -3.000000e+00
      vertex   9.147721e+01 4.034208e+01 -3.000000e+00
    endloop
  endfacet
  facet normal 9.324722e-01 -3.612417e-01 0.000000e+00
    outer loop
      vertex   9.156054e+01 4.055717e+01 -4.500000e+00
      vertex   9.147721e+01 4.034208e+01 -3.000000e+00
      vertex   9.147721e+01 4.034208e+01 -4.500000e+00
    endloop
  endfacet
  facet normal 9.829731e-01 -1.837495e-01 0.000000e+00
    outer loop
      vertex   9.147721e+01 4.034208e+01 -4.500000e+00
      vertex   9.147721e+01 4.034208e+01 -3.000000e+00
      vertex   9.143482e+01 4.011534e+01 -3.000000e+00
    endloop
  endfacet
  facet normal 9.829731e-01 -1.837495e-01 0.000000e+00
    outer loop
      vertex   9.147721e+01 4.034208e+01 -4.500000e+00
      vertex   9.143482e+01 4.011534e+01 -3.000000e+00
      vertex   9.143482e+01 4.011534e+01 -4.500000e+00
    endloop
  endfacet
  facet normal 1.000000e+00 0.000000e+00 -0.000000e+00
    outer loop
      vertex   9.143482e+01 4.011534e+01 -4.500000e+00
      vertex   9.143482e+01 4.011534e+01 -3.000000e+00
      vertex   9.143482e+01 3.988466e+01 -3.000000e+00
    endloop
  endfacet
  facet normal 1.000000e+00 0.000000e+00 0.000000e+00
    outer loop
      vertex   9.143482e+01 4.011534e+01 -4.500000e+00
      vertex   9.143482e+01 3.988466e+01 -3.000000e+00
      vertex   9.143482e+01 3.988466e+01 -4.500000e+00
    endloop
  endfacet
  facet normal 9.829731e-01 1.837495e-01 -0.000000e+00
    outer loop
      vertex   9.143482e+01 3.988466e+01 -4.500000e+00
      vertex   9.143482e+01 3.988466e+01 -3.000000e+00
      vertex   9.147721e+01 3.965792e+01 -3.000000e+00
    endloop
  endfacet
  facet normal 9.829731e-01 1.837495e-01 0.000000e+00
    outer loop
      vertex   9.143482e+01 3.988466e+01 -4.500000e+00
      vertex   9.147721e+01 3.965792e+01 -3.000000e+00
      vertex   9.147721e+01 3.965792e+01 -4.500000e+00
    endloop
  endfacet
  facet normal 9.324722e-01 3.612417e-01 -0.000000e+00
    outer loop
      vertex   9.147721e+01 3.965792e+01 -4.500000e+00
      vertex   9.147721e+01 3.965792e+01 -3.000000e+00
      vertex   9.156054e+01 3.944283e+01 -3.000000e+00
    endloop
  endfacet
  facet normal 9.324722e-01 3.612417e-01 0.000000e+00
    outer loop
      vertex   9.147721e+01 3.965792e+01 -4.500000e+00
      vertex   9.156054e+01 3.944283e+01 -3.000000e+00
      vertex   9.156054e+01 3.944283e+01 -4.500000e+00
    endloop
  endfacet
  facet normal 8.502171e-01 5.264322e-01 -0.000000e+00
    outer loop
      vertex   9.156054e+01 3.944283e+01 -4.500000e+00
      vertex   9.156054e+01 3.944283e+01 -3.000000e+00
      vertex   9.168197e+01 3.924671e+01 -3.000000e+00
    endloop
  endfacet
  facet normal 8.502171e-01 5.264322e-01 0.000000e+00
    outer loop
      vertex   9.156054e+01 3.944283e+01 -4.500000e+00
      vertex   9.168197e+01 3.924671e+01 -3.000000e+00
      vertex   9.168197e+01 3.924671e+01 -4.500000e+00
    endloop
  endfacet
  facet normal 7.390089e-01 6.736956e-01 -0.000000e+00
    outer loop
      vertex   9.168197e+01 3.924671e+01 -4.500000e+00
      vertex   9.168197e+01 3.924671e+01 -3.000000e+00
      vertex   9.183737e+01 3.907624e+01 -3.000000e+00
    endloop
  endfacet
  facet normal 7.390089e-01 6.736956e-01 0.000000e+00
    outer loop
      vertex   9.168197e+01 3.924671e+01 -4.500000e+00
      vertex   9.183737e+01 3.907624e+01 -3.000000e+00
      vertex   9.183737e+01 3.907624e+01 -4.500000e+00
    endloop
  endfacet
  facet normal 6.026346e-01 7.980172e-01 -0.000000e+00
    outer loop
      vertex   9.183737e+01 3.907624e+01 -4.500000e+00
      vertex   9.183737e+01 3.907624e+01 -3.000000e+00
      vertex   9.202145e+01 3.893723e+01 -3.000000e+00
    endloop
  endfacet
  facet normal 6.026346e-01 7.980172e-01 0.000000e+00
    outer loop
      vertex   9.183737e+01 3.907624e+01 -4.500000e+00
      vertex   9.202145e+01 3.893723e+01 -3.000000e+00
      vertex   9.202145e+01 3.893723e+01 -4.500000e+00
    endloop
  endfacet
  facet normal 4.457384e-01 8.951633e-01 -0.000000e+00
    outer loop
      vertex   9.202145e+01 3.893723e+01 -4.500000e+00
      vertex   9.202145e+01 3.893723e+01 -3.000000e+00
      vertex   9.222794e+01 3.883441e+01 -3.000000e+00
    endloop
  endfacet
  facet normal 4.457384e-01 8.951633e-01 0.000000e+00
    outer loop
      vertex   9.202145e+01 3.893723e+01 -4.500000e+00
      vertex   9.222794e+01 3.883441e+01 -3.000000e+00
      vertex   9.222794e+01 3.883441e+01 -4.500000e+00
    endloop
  endfacet
  facet normal 2.736630e-01 9.618256e-01 -0.000000e+00
    outer loop
      vertex   9.222794e+01 3.883441e+01 -4.500000e+00
      vertex   9.222794e+01 3.883441e+01 -3.000000e+00
      vertex   9.244981e+01 3.877128e+01 -3.000000e+00
    endloop
  endfacet
  facet normal 2.736630e-01 9.618256e-01 0.000000e+00
    outer loop
      vertex   9.222794e+01 3.883441e+01 -4.500000e+00
      vertex   9.244981e+01 3.877128e+01 -3.000000e+00
      vertex   9.244981e+01 3.877128e+01 -4.500000e+00
    endloop
  endfacet
  facet normal 9.226836e-02 9.957342e-01 -0.000000e+00
    outer loop
      vertex   9.244981e+01 3.877128e+01 -4.500000e+00
      vertex   9.244981e+01 3.877128e+01 -3.000000e+00
      vertex   9.267949e+01 3.875000e+01 -3.000000e+00
    endloop
  endfacet
  facet normal 9.226836e-02 9.957342e-01 0.000000e+00
    outer loop
      vertex   9.244981e+01 3.877128e+01 -4.500000e+00
      vertex   9.267949e+01 3.875000e+01 -3.000000e+00
      vertex   9.267949e+01 3.875000e+01 -4.500000e+00
    endloop
  endfacet
  facet normal -9.226836e-02 9.957342e-01 0.000000e+00
    outer loop
      vertex   9.267949e+01 3.875000e+01 -4.500000e+00
      vertex   9.267949e+01 3.875000e+01 -3.000000e+00
      vertex   9.290918e+01 3.877128e+01 -3.000000e+00
    endloop
  endfacet
  facet normal -9.226836e-02 9.957342e-01 0.000000e+00
    outer loop
      vertex   9.267949e+01 3.875000e+01 -4.500000e+00
      vertex   9.290918e+01 3.877128e+01 -3.000000e+00
      vertex   9.290918e+01 3.877128e+01 -4.500000e+00
    endloop
  endfacet
  facet normal -2.736630e-01 9.618256e-01 0.000000e+00
    outer loop
      vertex   9.290918e+01 3.877128e+01 -4.500000e+00
      vertex   9.290918e+01 3.877128e+01 -3.000000e+00
      vertex   9.313104e+01 3.883441e+01 -3.000000e+00
    endloop
  endfacet
  facet normal -2.736630e-01 9.618256e-01 0.000000e+00
    outer loop
      vertex   9.290918e+01 3.877128e+01 -4.500000e+00
      vertex   9.313104e+01 3.883441e+01 -3.000000e+00
      vertex   9.313104e+01 3.883441e+01 -4.500000e+00
    endloop
  endfacet
  facet normal -4.457384e-01 8.951633e-01 0.000000e+00
    outer loop
      vertex   9.313104e+01 3.883441e+01 -4.500000e+00
      vertex   9.313104e+01 3.883441e+01 -3.000000e+00
      vertex   9.333753e+01 3.893723e+01 -3.000000e+00
    endloop
  endfacet
  facet normal -4.457384e-01 8.951633e-01 0.000000e+00
    outer loop
      vertex   9.313104e+01 3.883441e+01 -4.500000e+00
      vertex   9.333753e+01 3.893723e+01 -3.000000e+00
      vertex   9.333753e+01 3.893723e+01 -4.500000e+00
    endloop
  endfacet
  facet normal -6.026346e-01 7.980172e-01 0.000000e+00
    outer loop
      vertex   9.333753e+01 3.893723e+01 -4.500000e+00
      vertex   9.333753e+01 3.893723e+01 -3.000000e+00
      vertex   9.352161e+01 3.907624e+01 -3.000000e+00
    endloop
  endfacet
  facet normal -6.026346e-01 7.980172e-01 0.000000e+00
    outer loop
      vertex   9.333753e+01 3.893723e+01 -4.500000e+00
      vertex   9.352161e+01 3.907624e+01 -3.000000e+00
      vertex   9.352161e+01 3.907624e+01 -4.500000e+00
    endloop
  endfacet
  facet normal -7.390089e-01 6.736956e-01 0.000000e+00
    outer loop
      vertex   9.352161e+01 3.907624e+01 -4.500000e+00
      vertex   9.352161e+01 3.907624e+01 -3.000000e+00
      vertex   9.367701e+01 3.924671e+01 -3.000000e+00
    endloop
  endfacet
  facet normal -7.390089e-01 6.736956e-01 0.000000e+00
    outer loop
      vertex   9.352161e+01 3.907624e+01 -4.500000e+00
      vertex   9.367701e+01 3.924671e+01 -3.000000e+00
      vertex   9.367701e+01 3.924671e+01 -4.500000e+00
    endloop
  endfacet
  facet normal -8.502171e-01 5.264322e-01 0.000000e+00
    outer loop
      vertex   9.367701e+01 3.924671e+01 -4.500000e+00
      vertex   9.367701e+01 3.924671e+01 -3.000000e+00
      vertex   9.379845e+01 3.944283e+01 -3.000000e+00
    endloop
  endfacet
  facet normal -8.502171e-01 5.264322e-01 0.000000e+00
    outer loop
      vertex   9.367701e+01 3.924671e+01 -4.500000e+00
      vertex   9.379845e+01 3.944283e+01 -3.000000e+00
      vertex   9.379845e+01 3.944283e+01 -4.500000e+00
    endloop
  endfacet
  facet normal -9.324722e-01 3.612417e-01 0.000000e+00
    outer loop
      vertex   9.379845e+01 3.944283e+01 -4.500000e+00
      vertex   9.379845e+01 3.944283e+01 -3.000000e+00
      vertex   9.388177e+01 3.965792e+01 -3.000000e+00
    endloop
  endfacet
  facet normal -9.324722e-01 3.612417e-01 0.000000e+00
    outer loop
      vertex   9.379845e+01 3.944283e+01 -4.500000e+00
      vertex   9.388177e+01 3.965792e+01 -3.000000e+00
      vertex   9.388177e+01 3.965792e+01 -4.500000e+00
    endloop
  endfacet
  facet normal -9.829731e-01 1.837495e-01 0.000000e+00
    outer loop
      vertex   9.388177e+01 3.965792e+01 -4.500000e+00
      vertex   9.388177e+01 3.965792e+01 -3.000000e+00
      vertex   9.392416e+01 3.988466e+01 -3.000000e+00
    endloop
  endfacet
  facet normal -9.829731e-01 1.837495e-01 0.000000e+00
    outer loop
      vertex   9.388177e+01 3.965792e+01 -4.500000e+00
      vertex   9.392416e+01 3.988466e+01 -3.000000e+00
      vertex   9.392416e+01 3.988466e+01 -4.500000e+00
    endloop
  endfacet
  facet normal -1.000000e+00 0.000000e+00 0.000000e+00
    outer loop
      vertex   9.392416e+01 3.988466e+01 -4.500000e+00
      vertex   9.392416e+01 3.988466e+01 -3.000000e+00
      vertex   9.392416e+01 4.011534e+01 -3.000000e+00
    endloop
  endfacet
  facet normal -1.000000e+00 0.000000e+00 0.000000e+00
    outer loop
      vertex   9.392416e+01 3.988466e+01 -4.500000e+00
      vertex   9.392416e+01 4.011534e+01 -3.000000e+00
      vertex   9.392416e+01 4.011534e+01 -4.500000e+00
    endloop
  endfacet
  facet normal -9.829731e-01 -1.837495e-01 0.000000e+00
    outer loop
      vertex   9.392416e+01 4.011534e+01 -4.500000e+00
      vertex   9.392416e+01 4.011534e+01 -3.000000e+00
      vertex   9.388177e+01 4.034208e+01 -3.000000e+00
    endloop
  endfacet
  facet normal -9.829731e-01 -1.837495e-01 0.000000e+00
    outer loop
      vertex   9.392416e+01 4.011534e+01 -4.500000e+00
      vertex   9.388177e+01 4.034208e+01 -3.000000e+00
      vertex   9.388177e+01 4.034208e+01 -4.500000e+00
    endloop
  endfacet
  facet normal -9.324722e-01 -3.612417e-01 0.000000e+00
    outer loop
      vertex   9.388177e+01 4.034208e+01 -4.500000e+00
      vertex   9.388177e+01 4.034208e+01 -3.000000e+00
      vertex   9.379845e+01 4.055717e+01 -3.000000e+00
    endloop
  endfacet
  facet normal -9.324722e-01 -3.612417e-01 0.000000e+00
    outer loop
      vertex   9.388177e+01 4.034208e+01 -4.500000e+00
      vertex   9.379845e+01 4.055717e+01 -3.000000e+00
      vertex   9.379845e+01 4.055717e+01 -4.500000e+00
    endloop
  endfacet
  facet normal -8.502171e-01 -5.264322e-01 0.000000e+00
    outer loop
      vertex   9.379845e+01 4.055717e+01 -4.500000e+00
      vertex   9.379845e+01 4.055717e+01 -3.000000e+00
      vertex   9.367701e+01 4.075329e+01 -3.000000e+00
    endloop
  endfacet
  facet normal -8.502171e-01 -5.264322e-01 0.000000e+00
    outer loop
      vertex   9.379845e+01 4.055717e+01 -4.500000e+00
      vertex   9.367701e+01 4.075329e+01 -3.000000e+00
      vertex   9.367701e+01 4.075329e+01 -4.500000e+00
    endloop
  endfacet
  facet normal -7.390089e-01 -6.736956e-01 0.000000e+00
    outer loop
      vertex   9.367701e+01 4.075329e+01 -4.500000e+00
      vertex   9.367701e+01 4.075329e+01 -3.000000e+00
      vertex   9.352161e+01 4.092376e+01 -3.000000e+00
    endloop
  endfacet
  facet normal -7.390089e-01 -6.736956e-01 0.000000e+00
    outer loop
      vertex   9.367701e+01 4.075329e+01 -4.500000e+00
      vertex   9.352161e+01 4.092376e+01 -3.000000e+00
      vertex   9.352161e+01 4.092376e+01 -4.500000e+00
    endloop
  endfacet
  facet normal -6.026346e-01 -7.980172e-01 0.000000e+00
    outer loop
      vertex   9.352161e+01 4.092376e+01 -4.500000e+00
      vertex   9.352161e+01 4.092376e+01 -3.000000e+00
      vertex   9.333753e+01 4.106277e+01 -3.000000e+00
    endloop
  endfacet
  facet normal -6.026346e-01 -7.980172e-01 0.000000e+00
    outer loop
      vertex   9.352161e+01 4.092376e+01 -4.500000e+00
      vertex   9.333753e+01 4.106277e+01 -3.000000e+00
      vertex   9.333753e+01 4.106277e+01 -4.500000e+00
    endloop
  endfacet
  facet normal -4.457384e-01 -8.951633e-01 0.000000e+00
    outer loop
      vertex   9.333753e+01 4.106277e+01 -4.500000e+00
      vertex   9.333753e+01 4.106277e+01 -3.000000e+00
      vertex   9.313104e+01 4.116559e+01 -3.000000e+00
    endloop
  endfacet
  facet normal -4.457384e-01 -8.951633e-01 0.000000e+00
    outer loop
      vertex   9.333753e+01 4.106277e+01 -4.500000e+00
      vertex   9.313104e+01 4.116559e+01 -3.000000e+00
      vertex   9.313104e+01 4.116559e+01 -4.500000e+00
    endloop
  endfacet
  facet normal -2.736630e-01 -9.618256e-01 0.000000e+00
    outer loop
      vertex   9.313104e+01 4.116559e+01 -4.500000e+00
      vertex   9.313104e+01 4.116559e+01 -3.000000e+00
      vertex   9.290918e+01 4.122872e+01 -3.000000e+00
    endloop
  endfacet
  facet normal 5.777738e-01 -8.161969e-01 0.000000e+00
    outer loop
      vertex   9.650724e+01 4.362875e+01 -3.000000e+00
      vertex   9.650724e+01 4.362875e+01 -4.500000e+00
      vertex   9.669551e+01 4.376202e+01 -3.000000e+00
    endloop
  endfacet
  facet normal 5.777738e-01 -8.161969e-01 0.000000e+00
    outer loop
      vertex   9.669551e+01 4.376202e+01 -3.000000e+00
      vertex   9.650724e+01 4.362875e+01 -4.500000e+00
      vertex   9.669551e+01 4.376202e+01 -4.500000e+00
    endloop
  endfacet
  facet normal 4.179603e-01 -9.084653e-01 0.000000e+00
    outer loop
      vertex   9.669551e+01 4.376202e+01 -3.000000e+00
      vertex   9.669551e+01 4.376202e+01 -4.500000e+00
      vertex   9.690506e+01 4.385843e+01 -3.000000e+00
    endloop
  endfacet
  facet normal 4.179603e-01 -9.084653e-01 0.000000e+00
    outer loop
      vertex   9.690506e+01 4.385843e+01 -3.000000e+00
      vertex   9.669551e+01 4.376202e+01 -4.500000e+00
      vertex   9.690506e+01 4.385843e+01 -4.500000e+00
    endloop
  endfacet
  facet normal 2.439137e-01 -9.697969e-01 0.000000e+00
    outer loop
      vertex   9.690506e+01 4.385843e+01 -3.000000e+00
      vertex   9.690506e+01 4.385843e+01 -4.500000e+00
      vertex   9.712877e+01 4.391470e+01 -4.500000e+00
    endloop
  endfacet
  facet normal 7.179119e-01 -6.961339e-01 0.000000e+00
    outer loop
      vertex   9.650724e+01 4.362875e+01 -3.000000e+00
      vertex   9.634666e+01 4.346315e+01 -3.000000e+00
      vertex   9.650724e+01 4.362875e+01 -4.500000e+00
    endloop
  endfacet
  facet normal 7.179119e-01 -6.961339e-01 0.000000e+00
    outer loop
      vertex   9.650724e+01 4.362875e+01 -4.500000e+00
      vertex   9.634666e+01 4.346315e+01 -3.000000e+00
      vertex   9.634666e+01 4.346315e+01 -4.500000e+00
    endloop
  endfacet
  facet normal 8.336024e-01 -5.523650e-01 0.000000e+00
    outer loop
      vertex   9.634666e+01 4.346315e+01 -4.500000e+00
      vertex   9.634666e+01 4.346315e+01 -3.000000e+00
      vertex   9.621924e+01 4.327086e+01 -3.000000e+00
    endloop
  endfacet
  facet normal 8.336024e-01 -5.523650e-01 0.000000e+00
    outer loop
      vertex   9.634666e+01 4.346315e+01 -4.500000e+00
      vertex   9.621924e+01 4.327086e+01 -3.000000e+00
      vertex   9.621924e+01 4.327086e+01 -4.500000e+00
    endloop
  endfacet
  facet normal 9.209055e-01 -3.897859e-01 0.000000e+00
    outer loop
      vertex   9.621924e+01 4.327086e+01 -4.500000e+00
      vertex   9.621924e+01 4.327086e+01 -3.000000e+00
      vertex   9.612933e+01 4.305843e+01 -3.000000e+00
    endloop
  endfacet
  facet normal 9.209055e-01 -3.897859e-01 0.000000e+00
    outer loop
      vertex   9.621924e+01 4.327086e+01 -4.500000e+00
      vertex   9.612933e+01 4.305843e+01 -3.000000e+00
      vertex   9.612933e+01 4.305843e+01 -4.500000e+00
    endloop
  endfacet
  facet normal 9.768483e-01 -2.139331e-01 0.000000e+00
    outer loop
      vertex   9.612933e+01 4.305843e+01 -4.500000e+00
      vertex   9.612933e+01 4.305843e+01 -3.000000e+00
      vertex   9.607998e+01 4.283310e+01 -3.000000e+00
    endloop
  endfacet
  facet normal 9.768483e-01 -2.139331e-01 0.000000e+00
    outer loop
      vertex   9.612933e+01 4.305843e+01 -4.500000e+00
      vertex   9.607998e+01 4.283310e+01 -3.000000e+00
      vertex   9.607998e+01 4.283310e+01 -4.500000e+00
    endloop
  endfacet
  facet normal 9.995257e-01 -3.079506e-02 0.000000e+00
    outer loop
      vertex   9.607998e+01 4.283310e+01 -4.500000e+00
      vertex   9.607998e+01 4.283310e+01 -3.000000e+00
      vertex   9.607288e+01 4.260254e+01 -3.000000e+00
    endloop
  endfacet
  facet normal 9.995257e-01 -3.079506e-02 0.000000e+00
    outer loop
      vertex   9.607998e+01 4.283310e+01 -4.500000e+00
      vertex   9.607288e+01 4.260254e+01 -3.000000e+00
      vertex   9.607288e+01 4.260254e+01 -4.500000e+00
    endloop
  endfacet
  facet normal 9.881655e-01 1.533917e-01 -0.000000e+00
    outer loop
      vertex   9.607288e+01 4.260254e+01 -4.500000e+00
      vertex   9.607288e+01 4.260254e+01 -3.000000e+00
      vertex   9.610826e+01 4.237460e+01 -3.000000e+00
    endloop
  endfacet
  facet normal 9.881655e-01 1.533917e-01 9.360316e-15
    outer loop
      vertex   9.607288e+01 4.260254e+01 -4.500000e+00
      vertex   9.610826e+01 4.237460e+01 -3.000000e+00
      vertex   9.610826e+01 4.237460e+01 -4.500000e+00
    endloop
  endfacet
  facet normal 9.431544e-01 3.323548e-01 8.935354e-15
    outer loop
      vertex   9.610826e+01 4.237460e+01 -4.500000e+00
      vertex   9.610826e+01 4.237460e+01 -3.000000e+00
      vertex   9.618493e+01 4.215704e+01 -3.000000e+00
    endloop
  endfacet
  facet normal 9.431544e-01 3.323548e-01 0.000000e+00
    outer loop
      vertex   9.610826e+01 4.237460e+01 -4.500000e+00
      vertex   9.618493e+01 4.215704e+01 -3.000000e+00
      vertex   9.618493e+01 4.215704e+01 -4.500000e+00
    endloop
  endfacet
  facet normal 8.660254e-01 5.000000e-01 -0.000000e+00
    outer loop
      vertex   9.618493e+01 4.215704e+01 -4.500000e+00
      vertex   9.618493e+01 4.215704e+01 -3.000000e+00
      vertex   9.630026e+01 4.195727e+01 -3.000000e+00
    endloop
  endfacet
  facet normal 8.660254e-01 5.000000e-01 0.000000e+00
    outer loop
      vertex   9.618493e+01 4.215704e+01 -4.500000e+00
      vertex   9.630026e+01 4.195727e+01 -3.000000e+00
      vertex   9.630026e+01 4.195727e+01 -4.500000e+00
    endloop
  endfacet
  facet normal 7.594049e-01 6.506183e-01 -0.000000e+00
    outer loop
      vertex   9.630026e+01 4.195727e+01 -4.500000e+00
      vertex   9.630026e+01 4.195727e+01 -3.000000e+00
      vertex   9.645034e+01 4.178210e+01 -3.000000e+00
    endloop
  endfacet
  facet normal 7.594049e-01 6.506183e-01 0.000000e+00
    outer loop
      vertex   9.630026e+01 4.195727e+01 -4.500000e+00
      vertex   9.645034e+01 4.178210e+01 -3.000000e+00
      vertex   9.645034e+01 4.178210e+01 -4.500000e+00
    endloop
  endfacet
  facet normal 6.269238e-01 7.790806e-01 -0.000000e+00
    outer loop
      vertex   9.645034e+01 4.178210e+01 -4.500000e+00
      vertex   9.645034e+01 4.178210e+01 -3.000000e+00
      vertex   9.663005e+01 4.163749e+01 -3.000000e+00
    endloop
  endfacet
  facet normal 6.269238e-01 7.790806e-01 0.000000e+00
    outer loop
      vertex   9.645034e+01 4.178210e+01 -4.500000e+00
      vertex   9.663005e+01 4.163749e+01 -3.000000e+00
      vertex   9.663005e+01 4.163749e+01 -4.500000e+00
    endloop
  endfacet
  facet normal 4.730936e-01 8.810122e-01 -0.000000e+00
    outer loop
      vertex   9.663005e+01 4.163749e+01 -4.500000e+00
      vertex   9.663005e+01 4.163749e+01 -3.000000e+00
      vertex   9.683328e+01 4.152836e+01 -3.000000e+00
    endloop
  endfacet
  facet normal 4.730936e-01 8.810122e-01 0.000000e+00
    outer loop
      vertex   9.663005e+01 4.163749e+01 -4.500000e+00
      vertex   9.683328e+01 4.152836e+01 -3.000000e+00
      vertex   9.683328e+01 4.152836e+01 -4.500000e+00
    endloop
  endfacet
  facet normal 3.031527e-01 9.529420e-01 -0.000000e+00
    outer loop
      vertex   9.683328e+01 4.152836e+01 -4.500000e+00
      vertex   9.683328e+01 4.152836e+01 -3.000000e+00
      vertex   9.705309e+01 4.145843e+01 -3.000000e+00
    endloop
  endfacet
  facet normal 3.031527e-01 9.529420e-01 0.000000e+00
    outer loop
      vertex   9.683328e+01 4.152836e+01 -4.500000e+00
      vertex   9.705309e+01 4.145843e+01 -3.000000e+00
      vertex   9.705309e+01 4.145843e+01 -4.500000e+00
    endloop
  endfacet
  facet normal 1.228883e-01 9.924205e-01 -0.000000e+00
    outer loop
      vertex   9.705309e+01 4.145843e+01 -4.500000e+00
      vertex   9.705309e+01 4.145843e+01 -3.000000e+00
      vertex   9.728201e+01 4.143008e+01 -3.000000e+00
    endloop
  endfacet
  facet normal 1.228883e-01 9.924205e-01 0.000000e+00
    outer loop
      vertex   9.705309e+01 4.145843e+01 -4.500000e+00
      vertex   9.728201e+01 4.143008e+01 -3.000000e+00
      vertex   9.728201e+01 4.143008e+01 -4.500000e+00
    endloop
  endfacet
  facet normal -6.156091e-02 9.981033e-01 0.000000e+00
    outer loop
      vertex   9.728201e+01 4.143008e+01 -4.500000e+00
      vertex   9.728201e+01 4.143008e+01 -3.000000e+00
      vertex   9.751225e+01 4.144429e+01 -3.000000e+00
    endloop
  endfacet
  facet normal -6.156091e-02 9.981033e-01 0.000000e+00
    outer loop
      vertex   9.728201e+01 4.143008e+01 -4.500000e+00
      vertex   9.751225e+01 4.144429e+01 -3.000000e+00
      vertex   9.751225e+01 4.144429e+01 -4.500000e+00
    endloop
  endfacet
  facet normal -2.439137e-01 9.697969e-01 0.000000e+00
    outer loop
      vertex   9.751225e+01 4.144429e+01 -4.500000e+00
      vertex   9.751225e+01 4.144429e+01 -3.000000e+00
      vertex   9.773595e+01 4.150055e+01 -3.000000e+00
    endloop
  endfacet
  facet normal -2.439137e-01 9.697969e-01 0.000000e+00
    outer loop
      vertex   9.751225e+01 4.144429e+01 -4.500000e+00
      vertex   9.773595e+01 4.150055e+01 -3.000000e+00
      vertex   9.773595e+01 4.150055e+01 -4.500000e+00
    endloop
  endfacet
  facet normal -4.179603e-01 9.084653e-01 0.000000e+00
    outer loop
      vertex   9.773595e+01 4.150055e+01 -4.500000e+00
      vertex   9.773595e+01 4.150055e+01 -3.000000e+00
      vertex   9.794551e+01 4.159696e+01 -3.000000e+00
    endloop
  endfacet
  facet normal -4.179603e-01 9.084653e-01 0.000000e+00
    outer loop
      vertex   9.773595e+01 4.150055e+01 -4.500000e+00
      vertex   9.794551e+01 4.159696e+01 -3.000000e+00
      vertex   9.794551e+01 4.159696e+01 -4.500000e+00
    endloop
  endfacet
  facet normal -5.777738e-01 8.161969e-01 0.000000e+00
    outer loop
      vertex   9.794551e+01 4.159696e+01 -4.500000e+00
      vertex   9.794551e+01 4.159696e+01 -3.000000e+00
      vertex   9.813378e+01 4.173024e+01 -3.000000e+00
    endloop
  endfacet
  facet normal -5.777738e-01 8.161969e-01 0.000000e+00
    outer loop
      vertex   9.794551e+01 4.159696e+01 -4.500000e+00
      vertex   9.813378e+01 4.173024e+01 -3.000000e+00
      vertex   9.813378e+01 4.173024e+01 -4.500000e+00
    endloop
  endfacet
  facet normal -7.179119e-01 6.961339e-01 0.000000e+00
    outer loop
      vertex   9.813378e+01 4.173024e+01 -4.500000e+00
      vertex   9.813378e+01 4.173024e+01 -3.000000e+00
      vertex   9.829436e+01 4.189584e+01 -3.000000e+00
    endloop
  endfacet
  facet normal -7.179119e-01 6.961339e-01 0.000000e+00
    outer loop
      vertex   9.813378e+01 4.173024e+01 -4.500000e+00
      vertex   9.829436e+01 4.189584e+01 -3.000000e+00
      vertex   9.829436e+01 4.189584e+01 -4.500000e+00
    endloop
  endfacet
  facet normal -8.336024e-01 5.523650e-01 0.000000e+00
    outer loop
      vertex   9.829436e+01 4.189584e+01 -4.500000e+00
      vertex   9.829436e+01 4.189584e+01 -3.000000e+00
      vertex   9.842177e+01 4.208812e+01 -3.000000e+00
    endloop
  endfacet
  facet normal -8.336024e-01 5.523650e-01 0.000000e+00
    outer loop
      vertex   9.829436e+01 4.189584e+01 -4.500000e+00
      vertex   9.842177e+01 4.208812e+01 -3.000000e+00
      vertex   9.842177e+01 4.208812e+01 -4.500000e+00
    endloop
  endfacet
  facet normal -9.209055e-01 3.897859e-01 0.000000e+00
    outer loop
      vertex   9.842177e+01 4.208812e+01 -4.500000e+00
      vertex   9.842177e+01 4.208812e+01 -3.000000e+00
      vertex   9.851169e+01 4.230055e+01 -3.000000e+00
    endloop
  endfacet
  facet normal -9.209055e-01 3.897859e-01 0.000000e+00
    outer loop
      vertex   9.842177e+01 4.208812e+01 -4.500000e+00
      vertex   9.851169e+01 4.230055e+01 -3.000000e+00
      vertex   9.851169e+01 4.230055e+01 -4.500000e+00
    endloop
  endfacet
  facet normal -9.768483e-01 2.139331e-01 0.000000e+00
    outer loop
      vertex   9.851169e+01 4.230055e+01 -4.500000e+00
      vertex   9.851169e+01 4.230055e+01 -3.000000e+00
      vertex   9.856103e+01 4.252588e+01 -3.000000e+00
    endloop
  endfacet
  facet normal -9.768483e-01 2.139331e-01 0.000000e+00
    outer loop
      vertex   9.851169e+01 4.230055e+01 -4.500000e+00
      vertex   9.856103e+01 4.252588e+01 -3.000000e+00
      vertex   9.856103e+01 4.252588e+01 -4.500000e+00
    endloop
  endfacet
  facet normal -9.995257e-01 3.079506e-02 0.000000e+00
    outer loop
      vertex   9.856103e+01 4.252588e+01 -4.500000e+00
      vertex   9.856103e+01 4.252588e+01 -3.000000e+00
      vertex   9.856814e+01 4.275644e+01 -3.000000e+00
    endloop
  endfacet
  facet normal -9.995257e-01 3.079506e-02 0.000000e+00
    outer loop
      vertex   9.856103e+01 4.252588e+01 -4.500000e+00
      vertex   9.856814e+01 4.275644e+01 -3.000000e+00
      vertex   9.856814e+01 4.275644e+01 -4.500000e+00
    endloop
  endfacet
  facet normal -9.881655e-01 -1.533917e-01 0.000000e+00
    outer loop
      vertex   9.856814e+01 4.275644e+01 -4.500000e+00
      vertex   9.856814e+01 4.275644e+01 -3.000000e+00
      vertex   9.853275e+01 4.298438e+01 -3.000000e+00
    endloop
  endfacet
  facet normal -9.881655e-01 -1.533917e-01 0.000000e+00
    outer loop
      vertex   9.856814e+01 4.275644e+01 -4.500000e+00
      vertex   9.853275e+01 4.298438e+01 -3.000000e+00
      vertex   9.853275e+01 4.298438e+01 -4.500000e+00
    endloop
  endfacet
  facet normal -9.431544e-01 -3.323548e-01 0.000000e+00
    outer loop
      vertex   9.853275e+01 4.298438e+01 -4.500000e+00
      vertex   9.853275e+01 4.298438e+01 -3.000000e+00
      vertex   9.845609e+01 4.320194e+01 -3.000000e+00
    endloop
  endfacet
  facet normal -9.431544e-01 -3.323548e-01 0.000000e+00
    outer loop
      vertex   9.853275e+01 4.298438e+01 -4.500000e+00
      vertex   9.845609e+01 4.320194e+01 -3.000000e+00
      vertex   9.845609e+01 4.320194e+01 -4.500000e+00
    endloop
  endfacet
  facet normal -8.660254e-01 -5.000000e-01 0.000000e+00
    outer loop
      vertex   9.845609e+01 4.320194e+01 -4.500000e+00
      vertex   9.845609e+01 4.320194e+01 -3.000000e+00
      vertex   9.834075e+01 4.340171e+01 -3.000000e+00
    endloop
  endfacet
  facet normal -8.660254e-01 -5.000000e-01 0.000000e+00
    outer loop
      vertex   9.845609e+01 4.320194e+01 -4.500000e+00
      vertex   9.834075e+01 4.340171e+01 -3.000000e+00
      vertex   9.834075e+01 4.340171e+01 -4.500000e+00
    endloop
  endfacet
  facet normal -7.594049e-01 -6.506183e-01 0.000000e+00
    outer loop
      vertex   9.834075e+01 4.340171e+01 -4.500000e+00
      vertex   9.834075e+01 4.340171e+01 -3.000000e+00
      vertex   9.819068e+01 4.357688e+01 -3.000000e+00
    endloop
  endfacet
  facet normal -7.594049e-01 -6.506183e-01 0.000000e+00
    outer loop
      vertex   9.834075e+01 4.340171e+01 -4.500000e+00
      vertex   9.819068e+01 4.357688e+01 -3.000000e+00
      vertex   9.819068e+01 4.357688e+01 -4.500000e+00
    endloop
  endfacet
  facet normal -6.269238e-01 -7.790806e-01 0.000000e+00
    outer loop
      vertex   9.819068e+01 4.357688e+01 -4.500000e+00
      vertex   9.819068e+01 4.357688e+01 -3.000000e+00
      vertex   9.801096e+01 4.372149e+01 -3.000000e+00
    endloop
  endfacet
  facet normal -6.269238e-01 -7.790806e-01 0.000000e+00
    outer loop
      vertex   9.819068e+01 4.357688e+01 -4.500000e+00
      vertex   9.801096e+01 4.372149e+01 -3.000000e+00
      vertex   9.801096e+01 4.372149e+01 -4.500000e+00
    endloop
  endfacet
  facet normal -4.730936e-01 -8.810122e-01 0.000000e+00
    outer loop
      vertex   9.801096e+01 4.372149e+01 -4.500000e+00
      vertex   9.801096e+01 4.372149e+01 -3.000000e+00
      vertex   9.780774e+01 4.383062e+01 -3.000000e+00
    endloop
  endfacet
  facet normal -4.730936e-01 -8.810122e-01 0.000000e+00
    outer loop
      vertex   9.801096e+01 4.372149e+01 -4.500000e+00
      vertex   9.780774e+01 4.383062e+01 -3.000000e+00
      vertex   9.780774e+01 4.383062e+01 -4.500000e+00
    endloop
  endfacet
  facet normal -3.031527e-01 -9.529420e-01 0.000000e+00
    outer loop
      vertex   9.780774e+01 4.383062e+01 -4.500000e+00
      vertex   9.780774e+01 4.383062e+01 -3.000000e+00
      vertex   9.758792e+01 4.390055e+01 -3.000000e+00
    endloop
  endfacet
  facet normal -3.031527e-01 -9.529420e-01 0.000000e+00
    outer loop
      vertex   9.780774e+01 4.383062e+01 -4.500000e+00
      vertex   9.758792e+01 4.390055e+01 -3.000000e+00
      vertex   9.758792e+01 4.390055e+01 -4.500000e+00
    endloop
  endfacet
  facet normal -1.228883e-01 -9.924205e-01 0.000000e+00
    outer loop
      vertex   9.758792e+01 4.390055e+01 -4.500000e+00
      vertex   9.758792e+01 4.390055e+01 -3.000000e+00
      vertex   9.735900e+01 4.392890e+01 -3.000000e+00
    endloop
  endfacet
  facet normal -1.228883e-01 -9.924205e-01 0.000000e+00
    outer loop
      vertex   9.758792e+01 4.390055e+01 -4.500000e+00
      vertex   9.735900e+01 4.392890e+01 -3.000000e+00
      vertex   9.735900e+01 4.392890e+01 -4.500000e+00
    endloop
  endfacet
  facet normal 6.156091e-02 -9.981033e-01 0.000000e+00
    outer loop
      vertex   9.735900e+01 4.392890e+01 -4.500000e+00
      vertex   9.735900e+01 4.392890e+01 -3.000000e+00
      vertex   9.712877e+01 4.391470e+01 -3.000000e+00
    endloop
  endfacet
  facet normal 6.156091e-02 -9.981033e-01 0.000000e+00
    outer loop
      vertex   9.735900e+01 4.392890e+01 -4.500000e+00
      vertex   9.712877e+01 4.391470e+01 -3.000000e+00
      vertex   9.712877e+01 4.391470e+01 -4.500000e+00
    endloop
  endfacet
  facet normal 2.439137e-01 -9.697969e-01 0.000000e+00
    outer loop
      vertex   9.712877e+01 4.391470e+01 -4.500000e+00
      vertex   9.712877e+01 4.391470e+01 -3.000000e+00
      vertex   9.690506e+01 4.385843e+01 -3.000000e+00
    endloop
  endfacet
  facet normal 9.084653e-01 -4.179603e-01 0.000000e+00
    outer loop
      vertex   9.882106e+01 4.773595e+01 -3.000000e+00
      vertex   9.882106e+01 4.773595e+01 -4.500000e+00
      vertex   9.891747e+01 4.794551e+01 -3.000000e+00
    endloop
  endfacet
  facet normal 9.084653e-01 -4.179603e-01 0.000000e+00
    outer loop
      vertex   9.891747e+01 4.794551e+01 -3.000000e+00
      vertex   9.882106e+01 4.773595e+01 -4.500000e+00
      vertex   9.891747e+01 4.794551e+01 -4.500000e+00
    endloop
  endfacet
  facet normal 8.161969e-01 -5.777738e-01 0.000000e+00
    outer loop
      vertex   9.891747e+01 4.794551e+01 -3.000000e+00
      vertex   9.891747e+01 4.794551e+01 -4.500000e+00
      vertex   9.905074e+01 4.813378e+01 -3.000000e+00
    endloop
  endfacet
  facet normal 8.161969e-01 -5.777738e-01 0.000000e+00
    outer loop
      vertex   9.905074e+01 4.813378e+01 -3.000000e+00
      vertex   9.891747e+01 4.794551e+01 -4.500000e+00
      vertex   9.905074e+01 4.813378e+01 -4.500000e+00
    endloop
  endfacet
  facet normal 6.961339e-01 -7.179119e-01 0.000000e+00
    outer loop
      vertex   9.905074e+01 4.813378e+01 -3.000000e+00
      vertex   9.905074e+01 4.813378e+01 -4.500000e+00
      vertex   9.921635e+01 4.829436e+01 -4.500000e+00
    endloop
  endfacet
  facet normal 9.697969e-01 -2.439137e-01 0.000000e+00
    outer loop
      vertex   9.882106e+01 4.773595e+01 -3.000000e+00
      vertex   9.876479e+01 4.751225e+01 -3.000000e+00
      vertex   9.882106e+01 4.773595e+01 -4.500000e+00
    endloop
  endfacet
  facet normal 9.697969e-01 -2.439137e-01 0.000000e+00
    outer loop
      vertex   9.882106e+01 4.773595e+01 -4.500000e+00
      vertex   9.876479e+01 4.751225e+01 -3.000000e+00
      vertex   9.876479e+01 4.751225e+01 -4.500000e+00
    endloop
  endfacet
  facet normal 9.981033e-01 -6.156091e-02 0.000000e+00
    outer loop
      vertex   9.876479e+01 4.751225e+01 -4.500000e+00
      vertex   9.876479e+01 4.751225e+01 -3.000000e+00
      vertex   9.875059e+01 4.728201e+01 -3.000000e+00
    endloop
  endfacet
  facet normal 9.981033e-01 -6.156091e-02 0.000000e+00
    outer loop
      vertex   9.876479e+01 4.751225e+01 -4.500000e+00
      vertex   9.875059e+01 4.728201e+01 -3.000000e+00
      vertex   9.875059e+01 4.728201e+01 -4.500000e+00
    endloop
  endfacet
  facet normal 9.924205e-01 1.228883e-01 -0.000000e+00
    outer loop
      vertex   9.875059e+01 4.728201e+01 -4.500000e+00
      vertex   9.875059e+01 4.728201e+01 -3.000000e+00
      vertex   9.877894e+01 4.705309e+01 -3.000000e+00
    endloop
  endfacet
  facet normal 9.924205e-01 1.228883e-01 0.000000e+00
    outer loop
      vertex   9.875059e+01 4.728201e+01 -4.500000e+00
      vertex   9.877894e+01 4.705309e+01 -3.000000e+00
      vertex   9.877894e+01 4.705309e+01 -4.500000e+00
    endloop
  endfacet
  facet normal 9.529420e-01 3.031527e-01 -0.000000e+00
    outer loop
      vertex   9.877894e+01 4.705309e+01 -4.500000e+00
      vertex   9.877894e+01 4.705309e+01 -3.000000e+00
      vertex   9.884887e+01 4.683328e+01 -3.000000e+00
    endloop
  endfacet
  facet normal 9.529420e-01 3.031527e-01 0.000000e+00
    outer loop
      vertex   9.877894e+01 4.705309e+01 -4.500000e+00
      vertex   9.884887e+01 4.683328e+01 -3.000000e+00
      vertex   9.884887e+01 4.683328e+01 -4.500000e+00
    endloop
  endfacet
  facet normal 8.810122e-01 4.730936e-01 -0.000000e+00
    outer loop
      vertex   9.884887e+01 4.683328e+01 -4.500000e+00
      vertex   9.884887e+01 4.683328e+01 -3.000000e+00
      vertex   9.895800e+01 4.663005e+01 -3.000000e+00
    endloop
  endfacet
  facet normal 8.810122e-01 4.730936e-01 0.000000e+00
    outer loop
      vertex   9.884887e+01 4.683328e+01 -4.500000e+00
      vertex   9.895800e+01 4.663005e+01 -3.000000e+00
      vertex   9.895800e+01 4.663005e+01 -4.500000e+00
    endloop
  endfacet
  facet normal 7.790806e-01 6.269238e-01 -0.000000e+00
    outer loop
      vertex   9.895800e+01 4.663005e+01 -4.500000e+00
      vertex   9.895800e+01 4.663005e+01 -3.000000e+00
      vertex   9.910261e+01 4.645034e+01 -3.000000e+00
    endloop
  endfacet
  facet normal 7.790806e-01 6.269238e-01 0.000000e+00
    outer loop
      vertex   9.895800e+01 4.663005e+01 -4.500000e+00
      vertex   9.910261e+01 4.645034e+01 -3.000000e+00
      vertex   9.910261e+01 4.645034e+01 -4.500000e+00
    endloop
  endfacet
  facet normal 6.506183e-01 7.594049e-01 -0.000000e+00
    outer loop
      vertex   9.910261e+01 4.645034e+01 -4.500000e+00
      vertex   9.910261e+01 4.645034e+01 -3.000000e+00
      vertex   9.927778e+01 4.630026e+01 -3.000000e+00
    endloop
  endfacet
  facet normal 6.506183e-01 7.594049e-01 0.000000e+00
    outer loop
      vertex   9.910261e+01 4.645034e+01 -4.500000e+00
      vertex   9.927778e+01 4.630026e+01 -3.000000e+00
      vertex   9.927778e+01 4.630026e+01 -4.500000e+00
    endloop
  endfacet
  facet normal 5.000000e-01 8.660254e-01 -0.000000e+00
    outer loop
      vertex   9.927778e+01 4.630026e+01 -4.500000e+00
      vertex   9.927778e+01 4.630026e+01 -3.000000e+00
      vertex   9.947755e+01 4.618493e+01 -3.000000e+00
    endloop
  endfacet
  facet normal 5.000000e-01 8.660254e-01 0.000000e+00
    outer loop
      vertex   9.927778e+01 4.630026e+01 -4.500000e+00
      vertex   9.947755e+01 4.618493e+01 -3.000000e+00
      vertex   9.947755e+01 4.618493e+01 -4.500000e+00
    endloop
  endfacet
  facet normal 3.323548e-01 9.431544e-01 -0.000000e+00
    outer loop
      vertex   9.947755e+01 4.618493e+01 -4.500000e+00
      vertex   9.947755e+01 4.618493e+01 -3.000000e+00
      vertex   9.969511e+01 4.610826e+01 -3.000000e+00
    endloop
  endfacet
  facet normal 3.323548e-01 9.431544e-01 0.000000e+00
    outer loop
      vertex   9.947755e+01 4.618493e+01 -4.500000e+00
      vertex   9.969511e+01 4.610826e+01 -3.000000e+00
      vertex   9.969511e+01 4.610826e+01 -4.500000e+00
    endloop
  endfacet
  facet normal 1.533917e-01 9.881655e-01 -0.000000e+00
    outer loop
      vertex   9.969511e+01 4.610826e+01 -4.500000e+00
      vertex   9.969511e+01 4.610826e+01 -3.000000e+00
      vertex   9.992305e+01 4.607288e+01 -3.000000e+00
    endloop
  endfacet
  facet normal 1.533917e-01 9.881655e-01 0.000000e+00
    outer loop
      vertex   9.969511e+01 4.610826e+01 -4.500000e+00
      vertex   9.992305e+01 4.607288e+01 -3.000000e+00
      vertex   9.992305e+01 4.607288e+01 -4.500000e+00
    endloop
  endfacet
  facet normal -3.079506e-02 9.995257e-01 0.000000e+00
    outer loop
      vertex   9.992305e+01 4.607288e+01 -4.500000e+00
      vertex   9.992305e+01 4.607288e+01 -3.000000e+00
      vertex   1.001536e+02 4.607998e+01 -3.000000e+00
    endloop
  endfacet
  facet normal -3.079506e-02 9.995257e-01 0.000000e+00
    outer loop
      vertex   9.992305e+01 4.607288e+01 -4.500000e+00
      vertex   1.001536e+02 4.607998e+01 -3.000000e+00
      vertex   1.001536e+02 4.607998e+01 -4.500000e+00
    endloop
  endfacet
  facet normal -2.139331e-01 9.768483e-01 0.000000e+00
    outer loop
      vertex   1.001536e+02 4.607998e+01 -4.500000e+00
      vertex   1.001536e+02 4.607998e+01 -3.000000e+00
      vertex   1.003789e+02 4.612933e+01 -3.000000e+00
    endloop
  endfacet
  facet normal -2.139331e-01 9.768483e-01 0.000000e+00
    outer loop
      vertex   1.001536e+02 4.607998e+01 -4.500000e+00
      vertex   1.003789e+02 4.612933e+01 -3.000000e+00
      vertex   1.003789e+02 4.612933e+01 -4.500000e+00
    endloop
  endfacet
  facet normal -3.897859e-01 9.209055e-01 0.000000e+00
    outer loop
      vertex   1.003789e+02 4.612933e+01 -4.500000e+00
      vertex   1.003789e+02 4.612933e+01 -3.000000e+00
      vertex   1.005914e+02 4.621924e+01 -3.000000e+00
    endloop
  endfacet
  facet normal -3.897859e-01 9.209055e-01 0.000000e+00
    outer loop
      vertex   1.003789e+02 4.612933e+01 -4.500000e+00
      vertex   1.005914e+02 4.621924e+01 -3.000000e+00
      vertex   1.005914e+02 4.621924e+01 -4.500000e+00
    endloop
  endfacet
  facet normal -5.523650e-01 8.336024e-01 0.000000e+00
    outer loop
      vertex   1.005914e+02 4.621924e+01 -4.500000e+00
      vertex   1.005914e+02 4.621924e+01 -3.000000e+00
      vertex   1.007837e+02 4.634666e+01 -3.000000e+00
    endloop
  endfacet
  facet normal -5.523650e-01 8.336024e-01 -5.234156e-15
    outer loop
      vertex   1.005914e+02 4.621924e+01 -4.500000e+00
      vertex   1.007837e+02 4.634666e+01 -3.000000e+00
      vertex   1.007837e+02 4.634666e+01 -4.500000e+00
    endloop
  endfacet
  facet normal -6.961339e-01 7.179119e-01 -6.595106e-15
    outer loop
      vertex   1.007837e+02 4.634666e+01 -4.500000e+00
      vertex   1.007837e+02 4.634666e+01 -3.000000e+00
      vertex   1.009493e+02 4.650724e+01 -3.000000e+00
    endloop
  endfacet
  facet normal -6.961339e-01 7.179119e-01 0.000000e+00
    outer loop
      vertex   1.007837e+02 4.634666e+01 -4.500000e+00
      vertex   1.009493e+02 4.650724e+01 -3.000000e+00
      vertex   1.009493e+02 4.650724e+01 -4.500000e+00
    endloop
  endfacet
  facet normal -8.161969e-01 5.777738e-01 0.000000e+00
    outer loop
      vertex   1.009493e+02 4.650724e+01 -4.500000e+00
      vertex   1.009493e+02 4.650724e+01 -3.000000e+00
      vertex   1.010825e+02 4.669551e+01 -3.000000e+00
    endloop
  endfacet
  facet normal -8.161969e-01 5.777738e-01 0.000000e+00
    outer loop
      vertex   1.009493e+02 4.650724e+01 -4.500000e+00
      vertex   1.010825e+02 4.669551e+01 -3.000000e+00
      vertex   1.010825e+02 4.669551e+01 -4.500000e+00
    endloop
  endfacet
  facet normal -9.084653e-01 4.179603e-01 0.000000e+00
    outer loop
      vertex   1.010825e+02 4.669551e+01 -4.500000e+00
      vertex   1.010825e+02 4.669551e+01 -3.000000e+00
      vertex   1.011789e+02 4.690506e+01 -3.000000e+00
    endloop
  endfacet
  facet normal -9.084653e-01 4.179603e-01 0.000000e+00
    outer loop
      vertex   1.010825e+02 4.669551e+01 -4.500000e+00
      vertex   1.011789e+02 4.690506e+01 -3.000000e+00
      vertex   1.011789e+02 4.690506e+01 -4.500000e+00
    endloop
  endfacet
  facet normal -9.697969e-01 2.439137e-01 0.000000e+00
    outer loop
      vertex   1.011789e+02 4.690506e+01 -4.500000e+00
      vertex   1.011789e+02 4.690506e+01 -3.000000e+00
      vertex   1.012352e+02 4.712877e+01 -3.000000e+00
    endloop
  endfacet
  facet normal -9.697969e-01 2.439137e-01 0.000000e+00
    outer loop
      vertex   1.011789e+02 4.690506e+01 -4.500000e+00
      vertex   1.012352e+02 4.712877e+01 -3.000000e+00
      vertex   1.012352e+02 4.712877e+01 -4.500000e+00
    endloop
  endfacet
  facet normal -9.981033e-01 6.156091e-02 0.000000e+00
    outer loop
      vertex   1.012352e+02 4.712877e+01 -4.500000e+00
      vertex   1.012352e+02 4.712877e+01 -3.000000e+00
      vertex   1.012494e+02 4.735900e+01 -3.000000e+00
    endloop
  endfacet
  facet normal -9.981033e-01 6.156091e-02 0.000000e+00
    outer loop
      vertex   1.012352e+02 4.712877e+01 -4.500000e+00
      vertex   1.012494e+02 4.735900e+01 -3.000000e+00
      vertex   1.012494e+02 4.735900e+01 -4.500000e+00
    endloop
  endfacet
  facet normal -9.924205e-01 -1.228883e-01 0.000000e+00
    outer loop
      vertex   1.012494e+02 4.735900e+01 -4.500000e+00
      vertex   1.012494e+02 4.735900e+01 -3.000000e+00
      vertex   1.012211e+02 4.758792e+01 -3.000000e+00
    endloop
  endfacet
  facet normal -9.924205e-01 -1.228883e-01 0.000000e+00
    outer loop
      vertex   1.012494e+02 4.735900e+01 -4.500000e+00
      vertex   1.012211e+02 4.758792e+01 -3.000000e+00
      vertex   1.012211e+02 4.758792e+01 -4.500000e+00
    endloop
  endfacet
  facet normal -9.529420e-01 -3.031527e-01 0.000000e+00
    outer loop
      vertex   1.012211e+02 4.758792e+01 -4.500000e+00
      vertex   1.012211e+02 4.758792e+01 -3.000000e+00
      vertex   1.011511e+02 4.780774e+01 -3.000000e+00
    endloop
  endfacet
  facet normal -9.529420e-01 -3.031527e-01 0.000000e+00
    outer loop
      vertex   1.012211e+02 4.758792e+01 -4.500000e+00
      vertex   1.011511e+02 4.780774e+01 -3.000000e+00
      vertex   1.011511e+02 4.780774e+01 -4.500000e+00
    endloop
  endfacet
  facet normal -8.810122e-01 -4.730936e-01 0.000000e+00
    outer loop
      vertex   1.011511e+02 4.780774e+01 -4.500000e+00
      vertex   1.011511e+02 4.780774e+01 -3.000000e+00
      vertex   1.010420e+02 4.801096e+01 -3.000000e+00
    endloop
  endfacet
  facet normal -8.810122e-01 -4.730936e-01 0.000000e+00
    outer loop
      vertex   1.011511e+02 4.780774e+01 -4.500000e+00
      vertex   1.010420e+02 4.801096e+01 -3.000000e+00
      vertex   1.010420e+02 4.801096e+01 -4.500000e+00
    endloop
  endfacet
  facet normal -7.790806e-01 -6.269238e-01 0.000000e+00
    outer loop
      vertex   1.010420e+02 4.801096e+01 -4.500000e+00
      vertex   1.010420e+02 4.801096e+01 -3.000000e+00
      vertex   1.008974e+02 4.819068e+01 -3.000000e+00
    endloop
  endfacet
  facet normal -7.790806e-01 -6.269238e-01 0.000000e+00
    outer loop
      vertex   1.010420e+02 4.801096e+01 -4.500000e+00
      vertex   1.008974e+02 4.819068e+01 -3.000000e+00
      vertex   1.008974e+02 4.819068e+01 -4.500000e+00
    endloop
  endfacet
  facet normal -6.506183e-01 -7.594049e-01 0.000000e+00
    outer loop
      vertex   1.008974e+02 4.819068e+01 -4.500000e+00
      vertex   1.008974e+02 4.819068e+01 -3.000000e+00
      vertex   1.007222e+02 4.834075e+01 -3.000000e+00
    endloop
  endfacet
  facet normal -6.506183e-01 -7.594049e-01 0.000000e+00
    outer loop
      vertex   1.008974e+02 4.819068e+01 -4.500000e+00
      vertex   1.007222e+02 4.834075e+01 -3.000000e+00
      vertex   1.007222e+02 4.834075e+01 -4.500000e+00
    endloop
  endfacet
  facet normal -5.000000e-01 -8.660254e-01 0.000000e+00
    outer loop
      vertex   1.007222e+02 4.834075e+01 -4.500000e+00
      vertex   1.007222e+02 4.834075e+01 -3.000000e+00
      vertex   1.005225e+02 4.845609e+01 -3.000000e+00
    endloop
  endfacet
  facet normal -5.000000e-01 -8.660254e-01 0.000000e+00
    outer loop
      vertex   1.007222e+02 4.834075e+01 -4.500000e+00
      vertex   1.005225e+02 4.845609e+01 -3.000000e+00
      vertex   1.005225e+02 4.845609e+01 -4.500000e+00
    endloop
  endfacet
  facet normal -3.323548e-01 -9.431544e-01 0.000000e+00
    outer loop
      vertex   1.005225e+02 4.845609e+01 -4.500000e+00
      vertex   1.005225e+02 4.845609e+01 -3.000000e+00
      vertex   1.003049e+02 4.853275e+01 -3.000000e+00
    endloop
  endfacet
  facet normal -3.323548e-01 -9.431544e-01 0.000000e+00
    outer loop
      vertex   1.005225e+02 4.845609e+01 -4.500000e+00
      vertex   1.003049e+02 4.853275e+01 -3.000000e+00
      vertex   1.003049e+02 4.853275e+01 -4.500000e+00
    endloop
  endfacet
  facet normal -1.533917e-01 -9.881655e-01 0.000000e+00
    outer loop
      vertex   1.003049e+02 4.853275e+01 -4.500000e+00
      vertex   1.003049e+02 4.853275e+01 -3.000000e+00
      vertex   1.000770e+02 4.856814e+01 -3.000000e+00
    endloop
  endfacet
  facet normal -1.533917e-01 -9.881655e-01 0.000000e+00
    outer loop
      vertex   1.003049e+02 4.853275e+01 -4.500000e+00
      vertex   1.000770e+02 4.856814e+01 -3.000000e+00
      vertex   1.000770e+02 4.856814e+01 -4.500000e+00
    endloop
  endfacet
  facet normal 3.079506e-02 -9.995257e-01 0.000000e+00
    outer loop
      vertex   1.000770e+02 4.856814e+01 -4.500000e+00
      vertex   1.000770e+02 4.856814e+01 -3.000000e+00
      vertex   9.984639e+01 4.856103e+01 -3.000000e+00
    endloop
  endfacet
  facet normal 3.079506e-02 -9.995257e-01 0.000000e+00
    outer loop
      vertex   1.000770e+02 4.856814e+01 -4.500000e+00
      vertex   9.984639e+01 4.856103e+01 -3.000000e+00
      vertex   9.984639e+01 4.856103e+01 -4.500000e+00
    endloop
  endfacet
  facet normal 2.139331e-01 -9.768483e-01 0.000000e+00
    outer loop
      vertex   9.984639e+01 4.856103e+01 -4.500000e+00
      vertex   9.984639e+01 4.856103e+01 -3.000000e+00
      vertex   9.962106e+01 4.851169e+01 -3.000000e+00
    endloop
  endfacet
  facet normal 2.139331e-01 -9.768483e-01 0.000000e+00
    outer loop
      vertex   9.984639e+01 4.856103e+01 -4.500000e+00
      vertex   9.962106e+01 4.851169e+01 -3.000000e+00
      vertex   9.962106e+01 4.851169e+01 -4.500000e+00
    endloop
  endfacet
  facet normal 3.897859e-01 -9.209055e-01 0.000000e+00
    outer loop
      vertex   9.962106e+01 4.851169e+01 -4.500000e+00
      vertex   9.962106e+01 4.851169e+01 -3.000000e+00
      vertex   9.940863e+01 4.842177e+01 -3.000000e+00
    endloop
  endfacet
  facet normal 3.897859e-01 -9.209055e-01 0.000000e+00
    outer loop
      vertex   9.962106e+01 4.851169e+01 -4.500000e+00
      vertex   9.940863e+01 4.842177e+01 -3.000000e+00
      vertex   9.940863e+01 4.842177e+01 -4.500000e+00
    endloop
  endfacet
  facet normal 5.523650e-01 -8.336024e-01 0.000000e+00
    outer loop
      vertex   9.940863e+01 4.842177e+01 -4.500000e+00
      vertex   9.940863e+01 4.842177e+01 -3.000000e+00
      vertex   9.921635e+01 4.829436e+01 -3.000000e+00
    endloop
  endfacet
  facet normal 5.523650e-01 -8.336024e-01 0.000000e+00
    outer loop
      vertex   9.940863e+01 4.842177e+01 -4.500000e+00
      vertex   9.921635e+01 4.829436e+01 -3.000000e+00
      vertex   9.921635e+01 4.829436e+01 -4.500000e+00
    endloop
  endfacet
  facet normal 6.961339e-01 -7.179119e-01 0.000000e+00
    outer loop
      vertex   9.921635e+01 4.829436e+01 -4.500000e+00
      vertex   9.921635e+01 4.829436e+01 -3.000000e+00
      vertex   9.905074e+01 4.813378e+01 -3.000000e+00
    endloop
  endfacet
  facet normal 0.000000e+00 -0.000000e+00 -1.000000e+00
    outer loop
      vertex   7.741980e+01 5.075370e+01 -4.500000e+00
      vertex   7.947755e+01 5.154391e+01 -4.500000e+00
      vertex   7.739724e+01 5.000000e+01 -4.500000e+00
    endloop
  endfacet
  facet normal 0.000000e+00 0.000000e+00 -1.000000e+00
    outer loop
      vertex   7.739724e+01 5.000000e+01 -4.500000e+00
      vertex   7.947755e+01 5.154391e+01 -4.500000e+00
      vertex   7.965792e+01 4.852279e+01 -4.500000e+00
    endloop
  endfacet
  facet normal 0.000000e+00 0.000000e+00 -1.000000e+00
    outer loop
      vertex   7.739724e+01 5.000000e+01 -4.500000e+00
      vertex   7.965792e+01 4.852279e+01 -4.500000e+00
      vertex   7.944283e+01 4.843946e+01 -4.500000e+00
    endloop
  endfacet
  facet normal 0.000000e+00 -0.000000e+00 -1.000000e+00
    outer loop
      vertex   7.748739e+01 5.150470e+01 -4.500000e+00
      vertex   7.910261e+01 5.180932e+01 -4.500000e+00
      vertex   7.741980e+01 5.075370e+01 -4.500000e+00
    endloop
  endfacet
  facet normal 0.000000e+00 0.000000e+00 -1.000000e+00
    outer loop
      vertex   7.741980e+01 5.075370e+01 -4.500000e+00
      vertex   7.910261e+01 5.180932e+01 -4.500000e+00
      vertex   7.927778e+01 5.165925e+01 -4.500000e+00
    endloop
  endfacet
  facet normal 0.000000e+00 0.000000e+00 -1.000000e+00
    outer loop
      vertex   7.741980e+01 5.075370e+01 -4.500000e+00
      vertex   7.927778e+01 5.165925e+01 -4.500000e+00
      vertex   7.947755e+01 5.154391e+01 -4.500000e+00
    endloop
  endfacet
  facet normal 0.000000e+00 -0.000000e+00 -1.000000e+00
    outer loop
      vertex   7.759977e+01 5.225031e+01 -4.500000e+00
      vertex   7.884887e+01 5.219226e+01 -4.500000e+00
      vertex   7.748739e+01 5.150470e+01 -4.500000e+00
    endloop
  endfacet
  facet normal 0.000000e+00 0.000000e+00 -1.000000e+00
    outer loop
      vertex   7.748739e+01 5.150470e+01 -4.500000e+00
      vertex   7.884887e+01 5.219226e+01 -4.500000e+00
      vertex   7.895800e+01 5.198904e+01 -4.500000e+00
    endloop
  endfacet
  facet normal 0.000000e+00 0.000000e+00 -1.000000e+00
    outer loop
      vertex   7.748739e+01 5.150470e+01 -4.500000e+00
      vertex   7.895800e+01 5.198904e+01 -4.500000e+00
      vertex   7.910261e+01 5.180932e+01 -4.500000e+00
    endloop
  endfacet
  facet normal 0.000000e+00 -0.000000e+00 -1.000000e+00
    outer loop
      vertex   7.775654e+01 5.298787e+01 -4.500000e+00
      vertex   7.875059e+01 5.264100e+01 -4.500000e+00
      vertex   7.759977e+01 5.225031e+01 -4.500000e+00
    endloop
  endfacet
  facet normal 0.000000e+00 0.000000e+00 -1.000000e+00
    outer loop
      vertex   7.759977e+01 5.225031e+01 -4.500000e+00
      vertex   7.875059e+01 5.264100e+01 -4.500000e+00
      vertex   7.877894e+01 5.241208e+01 -4.500000e+00
    endloop
  endfacet
  facet normal 0.000000e+00 0.000000e+00 -1.000000e+00
    outer loop
      vertex   7.759977e+01 5.225031e+01 -4.500000e+00
      vertex   7.877894e+01 5.241208e+01 -4.500000e+00
      vertex   7.884887e+01 5.219226e+01 -4.500000e+00
    endloop
  endfacet
  facet normal 0.000000e+00 -0.000000e+00 -1.000000e+00
    outer loop
      vertex   7.795714e+01 5.371473e+01 -4.500000e+00
      vertex   7.882106e+01 5.309494e+01 -4.500000e+00
      vertex   7.775654e+01 5.298787e+01 -4.500000e+00
    endloop
  endfacet
  facet normal 0.000000e+00 0.000000e+00 -1.000000e+00
    outer loop
      vertex   7.775654e+01 5.298787e+01 -4.500000e+00
      vertex   7.882106e+01 5.309494e+01 -4.500000e+00
      vertex   7.876479e+01 5.287123e+01 -4.500000e+00
    endloop
  endfacet
  facet normal 0.000000e+00 0.000000e+00 -1.000000e+00
    outer loop
      vertex   7.775654e+01 5.298787e+01 -4.500000e+00
      vertex   7.876479e+01 5.287123e+01 -4.500000e+00
      vertex   7.875059e+01 5.264100e+01 -4.500000e+00
    endloop
  endfacet
  facet normal 0.000000e+00 -0.000000e+00 -1.000000e+00
    outer loop
      vertex   7.820085e+01 5.442829e+01 -4.500000e+00
      vertex   7.905074e+01 5.349276e+01 -4.500000e+00
      vertex   7.795714e+01 5.371473e+01 -4.500000e+00
    endloop
  endfacet
  facet normal 0.000000e+00 0.000000e+00 -1.000000e+00
    outer loop
      vertex   7.795714e+01 5.371473e+01 -4.500000e+00
      vertex   7.905074e+01 5.349276e+01 -4.500000e+00
      vertex   7.891747e+01 5.330449e+01 -4.500000e+00
    endloop
  endfacet
  facet normal 0.000000e+00 0.000000e+00 -1.000000e+00
    outer loop
      vertex   7.795714e+01 5.371473e+01 -4.500000e+00
      vertex   7.891747e+01 5.330449e+01 -4.500000e+00
      vertex   7.882106e+01 5.309494e+01 -4.500000e+00
    endloop
  endfacet
  facet normal 0.000000e+00 -0.000000e+00 -1.000000e+00
    outer loop
      vertex   7.848680e+01 5.512601e+01 -4.500000e+00
      vertex   7.940863e+01 5.378076e+01 -4.500000e+00
      vertex   7.820085e+01 5.442829e+01 -4.500000e+00
    endloop
  endfacet
  facet normal 0.000000e+00 0.000000e+00 -1.000000e+00
    outer loop
      vertex   7.820085e+01 5.442829e+01 -4.500000e+00
      vertex   7.940863e+01 5.378076e+01 -4.500000e+00
      vertex   7.921635e+01 5.365334e+01 -4.500000e+00
    endloop
  endfacet
  facet normal 0.000000e+00 0.000000e+00 -1.000000e+00
    outer loop
      vertex   7.820085e+01 5.442829e+01 -4.500000e+00
      vertex   7.921635e+01 5.365334e+01 -4.500000e+00
      vertex   7.905074e+01 5.349276e+01 -4.500000e+00
    endloop
  endfacet
  facet normal 0.000000e+00 -0.000000e+00 -1.000000e+00
    outer loop
      vertex   7.881397e+01 5.580537e+01 -4.500000e+00
      vertex   7.984639e+01 5.392002e+01 -4.500000e+00
      vertex   7.848680e+01 5.512601e+01 -4.500000e+00
    endloop
  endfacet
  facet normal 0.000000e+00 0.000000e+00 -1.000000e+00
    outer loop
      vertex   7.848680e+01 5.512601e+01 -4.500000e+00
      vertex   7.984639e+01 5.392002e+01 -4.500000e+00
      vertex   7.962106e+01 5.387067e+01 -4.500000e+00
    endloop
  endfacet
  facet normal 0.000000e+00 0.000000e+00 -1.000000e+00
    outer loop
      vertex   7.848680e+01 5.512601e+01 -4.500000e+00
      vertex   7.962106e+01 5.387067e+01 -4.500000e+00
      vertex   7.940863e+01 5.378076e+01 -4.500000e+00
    endloop
  endfacet
  facet normal 0.000000e+00 0.000000e+00 -1.000000e+00
    outer loop
      vertex   7.984639e+01 5.392002e+01 -4.500000e+00
      vertex   7.881397e+01 5.580537e+01 -4.500000e+00
      vertex   8.007695e+01 5.392712e+01 -4.500000e+00
    endloop
  endfacet
  facet normal 0.000000e+00 0.000000e+00 -1.000000e+00
    outer loop
      vertex   8.007695e+01 5.392712e+01 -4.500000e+00
      vertex   7.881397e+01 5.580537e+01 -4.500000e+00
      vertex   7.918117e+01 5.646395e+01 -4.500000e+00
    endloop
  endfacet
  facet normal 0.000000e+00 0.000000e+00 -1.000000e+00
    outer loop
      vertex   8.007695e+01 5.392712e+01 -4.500000e+00
      vertex   7.918117e+01 5.646395e+01 -4.500000e+00
      vertex   8.030489e+01 5.389174e+01 -4.500000e+00
    endloop
  endfacet
  facet normal 0.000000e+00 0.000000e+00 -1.000000e+00
    outer loop
      vertex   8.030489e+01 5.389174e+01 -4.500000e+00
      vertex   7.918117e+01 5.646395e+01 -4.500000e+00
      vertex   8.165925e+01 5.659829e+01 -4.500000e+00
    endloop
  endfacet
  facet normal 0.000000e+00 0.000000e+00 -1.000000e+00
    outer loop
      vertex   8.030489e+01 5.389174e+01 -4.500000e+00
      vertex   8.165925e+01 5.659829e+01 -4.500000e+00
      vertex   8.180932e+01 5.642312e+01 -4.500000e+00
    endloop
  endfacet
  facet normal -0.000000e+00 0.000000e+00 -1.000000e+00
    outer loop
      vertex   8.165925e+01 5.659829e+01 -4.500000e+00
      vertex   7.918117e+01 5.646395e+01 -4.500000e+00
      vertex   8.154391e+01 5.679806e+01 -4.500000e+00
    endloop
  endfacet
  facet normal -0.000000e+00 0.000000e+00 -1.000000e+00
    outer loop
      vertex   8.154391e+01 5.679806e+01 -4.500000e+00
      vertex   7.918117e+01 5.646395e+01 -4.500000e+00
      vertex   7.958711e+01 5.709939e+01 -4.500000e+00
    endloop
  endfacet
  facet normal 0.000000e+00 0.000000e+00 -1.000000e+00
    outer loop
      vertex   8.154391e+01 5.679806e+01 -4.500000e+00
      vertex   7.958711e+01 5.709939e+01 -4.500000e+00
      vertex   8.146725e+01 5.701562e+01 -4.500000e+00
    endloop
  endfacet
  facet normal 0.000000e+00 0.000000e+00 -1.000000e+00
    outer loop
      vertex   8.146725e+01 5.701562e+01 -4.500000e+00
      vertex   7.958711e+01 5.709939e+01 -4.500000e+00
      vertex   8.003032e+01 5.770942e+01 -4.500000e+00
    endloop
  endfacet
  facet normal 0.000000e+00 0.000000e+00 -1.000000e+00
    outer loop
      vertex   8.146725e+01 5.701562e+01 -4.500000e+00
      vertex   8.003032e+01 5.770942e+01 -4.500000e+00
      vertex   8.143186e+01 5.724356e+01 -4.500000e+00
    endloop
  endfacet
  facet normal 0.000000e+00 0.000000e+00 -1.000000e+00
    outer loop
      vertex   8.143186e+01 5.724356e+01 -4.500000e+00
      vertex   8.003032e+01 5.770942e+01 -4.500000e+00
      vertex   8.143897e+01 5.747412e+01 -4.500000e+00
    endloop
  endfacet
  facet normal 0.000000e+00 0.000000e+00 -1.000000e+00
    outer loop
      vertex   8.143897e+01 5.747412e+01 -4.500000e+00
      vertex   8.003032e+01 5.770942e+01 -4.500000e+00
      vertex   8.050922e+01 5.829185e+01 -4.500000e+00
    endloop
  endfacet
  facet normal 0.000000e+00 0.000000e+00 -1.000000e+00
    outer loop
      vertex   8.143897e+01 5.747412e+01 -4.500000e+00
      vertex   8.050922e+01 5.829185e+01 -4.500000e+00
      vertex   8.148831e+01 5.769945e+01 -4.500000e+00
    endloop
  endfacet
  facet normal 0.000000e+00 0.000000e+00 -1.000000e+00
    outer loop
      vertex   8.148831e+01 5.769945e+01 -4.500000e+00
      vertex   8.050922e+01 5.829185e+01 -4.500000e+00
      vertex   8.157823e+01 5.791188e+01 -4.500000e+00
    endloop
  endfacet
  facet normal 0.000000e+00 0.000000e+00 -1.000000e+00
    outer loop
      vertex   8.157823e+01 5.791188e+01 -4.500000e+00
      vertex   8.050922e+01 5.829185e+01 -4.500000e+00
      vertex   8.102209e+01 5.884459e+01 -4.500000e+00
    endloop
  endfacet
  facet normal 0.000000e+00 0.000000e+00 -1.000000e+00
    outer loop
      vertex   8.157823e+01 5.791188e+01 -4.500000e+00
      vertex   8.102209e+01 5.884459e+01 -4.500000e+00
      vertex   8.170564e+01 5.810416e+01 -4.500000e+00
    endloop
  endfacet
  facet normal 0.000000e+00 0.000000e+00 -1.000000e+00
    outer loop
      vertex   8.170564e+01 5.810416e+01 -4.500000e+00
      vertex   8.102209e+01 5.884459e+01 -4.500000e+00
      vertex   8.186622e+01 5.826976e+01 -4.500000e+00
    endloop
  endfacet
  facet normal 0.000000e+00 0.000000e+00 -1.000000e+00
    outer loop
      vertex   8.186622e+01 5.826976e+01 -4.500000e+00
      vertex   8.102209e+01 5.884459e+01 -4.500000e+00
      vertex   8.156711e+01 5.936568e+01 -4.500000e+00
    endloop
  endfacet
  facet normal 0.000000e+00 0.000000e+00 -1.000000e+00
    outer loop
      vertex   8.186622e+01 5.826976e+01 -4.500000e+00
      vertex   8.156711e+01 5.936568e+01 -4.500000e+00
      vertex   8.205449e+01 5.840304e+01 -4.500000e+00
    endloop
  endfacet
  facet normal 0.000000e+00 0.000000e+00 -1.000000e+00
    outer loop
      vertex   8.205449e+01 5.840304e+01 -4.500000e+00
      vertex   8.156711e+01 5.936568e+01 -4.500000e+00
      vertex   8.226405e+01 5.849945e+01 -4.500000e+00
    endloop
  endfacet
  facet normal 0.000000e+00 0.000000e+00 -1.000000e+00
    outer loop
      vertex   8.226405e+01 5.849945e+01 -4.500000e+00
      vertex   8.156711e+01 5.936568e+01 -4.500000e+00
      vertex   8.214231e+01 5.985324e+01 -4.500000e+00
    endloop
  endfacet
  facet normal 0.000000e+00 0.000000e+00 -1.000000e+00
    outer loop
      vertex   8.226405e+01 5.849945e+01 -4.500000e+00
      vertex   8.214231e+01 5.985324e+01 -4.500000e+00
      vertex   8.248775e+01 5.855571e+01 -4.500000e+00
    endloop
  endfacet
  facet normal 0.000000e+00 0.000000e+00 -1.000000e+00
    outer loop
      vertex   8.248775e+01 5.855571e+01 -4.500000e+00
      vertex   8.214231e+01 5.985324e+01 -4.500000e+00
      vertex   8.271799e+01 5.856992e+01 -4.500000e+00
    endloop
  endfacet
  facet normal 0.000000e+00 0.000000e+00 -1.000000e+00
    outer loop
      vertex   8.271799e+01 5.856992e+01 -4.500000e+00
      vertex   8.214231e+01 5.985324e+01 -4.500000e+00
      vertex   8.274564e+01 6.030552e+01 -4.500000e+00
    endloop
  endfacet
  facet normal 0.000000e+00 0.000000e+00 -1.000000e+00
    outer loop
      vertex   8.271799e+01 5.856992e+01 -4.500000e+00
      vertex   8.274564e+01 6.030552e+01 -4.500000e+00
      vertex   8.294691e+01 5.854157e+01 -4.500000e+00
    endloop
  endfacet
  facet normal 0.000000e+00 0.000000e+00 -1.000000e+00
    outer loop
      vertex   8.294691e+01 5.854157e+01 -4.500000e+00
      vertex   8.274564e+01 6.030552e+01 -4.500000e+00
      vertex   8.316672e+01 5.847164e+01 -4.500000e+00
    endloop
  endfacet
  facet normal 0.000000e+00 0.000000e+00 -1.000000e+00
    outer loop
      vertex   8.316672e+01 5.847164e+01 -4.500000e+00
      vertex   8.274564e+01 6.030552e+01 -4.500000e+00
      vertex   8.337493e+01 6.072092e+01 -4.500000e+00
    endloop
  endfacet
  facet normal 0.000000e+00 0.000000e+00 -1.000000e+00
    outer loop
      vertex   8.316672e+01 5.847164e+01 -4.500000e+00
      vertex   8.337493e+01 6.072092e+01 -4.500000e+00
      vertex   8.336995e+01 5.836251e+01 -4.500000e+00
    endloop
  endfacet
  facet normal 0.000000e+00 0.000000e+00 -1.000000e+00
    outer loop
      vertex   8.336995e+01 5.836251e+01 -4.500000e+00
      vertex   8.337493e+01 6.072092e+01 -4.500000e+00
      vertex   8.354966e+01 5.821790e+01 -4.500000e+00
    endloop
  endfacet
  facet normal 0.000000e+00 0.000000e+00 -1.000000e+00
    outer loop
      vertex   8.354966e+01 5.821790e+01 -4.500000e+00
      vertex   8.337493e+01 6.072092e+01 -4.500000e+00
      vertex   8.402795e+01 6.109794e+01 -4.500000e+00
    endloop
  endfacet
  facet normal 0.000000e+00 0.000000e+00 -1.000000e+00
    outer loop
      vertex   8.354966e+01 5.821790e+01 -4.500000e+00
      vertex   8.402795e+01 6.109794e+01 -4.500000e+00
      vertex   8.607584e+01 5.988466e+01 -4.500000e+00
    endloop
  endfacet
  facet normal 0.000000e+00 0.000000e+00 -1.000000e+00
    outer loop
      vertex   8.607584e+01 5.988466e+01 -4.500000e+00
      vertex   8.402795e+01 6.109794e+01 -4.500000e+00
      vertex   8.607584e+01 6.011534e+01 -4.500000e+00
    endloop
  endfacet
  facet normal 0.000000e+00 0.000000e+00 -1.000000e+00
    outer loop
      vertex   8.607584e+01 6.011534e+01 -4.500000e+00
      vertex   8.402795e+01 6.109794e+01 -4.500000e+00
      vertex   8.470234e+01 6.143523e+01 -4.500000e+00
    endloop
  endfacet
  facet normal 0.000000e+00 0.000000e+00 -1.000000e+00
    outer loop
      vertex   8.607584e+01 6.011534e+01 -4.500000e+00
      vertex   8.470234e+01 6.143523e+01 -4.500000e+00
      vertex   8.611823e+01 6.034208e+01 -4.500000e+00
    endloop
  endfacet
  facet normal 0.000000e+00 0.000000e+00 -1.000000e+00
    outer loop
      vertex   8.611823e+01 6.034208e+01 -4.500000e+00
      vertex   8.470234e+01 6.143523e+01 -4.500000e+00
      vertex   8.620155e+01 6.055717e+01 -4.500000e+00
    endloop
  endfacet
  facet normal 0.000000e+00 0.000000e+00 -1.000000e+00
    outer loop
      vertex   8.620155e+01 6.055717e+01 -4.500000e+00
      vertex   8.470234e+01 6.143523e+01 -4.500000e+00
      vertex   8.539569e+01 6.173158e+01 -4.500000e+00
    endloop
  endfacet
  facet normal 0.000000e+00 0.000000e+00 -1.000000e+00
    outer loop
      vertex   8.620155e+01 6.055717e+01 -4.500000e+00
      vertex   8.539569e+01 6.173158e+01 -4.500000e+00
      vertex   8.632299e+01 6.075329e+01 -4.500000e+00
    endloop
  endfacet
  facet normal 0.000000e+00 0.000000e+00 -1.000000e+00
    outer loop
      vertex   8.632299e+01 6.075329e+01 -4.500000e+00
      vertex   8.539569e+01 6.173158e+01 -4.500000e+00
      vertex   8.647839e+01 6.092376e+01 -4.500000e+00
    endloop
  endfacet
  facet normal 0.000000e+00 0.000000e+00 -1.000000e+00
    outer loop
      vertex   8.647839e+01 6.092376e+01 -4.500000e+00
      vertex   8.539569e+01 6.173158e+01 -4.500000e+00
      vertex   8.610553e+01 6.198594e+01 -4.500000e+00
    endloop
  endfacet
  facet normal 0.000000e+00 0.000000e+00 -1.000000e+00
    outer loop
      vertex   8.647839e+01 6.092376e+01 -4.500000e+00
      vertex   8.610553e+01 6.198594e+01 -4.500000e+00
      vertex   8.666247e+01 6.106277e+01 -4.500000e+00
    endloop
  endfacet
  facet normal 0.000000e+00 0.000000e+00 -1.000000e+00
    outer loop
      vertex   8.666247e+01 6.106277e+01 -4.500000e+00
      vertex   8.610553e+01 6.198594e+01 -4.500000e+00
      vertex   8.686896e+01 6.116559e+01 -4.500000e+00
    endloop
  endfacet
  facet normal 0.000000e+00 0.000000e+00 -1.000000e+00
    outer loop
      vertex   8.686896e+01 6.116559e+01 -4.500000e+00
      vertex   8.610553e+01 6.198594e+01 -4.500000e+00
      vertex   8.682931e+01 6.219739e+01 -4.500000e+00
    endloop
  endfacet
  facet normal 0.000000e+00 0.000000e+00 -1.000000e+00
    outer loop
      vertex   8.686896e+01 6.116559e+01 -4.500000e+00
      vertex   8.682931e+01 6.219739e+01 -4.500000e+00
      vertex   8.709082e+01 6.122872e+01 -4.500000e+00
    endloop
  endfacet
  facet normal 0.000000e+00 0.000000e+00 -1.000000e+00
    outer loop
      vertex   8.709082e+01 6.122872e+01 -4.500000e+00
      vertex   8.682931e+01 6.219739e+01 -4.500000e+00
      vertex   8.732051e+01 6.125000e+01 -4.500000e+00
    endloop
  endfacet
  facet normal 0.000000e+00 0.000000e+00 -1.000000e+00
    outer loop
      vertex   8.732051e+01 6.125000e+01 -4.500000e+00
      vertex   8.682931e+01 6.219739e+01 -4.500000e+00
      vertex   8.756444e+01 6.236518e+01 -4.500000e+00
    endloop
  endfacet
  facet normal 0.000000e+00 0.000000e+00 -1.000000e+00
    outer loop
      vertex   8.732051e+01 6.125000e+01 -4.500000e+00
      vertex   8.756444e+01 6.236518e+01 -4.500000e+00
      vertex   8.755019e+01 6.122872e+01 -4.500000e+00
    endloop
  endfacet
  facet normal 0.000000e+00 0.000000e+00 -1.000000e+00
    outer loop
      vertex   8.755019e+01 6.122872e+01 -4.500000e+00
      vertex   8.756444e+01 6.236518e+01 -4.500000e+00
      vertex   8.777206e+01 6.116559e+01 -4.500000e+00
    endloop
  endfacet
  facet normal 0.000000e+00 0.000000e+00 -1.000000e+00
    outer loop
      vertex   8.777206e+01 6.116559e+01 -4.500000e+00
      vertex   8.756444e+01 6.236518e+01 -4.500000e+00
      vertex   8.830829e+01 6.248870e+01 -4.500000e+00
    endloop
  endfacet
  facet normal 0.000000e+00 0.000000e+00 -1.000000e+00
    outer loop
      vertex   8.777206e+01 6.116559e+01 -4.500000e+00
      vertex   8.830829e+01 6.248870e+01 -4.500000e+00
      vertex   8.797855e+01 6.106277e+01 -4.500000e+00
    endloop
  endfacet
  facet normal 0.000000e+00 0.000000e+00 -1.000000e+00
    outer loop
      vertex   8.797855e+01 6.106277e+01 -4.500000e+00
      vertex   8.830829e+01 6.248870e+01 -4.500000e+00
      vertex   8.816263e+01 6.092376e+01 -4.500000e+00
    endloop
  endfacet
  facet normal 0.000000e+00 0.000000e+00 -1.000000e+00
    outer loop
      vertex   8.816263e+01 6.092376e+01 -4.500000e+00
      vertex   8.830829e+01 6.248870e+01 -4.500000e+00
      vertex   8.905819e+01 6.256752e+01 -4.500000e+00
    endloop
  endfacet
  facet normal 0.000000e+00 0.000000e+00 -1.000000e+00
    outer loop
      vertex   8.816263e+01 6.092376e+01 -4.500000e+00
      vertex   8.905819e+01 6.256752e+01 -4.500000e+00
      vertex   8.831803e+01 6.075329e+01 -4.500000e+00
    endloop
  endfacet
  facet normal 0.000000e+00 0.000000e+00 -1.000000e+00
    outer loop
      vertex   8.831803e+01 6.075329e+01 -4.500000e+00
      vertex   8.905819e+01 6.256752e+01 -4.500000e+00
      vertex   8.981147e+01 6.260135e+01 -4.500000e+00
    endloop
  endfacet
  facet normal 0.000000e+00 0.000000e+00 -1.000000e+00
    outer loop
      vertex   8.831803e+01 6.075329e+01 -4.500000e+00
      vertex   8.981147e+01 6.260135e+01 -4.500000e+00
      vertex   8.843946e+01 6.055717e+01 -4.500000e+00
    endloop
  endfacet
  facet normal 0.000000e+00 0.000000e+00 -1.000000e+00
    outer loop
      vertex   8.843946e+01 6.055717e+01 -4.500000e+00
      vertex   8.981147e+01 6.260135e+01 -4.500000e+00
      vertex   8.852279e+01 6.034208e+01 -4.500000e+00
    endloop
  endfacet
  facet normal 0.000000e+00 0.000000e+00 -1.000000e+00
    outer loop
      vertex   8.852279e+01 6.034208e+01 -4.500000e+00
      vertex   8.981147e+01 6.260135e+01 -4.500000e+00
      vertex   9.154391e+01 6.052245e+01 -4.500000e+00
    endloop
  endfacet
  facet normal 0.000000e+00 0.000000e+00 -1.000000e+00
    outer loop
      vertex   8.852279e+01 6.034208e+01 -4.500000e+00
      vertex   9.154391e+01 6.052245e+01 -4.500000e+00
      vertex   9.146725e+01 6.030489e+01 -4.500000e+00
    endloop
  endfacet
  facet normal 0.000000e+00 0.000000e+00 -1.000000e+00
    outer loop
      vertex   8.981147e+01 6.260135e+01 -4.500000e+00
      vertex   9.056542e+01 6.259007e+01 -4.500000e+00
      vertex   9.154391e+01 6.052245e+01 -4.500000e+00
    endloop
  endfacet
  facet normal 0.000000e+00 0.000000e+00 -1.000000e+00
    outer loop
      vertex   9.154391e+01 6.052245e+01 -4.500000e+00
      vertex   9.056542e+01 6.259007e+01 -4.500000e+00
      vertex   9.165925e+01 6.072222e+01 -4.500000e+00
    endloop
  endfacet
  facet normal 0.000000e+00 0.000000e+00 -1.000000e+00
    outer loop
      vertex   9.165925e+01 6.072222e+01 -4.500000e+00
      vertex   9.056542e+01 6.259007e+01 -4.500000e+00
      vertex   9.131735e+01 6.253372e+01 -4.500000e+00
    endloop
  endfacet
  facet normal 0.000000e+00 0.000000e+00 -1.000000e+00
    outer loop
      vertex   9.165925e+01 6.072222e+01 -4.500000e+00
      vertex   9.131735e+01 6.253372e+01 -4.500000e+00
      vertex   9.180932e+01 6.089739e+01 -4.500000e+00
    endloop
  endfacet
  facet normal 0.000000e+00 0.000000e+00 -1.000000e+00
    outer loop
      vertex   9.180932e+01 6.089739e+01 -4.500000e+00
      vertex   9.131735e+01 6.253372e+01 -4.500000e+00
      vertex   9.198904e+01 6.104200e+01 -4.500000e+00
    endloop
  endfacet
  facet normal 0.000000e+00 0.000000e+00 -1.000000e+00
    outer loop
      vertex   9.198904e+01 6.104200e+01 -4.500000e+00
      vertex   9.131735e+01 6.253372e+01 -4.500000e+00
      vertex   9.206456e+01 6.243251e+01 -4.500000e+00
    endloop
  endfacet
  facet normal 0.000000e+00 0.000000e+00 -1.000000e+00
    outer loop
      vertex   9.198904e+01 6.104200e+01 -4.500000e+00
      vertex   9.206456e+01 6.243251e+01 -4.500000e+00
      vertex   9.219226e+01 6.115113e+01 -4.500000e+00
    endloop
  endfacet
  facet normal 0.000000e+00 0.000000e+00 -1.000000e+00
    outer loop
      vertex   9.219226e+01 6.115113e+01 -4.500000e+00
      vertex   9.206456e+01 6.243251e+01 -4.500000e+00
      vertex   9.241208e+01 6.122106e+01 -4.500000e+00
    endloop
  endfacet
  facet normal 0.000000e+00 0.000000e+00 -1.000000e+00
    outer loop
      vertex   9.241208e+01 6.122106e+01 -4.500000e+00
      vertex   9.206456e+01 6.243251e+01 -4.500000e+00
      vertex   9.280438e+01 6.228678e+01 -4.500000e+00
    endloop
  endfacet
  facet normal 0.000000e+00 0.000000e+00 -1.000000e+00
    outer loop
      vertex   9.241208e+01 6.122106e+01 -4.500000e+00
      vertex   9.280438e+01 6.228678e+01 -4.500000e+00
      vertex   9.264100e+01 6.124941e+01 -4.500000e+00
    endloop
  endfacet
  facet normal 0.000000e+00 0.000000e+00 -1.000000e+00
    outer loop
      vertex   9.264100e+01 6.124941e+01 -4.500000e+00
      vertex   9.280438e+01 6.228678e+01 -4.500000e+00
      vertex   9.287123e+01 6.123521e+01 -4.500000e+00
    endloop
  endfacet
  facet normal 0.000000e+00 0.000000e+00 -1.000000e+00
    outer loop
      vertex   9.287123e+01 6.123521e+01 -4.500000e+00
      vertex   9.280438e+01 6.228678e+01 -4.500000e+00
      vertex   9.353416e+01 6.209708e+01 -4.500000e+00
    endloop
  endfacet
  facet normal 0.000000e+00 0.000000e+00 -1.000000e+00
    outer loop
      vertex   9.287123e+01 6.123521e+01 -4.500000e+00
      vertex   9.353416e+01 6.209708e+01 -4.500000e+00
      vertex   9.309494e+01 6.117894e+01 -4.500000e+00
    endloop
  endfacet
  facet normal 0.000000e+00 0.000000e+00 -1.000000e+00
    outer loop
      vertex   9.309494e+01 6.117894e+01 -4.500000e+00
      vertex   9.353416e+01 6.209708e+01 -4.500000e+00
      vertex   9.330449e+01 6.108253e+01 -4.500000e+00
    endloop
  endfacet
  facet normal 0.000000e+00 0.000000e+00 -1.000000e+00
    outer loop
      vertex   9.330449e+01 6.108253e+01 -4.500000e+00
      vertex   9.353416e+01 6.209708e+01 -4.500000e+00
      vertex   9.425129e+01 6.186407e+01 -4.500000e+00
    endloop
  endfacet
  facet normal 0.000000e+00 0.000000e+00 -1.000000e+00
    outer loop
      vertex   9.330449e+01 6.108253e+01 -4.500000e+00
      vertex   9.425129e+01 6.186407e+01 -4.500000e+00
      vertex   9.349276e+01 6.094926e+01 -4.500000e+00
    endloop
  endfacet
  facet normal 0.000000e+00 0.000000e+00 -1.000000e+00
    outer loop
      vertex   9.349276e+01 6.094926e+01 -4.500000e+00
      vertex   9.425129e+01 6.186407e+01 -4.500000e+00
      vertex   9.365334e+01 6.078365e+01 -4.500000e+00
    endloop
  endfacet
  facet normal 0.000000e+00 0.000000e+00 -1.000000e+00
    outer loop
      vertex   9.365334e+01 6.078365e+01 -4.500000e+00
      vertex   9.425129e+01 6.186407e+01 -4.500000e+00
      vertex   9.495320e+01 6.158859e+01 -4.500000e+00
    endloop
  endfacet
  facet normal 0.000000e+00 0.000000e+00 -1.000000e+00
    outer loop
      vertex   9.365334e+01 6.078365e+01 -4.500000e+00
      vertex   9.495320e+01 6.158859e+01 -4.500000e+00
      vertex   9.378076e+01 6.059137e+01 -4.500000e+00
    endloop
  endfacet
  facet normal 0.000000e+00 0.000000e+00 -1.000000e+00
    outer loop
      vertex   9.378076e+01 6.059137e+01 -4.500000e+00
      vertex   9.495320e+01 6.158859e+01 -4.500000e+00
      vertex   9.387067e+01 6.037894e+01 -4.500000e+00
    endloop
  endfacet
  facet normal 0.000000e+00 0.000000e+00 -1.000000e+00
    outer loop
      vertex   9.387067e+01 6.037894e+01 -4.500000e+00
      vertex   9.495320e+01 6.158859e+01 -4.500000e+00
      vertex   9.563738e+01 6.127163e+01 -4.500000e+00
    endloop
  endfacet
  facet normal 0.000000e+00 0.000000e+00 -1.000000e+00
    outer loop
      vertex   9.387067e+01 6.037894e+01 -4.500000e+00
      vertex   9.563738e+01 6.127163e+01 -4.500000e+00
      vertex   9.392002e+01 6.015361e+01 -4.500000e+00
    endloop
  endfacet
  facet normal 0.000000e+00 0.000000e+00 -1.000000e+00
    outer loop
      vertex   9.392002e+01 6.015361e+01 -4.500000e+00
      vertex   9.563738e+01 6.127163e+01 -4.500000e+00
      vertex   9.392712e+01 5.992305e+01 -4.500000e+00
    endloop
  endfacet
  facet normal 0.000000e+00 0.000000e+00 -1.000000e+00
    outer loop
      vertex   9.392712e+01 5.992305e+01 -4.500000e+00
      vertex   9.563738e+01 6.127163e+01 -4.500000e+00
      vertex   9.630138e+01 6.091431e+01 -4.500000e+00
    endloop
  endfacet
  facet normal 0.000000e+00 -0.000000e+00 -1.000000e+00
    outer loop
      vertex   9.392712e+01 5.992305e+01 -4.500000e+00
      vertex   9.630138e+01 6.091431e+01 -4.500000e+00
      vertex   9.389174e+01 5.969511e+01 -4.500000e+00
    endloop
  endfacet
  facet normal 0.000000e+00 0.000000e+00 -1.000000e+00
    outer loop
      vertex   9.389174e+01 5.969511e+01 -4.500000e+00
      vertex   9.630138e+01 6.091431e+01 -4.500000e+00
      vertex   9.659829e+01 5.834075e+01 -4.500000e+00
    endloop
  endfacet
  facet normal 0.000000e+00 0.000000e+00 -1.000000e+00
    outer loop
      vertex   9.389174e+01 5.969511e+01 -4.500000e+00
      vertex   9.659829e+01 5.834075e+01 -4.500000e+00
      vertex   9.642312e+01 5.819068e+01 -4.500000e+00
    endloop
  endfacet
  facet normal 0.000000e+00 0.000000e+00 -1.000000e+00
    outer loop
      vertex   9.630138e+01 6.091431e+01 -4.500000e+00
      vertex   9.694282e+01 6.051793e+01 -4.500000e+00
      vertex   9.659829e+01 5.834075e+01 -4.500000e+00
    endloop
  endfacet
  facet normal 0.000000e+00 0.000000e+00 -1.000000e+00
    outer loop
      vertex   9.659829e+01 5.834075e+01 -4.500000e+00
      vertex   9.694282e+01 6.051793e+01 -4.500000e+00
      vertex   9.679806e+01 5.845609e+01 -4.500000e+00
    endloop
  endfacet
  facet normal 0.000000e+00 0.000000e+00 -1.000000e+00
    outer loop
      vertex   9.679806e+01 5.845609e+01 -4.500000e+00
      vertex   9.694282e+01 6.051793e+01 -4.500000e+00
      vertex   9.701562e+01 5.853275e+01 -4.500000e+00
    endloop
  endfacet
  facet normal 0.000000e+00 0.000000e+00 -1.000000e+00
    outer loop
      vertex   9.701562e+01 5.853275e+01 -4.500000e+00
      vertex   9.694282e+01 6.051793e+01 -4.500000e+00
      vertex   9.755941e+01 6.008389e+01 -4.500000e+00
    endloop
  endfacet
  facet normal 0.000000e+00 0.000000e+00 -1.000000e+00
    outer loop
      vertex   9.701562e+01 5.853275e+01 -4.500000e+00
      vertex   9.755941e+01 6.008389e+01 -4.500000e+00
      vertex   9.724356e+01 5.856814e+01 -4.500000e+00
    endloop
  endfacet
  facet normal 0.000000e+00 0.000000e+00 -1.000000e+00
    outer loop
      vertex   9.724356e+01 5.856814e+01 -4.500000e+00
      vertex   9.755941e+01 6.008389e+01 -4.500000e+00
      vertex   9.747412e+01 5.856103e+01 -4.500000e+00
    endloop
  endfacet
  facet normal 0.000000e+00 0.000000e+00 -1.000000e+00
    outer loop
      vertex   9.747412e+01 5.856103e+01 -4.500000e+00
      vertex   9.755941e+01 6.008389e+01 -4.500000e+00
      vertex   9.814894e+01 5.961376e+01 -4.500000e+00
    endloop
  endfacet
  facet normal 0.000000e+00 0.000000e+00 -1.000000e+00
    outer loop
      vertex   9.747412e+01 5.856103e+01 -4.500000e+00
      vertex   9.814894e+01 5.961376e+01 -4.500000e+00
      vertex   9.769945e+01 5.851169e+01 -4.500000e+00
    endloop
  endfacet
  facet normal 0.000000e+00 0.000000e+00 -1.000000e+00
    outer loop
      vertex   9.769945e+01 5.851169e+01 -4.500000e+00
      vertex   9.814894e+01 5.961376e+01 -4.500000e+00
      vertex   9.791188e+01 5.842177e+01 -4.500000e+00
    endloop
  endfacet
  facet normal 0.000000e+00 0.000000e+00 -1.000000e+00
    outer loop
      vertex   9.791188e+01 5.842177e+01 -4.500000e+00
      vertex   9.814894e+01 5.961376e+01 -4.500000e+00
      vertex   9.870930e+01 5.910921e+01 -4.500000e+00
    endloop
  endfacet
  facet normal 0.000000e+00 0.000000e+00 -1.000000e+00
    outer loop
      vertex   9.791188e+01 5.842177e+01 -4.500000e+00
      vertex   9.870930e+01 5.910921e+01 -4.500000e+00
      vertex   9.810416e+01 5.829436e+01 -4.500000e+00
    endloop
  endfacet
  facet normal 0.000000e+00 0.000000e+00 -1.000000e+00
    outer loop
      vertex   9.810416e+01 5.829436e+01 -4.500000e+00
      vertex   9.870930e+01 5.910921e+01 -4.500000e+00
      vertex   9.826976e+01 5.813378e+01 -4.500000e+00
    endloop
  endfacet
  facet normal 0.000000e+00 0.000000e+00 -1.000000e+00
    outer loop
      vertex   9.826976e+01 5.813378e+01 -4.500000e+00
      vertex   9.870930e+01 5.910921e+01 -4.500000e+00
      vertex   9.923848e+01 5.857205e+01 -4.500000e+00
    endloop
  endfacet
  facet normal 0.000000e+00 0.000000e+00 -1.000000e+00
    outer loop
      vertex   9.826976e+01 5.813378e+01 -4.500000e+00
      vertex   9.923848e+01 5.857205e+01 -4.500000e+00
      vertex   9.840304e+01 5.794551e+01 -4.500000e+00
    endloop
  endfacet
  facet normal 0.000000e+00 0.000000e+00 -1.000000e+00
    outer loop
      vertex   9.840304e+01 5.794551e+01 -4.500000e+00
      vertex   9.923848e+01 5.857205e+01 -4.500000e+00
      vertex   9.849945e+01 5.773595e+01 -4.500000e+00
    endloop
  endfacet
  facet normal 0.000000e+00 0.000000e+00 -1.000000e+00
    outer loop
      vertex   9.849945e+01 5.773595e+01 -4.500000e+00
      vertex   9.923848e+01 5.857205e+01 -4.500000e+00
      vertex   9.973459e+01 5.800421e+01 -4.500000e+00
    endloop
  endfacet
  facet normal 0.000000e+00 0.000000e+00 -1.000000e+00
    outer loop
      vertex   9.849945e+01 5.773595e+01 -4.500000e+00
      vertex   9.973459e+01 5.800421e+01 -4.500000e+00
      vertex   9.855571e+01 5.751225e+01 -4.500000e+00
    endloop
  endfacet
  facet normal 0.000000e+00 0.000000e+00 -1.000000e+00
    outer loop
      vertex   9.855571e+01 5.751225e+01 -4.500000e+00
      vertex   9.973459e+01 5.800421e+01 -4.500000e+00
      vertex   9.856992e+01 5.728201e+01 -4.500000e+00
    endloop
  endfacet
  facet normal 0.000000e+00 0.000000e+00 -1.000000e+00
    outer loop
      vertex   9.856992e+01 5.728201e+01 -4.500000e+00
      vertex   9.973459e+01 5.800421e+01 -4.500000e+00
      vertex   1.001958e+02 5.740772e+01 -4.500000e+00
    endloop
  endfacet
  facet normal 0.000000e+00 -0.000000e+00 -1.000000e+00
    outer loop
      vertex   9.856992e+01 5.728201e+01 -4.500000e+00
      vertex   1.001958e+02 5.740772e+01 -4.500000e+00
      vertex   9.854157e+01 5.705309e+01 -4.500000e+00
    endloop
  endfacet
  facet normal 0.000000e+00 -0.000000e+00 -1.000000e+00
    outer loop
      vertex   9.854157e+01 5.705309e+01 -4.500000e+00
      vertex   1.001958e+02 5.740772e+01 -4.500000e+00
      vertex   9.847164e+01 5.683328e+01 -4.500000e+00
    endloop
  endfacet
  facet normal 0.000000e+00 0.000000e+00 -1.000000e+00
    outer loop
      vertex   9.847164e+01 5.683328e+01 -4.500000e+00
      vertex   1.001958e+02 5.740772e+01 -4.500000e+00
      vertex   1.006206e+02 5.678470e+01 -4.500000e+00
    endloop
  endfacet
  facet normal 0.000000e+00 -0.000000e+00 -1.000000e+00
    outer loop
      vertex   9.847164e+01 5.683328e+01 -4.500000e+00
      vertex   1.006206e+02 5.678470e+01 -4.500000e+00
      vertex   9.836251e+01 5.663005e+01 -4.500000e+00
    endloop
  endfacet
  facet normal 0.000000e+00 0.000000e+00 -1.000000e+00
    outer loop
      vertex   9.836251e+01 5.663005e+01 -4.500000e+00
      vertex   1.006206e+02 5.678470e+01 -4.500000e+00
      vertex   1.010074e+02 5.613740e+01 -4.500000e+00
    endloop
  endfacet
  facet normal 0.000000e+00 -0.000000e+00 -1.000000e+00
    outer loop
      vertex   9.836251e+01 5.663005e+01 -4.500000e+00
      vertex   1.010074e+02 5.613740e+01 -4.500000e+00
      vertex   9.821790e+01 5.645034e+01 -4.500000e+00
    endloop
  endfacet
  facet normal 0.000000e+00 0.000000e+00 -1.000000e+00
    outer loop
      vertex   9.821790e+01 5.645034e+01 -4.500000e+00
      vertex   1.010074e+02 5.613740e+01 -4.500000e+00
      vertex   9.988466e+01 5.392416e+01 -4.500000e+00
    endloop
  endfacet
  facet normal 0.000000e+00 0.000000e+00 -1.000000e+00
    outer loop
      vertex   9.821790e+01 5.645034e+01 -4.500000e+00
      vertex   9.988466e+01 5.392416e+01 -4.500000e+00
      vertex   9.965792e+01 5.388177e+01 -4.500000e+00
    endloop
  endfacet
  facet normal 0.000000e+00 0.000000e+00 -1.000000e+00
    outer loop
      vertex   9.988466e+01 5.392416e+01 -4.500000e+00
      vertex   1.010074e+02 5.613740e+01 -4.500000e+00
      vertex   1.001153e+02 5.392416e+01 -4.500000e+00
    endloop
  endfacet
  facet normal 0.000000e+00 0.000000e+00 -1.000000e+00
    outer loop
      vertex   1.001153e+02 5.392416e+01 -4.500000e+00
      vertex   1.010074e+02 5.613740e+01 -4.500000e+00
      vertex   1.013547e+02 5.546813e+01 -4.500000e+00
    endloop
  endfacet
  facet normal 0.000000e+00 0.000000e+00 -1.000000e+00
    outer loop
      vertex   1.001153e+02 5.392416e+01 -4.500000e+00
      vertex   1.013547e+02 5.546813e+01 -4.500000e+00
      vertex   1.003421e+02 5.388177e+01 -4.500000e+00
    endloop
  endfacet
  facet normal 0.000000e+00 0.000000e+00 -1.000000e+00
    outer loop
      vertex   1.003421e+02 5.388177e+01 -4.500000e+00
      vertex   1.013547e+02 5.546813e+01 -4.500000e+00
      vertex   1.016614e+02 5.477929e+01 -4.500000e+00
    endloop
  endfacet
  facet normal 0.000000e+00 0.000000e+00 -1.000000e+00
    outer loop
      vertex   1.003421e+02 5.388177e+01 -4.500000e+00
      vertex   1.016614e+02 5.477929e+01 -4.500000e+00
      vertex   1.005572e+02 5.379845e+01 -4.500000e+00
    endloop
  endfacet
  facet normal 0.000000e+00 0.000000e+00 -1.000000e+00
    outer loop
      vertex   1.005572e+02 5.379845e+01 -4.500000e+00
      vertex   1.016614e+02 5.477929e+01 -4.500000e+00
      vertex   1.007533e+02 5.367701e+01 -4.500000e+00
    endloop
  endfacet
  facet normal 0.000000e+00 0.000000e+00 -1.000000e+00
    outer loop
      vertex   1.007533e+02 5.367701e+01 -4.500000e+00
      vertex   1.016614e+02 5.477929e+01 -4.500000e+00
      vertex   1.019263e+02 5.407333e+01 -4.500000e+00
    endloop
  endfacet
  facet normal 0.000000e+00 0.000000e+00 -1.000000e+00
    outer loop
      vertex   1.007533e+02 5.367701e+01 -4.500000e+00
      vertex   1.019263e+02 5.407333e+01 -4.500000e+00
      vertex   1.009238e+02 5.352161e+01 -4.500000e+00
    endloop
  endfacet
  facet normal 0.000000e+00 0.000000e+00 -1.000000e+00
    outer loop
      vertex   1.009238e+02 5.352161e+01 -4.500000e+00
      vertex   1.019263e+02 5.407333e+01 -4.500000e+00
      vertex   1.010628e+02 5.333753e+01 -4.500000e+00
    endloop
  endfacet
  facet normal 0.000000e+00 0.000000e+00 -1.000000e+00
    outer loop
      vertex   1.010628e+02 5.333753e+01 -4.500000e+00
      vertex   1.019263e+02 5.407333e+01 -4.500000e+00
      vertex   1.021486e+02 5.335280e+01 -4.500000e+00
    endloop
  endfacet
  facet normal 0.000000e+00 0.000000e+00 -1.000000e+00
    outer loop
      vertex   1.010628e+02 5.333753e+01 -4.500000e+00
      vertex   1.021486e+02 5.335280e+01 -4.500000e+00
      vertex   1.011656e+02 5.313104e+01 -4.500000e+00
    endloop
  endfacet
  facet normal 0.000000e+00 0.000000e+00 -1.000000e+00
    outer loop
      vertex   1.011656e+02 5.313104e+01 -4.500000e+00
      vertex   1.021486e+02 5.335280e+01 -4.500000e+00
      vertex   1.012287e+02 5.290918e+01 -4.500000e+00
    endloop
  endfacet
  facet normal 0.000000e+00 0.000000e+00 -1.000000e+00
    outer loop
      vertex   1.012287e+02 5.290918e+01 -4.500000e+00
      vertex   1.021486e+02 5.335280e+01 -4.500000e+00
      vertex   1.023274e+02 5.262026e+01 -4.500000e+00
    endloop
  endfacet
  facet normal 0.000000e+00 0.000000e+00 -1.000000e+00
    outer loop
      vertex   1.012287e+02 5.290918e+01 -4.500000e+00
      vertex   1.023274e+02 5.262026e+01 -4.500000e+00
      vertex   1.012500e+02 5.267949e+01 -4.500000e+00
    endloop
  endfacet
  facet normal 0.000000e+00 -0.000000e+00 -1.000000e+00
    outer loop
      vertex   1.012500e+02 5.267949e+01 -4.500000e+00
      vertex   1.023274e+02 5.262026e+01 -4.500000e+00
      vertex   1.012287e+02 5.244981e+01 -4.500000e+00
    endloop
  endfacet
  facet normal 0.000000e+00 0.000000e+00 -1.000000e+00
    outer loop
      vertex   1.012287e+02 5.244981e+01 -4.500000e+00
      vertex   1.023274e+02 5.262026e+01 -4.500000e+00
      vertex   1.024620e+02 5.187834e+01 -4.500000e+00
    endloop
  endfacet
  facet normal 0.000000e+00 -0.000000e+00 -1.000000e+00
    outer loop
      vertex   1.012287e+02 5.244981e+01 -4.500000e+00
      vertex   1.024620e+02 5.187834e+01 -4.500000e+00
      vertex   1.011656e+02 5.222794e+01 -4.500000e+00
    endloop
  endfacet
  facet normal 0.000000e+00 -0.000000e+00 -1.000000e+00
    outer loop
      vertex   1.011656e+02 5.222794e+01 -4.500000e+00
      vertex   1.024620e+02 5.187834e+01 -4.500000e+00
      vertex   1.010628e+02 5.202145e+01 -4.500000e+00
    endloop
  endfacet
  facet normal 0.000000e+00 0.000000e+00 -1.000000e+00
    outer loop
      vertex   1.010628e+02 5.202145e+01 -4.500000e+00
      vertex   1.024620e+02 5.187834e+01 -4.500000e+00
      vertex   1.025520e+02 5.112970e+01 -4.500000e+00
    endloop
  endfacet
  facet normal 0.000000e+00 -0.000000e+00 -1.000000e+00
    outer loop
      vertex   1.010628e+02 5.202145e+01 -4.500000e+00
      vertex   1.025520e+02 5.112970e+01 -4.500000e+00
      vertex   1.009238e+02 5.183737e+01 -4.500000e+00
    endloop
  endfacet
  facet normal 0.000000e+00 -0.000000e+00 -1.000000e+00
    outer loop
      vertex   1.009238e+02 5.183737e+01 -4.500000e+00
      vertex   1.025520e+02 5.112970e+01 -4.500000e+00
      vertex   1.007533e+02 5.168197e+01 -4.500000e+00
    endloop
  endfacet
  facet normal 0.000000e+00 -0.000000e+00 -1.000000e+00
    outer loop
      vertex   1.007533e+02 5.168197e+01 -4.500000e+00
      vertex   1.025520e+02 5.112970e+01 -4.500000e+00
      vertex   1.004330e+02 5.025000e+01 -4.500000e+00
    endloop
  endfacet
  facet normal 0.000000e+00 0.000000e+00 -1.000000e+00
    outer loop
      vertex   1.007533e+02 5.168197e+01 -4.500000e+00
      vertex   1.004330e+02 5.025000e+01 -4.500000e+00
      vertex   1.005572e+02 5.156054e+01 -4.500000e+00
    endloop
  endfacet
  facet normal 0.000000e+00 0.000000e+00 -1.000000e+00
    outer loop
      vertex   1.005572e+02 5.156054e+01 -4.500000e+00
      vertex   1.004330e+02 5.025000e+01 -4.500000e+00
      vertex   1.003536e+02 5.035355e+01 -4.500000e+00
    endloop
  endfacet
  facet normal 0.000000e+00 0.000000e+00 -1.000000e+00
    outer loop
      vertex   1.005572e+02 5.156054e+01 -4.500000e+00
      vertex   1.003536e+02 5.035355e+01 -4.500000e+00
      vertex   1.002500e+02 5.043301e+01 -4.500000e+00
    endloop
  endfacet
  facet normal 0.000000e+00 -0.000000e+00 -1.000000e+00
    outer loop
      vertex   1.025520e+02 5.112970e+01 -4.500000e+00
      vertex   1.025971e+02 5.037702e+01 -4.500000e+00
      vertex   1.004330e+02 5.025000e+01 -4.500000e+00
    endloop
  endfacet
  facet normal 0.000000e+00 0.000000e+00 -1.000000e+00
    outer loop
      vertex   1.004330e+02 5.025000e+01 -4.500000e+00
      vertex   1.025971e+02 5.037702e+01 -4.500000e+00
      vertex   1.004830e+02 5.012941e+01 -4.500000e+00
    endloop
  endfacet
  facet normal 0.000000e+00 0.000000e+00 -1.000000e+00
    outer loop
      vertex   1.004830e+02 5.012941e+01 -4.500000e+00
      vertex   1.025971e+02 5.037702e+01 -4.500000e+00
      vertex   1.005000e+02 5.000000e+01 -4.500000e+00
    endloop
  endfacet
  facet normal 0.000000e+00 0.000000e+00 -1.000000e+00
    outer loop
      vertex   1.005000e+02 5.000000e+01 -4.500000e+00
      vertex   1.025971e+02 5.037702e+01 -4.500000e+00
      vertex   1.025971e+02 4.962298e+01 -4.500000e+00
    endloop
  endfacet
  facet normal 0.000000e+00 -0.000000e+00 -1.000000e+00
    outer loop
      vertex   1.005000e+02 5.000000e+01 -4.500000e+00
      vertex   1.025971e+02 4.962298e+01 -4.500000e+00
      vertex   1.004830e+02 4.987059e+01 -4.500000e+00
    endloop
  endfacet
  facet normal 0.000000e+00 -0.000000e+00 -1.000000e+00
    outer loop
      vertex   1.004830e+02 4.987059e+01 -4.500000e+00
      vertex   1.025971e+02 4.962298e+01 -4.500000e+00
      vertex   1.004330e+02 4.975000e+01 -4.500000e+00
    endloop
  endfacet
  facet normal 0.000000e+00 0.000000e+00 -1.000000e+00
    outer loop
      vertex   1.004330e+02 4.975000e+01 -4.500000e+00
      vertex   1.025971e+02 4.962298e+01 -4.500000e+00
      vertex   1.025520e+02 4.887030e+01 -4.500000e+00
    endloop
  endfacet
  facet normal 0.000000e+00 0.000000e+00 -1.000000e+00
    outer loop
      vertex   1.004330e+02 4.975000e+01 -4.500000e+00
      vertex   1.025520e+02 4.887030e+01 -4.500000e+00
      vertex   1.007222e+02 4.834075e+01 -4.500000e+00
    endloop
  endfacet
  facet normal 0.000000e+00 0.000000e+00 -1.000000e+00
    outer loop
      vertex   1.007222e+02 4.834075e+01 -4.500000e+00
      vertex   1.025520e+02 4.887030e+01 -4.500000e+00
      vertex   1.008974e+02 4.819068e+01 -4.500000e+00
    endloop
  endfacet
  facet normal 0.000000e+00 0.000000e+00 -1.000000e+00
    outer loop
      vertex   1.008974e+02 4.819068e+01 -4.500000e+00
      vertex   1.025520e+02 4.887030e+01 -4.500000e+00
      vertex   1.010420e+02 4.801096e+01 -4.500000e+00
    endloop
  endfacet
  facet normal 0.000000e+00 0.000000e+00 -1.000000e+00
    outer loop
      vertex   1.010420e+02 4.801096e+01 -4.500000e+00
      vertex   1.025520e+02 4.887030e+01 -4.500000e+00
      vertex   1.024620e+02 4.812166e+01 -4.500000e+00
    endloop
  endfacet
  facet normal 0.000000e+00 0.000000e+00 -1.000000e+00
    outer loop
      vertex   1.010420e+02 4.801096e+01 -4.500000e+00
      vertex   1.024620e+02 4.812166e+01 -4.500000e+00
      vertex   1.011511e+02 4.780774e+01 -4.500000e+00
    endloop
  endfacet
  facet normal 0.000000e+00 0.000000e+00 -1.000000e+00
    outer loop
      vertex   1.011511e+02 4.780774e+01 -4.500000e+00
      vertex   1.024620e+02 4.812166e+01 -4.500000e+00
      vertex   1.012211e+02 4.758792e+01 -4.500000e+00
    endloop
  endfacet
  facet normal 0.000000e+00 0.000000e+00 -1.000000e+00
    outer loop
      vertex   1.012211e+02 4.758792e+01 -4.500000e+00
      vertex   1.024620e+02 4.812166e+01 -4.500000e+00
      vertex   1.023274e+02 4.737974e+01 -4.500000e+00
    endloop
  endfacet
  facet normal 0.000000e+00 0.000000e+00 -1.000000e+00
    outer loop
      vertex   1.012211e+02 4.758792e+01 -4.500000e+00
      vertex   1.023274e+02 4.737974e+01 -4.500000e+00
      vertex   1.012494e+02 4.735900e+01 -4.500000e+00
    endloop
  endfacet
  facet normal 0.000000e+00 -0.000000e+00 -1.000000e+00
    outer loop
      vertex   1.012494e+02 4.735900e+01 -4.500000e+00
      vertex   1.023274e+02 4.737974e+01 -4.500000e+00
      vertex   1.012352e+02 4.712877e+01 -4.500000e+00
    endloop
  endfacet
  facet normal 0.000000e+00 0.000000e+00 -1.000000e+00
    outer loop
      vertex   1.012352e+02 4.712877e+01 -4.500000e+00
      vertex   1.023274e+02 4.737974e+01 -4.500000e+00
      vertex   1.021486e+02 4.664720e+01 -4.500000e+00
    endloop
  endfacet
  facet normal 0.000000e+00 -0.000000e+00 -1.000000e+00
    outer loop
      vertex   1.012352e+02 4.712877e+01 -4.500000e+00
      vertex   1.021486e+02 4.664720e+01 -4.500000e+00
      vertex   1.011789e+02 4.690506e+01 -4.500000e+00
    endloop
  endfacet
  facet normal 0.000000e+00 -0.000000e+00 -1.000000e+00
    outer loop
      vertex   1.011789e+02 4.690506e+01 -4.500000e+00
      vertex   1.021486e+02 4.664720e+01 -4.500000e+00
      vertex   1.010825e+02 4.669551e+01 -4.500000e+00
    endloop
  endfacet
  facet normal 0.000000e+00 0.000000e+00 -1.000000e+00
    outer loop
      vertex   1.010825e+02 4.669551e+01 -4.500000e+00
      vertex   1.021486e+02 4.664720e+01 -4.500000e+00
      vertex   1.019263e+02 4.592667e+01 -4.500000e+00
    endloop
  endfacet
  facet normal 0.000000e+00 -0.000000e+00 -1.000000e+00
    outer loop
      vertex   1.010825e+02 4.669551e+01 -4.500000e+00
      vertex   1.019263e+02 4.592667e+01 -4.500000e+00
      vertex   1.009493e+02 4.650724e+01 -4.500000e+00
    endloop
  endfacet
  facet normal 0.000000e+00 -0.000000e+00 -1.000000e+00
    outer loop
      vertex   1.009493e+02 4.650724e+01 -4.500000e+00
      vertex   1.019263e+02 4.592667e+01 -4.500000e+00
      vertex   1.007837e+02 4.634666e+01 -4.500000e+00
    endloop
  endfacet
  facet normal 0.000000e+00 0.000000e+00 -1.000000e+00
    outer loop
      vertex   1.007837e+02 4.634666e+01 -4.500000e+00
      vertex   1.019263e+02 4.592667e+01 -4.500000e+00
      vertex   1.016614e+02 4.522071e+01 -4.500000e+00
    endloop
  endfacet
  facet normal 0.000000e+00 -0.000000e+00 -1.000000e+00
    outer loop
      vertex   1.007837e+02 4.634666e+01 -4.500000e+00
      vertex   1.016614e+02 4.522071e+01 -4.500000e+00
      vertex   1.005914e+02 4.621924e+01 -4.500000e+00
    endloop
  endfacet
  facet normal 0.000000e+00 -0.000000e+00 -1.000000e+00
    outer loop
      vertex   1.005914e+02 4.621924e+01 -4.500000e+00
      vertex   1.016614e+02 4.522071e+01 -4.500000e+00
      vertex   1.003789e+02 4.612933e+01 -4.500000e+00
    endloop
  endfacet
  facet normal 0.000000e+00 0.000000e+00 -1.000000e+00
    outer loop
      vertex   1.003789e+02 4.612933e+01 -4.500000e+00
      vertex   1.016614e+02 4.522071e+01 -4.500000e+00
      vertex   1.013547e+02 4.453187e+01 -4.500000e+00
    endloop
  endfacet
  facet normal 0.000000e+00 -0.000000e+00 -1.000000e+00
    outer loop
      vertex   1.003789e+02 4.612933e+01 -4.500000e+00
      vertex   1.013547e+02 4.453187e+01 -4.500000e+00
      vertex   1.001536e+02 4.607998e+01 -4.500000e+00
    endloop
  endfacet
  facet normal 0.000000e+00 0.000000e+00 -1.000000e+00
    outer loop
      vertex   1.001536e+02 4.607998e+01 -4.500000e+00
      vertex   1.013547e+02 4.453187e+01 -4.500000e+00
      vertex   1.010074e+02 4.386260e+01 -4.500000e+00
    endloop
  endfacet
  facet normal 0.000000e+00 -0.000000e+00 -1.000000e+00
    outer loop
      vertex   1.001536e+02 4.607998e+01 -4.500000e+00
      vertex   1.010074e+02 4.386260e+01 -4.500000e+00
      vertex   9.992305e+01 4.607288e+01 -4.500000e+00
    endloop
  endfacet
  facet normal -0.000000e+00 -0.000000e+00 -1.000000e+00
    outer loop
      vertex   9.992305e+01 4.607288e+01 -4.500000e+00
      vertex   1.010074e+02 4.386260e+01 -4.500000e+00
      vertex   9.969511e+01 4.610826e+01 -4.500000e+00
    endloop
  endfacet
  facet normal 0.000000e+00 -0.000000e+00 -1.000000e+00
    outer loop
      vertex   9.969511e+01 4.610826e+01 -4.500000e+00
      vertex   1.010074e+02 4.386260e+01 -4.500000e+00
      vertex   9.834075e+01 4.340171e+01 -4.500000e+00
    endloop
  endfacet
  facet normal 0.000000e+00 0.000000e+00 -1.000000e+00
    outer loop
      vertex   9.969511e+01 4.610826e+01 -4.500000e+00
      vertex   9.834075e+01 4.340171e+01 -4.500000e+00
      vertex   9.819068e+01 4.357688e+01 -4.500000e+00
    endloop
  endfacet
  facet normal 0.000000e+00 0.000000e+00 -1.000000e+00
    outer loop
      vertex   1.010074e+02 4.386260e+01 -4.500000e+00
      vertex   1.006206e+02 4.321530e+01 -4.500000e+00
      vertex   9.834075e+01 4.340171e+01 -4.500000e+00
    endloop
  endfacet
  facet normal 0.000000e+00 0.000000e+00 -1.000000e+00
    outer loop
      vertex   9.834075e+01 4.340171e+01 -4.500000e+00
      vertex   1.006206e+02 4.321530e+01 -4.500000e+00
      vertex   9.845609e+01 4.320194e+01 -4.500000e+00
    endloop
  endfacet
  facet normal 0.000000e+00 0.000000e+00 -1.000000e+00
    outer loop
      vertex   9.845609e+01 4.320194e+01 -4.500000e+00
      vertex   1.006206e+02 4.321530e+01 -4.500000e+00
      vertex   1.001958e+02 4.259228e+01 -4.500000e+00
    endloop
  endfacet
  facet normal 0.000000e+00 0.000000e+00 -1.000000e+00
    outer loop
      vertex   9.845609e+01 4.320194e+01 -4.500000e+00
      vertex   1.001958e+02 4.259228e+01 -4.500000e+00
      vertex   9.853275e+01 4.298438e+01 -4.500000e+00
    endloop
  endfacet
  facet normal 0.000000e+00 0.000000e+00 -1.000000e+00
    outer loop
      vertex   9.853275e+01 4.298438e+01 -4.500000e+00
      vertex   1.001958e+02 4.259228e+01 -4.500000e+00
      vertex   9.856814e+01 4.275644e+01 -4.500000e+00
    endloop
  endfacet
  facet normal 0.000000e+00 0.000000e+00 -1.000000e+00
    outer loop
      vertex   9.856814e+01 4.275644e+01 -4.500000e+00
      vertex   1.001958e+02 4.259228e+01 -4.500000e+00
      vertex   9.973459e+01 4.199579e+01 -4.500000e+00
    endloop
  endfacet
  facet normal 0.000000e+00 -0.000000e+00 -1.000000e+00
    outer loop
      vertex   9.856814e+01 4.275644e+01 -4.500000e+00
      vertex   9.973459e+01 4.199579e+01 -4.500000e+00
      vertex   9.856103e+01 4.252588e+01 -4.500000e+00
    endloop
  endfacet
  facet normal 0.000000e+00 -0.000000e+00 -1.000000e+00
    outer loop
      vertex   9.856103e+01 4.252588e+01 -4.500000e+00
      vertex   9.973459e+01 4.199579e+01 -4.500000e+00
      vertex   9.851169e+01 4.230055e+01 -4.500000e+00
    endloop
  endfacet
  facet normal 0.000000e+00 0.000000e+00 -1.000000e+00
    outer loop
      vertex   9.851169e+01 4.230055e+01 -4.500000e+00
      vertex   9.973459e+01 4.199579e+01 -4.500000e+00
      vertex   9.923848e+01 4.142795e+01 -4.500000e+00
    endloop
  endfacet
  facet normal 0.000000e+00 -0.000000e+00 -1.000000e+00
    outer loop
      vertex   9.851169e+01 4.230055e+01 -4.500000e+00
      vertex   9.923848e+01 4.142795e+01 -4.500000e+00
      vertex   9.842177e+01 4.208812e+01 -4.500000e+00
    endloop
  endfacet
  facet normal 0.000000e+00 -0.000000e+00 -1.000000e+00
    outer loop
      vertex   9.842177e+01 4.208812e+01 -4.500000e+00
      vertex   9.923848e+01 4.142795e+01 -4.500000e+00
      vertex   9.829436e+01 4.189584e+01 -4.500000e+00
    endloop
  endfacet
  facet normal 0.000000e+00 0.000000e+00 -1.000000e+00
    outer loop
      vertex   9.829436e+01 4.189584e+01 -4.500000e+00
      vertex   9.923848e+01 4.142795e+01 -4.500000e+00
      vertex   9.870930e+01 4.089079e+01 -4.500000e+00
    endloop
  endfacet
  facet normal 0.000000e+00 -0.000000e+00 -1.000000e+00
    outer loop
      vertex   9.829436e+01 4.189584e+01 -4.500000e+00
      vertex   9.870930e+01 4.089079e+01 -4.500000e+00
      vertex   9.813378e+01 4.173024e+01 -4.500000e+00
    endloop
  endfacet
  facet normal 0.000000e+00 -0.000000e+00 -1.000000e+00
    outer loop
      vertex   9.813378e+01 4.173024e+01 -4.500000e+00
      vertex   9.870930e+01 4.089079e+01 -4.500000e+00
      vertex   9.794551e+01 4.159696e+01 -4.500000e+00
    endloop
  endfacet
  facet normal 0.000000e+00 0.000000e+00 -1.000000e+00
    outer loop
      vertex   9.794551e+01 4.159696e+01 -4.500000e+00
      vertex   9.870930e+01 4.089079e+01 -4.500000e+00
      vertex   9.814894e+01 4.038624e+01 -4.500000e+00
    endloop
  endfacet
  facet normal 0.000000e+00 -0.000000e+00 -1.000000e+00
    outer loop
      vertex   9.794551e+01 4.159696e+01 -4.500000e+00
      vertex   9.814894e+01 4.038624e+01 -4.500000e+00
      vertex   9.773595e+01 4.150055e+01 -4.500000e+00
    endloop
  endfacet
  facet normal 0.000000e+00 -0.000000e+00 -1.000000e+00
    outer loop
      vertex   9.773595e+01 4.150055e+01 -4.500000e+00
      vertex   9.814894e+01 4.038624e+01 -4.500000e+00
      vertex   9.751225e+01 4.144429e+01 -4.500000e+00
    endloop
  endfacet
  facet normal 0.000000e+00 0.000000e+00 -1.000000e+00
    outer loop
      vertex   9.751225e+01 4.144429e+01 -4.500000e+00
      vertex   9.814894e+01 4.038624e+01 -4.500000e+00
      vertex   9.755941e+01 3.991611e+01 -4.500000e+00
    endloop
  endfacet
  facet normal 0.000000e+00 -0.000000e+00 -1.000000e+00
    outer loop
      vertex   9.751225e+01 4.144429e+01 -4.500000e+00
      vertex   9.755941e+01 3.991611e+01 -4.500000e+00
      vertex   9.728201e+01 4.143008e+01 -4.500000e+00
    endloop
  endfacet
  facet normal -0.000000e+00 -0.000000e+00 -1.000000e+00
    outer loop
      vertex   9.728201e+01 4.143008e+01 -4.500000e+00
      vertex   9.755941e+01 3.991611e+01 -4.500000e+00
      vertex   9.705309e+01 4.145843e+01 -4.500000e+00
    endloop
  endfacet
  facet normal 0.000000e+00 -0.000000e+00 -1.000000e+00
    outer loop
      vertex   9.705309e+01 4.145843e+01 -4.500000e+00
      vertex   9.755941e+01 3.991611e+01 -4.500000e+00
      vertex   9.694282e+01 3.948207e+01 -4.500000e+00
    endloop
  endfacet
  facet normal -0.000000e+00 0.000000e+00 -1.000000e+00
    outer loop
      vertex   9.705309e+01 4.145843e+01 -4.500000e+00
      vertex   9.694282e+01 3.948207e+01 -4.500000e+00
      vertex   9.683328e+01 4.152836e+01 -4.500000e+00
    endloop
  endfacet
  facet normal -0.000000e+00 -0.000000e+00 -1.000000e+00
    outer loop
      vertex   9.683328e+01 4.152836e+01 -4.500000e+00
      vertex   9.694282e+01 3.948207e+01 -4.500000e+00
      vertex   9.663005e+01 4.163749e+01 -4.500000e+00
    endloop
  endfacet
  facet normal 0.000000e+00 -0.000000e+00 -1.000000e+00
    outer loop
      vertex   9.663005e+01 4.163749e+01 -4.500000e+00
      vertex   9.694282e+01 3.948207e+01 -4.500000e+00
      vertex   9.630138e+01 3.908569e+01 -4.500000e+00
    endloop
  endfacet
  facet normal -0.000000e+00 0.000000e+00 -1.000000e+00
    outer loop
      vertex   9.663005e+01 4.163749e+01 -4.500000e+00
      vertex   9.630138e+01 3.908569e+01 -4.500000e+00
      vertex   9.645034e+01 4.178210e+01 -4.500000e+00
    endloop
  endfacet
  facet normal 0.000000e+00 0.000000e+00 -1.000000e+00
    outer loop
      vertex   9.645034e+01 4.178210e+01 -4.500000e+00
      vertex   9.630138e+01 3.908569e+01 -4.500000e+00
      vertex   9.392416e+01 4.011534e+01 -4.500000e+00
    endloop
  endfacet
  facet normal 0.000000e+00 0.000000e+00 -1.000000e+00
    outer loop
      vertex   9.645034e+01 4.178210e+01 -4.500000e+00
      vertex   9.392416e+01 4.011534e+01 -4.500000e+00
      vertex   9.388177e+01 4.034208e+01 -4.500000e+00
    endloop
  endfacet
  facet normal -0.000000e+00 0.000000e+00 -1.000000e+00
    outer loop
      vertex   9.630138e+01 3.908569e+01 -4.500000e+00
      vertex   9.563738e+01 3.872837e+01 -4.500000e+00
      vertex   9.392416e+01 4.011534e+01 -4.500000e+00
    endloop
  endfacet
  facet normal 0.000000e+00 0.000000e+00 -1.000000e+00
    outer loop
      vertex   9.392416e+01 4.011534e+01 -4.500000e+00
      vertex   9.563738e+01 3.872837e+01 -4.500000e+00
      vertex   9.392416e+01 3.988466e+01 -4.500000e+00
    endloop
  endfacet
  facet normal 0.000000e+00 -0.000000e+00 -1.000000e+00
    outer loop
      vertex   9.392416e+01 3.988466e+01 -4.500000e+00
      vertex   9.563738e+01 3.872837e+01 -4.500000e+00
      vertex   9.388177e+01 3.965792e+01 -4.500000e+00
    endloop
  endfacet
  facet normal 0.000000e+00 0.000000e+00 -1.000000e+00
    outer loop
      vertex   9.388177e+01 3.965792e+01 -4.500000e+00
      vertex   9.563738e+01 3.872837e+01 -4.500000e+00
      vertex   9.495320e+01 3.841141e+01 -4.500000e+00
    endloop
  endfacet
  facet normal 0.000000e+00 -0.000000e+00 -1.000000e+00
    outer loop
      vertex   9.388177e+01 3.965792e+01 -4.500000e+00
      vertex   9.495320e+01 3.841141e+01 -4.500000e+00
      vertex   9.379845e+01 3.944283e+01 -4.500000e+00
    endloop
  endfacet
  facet normal 0.000000e+00 -0.000000e+00 -1.000000e+00
    outer loop
      vertex   9.379845e+01 3.944283e+01 -4.500000e+00
      vertex   9.495320e+01 3.841141e+01 -4.500000e+00
      vertex   9.367701e+01 3.924671e+01 -4.500000e+00
    endloop
  endfacet
  facet normal 0.000000e+00 0.000000e+00 -1.000000e+00
    outer loop
      vertex   9.367701e+01 3.924671e+01 -4.500000e+00
      vertex   9.495320e+01 3.841141e+01 -4.500000e+00
      vertex   9.425129e+01 3.813593e+01 -4.500000e+00
    endloop
  endfacet
  facet normal 0.000000e+00 -0.000000e+00 -1.000000e+00
    outer loop
      vertex   9.367701e+01 3.924671e+01 -4.500000e+00
      vertex   9.425129e+01 3.813593e+01 -4.500000e+00
      vertex   9.352161e+01 3.907624e+01 -4.500000e+00
    endloop
  endfacet
  facet normal 0.000000e+00 -0.000000e+00 -1.000000e+00
    outer loop
      vertex   9.352161e+01 3.907624e+01 -4.500000e+00
      vertex   9.425129e+01 3.813593e+01 -4.500000e+00
      vertex   9.333753e+01 3.893723e+01 -4.500000e+00
    endloop
  endfacet
  facet normal 0.000000e+00 0.000000e+00 -1.000000e+00
    outer loop
      vertex   9.333753e+01 3.893723e+01 -4.500000e+00
      vertex   9.425129e+01 3.813593e+01 -4.500000e+00
      vertex   9.353416e+01 3.790292e+01 -4.500000e+00
    endloop
  endfacet
  facet normal 0.000000e+00 -0.000000e+00 -1.000000e+00
    outer loop
      vertex   9.333753e+01 3.893723e+01 -4.500000e+00
      vertex   9.353416e+01 3.790292e+01 -4.500000e+00
      vertex   9.313104e+01 3.883441e+01 -4.500000e+00
    endloop
  endfacet
  facet normal 0.000000e+00 -0.000000e+00 -1.000000e+00
    outer loop
      vertex   9.313104e+01 3.883441e+01 -4.500000e+00
      vertex   9.353416e+01 3.790292e+01 -4.500000e+00
      vertex   9.290918e+01 3.877128e+01 -4.500000e+00
    endloop
  endfacet
  facet normal 0.000000e+00 -0.000000e+00 -1.000000e+00
    outer loop
      vertex   9.290918e+01 3.877128e+01 -4.500000e+00
      vertex   9.353416e+01 3.790292e+01 -4.500000e+00
      vertex   9.280438e+01 3.771322e+01 -4.500000e+00
    endloop
  endfacet
  facet normal 0.000000e+00 0.000000e+00 -1.000000e+00
    outer loop
      vertex   9.290918e+01 3.877128e+01 -4.500000e+00
      vertex   9.280438e+01 3.771322e+01 -4.500000e+00
      vertex   9.267949e+01 3.875000e+01 -4.500000e+00
    endloop
  endfacet
  facet normal -0.000000e+00 -0.000000e+00 -1.000000e+00
    outer loop
      vertex   9.267949e+01 3.875000e+01 -4.500000e+00
      vertex   9.280438e+01 3.771322e+01 -4.500000e+00
      vertex   9.244981e+01 3.877128e+01 -4.500000e+00
    endloop
  endfacet
  facet normal 0.000000e+00 -0.000000e+00 -1.000000e+00
    outer loop
      vertex   9.244981e+01 3.877128e+01 -4.500000e+00
      vertex   9.280438e+01 3.771322e+01 -4.500000e+00
      vertex   9.206456e+01 3.756749e+01 -4.500000e+00
    endloop
  endfacet
  facet normal -0.000000e+00 0.000000e+00 -1.000000e+00
    outer loop
      vertex   9.244981e+01 3.877128e+01 -4.500000e+00
      vertex   9.206456e+01 3.756749e+01 -4.500000e+00
      vertex   9.222794e+01 3.883441e+01 -4.500000e+00
    endloop
  endfacet
  facet normal -0.000000e+00 0.000000e+00 -1.000000e+00
    outer loop
      vertex   9.222794e+01 3.883441e+01 -4.500000e+00
      vertex   9.206456e+01 3.756749e+01 -4.500000e+00
      vertex   9.202145e+01 3.893723e+01 -4.500000e+00
    endloop
  endfacet
  facet normal 0.000000e+00 -0.000000e+00 -1.000000e+00
    outer loop
      vertex   9.202145e+01 3.893723e+01 -4.500000e+00
      vertex   9.206456e+01 3.756749e+01 -4.500000e+00
      vertex   9.131735e+01 3.746628e+01 -4.500000e+00
    endloop
  endfacet
  facet normal -0.000000e+00 0.000000e+00 -1.000000e+00
    outer loop
      vertex   9.202145e+01 3.893723e+01 -4.500000e+00
      vertex   9.131735e+01 3.746628e+01 -4.500000e+00
      vertex   9.183737e+01 3.907624e+01 -4.500000e+00
    endloop
  endfacet
  facet normal -0.000000e+00 0.000000e+00 -1.000000e+00
    outer loop
      vertex   9.183737e+01 3.907624e+01 -4.500000e+00
      vertex   9.131735e+01 3.746628e+01 -4.500000e+00
      vertex   9.168197e+01 3.924671e+01 -4.500000e+00
    endloop
  endfacet
  facet normal 0.000000e+00 0.000000e+00 -1.000000e+00
    outer loop
      vertex   9.168197e+01 3.924671e+01 -4.500000e+00
      vertex   9.131735e+01 3.746628e+01 -4.500000e+00
      vertex   9.056542e+01 3.740993e+01 -4.500000e+00
    endloop
  endfacet
  facet normal -0.000000e+00 0.000000e+00 -1.000000e+00
    outer loop
      vertex   9.168197e+01 3.924671e+01 -4.500000e+00
      vertex   9.056542e+01 3.740993e+01 -4.500000e+00
      vertex   9.156054e+01 3.944283e+01 -4.500000e+00
    endloop
  endfacet
  facet normal 0.000000e+00 0.000000e+00 -1.000000e+00
    outer loop
      vertex   9.156054e+01 3.944283e+01 -4.500000e+00
      vertex   9.056542e+01 3.740993e+01 -4.500000e+00
      vertex   8.981147e+01 3.739865e+01 -4.500000e+00
    endloop
  endfacet
  facet normal -0.000000e+00 0.000000e+00 -1.000000e+00
    outer loop
      vertex   9.156054e+01 3.944283e+01 -4.500000e+00
      vertex   8.981147e+01 3.739865e+01 -4.500000e+00
      vertex   9.147721e+01 3.965792e+01 -4.500000e+00
    endloop
  endfacet
  facet normal 0.000000e+00 0.000000e+00 -1.000000e+00
    outer loop
      vertex   9.147721e+01 3.965792e+01 -4.500000e+00
      vertex   8.981147e+01 3.739865e+01 -4.500000e+00
      vertex   8.845609e+01 3.947755e+01 -4.500000e+00
    endloop
  endfacet
  facet normal -0.000000e+00 0.000000e+00 -1.000000e+00
    outer loop
      vertex   9.147721e+01 3.965792e+01 -4.500000e+00
      vertex   8.845609e+01 3.947755e+01 -4.500000e+00
      vertex   8.853275e+01 3.969511e+01 -4.500000e+00
    endloop
  endfacet
  facet normal 0.000000e+00 -0.000000e+00 -1.000000e+00
    outer loop
      vertex   8.845609e+01 3.947755e+01 -4.500000e+00
      vertex   8.981147e+01 3.739865e+01 -4.500000e+00
      vertex   8.834075e+01 3.927778e+01 -4.500000e+00
    endloop
  endfacet
  facet normal 0.000000e+00 0.000000e+00 -1.000000e+00
    outer loop
      vertex   8.834075e+01 3.927778e+01 -4.500000e+00
      vertex   8.981147e+01 3.739865e+01 -4.500000e+00
      vertex   8.905819e+01 3.743248e+01 -4.500000e+00
    endloop
  endfacet
  facet normal 0.000000e+00 -0.000000e+00 -1.000000e+00
    outer loop
      vertex   8.834075e+01 3.927778e+01 -4.500000e+00
      vertex   8.905819e+01 3.743248e+01 -4.500000e+00
      vertex   8.819068e+01 3.910261e+01 -4.500000e+00
    endloop
  endfacet
  facet normal 0.000000e+00 0.000000e+00 -1.000000e+00
    outer loop
      vertex   8.819068e+01 3.910261e+01 -4.500000e+00
      vertex   8.905819e+01 3.743248e+01 -4.500000e+00
      vertex   8.830829e+01 3.751130e+01 -4.500000e+00
    endloop
  endfacet
  facet normal 0.000000e+00 -0.000000e+00 -1.000000e+00
    outer loop
      vertex   8.819068e+01 3.910261e+01 -4.500000e+00
      vertex   8.830829e+01 3.751130e+01 -4.500000e+00
      vertex   8.801096e+01 3.895800e+01 -4.500000e+00
    endloop
  endfacet
  facet normal 0.000000e+00 -0.000000e+00 -1.000000e+00
    outer loop
      vertex   8.801096e+01 3.895800e+01 -4.500000e+00
      vertex   8.830829e+01 3.751130e+01 -4.500000e+00
      vertex   8.780774e+01 3.884887e+01 -4.500000e+00
    endloop
  endfacet
  facet normal 0.000000e+00 -0.000000e+00 -1.000000e+00
    outer loop
      vertex   8.780774e+01 3.884887e+01 -4.500000e+00
      vertex   8.830829e+01 3.751130e+01 -4.500000e+00
      vertex   8.756444e+01 3.763482e+01 -4.500000e+00
    endloop
  endfacet
  facet normal 0.000000e+00 0.000000e+00 -1.000000e+00
    outer loop
      vertex   8.780774e+01 3.884887e+01 -4.500000e+00
      vertex   8.756444e+01 3.763482e+01 -4.500000e+00
      vertex   8.758792e+01 3.877894e+01 -4.500000e+00
    endloop
  endfacet
  facet normal 0.000000e+00 0.000000e+00 -1.000000e+00
    outer loop
      vertex   8.758792e+01 3.877894e+01 -4.500000e+00
      vertex   8.756444e+01 3.763482e+01 -4.500000e+00
      vertex   8.735900e+01 3.875059e+01 -4.500000e+00
    endloop
  endfacet
  facet normal 0.000000e+00 -0.000000e+00 -1.000000e+00
    outer loop
      vertex   8.735900e+01 3.875059e+01 -4.500000e+00
      vertex   8.756444e+01 3.763482e+01 -4.500000e+00
      vertex   8.682931e+01 3.780261e+01 -4.500000e+00
    endloop
  endfacet
  facet normal -0.000000e+00 0.000000e+00 -1.000000e+00
    outer loop
      vertex   8.735900e+01 3.875059e+01 -4.500000e+00
      vertex   8.682931e+01 3.780261e+01 -4.500000e+00
      vertex   8.712877e+01 3.876479e+01 -4.500000e+00
    endloop
  endfacet
  facet normal -0.000000e+00 0.000000e+00 -1.000000e+00
    outer loop
      vertex   8.712877e+01 3.876479e+01 -4.500000e+00
      vertex   8.682931e+01 3.780261e+01 -4.500000e+00
      vertex   8.690506e+01 3.882106e+01 -4.500000e+00
    endloop
  endfacet
  facet normal 0.000000e+00 0.000000e+00 -1.000000e+00
    outer loop
      vertex   8.690506e+01 3.882106e+01 -4.500000e+00
      vertex   8.682931e+01 3.780261e+01 -4.500000e+00
      vertex   8.610553e+01 3.801406e+01 -4.500000e+00
    endloop
  endfacet
  facet normal -0.000000e+00 0.000000e+00 -1.000000e+00
    outer loop
      vertex   8.690506e+01 3.882106e+01 -4.500000e+00
      vertex   8.610553e+01 3.801406e+01 -4.500000e+00
      vertex   8.669551e+01 3.891747e+01 -4.500000e+00
    endloop
  endfacet
  facet normal -0.000000e+00 0.000000e+00 -1.000000e+00
    outer loop
      vertex   8.669551e+01 3.891747e+01 -4.500000e+00
      vertex   8.610553e+01 3.801406e+01 -4.500000e+00
      vertex   8.650724e+01 3.905074e+01 -4.500000e+00
    endloop
  endfacet
  facet normal 0.000000e+00 0.000000e+00 -1.000000e+00
    outer loop
      vertex   8.650724e+01 3.905074e+01 -4.500000e+00
      vertex   8.610553e+01 3.801406e+01 -4.500000e+00
      vertex   8.539569e+01 3.826842e+01 -4.500000e+00
    endloop
  endfacet
  facet normal -0.000000e+00 0.000000e+00 -1.000000e+00
    outer loop
      vertex   8.650724e+01 3.905074e+01 -4.500000e+00
      vertex   8.539569e+01 3.826842e+01 -4.500000e+00
      vertex   8.634666e+01 3.921635e+01 -4.500000e+00
    endloop
  endfacet
  facet normal -0.000000e+00 0.000000e+00 -1.000000e+00
    outer loop
      vertex   8.634666e+01 3.921635e+01 -4.500000e+00
      vertex   8.539569e+01 3.826842e+01 -4.500000e+00
      vertex   8.621924e+01 3.940863e+01 -4.500000e+00
    endloop
  endfacet
  facet normal 0.000000e+00 0.000000e+00 -1.000000e+00
    outer loop
      vertex   8.621924e+01 3.940863e+01 -4.500000e+00
      vertex   8.539569e+01 3.826842e+01 -4.500000e+00
      vertex   8.470234e+01 3.856477e+01 -4.500000e+00
    endloop
  endfacet
  facet normal -0.000000e+00 0.000000e+00 -1.000000e+00
    outer loop
      vertex   8.621924e+01 3.940863e+01 -4.500000e+00
      vertex   8.470234e+01 3.856477e+01 -4.500000e+00
      vertex   8.612933e+01 3.962106e+01 -4.500000e+00
    endloop
  endfacet
  facet normal -0.000000e+00 0.000000e+00 -1.000000e+00
    outer loop
      vertex   8.612933e+01 3.962106e+01 -4.500000e+00
      vertex   8.470234e+01 3.856477e+01 -4.500000e+00
      vertex   8.607998e+01 3.984639e+01 -4.500000e+00
    endloop
  endfacet
  facet normal 0.000000e+00 0.000000e+00 -1.000000e+00
    outer loop
      vertex   8.607998e+01 3.984639e+01 -4.500000e+00
      vertex   8.470234e+01 3.856477e+01 -4.500000e+00
      vertex   8.402795e+01 3.890206e+01 -4.500000e+00
    endloop
  endfacet
  facet normal -0.000000e+00 0.000000e+00 -1.000000e+00
    outer loop
      vertex   8.607998e+01 3.984639e+01 -4.500000e+00
      vertex   8.402795e+01 3.890206e+01 -4.500000e+00
      vertex   8.607288e+01 4.007695e+01 -4.500000e+00
    endloop
  endfacet
  facet normal -0.000000e+00 0.000000e+00 -1.000000e+00
    outer loop
      vertex   8.607288e+01 4.007695e+01 -4.500000e+00
      vertex   8.402795e+01 3.890206e+01 -4.500000e+00
      vertex   8.610826e+01 4.030489e+01 -4.500000e+00
    endloop
  endfacet
  facet normal 0.000000e+00 0.000000e+00 -1.000000e+00
    outer loop
      vertex   8.610826e+01 4.030489e+01 -4.500000e+00
      vertex   8.402795e+01 3.890206e+01 -4.500000e+00
      vertex   8.337493e+01 3.927908e+01 -4.500000e+00
    endloop
  endfacet
  facet normal -0.000000e+00 0.000000e+00 -1.000000e+00
    outer loop
      vertex   8.610826e+01 4.030489e+01 -4.500000e+00
      vertex   8.337493e+01 3.927908e+01 -4.500000e+00
      vertex   8.340171e+01 4.165925e+01 -4.500000e+00
    endloop
  endfacet
  facet normal 0.000000e+00 0.000000e+00 -1.000000e+00
    outer loop
      vertex   8.340171e+01 4.165925e+01 -4.500000e+00
      vertex   8.337493e+01 3.927908e+01 -4.500000e+00
      vertex   8.320194e+01 4.154391e+01 -4.500000e+00
    endloop
  endfacet
  facet normal 0.000000e+00 -0.000000e+00 -1.000000e+00
    outer loop
      vertex   8.320194e+01 4.154391e+01 -4.500000e+00
      vertex   8.337493e+01 3.927908e+01 -4.500000e+00
      vertex   8.274564e+01 3.969448e+01 -4.500000e+00
    endloop
  endfacet
  facet normal 0.000000e+00 0.000000e+00 -1.000000e+00
    outer loop
      vertex   8.320194e+01 4.154391e+01 -4.500000e+00
      vertex   8.274564e+01 3.969448e+01 -4.500000e+00
      vertex   8.298438e+01 4.146725e+01 -4.500000e+00
    endloop
  endfacet
  facet normal 0.000000e+00 0.000000e+00 -1.000000e+00
    outer loop
      vertex   8.298438e+01 4.146725e+01 -4.500000e+00
      vertex   8.274564e+01 3.969448e+01 -4.500000e+00
      vertex   8.275644e+01 4.143186e+01 -4.500000e+00
    endloop
  endfacet
  facet normal 0.000000e+00 0.000000e+00 -1.000000e+00
    outer loop
      vertex   8.275644e+01 4.143186e+01 -4.500000e+00
      vertex   8.274564e+01 3.969448e+01 -4.500000e+00
      vertex   8.214231e+01 4.014676e+01 -4.500000e+00
    endloop
  endfacet
  facet normal -0.000000e+00 0.000000e+00 -1.000000e+00
    outer loop
      vertex   8.275644e+01 4.143186e+01 -4.500000e+00
      vertex   8.214231e+01 4.014676e+01 -4.500000e+00
      vertex   8.252588e+01 4.143897e+01 -4.500000e+00
    endloop
  endfacet
  facet normal -0.000000e+00 0.000000e+00 -1.000000e+00
    outer loop
      vertex   8.252588e+01 4.143897e+01 -4.500000e+00
      vertex   8.214231e+01 4.014676e+01 -4.500000e+00
      vertex   8.230055e+01 4.148831e+01 -4.500000e+00
    endloop
  endfacet
  facet normal 0.000000e+00 0.000000e+00 -1.000000e+00
    outer loop
      vertex   8.230055e+01 4.148831e+01 -4.500000e+00
      vertex   8.214231e+01 4.014676e+01 -4.500000e+00
      vertex   8.156711e+01 4.063432e+01 -4.500000e+00
    endloop
  endfacet
  facet normal -0.000000e+00 0.000000e+00 -1.000000e+00
    outer loop
      vertex   8.230055e+01 4.148831e+01 -4.500000e+00
      vertex   8.156711e+01 4.063432e+01 -4.500000e+00
      vertex   8.208812e+01 4.157823e+01 -4.500000e+00
    endloop
  endfacet
  facet normal -0.000000e+00 0.000000e+00 -1.000000e+00
    outer loop
      vertex   8.208812e+01 4.157823e+01 -4.500000e+00
      vertex   8.156711e+01 4.063432e+01 -4.500000e+00
      vertex   8.189584e+01 4.170564e+01 -4.500000e+00
    endloop
  endfacet
  facet normal 0.000000e+00 0.000000e+00 -1.000000e+00
    outer loop
      vertex   8.189584e+01 4.170564e+01 -4.500000e+00
      vertex   8.156711e+01 4.063432e+01 -4.500000e+00
      vertex   8.102209e+01 4.115541e+01 -4.500000e+00
    endloop
  endfacet
  facet normal -0.000000e+00 0.000000e+00 -1.000000e+00
    outer loop
      vertex   8.189584e+01 4.170564e+01 -4.500000e+00
      vertex   8.102209e+01 4.115541e+01 -4.500000e+00
      vertex   8.173024e+01 4.186622e+01 -4.500000e+00
    endloop
  endfacet
  facet normal -0.000000e+00 0.000000e+00 -1.000000e+00
    outer loop
      vertex   8.173024e+01 4.186622e+01 -4.500000e+00
      vertex   8.102209e+01 4.115541e+01 -4.500000e+00
      vertex   8.159696e+01 4.205449e+01 -4.500000e+00
    endloop
  endfacet
  facet normal 0.000000e+00 0.000000e+00 -1.000000e+00
    outer loop
      vertex   8.159696e+01 4.205449e+01 -4.500000e+00
      vertex   8.102209e+01 4.115541e+01 -4.500000e+00
      vertex   8.050922e+01 4.170815e+01 -4.500000e+00
    endloop
  endfacet
  facet normal -0.000000e+00 0.000000e+00 -1.000000e+00
    outer loop
      vertex   8.159696e+01 4.205449e+01 -4.500000e+00
      vertex   8.050922e+01 4.170815e+01 -4.500000e+00
      vertex   8.150055e+01 4.226405e+01 -4.500000e+00
    endloop
  endfacet
  facet normal -0.000000e+00 0.000000e+00 -1.000000e+00
    outer loop
      vertex   8.150055e+01 4.226405e+01 -4.500000e+00
      vertex   8.050922e+01 4.170815e+01 -4.500000e+00
      vertex   8.144429e+01 4.248775e+01 -4.500000e+00
    endloop
  endfacet
  facet normal 0.000000e+00 0.000000e+00 -1.000000e+00
    outer loop
      vertex   8.144429e+01 4.248775e+01 -4.500000e+00
      vertex   8.050922e+01 4.170815e+01 -4.500000e+00
      vertex   8.003032e+01 4.229058e+01 -4.500000e+00
    endloop
  endfacet
  facet normal -0.000000e+00 0.000000e+00 -1.000000e+00
    outer loop
      vertex   8.144429e+01 4.248775e+01 -4.500000e+00
      vertex   8.003032e+01 4.229058e+01 -4.500000e+00
      vertex   8.143008e+01 4.271799e+01 -4.500000e+00
    endloop
  endfacet
  facet normal -0.000000e+00 0.000000e+00 -1.000000e+00
    outer loop
      vertex   8.143008e+01 4.271799e+01 -4.500000e+00
      vertex   8.003032e+01 4.229058e+01 -4.500000e+00
      vertex   8.145843e+01 4.294691e+01 -4.500000e+00
    endloop
  endfacet
  facet normal 0.000000e+00 0.000000e+00 -1.000000e+00
    outer loop
      vertex   8.145843e+01 4.294691e+01 -4.500000e+00
      vertex   8.003032e+01 4.229058e+01 -4.500000e+00
      vertex   7.958711e+01 4.290061e+01 -4.500000e+00
    endloop
  endfacet
  facet normal -0.000000e+00 0.000000e+00 -1.000000e+00
    outer loop
      vertex   8.145843e+01 4.294691e+01 -4.500000e+00
      vertex   7.958711e+01 4.290061e+01 -4.500000e+00
      vertex   8.152836e+01 4.316672e+01 -4.500000e+00
    endloop
  endfacet
  facet normal -0.000000e+00 0.000000e+00 -1.000000e+00
    outer loop
      vertex   8.152836e+01 4.316672e+01 -4.500000e+00
      vertex   7.958711e+01 4.290061e+01 -4.500000e+00
      vertex   7.918117e+01 4.353605e+01 -4.500000e+00
    endloop
  endfacet
  facet normal 0.000000e+00 0.000000e+00 -1.000000e+00
    outer loop
      vertex   8.152836e+01 4.316672e+01 -4.500000e+00
      vertex   7.918117e+01 4.353605e+01 -4.500000e+00
      vertex   8.163749e+01 4.336995e+01 -4.500000e+00
    endloop
  endfacet
  facet normal 0.000000e+00 0.000000e+00 -1.000000e+00
    outer loop
      vertex   8.163749e+01 4.336995e+01 -4.500000e+00
      vertex   7.918117e+01 4.353605e+01 -4.500000e+00
      vertex   8.178210e+01 4.354966e+01 -4.500000e+00
    endloop
  endfacet
  facet normal -0.000000e+00 0.000000e+00 -1.000000e+00
    outer loop
      vertex   8.178210e+01 4.354966e+01 -4.500000e+00
      vertex   7.918117e+01 4.353605e+01 -4.500000e+00
      vertex   8.011534e+01 4.607584e+01 -4.500000e+00
    endloop
  endfacet
  facet normal 0.000000e+00 0.000000e+00 -1.000000e+00
    outer loop
      vertex   8.178210e+01 4.354966e+01 -4.500000e+00
      vertex   8.011534e+01 4.607584e+01 -4.500000e+00
      vertex   8.034208e+01 4.611823e+01 -4.500000e+00
    endloop
  endfacet
  facet normal 0.000000e+00 0.000000e+00 -1.000000e+00
    outer loop
      vertex   7.918117e+01 4.353605e+01 -4.500000e+00
      vertex   7.881397e+01 4.419463e+01 -4.500000e+00
      vertex   8.011534e+01 4.607584e+01 -4.500000e+00
    endloop
  endfacet
  facet normal -0.000000e+00 0.000000e+00 -1.000000e+00
    outer loop
      vertex   8.011534e+01 4.607584e+01 -4.500000e+00
      vertex   7.881397e+01 4.419463e+01 -4.500000e+00
      vertex   7.988466e+01 4.607584e+01 -4.500000e+00
    endloop
  endfacet
  facet normal 0.000000e+00 0.000000e+00 -1.000000e+00
    outer loop
      vertex   7.988466e+01 4.607584e+01 -4.500000e+00
      vertex   7.881397e+01 4.419463e+01 -4.500000e+00
      vertex   7.848680e+01 4.487399e+01 -4.500000e+00
    endloop
  endfacet
  facet normal -0.000000e+00 0.000000e+00 -1.000000e+00
    outer loop
      vertex   7.988466e+01 4.607584e+01 -4.500000e+00
      vertex   7.848680e+01 4.487399e+01 -4.500000e+00
      vertex   7.965792e+01 4.611823e+01 -4.500000e+00
    endloop
  endfacet
  facet normal -0.000000e+00 0.000000e+00 -1.000000e+00
    outer loop
      vertex   7.965792e+01 4.611823e+01 -4.500000e+00
      vertex   7.848680e+01 4.487399e+01 -4.500000e+00
      vertex   7.944283e+01 4.620155e+01 -4.500000e+00
    endloop
  endfacet
  facet normal 0.000000e+00 0.000000e+00 -1.000000e+00
    outer loop
      vertex   7.944283e+01 4.620155e+01 -4.500000e+00
      vertex   7.848680e+01 4.487399e+01 -4.500000e+00
      vertex   7.820085e+01 4.557171e+01 -4.500000e+00
    endloop
  endfacet
  facet normal -0.000000e+00 0.000000e+00 -1.000000e+00
    outer loop
      vertex   7.944283e+01 4.620155e+01 -4.500000e+00
      vertex   7.820085e+01 4.557171e+01 -4.500000e+00
      vertex   7.924671e+01 4.632299e+01 -4.500000e+00
    endloop
  endfacet
  facet normal -0.000000e+00 0.000000e+00 -1.000000e+00
    outer loop
      vertex   7.924671e+01 4.632299e+01 -4.500000e+00
      vertex   7.820085e+01 4.557171e+01 -4.500000e+00
      vertex   7.907624e+01 4.647839e+01 -4.500000e+00
    endloop
  endfacet
  facet normal 0.000000e+00 0.000000e+00 -1.000000e+00
    outer loop
      vertex   7.907624e+01 4.647839e+01 -4.500000e+00
      vertex   7.820085e+01 4.557171e+01 -4.500000e+00
      vertex   7.795714e+01 4.628527e+01 -4.500000e+00
    endloop
  endfacet
  facet normal -0.000000e+00 0.000000e+00 -1.000000e+00
    outer loop
      vertex   7.907624e+01 4.647839e+01 -4.500000e+00
      vertex   7.795714e+01 4.628527e+01 -4.500000e+00
      vertex   7.893723e+01 4.666247e+01 -4.500000e+00
    endloop
  endfacet
  facet normal -0.000000e+00 0.000000e+00 -1.000000e+00
    outer loop
      vertex   7.893723e+01 4.666247e+01 -4.500000e+00
      vertex   7.795714e+01 4.628527e+01 -4.500000e+00
      vertex   7.883441e+01 4.686896e+01 -4.500000e+00
    endloop
  endfacet
  facet normal -0.000000e+00 0.000000e+00 -1.000000e+00
    outer loop
      vertex   7.883441e+01 4.686896e+01 -4.500000e+00
      vertex   7.795714e+01 4.628527e+01 -4.500000e+00
      vertex   7.775654e+01 4.701213e+01 -4.500000e+00
    endloop
  endfacet
  facet normal 0.000000e+00 0.000000e+00 -1.000000e+00
    outer loop
      vertex   7.883441e+01 4.686896e+01 -4.500000e+00
      vertex   7.775654e+01 4.701213e+01 -4.500000e+00
      vertex   7.877128e+01 4.709082e+01 -4.500000e+00
    endloop
  endfacet
  facet normal -0.000000e+00 0.000000e+00 -1.000000e+00
    outer loop
      vertex   7.877128e+01 4.709082e+01 -4.500000e+00
      vertex   7.775654e+01 4.701213e+01 -4.500000e+00
      vertex   7.875000e+01 4.732051e+01 -4.500000e+00
    endloop
  endfacet
  facet normal -0.000000e+00 0.000000e+00 -1.000000e+00
    outer loop
      vertex   7.875000e+01 4.732051e+01 -4.500000e+00
      vertex   7.775654e+01 4.701213e+01 -4.500000e+00
      vertex   7.759977e+01 4.774969e+01 -4.500000e+00
    endloop
  endfacet
  facet normal 0.000000e+00 0.000000e+00 -1.000000e+00
    outer loop
      vertex   7.875000e+01 4.732051e+01 -4.500000e+00
      vertex   7.759977e+01 4.774969e+01 -4.500000e+00
      vertex   7.877128e+01 4.755019e+01 -4.500000e+00
    endloop
  endfacet
  facet normal 0.000000e+00 0.000000e+00 -1.000000e+00
    outer loop
      vertex   7.877128e+01 4.755019e+01 -4.500000e+00
      vertex   7.759977e+01 4.774969e+01 -4.500000e+00
      vertex   7.883441e+01 4.777206e+01 -4.500000e+00
    endloop
  endfacet
  facet normal -0.000000e+00 0.000000e+00 -1.000000e+00
    outer loop
      vertex   7.883441e+01 4.777206e+01 -4.500000e+00
      vertex   7.759977e+01 4.774969e+01 -4.500000e+00
      vertex   7.748739e+01 4.849530e+01 -4.500000e+00
    endloop
  endfacet
  facet normal 0.000000e+00 0.000000e+00 -1.000000e+00
    outer loop
      vertex   7.883441e+01 4.777206e+01 -4.500000e+00
      vertex   7.748739e+01 4.849530e+01 -4.500000e+00
      vertex   7.893723e+01 4.797855e+01 -4.500000e+00
    endloop
  endfacet
  facet normal 0.000000e+00 0.000000e+00 -1.000000e+00
    outer loop
      vertex   7.893723e+01 4.797855e+01 -4.500000e+00
      vertex   7.748739e+01 4.849530e+01 -4.500000e+00
      vertex   7.907624e+01 4.816263e+01 -4.500000e+00
    endloop
  endfacet
  facet normal 0.000000e+00 0.000000e+00 -1.000000e+00
    outer loop
      vertex   7.907624e+01 4.816263e+01 -4.500000e+00
      vertex   7.748739e+01 4.849530e+01 -4.500000e+00
      vertex   7.741980e+01 4.924630e+01 -4.500000e+00
    endloop
  endfacet
  facet normal 0.000000e+00 0.000000e+00 -1.000000e+00
    outer loop
      vertex   7.907624e+01 4.816263e+01 -4.500000e+00
      vertex   7.741980e+01 4.924630e+01 -4.500000e+00
      vertex   7.924671e+01 4.831803e+01 -4.500000e+00
    endloop
  endfacet
  facet normal 0.000000e+00 0.000000e+00 -1.000000e+00
    outer loop
      vertex   7.924671e+01 4.831803e+01 -4.500000e+00
      vertex   7.741980e+01 4.924630e+01 -4.500000e+00
      vertex   7.944283e+01 4.843946e+01 -4.500000e+00
    endloop
  endfacet
  facet normal 0.000000e+00 0.000000e+00 -1.000000e+00
    outer loop
      vertex   7.944283e+01 4.843946e+01 -4.500000e+00
      vertex   7.741980e+01 4.924630e+01 -4.500000e+00
      vertex   7.739724e+01 5.000000e+01 -4.500000e+00
    endloop
  endfacet
  facet normal 0.000000e+00 0.000000e+00 -1.000000e+00
    outer loop
      vertex   9.951704e+01 4.987059e+01 -4.500000e+00
      vertex   9.515974e+01 5.126726e+01 -4.500000e+00
      vertex   9.950000e+01 5.000000e+01 -4.500000e+00
    endloop
  endfacet
  facet normal 0.000000e+00 0.000000e+00 -1.000000e+00
    outer loop
      vertex   9.950000e+01 5.000000e+01 -4.500000e+00
      vertex   9.515974e+01 5.126726e+01 -4.500000e+00
      vertex   9.530427e+01 5.148848e+01 -4.500000e+00
    endloop
  endfacet
  facet normal 0.000000e+00 0.000000e+00 -1.000000e+00
    outer loop
      vertex   9.950000e+01 5.000000e+01 -4.500000e+00
      vertex   9.530427e+01 5.148848e+01 -4.500000e+00
      vertex   9.951704e+01 5.012941e+01 -4.500000e+00
    endloop
  endfacet
  facet normal 0.000000e+00 0.000000e+00 -1.000000e+00
    outer loop
      vertex   9.951704e+01 5.012941e+01 -4.500000e+00
      vertex   9.530427e+01 5.148848e+01 -4.500000e+00
      vertex   9.907624e+01 5.183737e+01 -4.500000e+00
    endloop
  endfacet
  facet normal 0.000000e+00 0.000000e+00 -1.000000e+00
    outer loop
      vertex   9.951704e+01 5.012941e+01 -4.500000e+00
      vertex   9.907624e+01 5.183737e+01 -4.500000e+00
      vertex   9.924671e+01 5.168197e+01 -4.500000e+00
    endloop
  endfacet
  facet normal -0.000000e+00 0.000000e+00 -1.000000e+00
    outer loop
      vertex   9.956699e+01 4.975000e+01 -4.500000e+00
      vertex   9.921635e+01 4.829436e+01 -4.500000e+00
      vertex   9.951704e+01 4.987059e+01 -4.500000e+00
    endloop
  endfacet
  facet normal 0.000000e+00 0.000000e+00 -1.000000e+00
    outer loop
      vertex   9.951704e+01 4.987059e+01 -4.500000e+00
      vertex   9.921635e+01 4.829436e+01 -4.500000e+00
      vertex   9.905074e+01 4.813378e+01 -4.500000e+00
    endloop
  endfacet
  facet normal -0.000000e+00 0.000000e+00 -1.000000e+00
    outer loop
      vertex   9.951704e+01 4.987059e+01 -4.500000e+00
      vertex   9.905074e+01 4.813378e+01 -4.500000e+00
      vertex   9.515974e+01 5.126726e+01 -4.500000e+00
    endloop
  endfacet
  facet normal 0.000000e+00 0.000000e+00 -1.000000e+00
    outer loop
      vertex   9.515974e+01 5.126726e+01 -4.500000e+00
      vertex   9.905074e+01 4.813378e+01 -4.500000e+00
      vertex   9.891747e+01 4.794551e+01 -4.500000e+00
    endloop
  endfacet
  facet normal 0.000000e+00 -0.000000e+00 -1.000000e+00
    outer loop
      vertex   9.515974e+01 5.126726e+01 -4.500000e+00
      vertex   9.891747e+01 4.794551e+01 -4.500000e+00
      vertex   9.498076e+01 5.107284e+01 -4.500000e+00
    endloop
  endfacet
  facet normal 0.000000e+00 0.000000e+00 -1.000000e+00
    outer loop
      vertex   9.498076e+01 5.107284e+01 -4.500000e+00
      vertex   9.891747e+01 4.794551e+01 -4.500000e+00
      vertex   9.882106e+01 4.773595e+01 -4.500000e+00
    endloop
  endfacet
  facet normal 0.000000e+00 -0.000000e+00 -1.000000e+00
    outer loop
      vertex   9.498076e+01 5.107284e+01 -4.500000e+00
      vertex   9.882106e+01 4.773595e+01 -4.500000e+00
      vertex   9.477223e+01 5.091053e+01 -4.500000e+00
    endloop
  endfacet
  facet normal 0.000000e+00 -0.000000e+00 -1.000000e+00
    outer loop
      vertex   9.477223e+01 5.091053e+01 -4.500000e+00
      vertex   9.882106e+01 4.773595e+01 -4.500000e+00
      vertex   9.453983e+01 5.078476e+01 -4.500000e+00
    endloop
  endfacet
  facet normal 0.000000e+00 0.000000e+00 -1.000000e+00
    outer loop
      vertex   9.453983e+01 5.078476e+01 -4.500000e+00
      vertex   9.882106e+01 4.773595e+01 -4.500000e+00
      vertex   9.876479e+01 4.751225e+01 -4.500000e+00
    endloop
  endfacet
  facet normal 0.000000e+00 -0.000000e+00 -1.000000e+00
    outer loop
      vertex   9.453983e+01 5.078476e+01 -4.500000e+00
      vertex   9.876479e+01 4.751225e+01 -4.500000e+00
      vertex   9.428989e+01 5.069896e+01 -4.500000e+00
    endloop
  endfacet
  facet normal 0.000000e+00 0.000000e+00 -1.000000e+00
    outer loop
      vertex   9.428989e+01 5.069896e+01 -4.500000e+00
      vertex   9.876479e+01 4.751225e+01 -4.500000e+00
      vertex   9.875059e+01 4.728201e+01 -4.500000e+00
    endloop
  endfacet
  facet normal 0.000000e+00 -0.000000e+00 -1.000000e+00
    outer loop
      vertex   9.428989e+01 5.069896e+01 -4.500000e+00
      vertex   9.875059e+01 4.728201e+01 -4.500000e+00
      vertex   9.151331e+01 4.601952e+01 -4.500000e+00
    endloop
  endfacet
  facet normal 0.000000e+00 0.000000e+00 -1.000000e+00
    outer loop
      vertex   9.151331e+01 4.601952e+01 -4.500000e+00
      vertex   9.875059e+01 4.728201e+01 -4.500000e+00
      vertex   9.669551e+01 4.376202e+01 -4.500000e+00
    endloop
  endfacet
  facet normal 0.000000e+00 0.000000e+00 -1.000000e+00
    outer loop
      vertex   9.151331e+01 4.601952e+01 -4.500000e+00
      vertex   9.669551e+01 4.376202e+01 -4.500000e+00
      vertex   9.157818e+01 4.576335e+01 -4.500000e+00
    endloop
  endfacet
  facet normal 0.000000e+00 0.000000e+00 -1.000000e+00
    outer loop
      vertex   9.157818e+01 4.576335e+01 -4.500000e+00
      vertex   9.669551e+01 4.376202e+01 -4.500000e+00
      vertex   9.650724e+01 4.362875e+01 -4.500000e+00
    endloop
  endfacet
  facet normal 0.000000e+00 0.000000e+00 -1.000000e+00
    outer loop
      vertex   9.157818e+01 4.576335e+01 -4.500000e+00
      vertex   9.650724e+01 4.362875e+01 -4.500000e+00
      vertex   9.160000e+01 4.550000e+01 -4.500000e+00
    endloop
  endfacet
  facet normal 0.000000e+00 0.000000e+00 -1.000000e+00
    outer loop
      vertex   9.160000e+01 4.550000e+01 -4.500000e+00
      vertex   9.650724e+01 4.362875e+01 -4.500000e+00
      vertex   9.634666e+01 4.346315e+01 -4.500000e+00
    endloop
  endfacet
  facet normal 0.000000e+00 -0.000000e+00 -1.000000e+00
    outer loop
      vertex   9.160000e+01 4.550000e+01 -4.500000e+00
      vertex   9.634666e+01 4.346315e+01 -4.500000e+00
      vertex   9.157818e+01 4.523665e+01 -4.500000e+00
    endloop
  endfacet
  facet normal 0.000000e+00 0.000000e+00 -1.000000e+00
    outer loop
      vertex   9.157818e+01 4.523665e+01 -4.500000e+00
      vertex   9.634666e+01 4.346315e+01 -4.500000e+00
      vertex   9.621924e+01 4.327086e+01 -4.500000e+00
    endloop
  endfacet
  facet normal 0.000000e+00 -0.000000e+00 -1.000000e+00
    outer loop
      vertex   9.157818e+01 4.523665e+01 -4.500000e+00
      vertex   9.621924e+01 4.327086e+01 -4.500000e+00
      vertex   9.151331e+01 4.498048e+01 -4.500000e+00
    endloop
  endfacet
  facet normal 0.000000e+00 0.000000e+00 -1.000000e+00
    outer loop
      vertex   9.151331e+01 4.498048e+01 -4.500000e+00
      vertex   9.621924e+01 4.327086e+01 -4.500000e+00
      vertex   9.612933e+01 4.305843e+01 -4.500000e+00
    endloop
  endfacet
  facet normal 0.000000e+00 -0.000000e+00 -1.000000e+00
    outer loop
      vertex   9.151331e+01 4.498048e+01 -4.500000e+00
      vertex   9.612933e+01 4.305843e+01 -4.500000e+00
      vertex   9.140716e+01 4.473848e+01 -4.500000e+00
    endloop
  endfacet
  facet normal 0.000000e+00 0.000000e+00 -1.000000e+00
    outer loop
      vertex   9.140716e+01 4.473848e+01 -4.500000e+00
      vertex   9.612933e+01 4.305843e+01 -4.500000e+00
      vertex   9.290918e+01 4.122872e+01 -4.500000e+00
    endloop
  endfacet
  facet normal 0.000000e+00 -0.000000e+00 -1.000000e+00
    outer loop
      vertex   9.140716e+01 4.473848e+01 -4.500000e+00
      vertex   9.290918e+01 4.122872e+01 -4.500000e+00
      vertex   9.126262e+01 4.451726e+01 -4.500000e+00
    endloop
  endfacet
  facet normal 0.000000e+00 0.000000e+00 -1.000000e+00
    outer loop
      vertex   9.126262e+01 4.451726e+01 -4.500000e+00
      vertex   9.290918e+01 4.122872e+01 -4.500000e+00
      vertex   9.267949e+01 4.125000e+01 -4.500000e+00
    endloop
  endfacet
  facet normal 0.000000e+00 -0.000000e+00 -1.000000e+00
    outer loop
      vertex   9.126262e+01 4.451726e+01 -4.500000e+00
      vertex   9.267949e+01 4.125000e+01 -4.500000e+00
      vertex   9.108365e+01 4.432284e+01 -4.500000e+00
    endloop
  endfacet
  facet normal 0.000000e+00 0.000000e+00 -1.000000e+00
    outer loop
      vertex   9.108365e+01 4.432284e+01 -4.500000e+00
      vertex   9.267949e+01 4.125000e+01 -4.500000e+00
      vertex   9.244981e+01 4.122872e+01 -4.500000e+00
    endloop
  endfacet
  facet normal 0.000000e+00 -0.000000e+00 -1.000000e+00
    outer loop
      vertex   9.108365e+01 4.432284e+01 -4.500000e+00
      vertex   9.244981e+01 4.122872e+01 -4.500000e+00
      vertex   9.087512e+01 4.416053e+01 -4.500000e+00
    endloop
  endfacet
  facet normal 0.000000e+00 0.000000e+00 -1.000000e+00
    outer loop
      vertex   9.087512e+01 4.416053e+01 -4.500000e+00
      vertex   9.244981e+01 4.122872e+01 -4.500000e+00
      vertex   9.222794e+01 4.116559e+01 -4.500000e+00
    endloop
  endfacet
  facet normal 0.000000e+00 -0.000000e+00 -1.000000e+00
    outer loop
      vertex   9.087512e+01 4.416053e+01 -4.500000e+00
      vertex   9.222794e+01 4.116559e+01 -4.500000e+00
      vertex   9.064271e+01 4.403476e+01 -4.500000e+00
    endloop
  endfacet
  facet normal 0.000000e+00 0.000000e+00 -1.000000e+00
    outer loop
      vertex   9.064271e+01 4.403476e+01 -4.500000e+00
      vertex   9.222794e+01 4.116559e+01 -4.500000e+00
      vertex   9.202145e+01 4.106277e+01 -4.500000e+00
    endloop
  endfacet
  facet normal 0.000000e+00 -0.000000e+00 -1.000000e+00
    outer loop
      vertex   9.064271e+01 4.403476e+01 -4.500000e+00
      vertex   9.202145e+01 4.106277e+01 -4.500000e+00
      vertex   9.039278e+01 4.394896e+01 -4.500000e+00
    endloop
  endfacet
  facet normal 0.000000e+00 0.000000e+00 -1.000000e+00
    outer loop
      vertex   9.039278e+01 4.394896e+01 -4.500000e+00
      vertex   9.202145e+01 4.106277e+01 -4.500000e+00
      vertex   9.183737e+01 4.092376e+01 -4.500000e+00
    endloop
  endfacet
  facet normal 0.000000e+00 -0.000000e+00 -1.000000e+00
    outer loop
      vertex   9.039278e+01 4.394896e+01 -4.500000e+00
      vertex   9.183737e+01 4.092376e+01 -4.500000e+00
      vertex   9.013213e+01 4.390546e+01 -4.500000e+00
    endloop
  endfacet
  facet normal 0.000000e+00 0.000000e+00 -1.000000e+00
    outer loop
      vertex   9.013213e+01 4.390546e+01 -4.500000e+00
      vertex   9.183737e+01 4.092376e+01 -4.500000e+00
      vertex   9.168197e+01 4.075329e+01 -4.500000e+00
    endloop
  endfacet
  facet normal -0.000000e+00 -0.000000e+00 -1.000000e+00
    outer loop
      vertex   9.013213e+01 4.390546e+01 -4.500000e+00
      vertex   9.168197e+01 4.075329e+01 -4.500000e+00
      vertex   8.986787e+01 4.390546e+01 -4.500000e+00
    endloop
  endfacet
  facet normal 0.000000e+00 -0.000000e+00 -1.000000e+00
    outer loop
      vertex   8.986787e+01 4.390546e+01 -4.500000e+00
      vertex   9.168197e+01 4.075329e+01 -4.500000e+00
      vertex   8.829436e+01 4.078365e+01 -4.500000e+00
    endloop
  endfacet
  facet normal 0.000000e+00 0.000000e+00 -1.000000e+00
    outer loop
      vertex   8.986787e+01 4.390546e+01 -4.500000e+00
      vertex   8.829436e+01 4.078365e+01 -4.500000e+00
      vertex   8.813378e+01 4.094926e+01 -4.500000e+00
    endloop
  endfacet
  facet normal 0.000000e+00 0.000000e+00 -1.000000e+00
    outer loop
      vertex   9.921635e+01 4.829436e+01 -4.500000e+00
      vertex   9.956699e+01 4.975000e+01 -4.500000e+00
      vertex   9.940863e+01 4.842177e+01 -4.500000e+00
    endloop
  endfacet
  facet normal 0.000000e+00 0.000000e+00 -1.000000e+00
    outer loop
      vertex   9.940863e+01 4.842177e+01 -4.500000e+00
      vertex   9.956699e+01 4.975000e+01 -4.500000e+00
      vertex   9.964645e+01 4.964645e+01 -4.500000e+00
    endloop
  endfacet
  facet normal 0.000000e+00 0.000000e+00 -1.000000e+00
    outer loop
      vertex   9.940863e+01 4.842177e+01 -4.500000e+00
      vertex   9.964645e+01 4.964645e+01 -4.500000e+00
      vertex   9.962106e+01 4.851169e+01 -4.500000e+00
    endloop
  endfacet
  facet normal 0.000000e+00 0.000000e+00 -1.000000e+00
    outer loop
      vertex   9.962106e+01 4.851169e+01 -4.500000e+00
      vertex   9.964645e+01 4.964645e+01 -4.500000e+00
      vertex   9.975000e+01 4.956699e+01 -4.500000e+00
    endloop
  endfacet
  facet normal 0.000000e+00 0.000000e+00 -1.000000e+00
    outer loop
      vertex   9.962106e+01 4.851169e+01 -4.500000e+00
      vertex   9.975000e+01 4.956699e+01 -4.500000e+00
      vertex   9.987059e+01 4.951704e+01 -4.500000e+00
    endloop
  endfacet
  facet normal 0.000000e+00 0.000000e+00 -1.000000e+00
    outer loop
      vertex   9.962106e+01 4.851169e+01 -4.500000e+00
      vertex   9.987059e+01 4.951704e+01 -4.500000e+00
      vertex   9.984639e+01 4.856103e+01 -4.500000e+00
    endloop
  endfacet
  facet normal 0.000000e+00 0.000000e+00 -1.000000e+00
    outer loop
      vertex   9.984639e+01 4.856103e+01 -4.500000e+00
      vertex   9.987059e+01 4.951704e+01 -4.500000e+00
      vertex   1.000000e+02 4.950000e+01 -4.500000e+00
    endloop
  endfacet
  facet normal 0.000000e+00 0.000000e+00 -1.000000e+00
    outer loop
      vertex   9.984639e+01 4.856103e+01 -4.500000e+00
      vertex   1.000000e+02 4.950000e+01 -4.500000e+00
      vertex   1.000770e+02 4.856814e+01 -4.500000e+00
    endloop
  endfacet
  facet normal 0.000000e+00 0.000000e+00 -1.000000e+00
    outer loop
      vertex   1.000770e+02 4.856814e+01 -4.500000e+00
      vertex   1.000000e+02 4.950000e+01 -4.500000e+00
      vertex   1.001294e+02 4.951704e+01 -4.500000e+00
    endloop
  endfacet
  facet normal 0.000000e+00 0.000000e+00 -1.000000e+00
    outer loop
      vertex   1.000770e+02 4.856814e+01 -4.500000e+00
      vertex   1.001294e+02 4.951704e+01 -4.500000e+00
      vertex   1.003049e+02 4.853275e+01 -4.500000e+00
    endloop
  endfacet
  facet normal 0.000000e+00 0.000000e+00 -1.000000e+00
    outer loop
      vertex   1.003049e+02 4.853275e+01 -4.500000e+00
      vertex   1.001294e+02 4.951704e+01 -4.500000e+00
      vertex   1.002500e+02 4.956699e+01 -4.500000e+00
    endloop
  endfacet
  facet normal 0.000000e+00 0.000000e+00 -1.000000e+00
    outer loop
      vertex   1.003049e+02 4.853275e+01 -4.500000e+00
      vertex   1.002500e+02 4.956699e+01 -4.500000e+00
      vertex   1.005225e+02 4.845609e+01 -4.500000e+00
    endloop
  endfacet
  facet normal 0.000000e+00 0.000000e+00 -1.000000e+00
    outer loop
      vertex   1.005225e+02 4.845609e+01 -4.500000e+00
      vertex   1.002500e+02 4.956699e+01 -4.500000e+00
      vertex   1.003536e+02 4.964645e+01 -4.500000e+00
    endloop
  endfacet
  facet normal 0.000000e+00 0.000000e+00 -1.000000e+00
    outer loop
      vertex   1.005225e+02 4.845609e+01 -4.500000e+00
      vertex   1.003536e+02 4.964645e+01 -4.500000e+00
      vertex   1.007222e+02 4.834075e+01 -4.500000e+00
    endloop
  endfacet
  facet normal 0.000000e+00 0.000000e+00 -1.000000e+00
    outer loop
      vertex   1.007222e+02 4.834075e+01 -4.500000e+00
      vertex   1.003536e+02 4.964645e+01 -4.500000e+00
      vertex   1.004330e+02 4.975000e+01 -4.500000e+00
    endloop
  endfacet
  facet normal 0.000000e+00 0.000000e+00 -1.000000e+00
    outer loop
      vertex   1.005572e+02 5.156054e+01 -4.500000e+00
      vertex   1.002500e+02 5.043301e+01 -4.500000e+00
      vertex   1.003421e+02 5.147721e+01 -4.500000e+00
    endloop
  endfacet
  facet normal 0.000000e+00 0.000000e+00 -1.000000e+00
    outer loop
      vertex   1.003421e+02 5.147721e+01 -4.500000e+00
      vertex   1.002500e+02 5.043301e+01 -4.500000e+00
      vertex   1.001294e+02 5.048296e+01 -4.500000e+00
    endloop
  endfacet
  facet normal 0.000000e+00 0.000000e+00 -1.000000e+00
    outer loop
      vertex   1.003421e+02 5.147721e+01 -4.500000e+00
      vertex   1.001294e+02 5.048296e+01 -4.500000e+00
      vertex   1.001153e+02 5.143482e+01 -4.500000e+00
    endloop
  endfacet
  facet normal 0.000000e+00 -0.000000e+00 -1.000000e+00
    outer loop
      vertex   1.001153e+02 5.143482e+01 -4.500000e+00
      vertex   1.001294e+02 5.048296e+01 -4.500000e+00
      vertex   1.000000e+02 5.050000e+01 -4.500000e+00
    endloop
  endfacet
  facet normal -0.000000e+00 0.000000e+00 -1.000000e+00
    outer loop
      vertex   1.001153e+02 5.143482e+01 -4.500000e+00
      vertex   1.000000e+02 5.050000e+01 -4.500000e+00
      vertex   9.988466e+01 5.143482e+01 -4.500000e+00
    endloop
  endfacet
  facet normal 0.000000e+00 -0.000000e+00 -1.000000e+00
    outer loop
      vertex   9.988466e+01 5.143482e+01 -4.500000e+00
      vertex   1.000000e+02 5.050000e+01 -4.500000e+00
      vertex   9.987059e+01 5.048296e+01 -4.500000e+00
    endloop
  endfacet
  facet normal -0.000000e+00 0.000000e+00 -1.000000e+00
    outer loop
      vertex   9.988466e+01 5.143482e+01 -4.500000e+00
      vertex   9.987059e+01 5.048296e+01 -4.500000e+00
      vertex   9.965792e+01 5.147721e+01 -4.500000e+00
    endloop
  endfacet
  facet normal 0.000000e+00 0.000000e+00 -1.000000e+00
    outer loop
      vertex   9.965792e+01 5.147721e+01 -4.500000e+00
      vertex   9.987059e+01 5.048296e+01 -4.500000e+00
      vertex   9.975000e+01 5.043301e+01 -4.500000e+00
    endloop
  endfacet
  facet normal -0.000000e+00 -0.000000e+00 -1.000000e+00
    outer loop
      vertex   9.965792e+01 5.147721e+01 -4.500000e+00
      vertex   9.975000e+01 5.043301e+01 -4.500000e+00
      vertex   9.944283e+01 5.156054e+01 -4.500000e+00
    endloop
  endfacet
  facet normal 0.000000e+00 0.000000e+00 -1.000000e+00
    outer loop
      vertex   9.944283e+01 5.156054e+01 -4.500000e+00
      vertex   9.975000e+01 5.043301e+01 -4.500000e+00
      vertex   9.964645e+01 5.035355e+01 -4.500000e+00
    endloop
  endfacet
  facet normal 0.000000e+00 0.000000e+00 -1.000000e+00
    outer loop
      vertex   9.944283e+01 5.156054e+01 -4.500000e+00
      vertex   9.964645e+01 5.035355e+01 -4.500000e+00
      vertex   9.956699e+01 5.025000e+01 -4.500000e+00
    endloop
  endfacet
  facet normal -0.000000e+00 -0.000000e+00 -1.000000e+00
    outer loop
      vertex   9.944283e+01 5.156054e+01 -4.500000e+00
      vertex   9.956699e+01 5.025000e+01 -4.500000e+00
      vertex   9.924671e+01 5.168197e+01 -4.500000e+00
    endloop
  endfacet
  facet normal 0.000000e+00 0.000000e+00 -1.000000e+00
    outer loop
      vertex   9.924671e+01 5.168197e+01 -4.500000e+00
      vertex   9.956699e+01 5.025000e+01 -4.500000e+00
      vertex   9.951704e+01 5.012941e+01 -4.500000e+00
    endloop
  endfacet
  facet normal -0.000000e+00 0.000000e+00 -1.000000e+00
    outer loop
      vertex   9.877128e+01 5.244981e+01 -4.500000e+00
      vertex   9.549711e+01 5.225000e+01 -4.500000e+00
      vertex   9.875000e+01 5.267949e+01 -4.500000e+00
    endloop
  endfacet
  facet normal 0.000000e+00 0.000000e+00 -1.000000e+00
    outer loop
      vertex   9.875000e+01 5.267949e+01 -4.500000e+00
      vertex   9.549711e+01 5.225000e+01 -4.500000e+00
      vertex   9.547529e+01 5.251335e+01 -4.500000e+00
    endloop
  endfacet
  facet normal -0.000000e+00 0.000000e+00 -1.000000e+00
    outer loop
      vertex   9.875000e+01 5.267949e+01 -4.500000e+00
      vertex   9.547529e+01 5.251335e+01 -4.500000e+00
      vertex   9.877128e+01 5.290918e+01 -4.500000e+00
    endloop
  endfacet
  facet normal 0.000000e+00 0.000000e+00 -1.000000e+00
    outer loop
      vertex   9.877128e+01 5.290918e+01 -4.500000e+00
      vertex   9.547529e+01 5.251335e+01 -4.500000e+00
      vertex   9.541042e+01 5.276952e+01 -4.500000e+00
    endloop
  endfacet
  facet normal -0.000000e+00 0.000000e+00 -1.000000e+00
    outer loop
      vertex   9.877128e+01 5.290918e+01 -4.500000e+00
      vertex   9.541042e+01 5.276952e+01 -4.500000e+00
      vertex   9.883441e+01 5.313104e+01 -4.500000e+00
    endloop
  endfacet
  facet normal 0.000000e+00 0.000000e+00 -1.000000e+00
    outer loop
      vertex   9.883441e+01 5.313104e+01 -4.500000e+00
      vertex   9.541042e+01 5.276952e+01 -4.500000e+00
      vertex   9.530427e+01 5.301152e+01 -4.500000e+00
    endloop
  endfacet
  facet normal -0.000000e+00 0.000000e+00 -1.000000e+00
    outer loop
      vertex   9.883441e+01 5.313104e+01 -4.500000e+00
      vertex   9.530427e+01 5.301152e+01 -4.500000e+00
      vertex   9.716690e+01 5.607998e+01 -4.500000e+00
    endloop
  endfacet
  facet normal 0.000000e+00 0.000000e+00 -1.000000e+00
    outer loop
      vertex   9.716690e+01 5.607998e+01 -4.500000e+00
      vertex   9.530427e+01 5.301152e+01 -4.500000e+00
      vertex   9.515974e+01 5.323274e+01 -4.500000e+00
    endloop
  endfacet
  facet normal -0.000000e+00 0.000000e+00 -1.000000e+00
    outer loop
      vertex   9.716690e+01 5.607998e+01 -4.500000e+00
      vertex   9.515974e+01 5.323274e+01 -4.500000e+00
      vertex   9.694157e+01 5.612933e+01 -4.500000e+00
    endloop
  endfacet
  facet normal 0.000000e+00 0.000000e+00 -1.000000e+00
    outer loop
      vertex   9.694157e+01 5.612933e+01 -4.500000e+00
      vertex   9.515974e+01 5.323274e+01 -4.500000e+00
      vertex   9.498076e+01 5.342716e+01 -4.500000e+00
    endloop
  endfacet
  facet normal -0.000000e+00 0.000000e+00 -1.000000e+00
    outer loop
      vertex   9.694157e+01 5.612933e+01 -4.500000e+00
      vertex   9.498076e+01 5.342716e+01 -4.500000e+00
      vertex   9.672914e+01 5.621924e+01 -4.500000e+00
    endloop
  endfacet
  facet normal 0.000000e+00 0.000000e+00 -1.000000e+00
    outer loop
      vertex   9.672914e+01 5.621924e+01 -4.500000e+00
      vertex   9.498076e+01 5.342716e+01 -4.500000e+00
      vertex   9.477223e+01 5.358947e+01 -4.500000e+00
    endloop
  endfacet
  facet normal -0.000000e+00 0.000000e+00 -1.000000e+00
    outer loop
      vertex   9.672914e+01 5.621924e+01 -4.500000e+00
      vertex   9.477223e+01 5.358947e+01 -4.500000e+00
      vertex   9.653685e+01 5.634666e+01 -4.500000e+00
    endloop
  endfacet
  facet normal 0.000000e+00 0.000000e+00 -1.000000e+00
    outer loop
      vertex   9.653685e+01 5.634666e+01 -4.500000e+00
      vertex   9.477223e+01 5.358947e+01 -4.500000e+00
      vertex   9.453983e+01 5.371524e+01 -4.500000e+00
    endloop
  endfacet
  facet normal -0.000000e+00 0.000000e+00 -1.000000e+00
    outer loop
      vertex   9.653685e+01 5.634666e+01 -4.500000e+00
      vertex   9.453983e+01 5.371524e+01 -4.500000e+00
      vertex   9.637125e+01 5.650724e+01 -4.500000e+00
    endloop
  endfacet
  facet normal 0.000000e+00 0.000000e+00 -1.000000e+00
    outer loop
      vertex   9.637125e+01 5.650724e+01 -4.500000e+00
      vertex   9.453983e+01 5.371524e+01 -4.500000e+00
      vertex   9.428989e+01 5.380104e+01 -4.500000e+00
    endloop
  endfacet
  facet normal -0.000000e+00 0.000000e+00 -1.000000e+00
    outer loop
      vertex   9.637125e+01 5.650724e+01 -4.500000e+00
      vertex   9.428989e+01 5.380104e+01 -4.500000e+00
      vertex   9.623798e+01 5.669551e+01 -4.500000e+00
    endloop
  endfacet
  facet normal 0.000000e+00 0.000000e+00 -1.000000e+00
    outer loop
      vertex   9.623798e+01 5.669551e+01 -4.500000e+00
      vertex   9.428989e+01 5.380104e+01 -4.500000e+00
      vertex   9.402924e+01 5.384454e+01 -4.500000e+00
    endloop
  endfacet
  facet normal -0.000000e+00 0.000000e+00 -1.000000e+00
    outer loop
      vertex   9.623798e+01 5.669551e+01 -4.500000e+00
      vertex   9.402924e+01 5.384454e+01 -4.500000e+00
      vertex   9.614157e+01 5.690506e+01 -4.500000e+00
    endloop
  endfacet
  facet normal 0.000000e+00 0.000000e+00 -1.000000e+00
    outer loop
      vertex   9.614157e+01 5.690506e+01 -4.500000e+00
      vertex   9.402924e+01 5.384454e+01 -4.500000e+00
      vertex   9.376499e+01 5.384454e+01 -4.500000e+00
    endloop
  endfacet
  facet normal -0.000000e+00 0.000000e+00 -1.000000e+00
    outer loop
      vertex   9.614157e+01 5.690506e+01 -4.500000e+00
      vertex   9.376499e+01 5.384454e+01 -4.500000e+00
      vertex   9.294691e+01 5.877894e+01 -4.500000e+00
    endloop
  endfacet
  facet normal 0.000000e+00 0.000000e+00 -1.000000e+00
    outer loop
      vertex   9.294691e+01 5.877894e+01 -4.500000e+00
      vertex   9.376499e+01 5.384454e+01 -4.500000e+00
      vertex   9.350434e+01 5.380104e+01 -4.500000e+00
    endloop
  endfacet
  facet normal 0.000000e+00 -0.000000e+00 -1.000000e+00
    outer loop
      vertex   9.294691e+01 5.877894e+01 -4.500000e+00
      vertex   9.350434e+01 5.380104e+01 -4.500000e+00
      vertex   9.271799e+01 5.875059e+01 -4.500000e+00
    endloop
  endfacet
  facet normal 0.000000e+00 0.000000e+00 -1.000000e+00
    outer loop
      vertex   9.271799e+01 5.875059e+01 -4.500000e+00
      vertex   9.350434e+01 5.380104e+01 -4.500000e+00
      vertex   9.325440e+01 5.371524e+01 -4.500000e+00
    endloop
  endfacet
  facet normal -0.000000e+00 -0.000000e+00 -1.000000e+00
    outer loop
      vertex   9.271799e+01 5.875059e+01 -4.500000e+00
      vertex   9.325440e+01 5.371524e+01 -4.500000e+00
      vertex   9.248775e+01 5.876479e+01 -4.500000e+00
    endloop
  endfacet
  facet normal 0.000000e+00 0.000000e+00 -1.000000e+00
    outer loop
      vertex   9.248775e+01 5.876479e+01 -4.500000e+00
      vertex   9.325440e+01 5.371524e+01 -4.500000e+00
      vertex   9.302200e+01 5.358947e+01 -4.500000e+00
    endloop
  endfacet
  facet normal -0.000000e+00 -0.000000e+00 -1.000000e+00
    outer loop
      vertex   9.248775e+01 5.876479e+01 -4.500000e+00
      vertex   9.302200e+01 5.358947e+01 -4.500000e+00
      vertex   9.226405e+01 5.882106e+01 -4.500000e+00
    endloop
  endfacet
  facet normal 0.000000e+00 0.000000e+00 -1.000000e+00
    outer loop
      vertex   9.226405e+01 5.882106e+01 -4.500000e+00
      vertex   9.302200e+01 5.358947e+01 -4.500000e+00
      vertex   9.281346e+01 5.342716e+01 -4.500000e+00
    endloop
  endfacet
  facet normal -0.000000e+00 -0.000000e+00 -1.000000e+00
    outer loop
      vertex   9.226405e+01 5.882106e+01 -4.500000e+00
      vertex   9.281346e+01 5.342716e+01 -4.500000e+00
      vertex   9.205449e+01 5.891747e+01 -4.500000e+00
    endloop
  endfacet
  facet normal 0.000000e+00 0.000000e+00 -1.000000e+00
    outer loop
      vertex   9.205449e+01 5.891747e+01 -4.500000e+00
      vertex   9.281346e+01 5.342716e+01 -4.500000e+00
      vertex   9.263449e+01 5.323274e+01 -4.500000e+00
    endloop
  endfacet
  facet normal 0.000000e+00 -0.000000e+00 -1.000000e+00
    outer loop
      vertex   9.205449e+01 5.891747e+01 -4.500000e+00
      vertex   9.263449e+01 5.323274e+01 -4.500000e+00
      vertex   8.736551e+01 5.323274e+01 -4.500000e+00
    endloop
  endfacet
  facet normal 0.000000e+00 0.000000e+00 -1.000000e+00
    outer loop
      vertex   8.736551e+01 5.323274e+01 -4.500000e+00
      vertex   9.263449e+01 5.323274e+01 -4.500000e+00
      vertex   8.751004e+01 5.301152e+01 -4.500000e+00
    endloop
  endfacet
  facet normal 0.000000e+00 0.000000e+00 -1.000000e+00
    outer loop
      vertex   8.751004e+01 5.301152e+01 -4.500000e+00
      vertex   9.263449e+01 5.323274e+01 -4.500000e+00
      vertex   9.248996e+01 5.301152e+01 -4.500000e+00
    endloop
  endfacet
  facet normal 0.000000e+00 0.000000e+00 -1.000000e+00
    outer loop
      vertex   8.751004e+01 5.301152e+01 -4.500000e+00
      vertex   9.248996e+01 5.301152e+01 -4.500000e+00
      vertex   8.986787e+01 5.159454e+01 -4.500000e+00
    endloop
  endfacet
  facet normal 0.000000e+00 0.000000e+00 -1.000000e+00
    outer loop
      vertex   8.986787e+01 5.159454e+01 -4.500000e+00
      vertex   9.248996e+01 5.301152e+01 -4.500000e+00
      vertex   9.013213e+01 5.159454e+01 -4.500000e+00
    endloop
  endfacet
  facet normal 0.000000e+00 0.000000e+00 -1.000000e+00
    outer loop
      vertex   9.013213e+01 5.159454e+01 -4.500000e+00
      vertex   9.248996e+01 5.301152e+01 -4.500000e+00
      vertex   9.238381e+01 5.276952e+01 -4.500000e+00
    endloop
  endfacet
  facet normal 0.000000e+00 0.000000e+00 -1.000000e+00
    outer loop
      vertex   9.013213e+01 5.159454e+01 -4.500000e+00
      vertex   9.238381e+01 5.276952e+01 -4.500000e+00
      vertex   9.039278e+01 5.155104e+01 -4.500000e+00
    endloop
  endfacet
  facet normal 0.000000e+00 0.000000e+00 -1.000000e+00
    outer loop
      vertex   9.039278e+01 5.155104e+01 -4.500000e+00
      vertex   9.238381e+01 5.276952e+01 -4.500000e+00
      vertex   9.231894e+01 5.251335e+01 -4.500000e+00
    endloop
  endfacet
  facet normal 0.000000e+00 0.000000e+00 -1.000000e+00
    outer loop
      vertex   9.039278e+01 5.155104e+01 -4.500000e+00
      vertex   9.231894e+01 5.251335e+01 -4.500000e+00
      vertex   9.064271e+01 5.146524e+01 -4.500000e+00
    endloop
  endfacet
  facet normal 0.000000e+00 0.000000e+00 -1.000000e+00
    outer loop
      vertex   9.064271e+01 5.146524e+01 -4.500000e+00
      vertex   9.231894e+01 5.251335e+01 -4.500000e+00
      vertex   9.229711e+01 5.225000e+01 -4.500000e+00
    endloop
  endfacet
  facet normal 0.000000e+00 0.000000e+00 -1.000000e+00
    outer loop
      vertex   9.064271e+01 5.146524e+01 -4.500000e+00
      vertex   9.229711e+01 5.225000e+01 -4.500000e+00
      vertex   9.087512e+01 5.133947e+01 -4.500000e+00
    endloop
  endfacet
  facet normal 0.000000e+00 0.000000e+00 -1.000000e+00
    outer loop
      vertex   9.087512e+01 5.133947e+01 -4.500000e+00
      vertex   9.229711e+01 5.225000e+01 -4.500000e+00
      vertex   9.231894e+01 5.198665e+01 -4.500000e+00
    endloop
  endfacet
  facet normal 0.000000e+00 0.000000e+00 -1.000000e+00
    outer loop
      vertex   9.087512e+01 5.133947e+01 -4.500000e+00
      vertex   9.231894e+01 5.198665e+01 -4.500000e+00
      vertex   9.108365e+01 5.117716e+01 -4.500000e+00
    endloop
  endfacet
  facet normal 0.000000e+00 0.000000e+00 -1.000000e+00
    outer loop
      vertex   9.108365e+01 5.117716e+01 -4.500000e+00
      vertex   9.231894e+01 5.198665e+01 -4.500000e+00
      vertex   9.238381e+01 5.173048e+01 -4.500000e+00
    endloop
  endfacet
  facet normal 0.000000e+00 0.000000e+00 -1.000000e+00
    outer loop
      vertex   9.108365e+01 5.117716e+01 -4.500000e+00
      vertex   9.238381e+01 5.173048e+01 -4.500000e+00
      vertex   9.126262e+01 5.098274e+01 -4.500000e+00
    endloop
  endfacet
  facet normal 0.000000e+00 0.000000e+00 -1.000000e+00
    outer loop
      vertex   9.126262e+01 5.098274e+01 -4.500000e+00
      vertex   9.238381e+01 5.173048e+01 -4.500000e+00
      vertex   9.248996e+01 5.148848e+01 -4.500000e+00
    endloop
  endfacet
  facet normal 0.000000e+00 0.000000e+00 -1.000000e+00
    outer loop
      vertex   9.126262e+01 5.098274e+01 -4.500000e+00
      vertex   9.248996e+01 5.148848e+01 -4.500000e+00
      vertex   9.140716e+01 5.076152e+01 -4.500000e+00
    endloop
  endfacet
  facet normal 0.000000e+00 0.000000e+00 -1.000000e+00
    outer loop
      vertex   9.140716e+01 5.076152e+01 -4.500000e+00
      vertex   9.248996e+01 5.148848e+01 -4.500000e+00
      vertex   9.263449e+01 5.126726e+01 -4.500000e+00
    endloop
  endfacet
  facet normal 0.000000e+00 0.000000e+00 -1.000000e+00
    outer loop
      vertex   9.140716e+01 5.076152e+01 -4.500000e+00
      vertex   9.263449e+01 5.126726e+01 -4.500000e+00
      vertex   9.151331e+01 5.051952e+01 -4.500000e+00
    endloop
  endfacet
  facet normal 0.000000e+00 0.000000e+00 -1.000000e+00
    outer loop
      vertex   9.151331e+01 5.051952e+01 -4.500000e+00
      vertex   9.263449e+01 5.126726e+01 -4.500000e+00
      vertex   9.281346e+01 5.107284e+01 -4.500000e+00
    endloop
  endfacet
  facet normal 0.000000e+00 0.000000e+00 -1.000000e+00
    outer loop
      vertex   9.151331e+01 5.051952e+01 -4.500000e+00
      vertex   9.281346e+01 5.107284e+01 -4.500000e+00
      vertex   9.157818e+01 5.026335e+01 -4.500000e+00
    endloop
  endfacet
  facet normal 0.000000e+00 0.000000e+00 -1.000000e+00
    outer loop
      vertex   9.157818e+01 5.026335e+01 -4.500000e+00
      vertex   9.281346e+01 5.107284e+01 -4.500000e+00
      vertex   9.302200e+01 5.091053e+01 -4.500000e+00
    endloop
  endfacet
  facet normal 0.000000e+00 0.000000e+00 -1.000000e+00
    outer loop
      vertex   9.157818e+01 5.026335e+01 -4.500000e+00
      vertex   9.302200e+01 5.091053e+01 -4.500000e+00
      vertex   9.160000e+01 5.000000e+01 -4.500000e+00
    endloop
  endfacet
  facet normal 0.000000e+00 0.000000e+00 -1.000000e+00
    outer loop
      vertex   9.160000e+01 5.000000e+01 -4.500000e+00
      vertex   9.302200e+01 5.091053e+01 -4.500000e+00
      vertex   9.325440e+01 5.078476e+01 -4.500000e+00
    endloop
  endfacet
  facet normal 0.000000e+00 -0.000000e+00 -1.000000e+00
    outer loop
      vertex   9.160000e+01 5.000000e+01 -4.500000e+00
      vertex   9.325440e+01 5.078476e+01 -4.500000e+00
      vertex   9.157818e+01 4.973665e+01 -4.500000e+00
    endloop
  endfacet
  facet normal 0.000000e+00 0.000000e+00 -1.000000e+00
    outer loop
      vertex   9.157818e+01 4.973665e+01 -4.500000e+00
      vertex   9.325440e+01 5.078476e+01 -4.500000e+00
      vertex   9.350434e+01 5.069896e+01 -4.500000e+00
    endloop
  endfacet
  facet normal 0.000000e+00 -0.000000e+00 -1.000000e+00
    outer loop
      vertex   9.157818e+01 4.973665e+01 -4.500000e+00
      vertex   9.350434e+01 5.069896e+01 -4.500000e+00
      vertex   9.151331e+01 4.948048e+01 -4.500000e+00
    endloop
  endfacet
  facet normal 0.000000e+00 0.000000e+00 -1.000000e+00
    outer loop
      vertex   9.151331e+01 4.948048e+01 -4.500000e+00
      vertex   9.350434e+01 5.069896e+01 -4.500000e+00
      vertex   9.376499e+01 5.065546e+01 -4.500000e+00
    endloop
  endfacet
  facet normal 0.000000e+00 -0.000000e+00 -1.000000e+00
    outer loop
      vertex   9.151331e+01 4.948048e+01 -4.500000e+00
      vertex   9.376499e+01 5.065546e+01 -4.500000e+00
      vertex   9.140716e+01 4.923848e+01 -4.500000e+00
    endloop
  endfacet
  facet normal 0.000000e+00 0.000000e+00 -1.000000e+00
    outer loop
      vertex   9.140716e+01 4.923848e+01 -4.500000e+00
      vertex   9.376499e+01 5.065546e+01 -4.500000e+00
      vertex   9.140716e+01 4.626152e+01 -4.500000e+00
    endloop
  endfacet
  facet normal 0.000000e+00 -0.000000e+00 -1.000000e+00
    outer loop
      vertex   9.140716e+01 4.923848e+01 -4.500000e+00
      vertex   9.140716e+01 4.626152e+01 -4.500000e+00
      vertex   9.126262e+01 4.901726e+01 -4.500000e+00
    endloop
  endfacet
  facet normal 0.000000e+00 0.000000e+00 -1.000000e+00
    outer loop
      vertex   9.126262e+01 4.901726e+01 -4.500000e+00
      vertex   9.140716e+01 4.626152e+01 -4.500000e+00
      vertex   9.126262e+01 4.648274e+01 -4.500000e+00
    endloop
  endfacet
  facet normal 0.000000e+00 -0.000000e+00 -1.000000e+00
    outer loop
      vertex   9.126262e+01 4.901726e+01 -4.500000e+00
      vertex   9.126262e+01 4.648274e+01 -4.500000e+00
      vertex   9.108365e+01 4.882284e+01 -4.500000e+00
    endloop
  endfacet
  facet normal 0.000000e+00 0.000000e+00 -1.000000e+00
    outer loop
      vertex   9.108365e+01 4.882284e+01 -4.500000e+00
      vertex   9.126262e+01 4.648274e+01 -4.500000e+00
      vertex   9.108365e+01 4.667716e+01 -4.500000e+00
    endloop
  endfacet
  facet normal 0.000000e+00 -0.000000e+00 -1.000000e+00
    outer loop
      vertex   9.108365e+01 4.882284e+01 -4.500000e+00
      vertex   9.108365e+01 4.667716e+01 -4.500000e+00
      vertex   9.087512e+01 4.866053e+01 -4.500000e+00
    endloop
  endfacet
  facet normal 0.000000e+00 0.000000e+00 -1.000000e+00
    outer loop
      vertex   9.087512e+01 4.866053e+01 -4.500000e+00
      vertex   9.108365e+01 4.667716e+01 -4.500000e+00
      vertex   9.087512e+01 4.683947e+01 -4.500000e+00
    endloop
  endfacet
  facet normal 0.000000e+00 -0.000000e+00 -1.000000e+00
    outer loop
      vertex   9.087512e+01 4.866053e+01 -4.500000e+00
      vertex   9.087512e+01 4.683947e+01 -4.500000e+00
      vertex   9.064271e+01 4.696524e+01 -4.500000e+00
    endloop
  endfacet
  facet normal 0.000000e+00 -0.000000e+00 -1.000000e+00
    outer loop
      vertex   9.549711e+01 5.225000e+01 -4.500000e+00
      vertex   9.877128e+01 5.244981e+01 -4.500000e+00
      vertex   9.547529e+01 5.198665e+01 -4.500000e+00
    endloop
  endfacet
  facet normal 0.000000e+00 0.000000e+00 -1.000000e+00
    outer loop
      vertex   9.547529e+01 5.198665e+01 -4.500000e+00
      vertex   9.877128e+01 5.244981e+01 -4.500000e+00
      vertex   9.883441e+01 5.222794e+01 -4.500000e+00
    endloop
  endfacet
  facet normal 0.000000e+00 -0.000000e+00 -1.000000e+00
    outer loop
      vertex   9.547529e+01 5.198665e+01 -4.500000e+00
      vertex   9.883441e+01 5.222794e+01 -4.500000e+00
      vertex   9.541042e+01 5.173048e+01 -4.500000e+00
    endloop
  endfacet
  facet normal 0.000000e+00 0.000000e+00 -1.000000e+00
    outer loop
      vertex   9.541042e+01 5.173048e+01 -4.500000e+00
      vertex   9.883441e+01 5.222794e+01 -4.500000e+00
      vertex   9.893723e+01 5.202145e+01 -4.500000e+00
    endloop
  endfacet
  facet normal 0.000000e+00 -0.000000e+00 -1.000000e+00
    outer loop
      vertex   9.541042e+01 5.173048e+01 -4.500000e+00
      vertex   9.893723e+01 5.202145e+01 -4.500000e+00
      vertex   9.530427e+01 5.148848e+01 -4.500000e+00
    endloop
  endfacet
  facet normal 0.000000e+00 0.000000e+00 -1.000000e+00
    outer loop
      vertex   9.530427e+01 5.148848e+01 -4.500000e+00
      vertex   9.893723e+01 5.202145e+01 -4.500000e+00
      vertex   9.907624e+01 5.183737e+01 -4.500000e+00
    endloop
  endfacet
  facet normal 0.000000e+00 -0.000000e+00 -1.000000e+00
    outer loop
      vertex   9.821790e+01 5.645034e+01 -4.500000e+00
      vertex   9.965792e+01 5.388177e+01 -4.500000e+00
      vertex   9.804273e+01 5.630026e+01 -4.500000e+00
    endloop
  endfacet
  facet normal 0.000000e+00 0.000000e+00 -1.000000e+00
    outer loop
      vertex   9.804273e+01 5.630026e+01 -4.500000e+00
      vertex   9.965792e+01 5.388177e+01 -4.500000e+00
      vertex   9.944283e+01 5.379845e+01 -4.500000e+00
    endloop
  endfacet
  facet normal 0.000000e+00 -0.000000e+00 -1.000000e+00
    outer loop
      vertex   9.804273e+01 5.630026e+01 -4.500000e+00
      vertex   9.944283e+01 5.379845e+01 -4.500000e+00
      vertex   9.784296e+01 5.618493e+01 -4.500000e+00
    endloop
  endfacet
  facet normal 0.000000e+00 0.000000e+00 -1.000000e+00
    outer loop
      vertex   9.784296e+01 5.618493e+01 -4.500000e+00
      vertex   9.944283e+01 5.379845e+01 -4.500000e+00
      vertex   9.924671e+01 5.367701e+01 -4.500000e+00
    endloop
  endfacet
  facet normal 0.000000e+00 -0.000000e+00 -1.000000e+00
    outer loop
      vertex   9.784296e+01 5.618493e+01 -4.500000e+00
      vertex   9.924671e+01 5.367701e+01 -4.500000e+00
      vertex   9.762540e+01 5.610826e+01 -4.500000e+00
    endloop
  endfacet
  facet normal 0.000000e+00 0.000000e+00 -1.000000e+00
    outer loop
      vertex   9.762540e+01 5.610826e+01 -4.500000e+00
      vertex   9.924671e+01 5.367701e+01 -4.500000e+00
      vertex   9.907624e+01 5.352161e+01 -4.500000e+00
    endloop
  endfacet
  facet normal 0.000000e+00 -0.000000e+00 -1.000000e+00
    outer loop
      vertex   9.762540e+01 5.610826e+01 -4.500000e+00
      vertex   9.907624e+01 5.352161e+01 -4.500000e+00
      vertex   9.739746e+01 5.607288e+01 -4.500000e+00
    endloop
  endfacet
  facet normal 0.000000e+00 0.000000e+00 -1.000000e+00
    outer loop
      vertex   9.739746e+01 5.607288e+01 -4.500000e+00
      vertex   9.907624e+01 5.352161e+01 -4.500000e+00
      vertex   9.893723e+01 5.333753e+01 -4.500000e+00
    endloop
  endfacet
  facet normal -0.000000e+00 -0.000000e+00 -1.000000e+00
    outer loop
      vertex   9.739746e+01 5.607288e+01 -4.500000e+00
      vertex   9.893723e+01 5.333753e+01 -4.500000e+00
      vertex   9.716690e+01 5.607998e+01 -4.500000e+00
    endloop
  endfacet
  facet normal 0.000000e+00 0.000000e+00 -1.000000e+00
    outer loop
      vertex   9.716690e+01 5.607998e+01 -4.500000e+00
      vertex   9.893723e+01 5.333753e+01 -4.500000e+00
      vertex   9.883441e+01 5.313104e+01 -4.500000e+00
    endloop
  endfacet
  facet normal 0.000000e+00 -0.000000e+00 -1.000000e+00
    outer loop
      vertex   9.389174e+01 5.969511e+01 -4.500000e+00
      vertex   9.642312e+01 5.819068e+01 -4.500000e+00
      vertex   9.381507e+01 5.947755e+01 -4.500000e+00
    endloop
  endfacet
  facet normal 0.000000e+00 0.000000e+00 -1.000000e+00
    outer loop
      vertex   9.381507e+01 5.947755e+01 -4.500000e+00
      vertex   9.642312e+01 5.819068e+01 -4.500000e+00
      vertex   9.627851e+01 5.801096e+01 -4.500000e+00
    endloop
  endfacet
  facet normal 0.000000e+00 -0.000000e+00 -1.000000e+00
    outer loop
      vertex   9.381507e+01 5.947755e+01 -4.500000e+00
      vertex   9.627851e+01 5.801096e+01 -4.500000e+00
      vertex   9.369974e+01 5.927778e+01 -4.500000e+00
    endloop
  endfacet
  facet normal 0.000000e+00 0.000000e+00 -1.000000e+00
    outer loop
      vertex   9.369974e+01 5.927778e+01 -4.500000e+00
      vertex   9.627851e+01 5.801096e+01 -4.500000e+00
      vertex   9.616938e+01 5.780774e+01 -4.500000e+00
    endloop
  endfacet
  facet normal 0.000000e+00 -0.000000e+00 -1.000000e+00
    outer loop
      vertex   9.369974e+01 5.927778e+01 -4.500000e+00
      vertex   9.616938e+01 5.780774e+01 -4.500000e+00
      vertex   9.354966e+01 5.910261e+01 -4.500000e+00
    endloop
  endfacet
  facet normal 0.000000e+00 0.000000e+00 -1.000000e+00
    outer loop
      vertex   9.354966e+01 5.910261e+01 -4.500000e+00
      vertex   9.616938e+01 5.780774e+01 -4.500000e+00
      vertex   9.609945e+01 5.758792e+01 -4.500000e+00
    endloop
  endfacet
  facet normal 0.000000e+00 -0.000000e+00 -1.000000e+00
    outer loop
      vertex   9.354966e+01 5.910261e+01 -4.500000e+00
      vertex   9.609945e+01 5.758792e+01 -4.500000e+00
      vertex   9.336995e+01 5.895800e+01 -4.500000e+00
    endloop
  endfacet
  facet normal 0.000000e+00 0.000000e+00 -1.000000e+00
    outer loop
      vertex   9.336995e+01 5.895800e+01 -4.500000e+00
      vertex   9.609945e+01 5.758792e+01 -4.500000e+00
      vertex   9.607110e+01 5.735900e+01 -4.500000e+00
    endloop
  endfacet
  facet normal 0.000000e+00 -0.000000e+00 -1.000000e+00
    outer loop
      vertex   9.336995e+01 5.895800e+01 -4.500000e+00
      vertex   9.607110e+01 5.735900e+01 -4.500000e+00
      vertex   9.316672e+01 5.884887e+01 -4.500000e+00
    endloop
  endfacet
  facet normal 0.000000e+00 0.000000e+00 -1.000000e+00
    outer loop
      vertex   9.316672e+01 5.884887e+01 -4.500000e+00
      vertex   9.607110e+01 5.735900e+01 -4.500000e+00
      vertex   9.608530e+01 5.712877e+01 -4.500000e+00
    endloop
  endfacet
  facet normal 0.000000e+00 -0.000000e+00 -1.000000e+00
    outer loop
      vertex   9.316672e+01 5.884887e+01 -4.500000e+00
      vertex   9.608530e+01 5.712877e+01 -4.500000e+00
      vertex   9.294691e+01 5.877894e+01 -4.500000e+00
    endloop
  endfacet
  facet normal 0.000000e+00 0.000000e+00 -1.000000e+00
    outer loop
      vertex   9.294691e+01 5.877894e+01 -4.500000e+00
      vertex   9.608530e+01 5.712877e+01 -4.500000e+00
      vertex   9.614157e+01 5.690506e+01 -4.500000e+00
    endloop
  endfacet
  facet normal 0.000000e+00 0.000000e+00 -1.000000e+00
    outer loop
      vertex   8.852279e+01 6.034208e+01 -4.500000e+00
      vertex   9.146725e+01 6.030489e+01 -4.500000e+00
      vertex   8.856518e+01 6.011534e+01 -4.500000e+00
    endloop
  endfacet
  facet normal 0.000000e+00 0.000000e+00 -1.000000e+00
    outer loop
      vertex   8.856518e+01 6.011534e+01 -4.500000e+00
      vertex   9.146725e+01 6.030489e+01 -4.500000e+00
      vertex   9.143186e+01 6.007695e+01 -4.500000e+00
    endloop
  endfacet
  facet normal 0.000000e+00 0.000000e+00 -1.000000e+00
    outer loop
      vertex   8.856518e+01 6.011534e+01 -4.500000e+00
      vertex   9.143186e+01 6.007695e+01 -4.500000e+00
      vertex   8.856518e+01 5.988466e+01 -4.500000e+00
    endloop
  endfacet
  facet normal 0.000000e+00 0.000000e+00 -1.000000e+00
    outer loop
      vertex   8.856518e+01 5.988466e+01 -4.500000e+00
      vertex   9.143186e+01 6.007695e+01 -4.500000e+00
      vertex   9.143897e+01 5.984639e+01 -4.500000e+00
    endloop
  endfacet
  facet normal 0.000000e+00 -0.000000e+00 -1.000000e+00
    outer loop
      vertex   8.856518e+01 5.988466e+01 -4.500000e+00
      vertex   9.143897e+01 5.984639e+01 -4.500000e+00
      vertex   8.852279e+01 5.965792e+01 -4.500000e+00
    endloop
  endfacet
  facet normal 0.000000e+00 0.000000e+00 -1.000000e+00
    outer loop
      vertex   8.852279e+01 5.965792e+01 -4.500000e+00
      vertex   9.143897e+01 5.984639e+01 -4.500000e+00
      vertex   9.148831e+01 5.962106e+01 -4.500000e+00
    endloop
  endfacet
  facet normal 0.000000e+00 -0.000000e+00 -1.000000e+00
    outer loop
      vertex   8.852279e+01 5.965792e+01 -4.500000e+00
      vertex   9.148831e+01 5.962106e+01 -4.500000e+00
      vertex   8.843946e+01 5.944283e+01 -4.500000e+00
    endloop
  endfacet
  facet normal 0.000000e+00 0.000000e+00 -1.000000e+00
    outer loop
      vertex   8.843946e+01 5.944283e+01 -4.500000e+00
      vertex   9.148831e+01 5.962106e+01 -4.500000e+00
      vertex   9.157823e+01 5.940863e+01 -4.500000e+00
    endloop
  endfacet
  facet normal 0.000000e+00 -0.000000e+00 -1.000000e+00
    outer loop
      vertex   8.843946e+01 5.944283e+01 -4.500000e+00
      vertex   9.157823e+01 5.940863e+01 -4.500000e+00
      vertex   8.831803e+01 5.924671e+01 -4.500000e+00
    endloop
  endfacet
  facet normal 0.000000e+00 0.000000e+00 -1.000000e+00
    outer loop
      vertex   8.831803e+01 5.924671e+01 -4.500000e+00
      vertex   9.157823e+01 5.940863e+01 -4.500000e+00
      vertex   9.170564e+01 5.921635e+01 -4.500000e+00
    endloop
  endfacet
  facet normal 0.000000e+00 -0.000000e+00 -1.000000e+00
    outer loop
      vertex   8.831803e+01 5.924671e+01 -4.500000e+00
      vertex   9.170564e+01 5.921635e+01 -4.500000e+00
      vertex   8.816263e+01 5.907624e+01 -4.500000e+00
    endloop
  endfacet
  facet normal 0.000000e+00 0.000000e+00 -1.000000e+00
    outer loop
      vertex   8.816263e+01 5.907624e+01 -4.500000e+00
      vertex   9.170564e+01 5.921635e+01 -4.500000e+00
      vertex   9.186622e+01 5.905074e+01 -4.500000e+00
    endloop
  endfacet
  facet normal 0.000000e+00 -0.000000e+00 -1.000000e+00
    outer loop
      vertex   8.816263e+01 5.907624e+01 -4.500000e+00
      vertex   9.186622e+01 5.905074e+01 -4.500000e+00
      vertex   8.797855e+01 5.893723e+01 -4.500000e+00
    endloop
  endfacet
  facet normal 0.000000e+00 0.000000e+00 -1.000000e+00
    outer loop
      vertex   8.797855e+01 5.893723e+01 -4.500000e+00
      vertex   9.186622e+01 5.905074e+01 -4.500000e+00
      vertex   9.205449e+01 5.891747e+01 -4.500000e+00
    endloop
  endfacet
  facet normal 0.000000e+00 -0.000000e+00 -1.000000e+00
    outer loop
      vertex   8.797855e+01 5.893723e+01 -4.500000e+00
      vertex   9.205449e+01 5.891747e+01 -4.500000e+00
      vertex   8.718654e+01 5.342716e+01 -4.500000e+00
    endloop
  endfacet
  facet normal 0.000000e+00 0.000000e+00 -1.000000e+00
    outer loop
      vertex   8.718654e+01 5.342716e+01 -4.500000e+00
      vertex   9.205449e+01 5.891747e+01 -4.500000e+00
      vertex   8.736551e+01 5.323274e+01 -4.500000e+00
    endloop
  endfacet
  facet normal 0.000000e+00 0.000000e+00 -1.000000e+00
    outer loop
      vertex   8.755019e+01 5.877128e+01 -4.500000e+00
      vertex   8.674560e+01 5.371524e+01 -4.500000e+00
      vertex   8.732051e+01 5.875000e+01 -4.500000e+00
    endloop
  endfacet
  facet normal 0.000000e+00 0.000000e+00 -1.000000e+00
    outer loop
      vertex   8.732051e+01 5.875000e+01 -4.500000e+00
      vertex   8.674560e+01 5.371524e+01 -4.500000e+00
      vertex   8.649566e+01 5.380104e+01 -4.500000e+00
    endloop
  endfacet
  facet normal -0.000000e+00 0.000000e+00 -1.000000e+00
    outer loop
      vertex   8.732051e+01 5.875000e+01 -4.500000e+00
      vertex   8.649566e+01 5.380104e+01 -4.500000e+00
      vertex   8.709082e+01 5.877128e+01 -4.500000e+00
    endloop
  endfacet
  facet normal 0.000000e+00 0.000000e+00 -1.000000e+00
    outer loop
      vertex   8.709082e+01 5.877128e+01 -4.500000e+00
      vertex   8.649566e+01 5.380104e+01 -4.500000e+00
      vertex   8.623501e+01 5.384454e+01 -4.500000e+00
    endloop
  endfacet
  facet normal 0.000000e+00 0.000000e+00 -1.000000e+00
    outer loop
      vertex   8.709082e+01 5.877128e+01 -4.500000e+00
      vertex   8.623501e+01 5.384454e+01 -4.500000e+00
      vertex   8.387067e+01 5.694157e+01 -4.500000e+00
    endloop
  endfacet
  facet normal 0.000000e+00 0.000000e+00 -1.000000e+00
    outer loop
      vertex   8.387067e+01 5.694157e+01 -4.500000e+00
      vertex   8.623501e+01 5.384454e+01 -4.500000e+00
      vertex   8.597076e+01 5.384454e+01 -4.500000e+00
    endloop
  endfacet
  facet normal 0.000000e+00 -0.000000e+00 -1.000000e+00
    outer loop
      vertex   8.387067e+01 5.694157e+01 -4.500000e+00
      vertex   8.597076e+01 5.384454e+01 -4.500000e+00
      vertex   8.378076e+01 5.672914e+01 -4.500000e+00
    endloop
  endfacet
  facet normal 0.000000e+00 0.000000e+00 -1.000000e+00
    outer loop
      vertex   8.378076e+01 5.672914e+01 -4.500000e+00
      vertex   8.597076e+01 5.384454e+01 -4.500000e+00
      vertex   8.571011e+01 5.380104e+01 -4.500000e+00
    endloop
  endfacet
  facet normal 0.000000e+00 -0.000000e+00 -1.000000e+00
    outer loop
      vertex   8.378076e+01 5.672914e+01 -4.500000e+00
      vertex   8.571011e+01 5.380104e+01 -4.500000e+00
      vertex   8.365334e+01 5.653685e+01 -4.500000e+00
    endloop
  endfacet
  facet normal 0.000000e+00 0.000000e+00 -1.000000e+00
    outer loop
      vertex   8.365334e+01 5.653685e+01 -4.500000e+00
      vertex   8.571011e+01 5.380104e+01 -4.500000e+00
      vertex   8.546017e+01 5.371524e+01 -4.500000e+00
    endloop
  endfacet
  facet normal 0.000000e+00 -0.000000e+00 -1.000000e+00
    outer loop
      vertex   8.365334e+01 5.653685e+01 -4.500000e+00
      vertex   8.546017e+01 5.371524e+01 -4.500000e+00
      vertex   8.349276e+01 5.637125e+01 -4.500000e+00
    endloop
  endfacet
  facet normal 0.000000e+00 0.000000e+00 -1.000000e+00
    outer loop
      vertex   8.349276e+01 5.637125e+01 -4.500000e+00
      vertex   8.546017e+01 5.371524e+01 -4.500000e+00
      vertex   8.522777e+01 5.358947e+01 -4.500000e+00
    endloop
  endfacet
  facet normal 0.000000e+00 -0.000000e+00 -1.000000e+00
    outer loop
      vertex   8.349276e+01 5.637125e+01 -4.500000e+00
      vertex   8.522777e+01 5.358947e+01 -4.500000e+00
      vertex   8.330449e+01 5.623798e+01 -4.500000e+00
    endloop
  endfacet
  facet normal 0.000000e+00 0.000000e+00 -1.000000e+00
    outer loop
      vertex   8.330449e+01 5.623798e+01 -4.500000e+00
      vertex   8.522777e+01 5.358947e+01 -4.500000e+00
      vertex   8.501924e+01 5.342716e+01 -4.500000e+00
    endloop
  endfacet
  facet normal 0.000000e+00 -0.000000e+00 -1.000000e+00
    outer loop
      vertex   8.330449e+01 5.623798e+01 -4.500000e+00
      vertex   8.501924e+01 5.342716e+01 -4.500000e+00
      vertex   8.309494e+01 5.614157e+01 -4.500000e+00
    endloop
  endfacet
  facet normal 0.000000e+00 0.000000e+00 -1.000000e+00
    outer loop
      vertex   8.309494e+01 5.614157e+01 -4.500000e+00
      vertex   8.501924e+01 5.342716e+01 -4.500000e+00
      vertex   8.484026e+01 5.323274e+01 -4.500000e+00
    endloop
  endfacet
  facet normal 0.000000e+00 -0.000000e+00 -1.000000e+00
    outer loop
      vertex   8.309494e+01 5.614157e+01 -4.500000e+00
      vertex   8.484026e+01 5.323274e+01 -4.500000e+00
      vertex   8.287123e+01 5.608530e+01 -4.500000e+00
    endloop
  endfacet
  facet normal 0.000000e+00 0.000000e+00 -1.000000e+00
    outer loop
      vertex   8.287123e+01 5.608530e+01 -4.500000e+00
      vertex   8.484026e+01 5.323274e+01 -4.500000e+00
      vertex   8.469573e+01 5.301152e+01 -4.500000e+00
    endloop
  endfacet
  facet normal 0.000000e+00 -0.000000e+00 -1.000000e+00
    outer loop
      vertex   8.287123e+01 5.608530e+01 -4.500000e+00
      vertex   8.469573e+01 5.301152e+01 -4.500000e+00
      vertex   8.115113e+01 5.316672e+01 -4.500000e+00
    endloop
  endfacet
  facet normal 0.000000e+00 0.000000e+00 -1.000000e+00
    outer loop
      vertex   8.115113e+01 5.316672e+01 -4.500000e+00
      vertex   8.469573e+01 5.301152e+01 -4.500000e+00
      vertex   8.458958e+01 5.276952e+01 -4.500000e+00
    endloop
  endfacet
  facet normal 0.000000e+00 0.000000e+00 -1.000000e+00
    outer loop
      vertex   8.115113e+01 5.316672e+01 -4.500000e+00
      vertex   8.458958e+01 5.276952e+01 -4.500000e+00
      vertex   8.122106e+01 5.294691e+01 -4.500000e+00
    endloop
  endfacet
  facet normal 0.000000e+00 0.000000e+00 -1.000000e+00
    outer loop
      vertex   8.122106e+01 5.294691e+01 -4.500000e+00
      vertex   8.458958e+01 5.276952e+01 -4.500000e+00
      vertex   8.452471e+01 5.251335e+01 -4.500000e+00
    endloop
  endfacet
  facet normal 0.000000e+00 0.000000e+00 -1.000000e+00
    outer loop
      vertex   8.122106e+01 5.294691e+01 -4.500000e+00
      vertex   8.452471e+01 5.251335e+01 -4.500000e+00
      vertex   8.124941e+01 5.271799e+01 -4.500000e+00
    endloop
  endfacet
  facet normal 0.000000e+00 0.000000e+00 -1.000000e+00
    outer loop
      vertex   8.124941e+01 5.271799e+01 -4.500000e+00
      vertex   8.452471e+01 5.251335e+01 -4.500000e+00
      vertex   8.450289e+01 5.225000e+01 -4.500000e+00
    endloop
  endfacet
  facet normal 0.000000e+00 -0.000000e+00 -1.000000e+00
    outer loop
      vertex   8.124941e+01 5.271799e+01 -4.500000e+00
      vertex   8.450289e+01 5.225000e+01 -4.500000e+00
      vertex   8.123521e+01 5.248775e+01 -4.500000e+00
    endloop
  endfacet
  facet normal 0.000000e+00 0.000000e+00 -1.000000e+00
    outer loop
      vertex   8.123521e+01 5.248775e+01 -4.500000e+00
      vertex   8.450289e+01 5.225000e+01 -4.500000e+00
      vertex   8.452471e+01 5.198665e+01 -4.500000e+00
    endloop
  endfacet
  facet normal 0.000000e+00 -0.000000e+00 -1.000000e+00
    outer loop
      vertex   8.123521e+01 5.248775e+01 -4.500000e+00
      vertex   8.452471e+01 5.198665e+01 -4.500000e+00
      vertex   8.117894e+01 5.226405e+01 -4.500000e+00
    endloop
  endfacet
  facet normal 0.000000e+00 0.000000e+00 -1.000000e+00
    outer loop
      vertex   8.117894e+01 5.226405e+01 -4.500000e+00
      vertex   8.452471e+01 5.198665e+01 -4.500000e+00
      vertex   8.458958e+01 5.173048e+01 -4.500000e+00
    endloop
  endfacet
  facet normal 0.000000e+00 -0.000000e+00 -1.000000e+00
    outer loop
      vertex   8.117894e+01 5.226405e+01 -4.500000e+00
      vertex   8.458958e+01 5.173048e+01 -4.500000e+00
      vertex   8.108253e+01 5.205449e+01 -4.500000e+00
    endloop
  endfacet
  facet normal 0.000000e+00 0.000000e+00 -1.000000e+00
    outer loop
      vertex   8.108253e+01 5.205449e+01 -4.500000e+00
      vertex   8.458958e+01 5.173048e+01 -4.500000e+00
      vertex   8.469573e+01 5.148848e+01 -4.500000e+00
    endloop
  endfacet
  facet normal 0.000000e+00 -0.000000e+00 -1.000000e+00
    outer loop
      vertex   8.108253e+01 5.205449e+01 -4.500000e+00
      vertex   8.469573e+01 5.148848e+01 -4.500000e+00
      vertex   8.094926e+01 5.186622e+01 -4.500000e+00
    endloop
  endfacet
  facet normal 0.000000e+00 -0.000000e+00 -1.000000e+00
    outer loop
      vertex   8.094926e+01 5.186622e+01 -4.500000e+00
      vertex   8.469573e+01 5.148848e+01 -4.500000e+00
      vertex   8.092376e+01 4.816263e+01 -4.500000e+00
    endloop
  endfacet
  facet normal 0.000000e+00 0.000000e+00 -1.000000e+00
    outer loop
      vertex   8.094926e+01 5.186622e+01 -4.500000e+00
      vertex   8.092376e+01 4.816263e+01 -4.500000e+00
      vertex   8.078365e+01 5.170564e+01 -4.500000e+00
    endloop
  endfacet
  facet normal 0.000000e+00 -0.000000e+00 -1.000000e+00
    outer loop
      vertex   8.078365e+01 5.170564e+01 -4.500000e+00
      vertex   8.092376e+01 4.816263e+01 -4.500000e+00
      vertex   8.075329e+01 4.831803e+01 -4.500000e+00
    endloop
  endfacet
  facet normal 0.000000e+00 0.000000e+00 -1.000000e+00
    outer loop
      vertex   8.078365e+01 5.170564e+01 -4.500000e+00
      vertex   8.075329e+01 4.831803e+01 -4.500000e+00
      vertex   8.059137e+01 5.157823e+01 -4.500000e+00
    endloop
  endfacet
  facet normal 0.000000e+00 -0.000000e+00 -1.000000e+00
    outer loop
      vertex   8.059137e+01 5.157823e+01 -4.500000e+00
      vertex   8.075329e+01 4.831803e+01 -4.500000e+00
      vertex   8.055717e+01 4.843946e+01 -4.500000e+00
    endloop
  endfacet
  facet normal 0.000000e+00 0.000000e+00 -1.000000e+00
    outer loop
      vertex   8.059137e+01 5.157823e+01 -4.500000e+00
      vertex   8.055717e+01 4.843946e+01 -4.500000e+00
      vertex   8.037894e+01 5.148831e+01 -4.500000e+00
    endloop
  endfacet
  facet normal 0.000000e+00 -0.000000e+00 -1.000000e+00
    outer loop
      vertex   8.037894e+01 5.148831e+01 -4.500000e+00
      vertex   8.055717e+01 4.843946e+01 -4.500000e+00
      vertex   8.034208e+01 4.852279e+01 -4.500000e+00
    endloop
  endfacet
  facet normal 0.000000e+00 0.000000e+00 -1.000000e+00
    outer loop
      vertex   8.037894e+01 5.148831e+01 -4.500000e+00
      vertex   8.034208e+01 4.852279e+01 -4.500000e+00
      vertex   8.015361e+01 5.143897e+01 -4.500000e+00
    endloop
  endfacet
  facet normal 0.000000e+00 -0.000000e+00 -1.000000e+00
    outer loop
      vertex   8.015361e+01 5.143897e+01 -4.500000e+00
      vertex   8.034208e+01 4.852279e+01 -4.500000e+00
      vertex   8.011534e+01 4.856518e+01 -4.500000e+00
    endloop
  endfacet
  facet normal 0.000000e+00 0.000000e+00 -1.000000e+00
    outer loop
      vertex   8.015361e+01 5.143897e+01 -4.500000e+00
      vertex   8.011534e+01 4.856518e+01 -4.500000e+00
      vertex   7.992305e+01 5.143186e+01 -4.500000e+00
    endloop
  endfacet
  facet normal 0.000000e+00 -0.000000e+00 -1.000000e+00
    outer loop
      vertex   7.992305e+01 5.143186e+01 -4.500000e+00
      vertex   8.011534e+01 4.856518e+01 -4.500000e+00
      vertex   7.988466e+01 4.856518e+01 -4.500000e+00
    endloop
  endfacet
  facet normal -0.000000e+00 0.000000e+00 -1.000000e+00
    outer loop
      vertex   7.992305e+01 5.143186e+01 -4.500000e+00
      vertex   7.988466e+01 4.856518e+01 -4.500000e+00
      vertex   7.969511e+01 5.146725e+01 -4.500000e+00
    endloop
  endfacet
  facet normal 0.000000e+00 -0.000000e+00 -1.000000e+00
    outer loop
      vertex   7.969511e+01 5.146725e+01 -4.500000e+00
      vertex   7.988466e+01 4.856518e+01 -4.500000e+00
      vertex   7.965792e+01 4.852279e+01 -4.500000e+00
    endloop
  endfacet
  facet normal -0.000000e+00 0.000000e+00 -1.000000e+00
    outer loop
      vertex   7.969511e+01 5.146725e+01 -4.500000e+00
      vertex   7.965792e+01 4.852279e+01 -4.500000e+00
      vertex   7.947755e+01 5.154391e+01 -4.500000e+00
    endloop
  endfacet
  facet normal 0.000000e+00 0.000000e+00 -1.000000e+00
    outer loop
      vertex   8.674560e+01 5.371524e+01 -4.500000e+00
      vertex   8.755019e+01 5.877128e+01 -4.500000e+00
      vertex   8.697800e+01 5.358947e+01 -4.500000e+00
    endloop
  endfacet
  facet normal 0.000000e+00 0.000000e+00 -1.000000e+00
    outer loop
      vertex   8.697800e+01 5.358947e+01 -4.500000e+00
      vertex   8.755019e+01 5.877128e+01 -4.500000e+00
      vertex   8.777206e+01 5.883441e+01 -4.500000e+00
    endloop
  endfacet
  facet normal 0.000000e+00 0.000000e+00 -1.000000e+00
    outer loop
      vertex   8.697800e+01 5.358947e+01 -4.500000e+00
      vertex   8.777206e+01 5.883441e+01 -4.500000e+00
      vertex   8.718654e+01 5.342716e+01 -4.500000e+00
    endloop
  endfacet
  facet normal 0.000000e+00 0.000000e+00 -1.000000e+00
    outer loop
      vertex   8.718654e+01 5.342716e+01 -4.500000e+00
      vertex   8.777206e+01 5.883441e+01 -4.500000e+00
      vertex   8.797855e+01 5.893723e+01 -4.500000e+00
    endloop
  endfacet
  facet normal 0.000000e+00 -0.000000e+00 -1.000000e+00
    outer loop
      vertex   8.607584e+01 5.988466e+01 -4.500000e+00
      vertex   8.611823e+01 5.965792e+01 -4.500000e+00
      vertex   8.354966e+01 5.821790e+01 -4.500000e+00
    endloop
  endfacet
  facet normal 0.000000e+00 0.000000e+00 -1.000000e+00
    outer loop
      vertex   8.354966e+01 5.821790e+01 -4.500000e+00
      vertex   8.611823e+01 5.965792e+01 -4.500000e+00
      vertex   8.369974e+01 5.804273e+01 -4.500000e+00
    endloop
  endfacet
  facet normal 0.000000e+00 0.000000e+00 -1.000000e+00
    outer loop
      vertex   8.369974e+01 5.804273e+01 -4.500000e+00
      vertex   8.611823e+01 5.965792e+01 -4.500000e+00
      vertex   8.620155e+01 5.944283e+01 -4.500000e+00
    endloop
  endfacet
  facet normal 0.000000e+00 0.000000e+00 -1.000000e+00
    outer loop
      vertex   8.369974e+01 5.804273e+01 -4.500000e+00
      vertex   8.620155e+01 5.944283e+01 -4.500000e+00
      vertex   8.381507e+01 5.784296e+01 -4.500000e+00
    endloop
  endfacet
  facet normal 0.000000e+00 0.000000e+00 -1.000000e+00
    outer loop
      vertex   8.381507e+01 5.784296e+01 -4.500000e+00
      vertex   8.620155e+01 5.944283e+01 -4.500000e+00
      vertex   8.632299e+01 5.924671e+01 -4.500000e+00
    endloop
  endfacet
  facet normal 0.000000e+00 0.000000e+00 -1.000000e+00
    outer loop
      vertex   8.381507e+01 5.784296e+01 -4.500000e+00
      vertex   8.632299e+01 5.924671e+01 -4.500000e+00
      vertex   8.389174e+01 5.762540e+01 -4.500000e+00
    endloop
  endfacet
  facet normal 0.000000e+00 0.000000e+00 -1.000000e+00
    outer loop
      vertex   8.389174e+01 5.762540e+01 -4.500000e+00
      vertex   8.632299e+01 5.924671e+01 -4.500000e+00
      vertex   8.647839e+01 5.907624e+01 -4.500000e+00
    endloop
  endfacet
  facet normal 0.000000e+00 0.000000e+00 -1.000000e+00
    outer loop
      vertex   8.389174e+01 5.762540e+01 -4.500000e+00
      vertex   8.647839e+01 5.907624e+01 -4.500000e+00
      vertex   8.392712e+01 5.739746e+01 -4.500000e+00
    endloop
  endfacet
  facet normal 0.000000e+00 0.000000e+00 -1.000000e+00
    outer loop
      vertex   8.392712e+01 5.739746e+01 -4.500000e+00
      vertex   8.647839e+01 5.907624e+01 -4.500000e+00
      vertex   8.666247e+01 5.893723e+01 -4.500000e+00
    endloop
  endfacet
  facet normal 0.000000e+00 -0.000000e+00 -1.000000e+00
    outer loop
      vertex   8.392712e+01 5.739746e+01 -4.500000e+00
      vertex   8.666247e+01 5.893723e+01 -4.500000e+00
      vertex   8.392002e+01 5.716690e+01 -4.500000e+00
    endloop
  endfacet
  facet normal 0.000000e+00 0.000000e+00 -1.000000e+00
    outer loop
      vertex   8.392002e+01 5.716690e+01 -4.500000e+00
      vertex   8.666247e+01 5.893723e+01 -4.500000e+00
      vertex   8.686896e+01 5.883441e+01 -4.500000e+00
    endloop
  endfacet
  facet normal 0.000000e+00 -0.000000e+00 -1.000000e+00
    outer loop
      vertex   8.392002e+01 5.716690e+01 -4.500000e+00
      vertex   8.686896e+01 5.883441e+01 -4.500000e+00
      vertex   8.387067e+01 5.694157e+01 -4.500000e+00
    endloop
  endfacet
  facet normal 0.000000e+00 0.000000e+00 -1.000000e+00
    outer loop
      vertex   8.387067e+01 5.694157e+01 -4.500000e+00
      vertex   8.686896e+01 5.883441e+01 -4.500000e+00
      vertex   8.709082e+01 5.877128e+01 -4.500000e+00
    endloop
  endfacet
  facet normal 0.000000e+00 0.000000e+00 -1.000000e+00
    outer loop
      vertex   8.030489e+01 5.389174e+01 -4.500000e+00
      vertex   8.180932e+01 5.642312e+01 -4.500000e+00
      vertex   8.052245e+01 5.381507e+01 -4.500000e+00
    endloop
  endfacet
  facet normal 0.000000e+00 0.000000e+00 -1.000000e+00
    outer loop
      vertex   8.052245e+01 5.381507e+01 -4.500000e+00
      vertex   8.180932e+01 5.642312e+01 -4.500000e+00
      vertex   8.198904e+01 5.627851e+01 -4.500000e+00
    endloop
  endfacet
  facet normal 0.000000e+00 0.000000e+00 -1.000000e+00
    outer loop
      vertex   8.052245e+01 5.381507e+01 -4.500000e+00
      vertex   8.198904e+01 5.627851e+01 -4.500000e+00
      vertex   8.072222e+01 5.369974e+01 -4.500000e+00
    endloop
  endfacet
  facet normal 0.000000e+00 0.000000e+00 -1.000000e+00
    outer loop
      vertex   8.072222e+01 5.369974e+01 -4.500000e+00
      vertex   8.198904e+01 5.627851e+01 -4.500000e+00
      vertex   8.219226e+01 5.616938e+01 -4.500000e+00
    endloop
  endfacet
  facet normal 0.000000e+00 0.000000e+00 -1.000000e+00
    outer loop
      vertex   8.072222e+01 5.369974e+01 -4.500000e+00
      vertex   8.219226e+01 5.616938e+01 -4.500000e+00
      vertex   8.089739e+01 5.354966e+01 -4.500000e+00
    endloop
  endfacet
  facet normal 0.000000e+00 0.000000e+00 -1.000000e+00
    outer loop
      vertex   8.089739e+01 5.354966e+01 -4.500000e+00
      vertex   8.219226e+01 5.616938e+01 -4.500000e+00
      vertex   8.241208e+01 5.609945e+01 -4.500000e+00
    endloop
  endfacet
  facet normal 0.000000e+00 0.000000e+00 -1.000000e+00
    outer loop
      vertex   8.089739e+01 5.354966e+01 -4.500000e+00
      vertex   8.241208e+01 5.609945e+01 -4.500000e+00
      vertex   8.104200e+01 5.336995e+01 -4.500000e+00
    endloop
  endfacet
  facet normal 0.000000e+00 0.000000e+00 -1.000000e+00
    outer loop
      vertex   8.104200e+01 5.336995e+01 -4.500000e+00
      vertex   8.241208e+01 5.609945e+01 -4.500000e+00
      vertex   8.264100e+01 5.607110e+01 -4.500000e+00
    endloop
  endfacet
  facet normal 0.000000e+00 0.000000e+00 -1.000000e+00
    outer loop
      vertex   8.104200e+01 5.336995e+01 -4.500000e+00
      vertex   8.264100e+01 5.607110e+01 -4.500000e+00
      vertex   8.115113e+01 5.316672e+01 -4.500000e+00
    endloop
  endfacet
  facet normal 0.000000e+00 0.000000e+00 -1.000000e+00
    outer loop
      vertex   8.115113e+01 5.316672e+01 -4.500000e+00
      vertex   8.264100e+01 5.607110e+01 -4.500000e+00
      vertex   8.287123e+01 5.608530e+01 -4.500000e+00
    endloop
  endfacet
  facet normal 0.000000e+00 0.000000e+00 -1.000000e+00
    outer loop
      vertex   8.122872e+01 4.755019e+01 -4.500000e+00
      vertex   8.546017e+01 5.078476e+01 -4.500000e+00
      vertex   8.125000e+01 4.732051e+01 -4.500000e+00
    endloop
  endfacet
  facet normal 0.000000e+00 0.000000e+00 -1.000000e+00
    outer loop
      vertex   8.125000e+01 4.732051e+01 -4.500000e+00
      vertex   8.546017e+01 5.078476e+01 -4.500000e+00
      vertex   8.571011e+01 5.069896e+01 -4.500000e+00
    endloop
  endfacet
  facet normal 0.000000e+00 0.000000e+00 -1.000000e+00
    outer loop
      vertex   8.125000e+01 4.732051e+01 -4.500000e+00
      vertex   8.571011e+01 5.069896e+01 -4.500000e+00
      vertex   8.848669e+01 4.601952e+01 -4.500000e+00
    endloop
  endfacet
  facet normal 0.000000e+00 0.000000e+00 -1.000000e+00
    outer loop
      vertex   8.848669e+01 4.601952e+01 -4.500000e+00
      vertex   8.571011e+01 5.069896e+01 -4.500000e+00
      vertex   8.597076e+01 5.065546e+01 -4.500000e+00
    endloop
  endfacet
  facet normal 0.000000e+00 0.000000e+00 -1.000000e+00
    outer loop
      vertex   8.848669e+01 4.601952e+01 -4.500000e+00
      vertex   8.597076e+01 5.065546e+01 -4.500000e+00
      vertex   8.859284e+01 4.626152e+01 -4.500000e+00
    endloop
  endfacet
  facet normal 0.000000e+00 0.000000e+00 -1.000000e+00
    outer loop
      vertex   8.859284e+01 4.626152e+01 -4.500000e+00
      vertex   8.597076e+01 5.065546e+01 -4.500000e+00
      vertex   8.623501e+01 5.065546e+01 -4.500000e+00
    endloop
  endfacet
  facet normal 0.000000e+00 0.000000e+00 -1.000000e+00
    outer loop
      vertex   8.859284e+01 4.626152e+01 -4.500000e+00
      vertex   8.623501e+01 5.065546e+01 -4.500000e+00
      vertex   8.859284e+01 4.923848e+01 -4.500000e+00
    endloop
  endfacet
  facet normal 0.000000e+00 0.000000e+00 -1.000000e+00
    outer loop
      vertex   8.859284e+01 4.923848e+01 -4.500000e+00
      vertex   8.623501e+01 5.065546e+01 -4.500000e+00
      vertex   8.848669e+01 4.948048e+01 -4.500000e+00
    endloop
  endfacet
  facet normal 0.000000e+00 0.000000e+00 -1.000000e+00
    outer loop
      vertex   8.848669e+01 4.948048e+01 -4.500000e+00
      vertex   8.623501e+01 5.065546e+01 -4.500000e+00
      vertex   8.649566e+01 5.069896e+01 -4.500000e+00
    endloop
  endfacet
  facet normal 0.000000e+00 0.000000e+00 -1.000000e+00
    outer loop
      vertex   8.848669e+01 4.948048e+01 -4.500000e+00
      vertex   8.649566e+01 5.069896e+01 -4.500000e+00
      vertex   8.842182e+01 4.973665e+01 -4.500000e+00
    endloop
  endfacet
  facet normal 0.000000e+00 0.000000e+00 -1.000000e+00
    outer loop
      vertex   8.842182e+01 4.973665e+01 -4.500000e+00
      vertex   8.649566e+01 5.069896e+01 -4.500000e+00
      vertex   8.674560e+01 5.078476e+01 -4.500000e+00
    endloop
  endfacet
  facet normal 0.000000e+00 0.000000e+00 -1.000000e+00
    outer loop
      vertex   8.842182e+01 4.973665e+01 -4.500000e+00
      vertex   8.674560e+01 5.078476e+01 -4.500000e+00
      vertex   8.840000e+01 5.000000e+01 -4.500000e+00
    endloop
  endfacet
  facet normal 0.000000e+00 0.000000e+00 -1.000000e+00
    outer loop
      vertex   8.840000e+01 5.000000e+01 -4.500000e+00
      vertex   8.674560e+01 5.078476e+01 -4.500000e+00
      vertex   8.697800e+01 5.091053e+01 -4.500000e+00
    endloop
  endfacet
  facet normal 0.000000e+00 0.000000e+00 -1.000000e+00
    outer loop
      vertex   8.840000e+01 5.000000e+01 -4.500000e+00
      vertex   8.697800e+01 5.091053e+01 -4.500000e+00
      vertex   8.842182e+01 5.026335e+01 -4.500000e+00
    endloop
  endfacet
  facet normal 0.000000e+00 0.000000e+00 -1.000000e+00
    outer loop
      vertex   8.842182e+01 5.026335e+01 -4.500000e+00
      vertex   8.697800e+01 5.091053e+01 -4.500000e+00
      vertex   8.718654e+01 5.107284e+01 -4.500000e+00
    endloop
  endfacet
  facet normal 0.000000e+00 0.000000e+00 -1.000000e+00
    outer loop
      vertex   8.842182e+01 5.026335e+01 -4.500000e+00
      vertex   8.718654e+01 5.107284e+01 -4.500000e+00
      vertex   8.848669e+01 5.051952e+01 -4.500000e+00
    endloop
  endfacet
  facet normal 0.000000e+00 0.000000e+00 -1.000000e+00
    outer loop
      vertex   8.848669e+01 5.051952e+01 -4.500000e+00
      vertex   8.718654e+01 5.107284e+01 -4.500000e+00
      vertex   8.736551e+01 5.126726e+01 -4.500000e+00
    endloop
  endfacet
  facet normal 0.000000e+00 0.000000e+00 -1.000000e+00
    outer loop
      vertex   8.848669e+01 5.051952e+01 -4.500000e+00
      vertex   8.736551e+01 5.126726e+01 -4.500000e+00
      vertex   8.859284e+01 5.076152e+01 -4.500000e+00
    endloop
  endfacet
  facet normal 0.000000e+00 0.000000e+00 -1.000000e+00
    outer loop
      vertex   8.859284e+01 5.076152e+01 -4.500000e+00
      vertex   8.736551e+01 5.126726e+01 -4.500000e+00
      vertex   8.751004e+01 5.148848e+01 -4.500000e+00
    endloop
  endfacet
  facet normal 0.000000e+00 0.000000e+00 -1.000000e+00
    outer loop
      vertex   8.859284e+01 5.076152e+01 -4.500000e+00
      vertex   8.751004e+01 5.148848e+01 -4.500000e+00
      vertex   8.873738e+01 5.098274e+01 -4.500000e+00
    endloop
  endfacet
  facet normal 0.000000e+00 0.000000e+00 -1.000000e+00
    outer loop
      vertex   8.873738e+01 5.098274e+01 -4.500000e+00
      vertex   8.751004e+01 5.148848e+01 -4.500000e+00
      vertex   8.761619e+01 5.173048e+01 -4.500000e+00
    endloop
  endfacet
  facet normal 0.000000e+00 0.000000e+00 -1.000000e+00
    outer loop
      vertex   8.873738e+01 5.098274e+01 -4.500000e+00
      vertex   8.761619e+01 5.173048e+01 -4.500000e+00
      vertex   8.891635e+01 5.117716e+01 -4.500000e+00
    endloop
  endfacet
  facet normal 0.000000e+00 0.000000e+00 -1.000000e+00
    outer loop
      vertex   8.891635e+01 5.117716e+01 -4.500000e+00
      vertex   8.761619e+01 5.173048e+01 -4.500000e+00
      vertex   8.768106e+01 5.198665e+01 -4.500000e+00
    endloop
  endfacet
  facet normal 0.000000e+00 0.000000e+00 -1.000000e+00
    outer loop
      vertex   8.891635e+01 5.117716e+01 -4.500000e+00
      vertex   8.768106e+01 5.198665e+01 -4.500000e+00
      vertex   8.912488e+01 5.133947e+01 -4.500000e+00
    endloop
  endfacet
  facet normal 0.000000e+00 0.000000e+00 -1.000000e+00
    outer loop
      vertex   8.912488e+01 5.133947e+01 -4.500000e+00
      vertex   8.768106e+01 5.198665e+01 -4.500000e+00
      vertex   8.770289e+01 5.225000e+01 -4.500000e+00
    endloop
  endfacet
  facet normal 0.000000e+00 0.000000e+00 -1.000000e+00
    outer loop
      vertex   8.912488e+01 5.133947e+01 -4.500000e+00
      vertex   8.770289e+01 5.225000e+01 -4.500000e+00
      vertex   8.935729e+01 5.146524e+01 -4.500000e+00
    endloop
  endfacet
  facet normal 0.000000e+00 0.000000e+00 -1.000000e+00
    outer loop
      vertex   8.935729e+01 5.146524e+01 -4.500000e+00
      vertex   8.770289e+01 5.225000e+01 -4.500000e+00
      vertex   8.768106e+01 5.251335e+01 -4.500000e+00
    endloop
  endfacet
  facet normal 0.000000e+00 0.000000e+00 -1.000000e+00
    outer loop
      vertex   8.935729e+01 5.146524e+01 -4.500000e+00
      vertex   8.768106e+01 5.251335e+01 -4.500000e+00
      vertex   8.960722e+01 5.155104e+01 -4.500000e+00
    endloop
  endfacet
  facet normal 0.000000e+00 0.000000e+00 -1.000000e+00
    outer loop
      vertex   8.960722e+01 5.155104e+01 -4.500000e+00
      vertex   8.768106e+01 5.251335e+01 -4.500000e+00
      vertex   8.761619e+01 5.276952e+01 -4.500000e+00
    endloop
  endfacet
  facet normal 0.000000e+00 0.000000e+00 -1.000000e+00
    outer loop
      vertex   8.960722e+01 5.155104e+01 -4.500000e+00
      vertex   8.761619e+01 5.276952e+01 -4.500000e+00
      vertex   8.986787e+01 5.159454e+01 -4.500000e+00
    endloop
  endfacet
  facet normal 0.000000e+00 0.000000e+00 -1.000000e+00
    outer loop
      vertex   8.986787e+01 5.159454e+01 -4.500000e+00
      vertex   8.761619e+01 5.276952e+01 -4.500000e+00
      vertex   8.751004e+01 5.301152e+01 -4.500000e+00
    endloop
  endfacet
  facet normal -0.000000e+00 0.000000e+00 -1.000000e+00
    outer loop
      vertex   8.546017e+01 5.078476e+01 -4.500000e+00
      vertex   8.122872e+01 4.755019e+01 -4.500000e+00
      vertex   8.522777e+01 5.091053e+01 -4.500000e+00
    endloop
  endfacet
  facet normal 0.000000e+00 0.000000e+00 -1.000000e+00
    outer loop
      vertex   8.522777e+01 5.091053e+01 -4.500000e+00
      vertex   8.122872e+01 4.755019e+01 -4.500000e+00
      vertex   8.116559e+01 4.777206e+01 -4.500000e+00
    endloop
  endfacet
  facet normal -0.000000e+00 0.000000e+00 -1.000000e+00
    outer loop
      vertex   8.522777e+01 5.091053e+01 -4.500000e+00
      vertex   8.116559e+01 4.777206e+01 -4.500000e+00
      vertex   8.501924e+01 5.107284e+01 -4.500000e+00
    endloop
  endfacet
  facet normal 0.000000e+00 0.000000e+00 -1.000000e+00
    outer loop
      vertex   8.501924e+01 5.107284e+01 -4.500000e+00
      vertex   8.116559e+01 4.777206e+01 -4.500000e+00
      vertex   8.106277e+01 4.797855e+01 -4.500000e+00
    endloop
  endfacet
  facet normal -0.000000e+00 0.000000e+00 -1.000000e+00
    outer loop
      vertex   8.501924e+01 5.107284e+01 -4.500000e+00
      vertex   8.106277e+01 4.797855e+01 -4.500000e+00
      vertex   8.484026e+01 5.126726e+01 -4.500000e+00
    endloop
  endfacet
  facet normal 0.000000e+00 0.000000e+00 -1.000000e+00
    outer loop
      vertex   8.484026e+01 5.126726e+01 -4.500000e+00
      vertex   8.106277e+01 4.797855e+01 -4.500000e+00
      vertex   8.092376e+01 4.816263e+01 -4.500000e+00
    endloop
  endfacet
  facet normal -0.000000e+00 0.000000e+00 -1.000000e+00
    outer loop
      vertex   8.484026e+01 5.126726e+01 -4.500000e+00
      vertex   8.092376e+01 4.816263e+01 -4.500000e+00
      vertex   8.469573e+01 5.148848e+01 -4.500000e+00
    endloop
  endfacet
  facet normal 0.000000e+00 0.000000e+00 -1.000000e+00
    outer loop
      vertex   8.178210e+01 4.354966e+01 -4.500000e+00
      vertex   8.034208e+01 4.611823e+01 -4.500000e+00
      vertex   8.195727e+01 4.369974e+01 -4.500000e+00
    endloop
  endfacet
  facet normal 0.000000e+00 0.000000e+00 -1.000000e+00
    outer loop
      vertex   8.195727e+01 4.369974e+01 -4.500000e+00
      vertex   8.034208e+01 4.611823e+01 -4.500000e+00
      vertex   8.055717e+01 4.620155e+01 -4.500000e+00
    endloop
  endfacet
  facet normal 0.000000e+00 0.000000e+00 -1.000000e+00
    outer loop
      vertex   8.195727e+01 4.369974e+01 -4.500000e+00
      vertex   8.055717e+01 4.620155e+01 -4.500000e+00
      vertex   8.215704e+01 4.381507e+01 -4.500000e+00
    endloop
  endfacet
  facet normal 0.000000e+00 0.000000e+00 -1.000000e+00
    outer loop
      vertex   8.215704e+01 4.381507e+01 -4.500000e+00
      vertex   8.055717e+01 4.620155e+01 -4.500000e+00
      vertex   8.075329e+01 4.632299e+01 -4.500000e+00
    endloop
  endfacet
  facet normal 0.000000e+00 0.000000e+00 -1.000000e+00
    outer loop
      vertex   8.215704e+01 4.381507e+01 -4.500000e+00
      vertex   8.075329e+01 4.632299e+01 -4.500000e+00
      vertex   8.237460e+01 4.389174e+01 -4.500000e+00
    endloop
  endfacet
  facet normal 0.000000e+00 0.000000e+00 -1.000000e+00
    outer loop
      vertex   8.237460e+01 4.389174e+01 -4.500000e+00
      vertex   8.075329e+01 4.632299e+01 -4.500000e+00
      vertex   8.092376e+01 4.647839e+01 -4.500000e+00
    endloop
  endfacet
  facet normal 0.000000e+00 0.000000e+00 -1.000000e+00
    outer loop
      vertex   8.237460e+01 4.389174e+01 -4.500000e+00
      vertex   8.092376e+01 4.647839e+01 -4.500000e+00
      vertex   8.260254e+01 4.392712e+01 -4.500000e+00
    endloop
  endfacet
  facet normal 0.000000e+00 0.000000e+00 -1.000000e+00
    outer loop
      vertex   8.260254e+01 4.392712e+01 -4.500000e+00
      vertex   8.092376e+01 4.647839e+01 -4.500000e+00
      vertex   8.106277e+01 4.666247e+01 -4.500000e+00
    endloop
  endfacet
  facet normal 0.000000e+00 0.000000e+00 -1.000000e+00
    outer loop
      vertex   8.260254e+01 4.392712e+01 -4.500000e+00
      vertex   8.106277e+01 4.666247e+01 -4.500000e+00
      vertex   8.283310e+01 4.392002e+01 -4.500000e+00
    endloop
  endfacet
  facet normal 0.000000e+00 0.000000e+00 -1.000000e+00
    outer loop
      vertex   8.283310e+01 4.392002e+01 -4.500000e+00
      vertex   8.106277e+01 4.666247e+01 -4.500000e+00
      vertex   8.116559e+01 4.686896e+01 -4.500000e+00
    endloop
  endfacet
  facet normal 0.000000e+00 0.000000e+00 -1.000000e+00
    outer loop
      vertex   8.283310e+01 4.392002e+01 -4.500000e+00
      vertex   8.116559e+01 4.686896e+01 -4.500000e+00
      vertex   8.305843e+01 4.387067e+01 -4.500000e+00
    endloop
  endfacet
  facet normal 0.000000e+00 0.000000e+00 -1.000000e+00
    outer loop
      vertex   8.305843e+01 4.387067e+01 -4.500000e+00
      vertex   8.116559e+01 4.686896e+01 -4.500000e+00
      vertex   8.122872e+01 4.709082e+01 -4.500000e+00
    endloop
  endfacet
  facet normal 0.000000e+00 0.000000e+00 -1.000000e+00
    outer loop
      vertex   8.305843e+01 4.387067e+01 -4.500000e+00
      vertex   8.122872e+01 4.709082e+01 -4.500000e+00
      vertex   8.327086e+01 4.378076e+01 -4.500000e+00
    endloop
  endfacet
  facet normal 0.000000e+00 0.000000e+00 -1.000000e+00
    outer loop
      vertex   8.327086e+01 4.378076e+01 -4.500000e+00
      vertex   8.122872e+01 4.709082e+01 -4.500000e+00
      vertex   8.125000e+01 4.732051e+01 -4.500000e+00
    endloop
  endfacet
  facet normal 0.000000e+00 0.000000e+00 -1.000000e+00
    outer loop
      vertex   8.327086e+01 4.378076e+01 -4.500000e+00
      vertex   8.125000e+01 4.732051e+01 -4.500000e+00
      vertex   8.848669e+01 4.601952e+01 -4.500000e+00
    endloop
  endfacet
  facet normal 0.000000e+00 0.000000e+00 -1.000000e+00
    outer loop
      vertex   8.362875e+01 4.349276e+01 -4.500000e+00
      vertex   8.842182e+01 4.523665e+01 -4.500000e+00
      vertex   8.376202e+01 4.330449e+01 -4.500000e+00
    endloop
  endfacet
  facet normal 0.000000e+00 0.000000e+00 -1.000000e+00
    outer loop
      vertex   8.376202e+01 4.330449e+01 -4.500000e+00
      vertex   8.842182e+01 4.523665e+01 -4.500000e+00
      vertex   8.848669e+01 4.498048e+01 -4.500000e+00
    endloop
  endfacet
  facet normal 0.000000e+00 0.000000e+00 -1.000000e+00
    outer loop
      vertex   8.376202e+01 4.330449e+01 -4.500000e+00
      vertex   8.848669e+01 4.498048e+01 -4.500000e+00
      vertex   8.385843e+01 4.309494e+01 -4.500000e+00
    endloop
  endfacet
  facet normal 0.000000e+00 0.000000e+00 -1.000000e+00
    outer loop
      vertex   8.385843e+01 4.309494e+01 -4.500000e+00
      vertex   8.848669e+01 4.498048e+01 -4.500000e+00
      vertex   8.859284e+01 4.473848e+01 -4.500000e+00
    endloop
  endfacet
  facet normal 0.000000e+00 0.000000e+00 -1.000000e+00
    outer loop
      vertex   8.385843e+01 4.309494e+01 -4.500000e+00
      vertex   8.859284e+01 4.473848e+01 -4.500000e+00
      vertex   8.705309e+01 4.122106e+01 -4.500000e+00
    endloop
  endfacet
  facet normal 0.000000e+00 0.000000e+00 -1.000000e+00
    outer loop
      vertex   8.705309e+01 4.122106e+01 -4.500000e+00
      vertex   8.859284e+01 4.473848e+01 -4.500000e+00
      vertex   8.873738e+01 4.451726e+01 -4.500000e+00
    endloop
  endfacet
  facet normal 0.000000e+00 0.000000e+00 -1.000000e+00
    outer loop
      vertex   8.705309e+01 4.122106e+01 -4.500000e+00
      vertex   8.873738e+01 4.451726e+01 -4.500000e+00
      vertex   8.728201e+01 4.124941e+01 -4.500000e+00
    endloop
  endfacet
  facet normal 0.000000e+00 0.000000e+00 -1.000000e+00
    outer loop
      vertex   8.728201e+01 4.124941e+01 -4.500000e+00
      vertex   8.873738e+01 4.451726e+01 -4.500000e+00
      vertex   8.891635e+01 4.432284e+01 -4.500000e+00
    endloop
  endfacet
  facet normal 0.000000e+00 0.000000e+00 -1.000000e+00
    outer loop
      vertex   8.728201e+01 4.124941e+01 -4.500000e+00
      vertex   8.891635e+01 4.432284e+01 -4.500000e+00
      vertex   8.751225e+01 4.123521e+01 -4.500000e+00
    endloop
  endfacet
  facet normal 0.000000e+00 0.000000e+00 -1.000000e+00
    outer loop
      vertex   8.751225e+01 4.123521e+01 -4.500000e+00
      vertex   8.891635e+01 4.432284e+01 -4.500000e+00
      vertex   8.912488e+01 4.416053e+01 -4.500000e+00
    endloop
  endfacet
  facet normal 0.000000e+00 0.000000e+00 -1.000000e+00
    outer loop
      vertex   8.751225e+01 4.123521e+01 -4.500000e+00
      vertex   8.912488e+01 4.416053e+01 -4.500000e+00
      vertex   8.773595e+01 4.117894e+01 -4.500000e+00
    endloop
  endfacet
  facet normal 0.000000e+00 0.000000e+00 -1.000000e+00
    outer loop
      vertex   8.773595e+01 4.117894e+01 -4.500000e+00
      vertex   8.912488e+01 4.416053e+01 -4.500000e+00
      vertex   8.935729e+01 4.403476e+01 -4.500000e+00
    endloop
  endfacet
  facet normal 0.000000e+00 0.000000e+00 -1.000000e+00
    outer loop
      vertex   8.773595e+01 4.117894e+01 -4.500000e+00
      vertex   8.935729e+01 4.403476e+01 -4.500000e+00
      vertex   8.794551e+01 4.108253e+01 -4.500000e+00
    endloop
  endfacet
  facet normal 0.000000e+00 0.000000e+00 -1.000000e+00
    outer loop
      vertex   8.794551e+01 4.108253e+01 -4.500000e+00
      vertex   8.935729e+01 4.403476e+01 -4.500000e+00
      vertex   8.960722e+01 4.394896e+01 -4.500000e+00
    endloop
  endfacet
  facet normal 0.000000e+00 0.000000e+00 -1.000000e+00
    outer loop
      vertex   8.794551e+01 4.108253e+01 -4.500000e+00
      vertex   8.960722e+01 4.394896e+01 -4.500000e+00
      vertex   8.813378e+01 4.094926e+01 -4.500000e+00
    endloop
  endfacet
  facet normal 0.000000e+00 0.000000e+00 -1.000000e+00
    outer loop
      vertex   8.813378e+01 4.094926e+01 -4.500000e+00
      vertex   8.960722e+01 4.394896e+01 -4.500000e+00
      vertex   8.986787e+01 4.390546e+01 -4.500000e+00
    endloop
  endfacet
  facet normal -0.000000e+00 0.000000e+00 -1.000000e+00
    outer loop
      vertex   8.842182e+01 4.523665e+01 -4.500000e+00
      vertex   8.362875e+01 4.349276e+01 -4.500000e+00
      vertex   8.840000e+01 4.550000e+01 -4.500000e+00
    endloop
  endfacet
  facet normal 0.000000e+00 0.000000e+00 -1.000000e+00
    outer loop
      vertex   8.840000e+01 4.550000e+01 -4.500000e+00
      vertex   8.362875e+01 4.349276e+01 -4.500000e+00
      vertex   8.346315e+01 4.365334e+01 -4.500000e+00
    endloop
  endfacet
  facet normal -0.000000e+00 0.000000e+00 -1.000000e+00
    outer loop
      vertex   8.840000e+01 4.550000e+01 -4.500000e+00
      vertex   8.346315e+01 4.365334e+01 -4.500000e+00
      vertex   8.842182e+01 4.576335e+01 -4.500000e+00
    endloop
  endfacet
  facet normal 0.000000e+00 0.000000e+00 -1.000000e+00
    outer loop
      vertex   8.842182e+01 4.576335e+01 -4.500000e+00
      vertex   8.346315e+01 4.365334e+01 -4.500000e+00
      vertex   8.327086e+01 4.378076e+01 -4.500000e+00
    endloop
  endfacet
  facet normal -0.000000e+00 0.000000e+00 -1.000000e+00
    outer loop
      vertex   8.842182e+01 4.576335e+01 -4.500000e+00
      vertex   8.327086e+01 4.378076e+01 -4.500000e+00
      vertex   8.848669e+01 4.601952e+01 -4.500000e+00
    endloop
  endfacet
  facet normal 0.000000e+00 0.000000e+00 -1.000000e+00
    outer loop
      vertex   8.340171e+01 4.165925e+01 -4.500000e+00
      vertex   8.357688e+01 4.180932e+01 -4.500000e+00
      vertex   8.610826e+01 4.030489e+01 -4.500000e+00
    endloop
  endfacet
  facet normal 0.000000e+00 0.000000e+00 -1.000000e+00
    outer loop
      vertex   8.610826e+01 4.030489e+01 -4.500000e+00
      vertex   8.357688e+01 4.180932e+01 -4.500000e+00
      vertex   8.618493e+01 4.052245e+01 -4.500000e+00
    endloop
  endfacet
  facet normal 0.000000e+00 0.000000e+00 -1.000000e+00
    outer loop
      vertex   8.618493e+01 4.052245e+01 -4.500000e+00
      vertex   8.357688e+01 4.180932e+01 -4.500000e+00
      vertex   8.372149e+01 4.198904e+01 -4.500000e+00
    endloop
  endfacet
  facet normal 0.000000e+00 0.000000e+00 -1.000000e+00
    outer loop
      vertex   8.618493e+01 4.052245e+01 -4.500000e+00
      vertex   8.372149e+01 4.198904e+01 -4.500000e+00
      vertex   8.630026e+01 4.072222e+01 -4.500000e+00
    endloop
  endfacet
  facet normal 0.000000e+00 0.000000e+00 -1.000000e+00
    outer loop
      vertex   8.630026e+01 4.072222e+01 -4.500000e+00
      vertex   8.372149e+01 4.198904e+01 -4.500000e+00
      vertex   8.383062e+01 4.219226e+01 -4.500000e+00
    endloop
  endfacet
  facet normal 0.000000e+00 0.000000e+00 -1.000000e+00
    outer loop
      vertex   8.630026e+01 4.072222e+01 -4.500000e+00
      vertex   8.383062e+01 4.219226e+01 -4.500000e+00
      vertex   8.645034e+01 4.089739e+01 -4.500000e+00
    endloop
  endfacet
  facet normal 0.000000e+00 0.000000e+00 -1.000000e+00
    outer loop
      vertex   8.645034e+01 4.089739e+01 -4.500000e+00
      vertex   8.383062e+01 4.219226e+01 -4.500000e+00
      vertex   8.390055e+01 4.241208e+01 -4.500000e+00
    endloop
  endfacet
  facet normal 0.000000e+00 0.000000e+00 -1.000000e+00
    outer loop
      vertex   8.645034e+01 4.089739e+01 -4.500000e+00
      vertex   8.390055e+01 4.241208e+01 -4.500000e+00
      vertex   8.663005e+01 4.104200e+01 -4.500000e+00
    endloop
  endfacet
  facet normal 0.000000e+00 0.000000e+00 -1.000000e+00
    outer loop
      vertex   8.663005e+01 4.104200e+01 -4.500000e+00
      vertex   8.390055e+01 4.241208e+01 -4.500000e+00
      vertex   8.392890e+01 4.264100e+01 -4.500000e+00
    endloop
  endfacet
  facet normal 0.000000e+00 0.000000e+00 -1.000000e+00
    outer loop
      vertex   8.663005e+01 4.104200e+01 -4.500000e+00
      vertex   8.392890e+01 4.264100e+01 -4.500000e+00
      vertex   8.683328e+01 4.115113e+01 -4.500000e+00
    endloop
  endfacet
  facet normal 0.000000e+00 0.000000e+00 -1.000000e+00
    outer loop
      vertex   8.683328e+01 4.115113e+01 -4.500000e+00
      vertex   8.392890e+01 4.264100e+01 -4.500000e+00
      vertex   8.391470e+01 4.287123e+01 -4.500000e+00
    endloop
  endfacet
  facet normal 0.000000e+00 0.000000e+00 -1.000000e+00
    outer loop
      vertex   8.683328e+01 4.115113e+01 -4.500000e+00
      vertex   8.391470e+01 4.287123e+01 -4.500000e+00
      vertex   8.705309e+01 4.122106e+01 -4.500000e+00
    endloop
  endfacet
  facet normal 0.000000e+00 0.000000e+00 -1.000000e+00
    outer loop
      vertex   8.705309e+01 4.122106e+01 -4.500000e+00
      vertex   8.391470e+01 4.287123e+01 -4.500000e+00
      vertex   8.385843e+01 4.309494e+01 -4.500000e+00
    endloop
  endfacet
  facet normal 0.000000e+00 0.000000e+00 -1.000000e+00
    outer loop
      vertex   9.147721e+01 3.965792e+01 -4.500000e+00
      vertex   8.853275e+01 3.969511e+01 -4.500000e+00
      vertex   9.143482e+01 3.988466e+01 -4.500000e+00
    endloop
  endfacet
  facet normal -0.000000e+00 0.000000e+00 -1.000000e+00
    outer loop
      vertex   9.143482e+01 3.988466e+01 -4.500000e+00
      vertex   8.853275e+01 3.969511e+01 -4.500000e+00
      vertex   8.856814e+01 3.992305e+01 -4.500000e+00
    endloop
  endfacet
  facet normal 0.000000e+00 0.000000e+00 -1.000000e+00
    outer loop
      vertex   9.143482e+01 3.988466e+01 -4.500000e+00
      vertex   8.856814e+01 3.992305e+01 -4.500000e+00
      vertex   9.143482e+01 4.011534e+01 -4.500000e+00
    endloop
  endfacet
  facet normal -0.000000e+00 0.000000e+00 -1.000000e+00
    outer loop
      vertex   9.143482e+01 4.011534e+01 -4.500000e+00
      vertex   8.856814e+01 3.992305e+01 -4.500000e+00
      vertex   8.856103e+01 4.015361e+01 -4.500000e+00
    endloop
  endfacet
  facet normal 0.000000e+00 0.000000e+00 -1.000000e+00
    outer loop
      vertex   9.143482e+01 4.011534e+01 -4.500000e+00
      vertex   8.856103e+01 4.015361e+01 -4.500000e+00
      vertex   9.147721e+01 4.034208e+01 -4.500000e+00
    endloop
  endfacet
  facet normal -0.000000e+00 0.000000e+00 -1.000000e+00
    outer loop
      vertex   9.147721e+01 4.034208e+01 -4.500000e+00
      vertex   8.856103e+01 4.015361e+01 -4.500000e+00
      vertex   8.851169e+01 4.037894e+01 -4.500000e+00
    endloop
  endfacet
  facet normal 0.000000e+00 0.000000e+00 -1.000000e+00
    outer loop
      vertex   9.147721e+01 4.034208e+01 -4.500000e+00
      vertex   8.851169e+01 4.037894e+01 -4.500000e+00
      vertex   9.156054e+01 4.055717e+01 -4.500000e+00
    endloop
  endfacet
  facet normal -0.000000e+00 0.000000e+00 -1.000000e+00
    outer loop
      vertex   9.156054e+01 4.055717e+01 -4.500000e+00
      vertex   8.851169e+01 4.037894e+01 -4.500000e+00
      vertex   8.842177e+01 4.059137e+01 -4.500000e+00
    endloop
  endfacet
  facet normal 0.000000e+00 0.000000e+00 -1.000000e+00
    outer loop
      vertex   9.156054e+01 4.055717e+01 -4.500000e+00
      vertex   8.842177e+01 4.059137e+01 -4.500000e+00
      vertex   9.168197e+01 4.075329e+01 -4.500000e+00
    endloop
  endfacet
  facet normal -0.000000e+00 0.000000e+00 -1.000000e+00
    outer loop
      vertex   9.168197e+01 4.075329e+01 -4.500000e+00
      vertex   8.842177e+01 4.059137e+01 -4.500000e+00
      vertex   8.829436e+01 4.078365e+01 -4.500000e+00
    endloop
  endfacet
  facet normal -0.000000e+00 0.000000e+00 -1.000000e+00
    outer loop
      vertex   9.645034e+01 4.178210e+01 -4.500000e+00
      vertex   9.388177e+01 4.034208e+01 -4.500000e+00
      vertex   9.630026e+01 4.195727e+01 -4.500000e+00
    endloop
  endfacet
  facet normal 0.000000e+00 0.000000e+00 -1.000000e+00
    outer loop
      vertex   9.630026e+01 4.195727e+01 -4.500000e+00
      vertex   9.388177e+01 4.034208e+01 -4.500000e+00
      vertex   9.379845e+01 4.055717e+01 -4.500000e+00
    endloop
  endfacet
  facet normal -0.000000e+00 0.000000e+00 -1.000000e+00
    outer loop
      vertex   9.630026e+01 4.195727e+01 -4.500000e+00
      vertex   9.379845e+01 4.055717e+01 -4.500000e+00
      vertex   9.618493e+01 4.215704e+01 -4.500000e+00
    endloop
  endfacet
  facet normal 0.000000e+00 0.000000e+00 -1.000000e+00
    outer loop
      vertex   9.618493e+01 4.215704e+01 -4.500000e+00
      vertex   9.379845e+01 4.055717e+01 -4.500000e+00
      vertex   9.367701e+01 4.075329e+01 -4.500000e+00
    endloop
  endfacet
  facet normal -0.000000e+00 0.000000e+00 -1.000000e+00
    outer loop
      vertex   9.618493e+01 4.215704e+01 -4.500000e+00
      vertex   9.367701e+01 4.075329e+01 -4.500000e+00
      vertex   9.610826e+01 4.237460e+01 -4.500000e+00
    endloop
  endfacet
  facet normal 0.000000e+00 0.000000e+00 -1.000000e+00
    outer loop
      vertex   9.610826e+01 4.237460e+01 -4.500000e+00
      vertex   9.367701e+01 4.075329e+01 -4.500000e+00
      vertex   9.352161e+01 4.092376e+01 -4.500000e+00
    endloop
  endfacet
  facet normal -0.000000e+00 0.000000e+00 -1.000000e+00
    outer loop
      vertex   9.610826e+01 4.237460e+01 -4.500000e+00
      vertex   9.352161e+01 4.092376e+01 -4.500000e+00
      vertex   9.607288e+01 4.260254e+01 -4.500000e+00
    endloop
  endfacet
  facet normal 0.000000e+00 0.000000e+00 -1.000000e+00
    outer loop
      vertex   9.607288e+01 4.260254e+01 -4.500000e+00
      vertex   9.352161e+01 4.092376e+01 -4.500000e+00
      vertex   9.333753e+01 4.106277e+01 -4.500000e+00
    endloop
  endfacet
  facet normal -0.000000e+00 0.000000e+00 -1.000000e+00
    outer loop
      vertex   9.607288e+01 4.260254e+01 -4.500000e+00
      vertex   9.333753e+01 4.106277e+01 -4.500000e+00
      vertex   9.607998e+01 4.283310e+01 -4.500000e+00
    endloop
  endfacet
  facet normal 0.000000e+00 0.000000e+00 -1.000000e+00
    outer loop
      vertex   9.607998e+01 4.283310e+01 -4.500000e+00
      vertex   9.333753e+01 4.106277e+01 -4.500000e+00
      vertex   9.313104e+01 4.116559e+01 -4.500000e+00
    endloop
  endfacet
  facet normal -0.000000e+00 0.000000e+00 -1.000000e+00
    outer loop
      vertex   9.607998e+01 4.283310e+01 -4.500000e+00
      vertex   9.313104e+01 4.116559e+01 -4.500000e+00
      vertex   9.612933e+01 4.305843e+01 -4.500000e+00
    endloop
  endfacet
  facet normal 0.000000e+00 0.000000e+00 -1.000000e+00
    outer loop
      vertex   9.612933e+01 4.305843e+01 -4.500000e+00
      vertex   9.313104e+01 4.116559e+01 -4.500000e+00
      vertex   9.290918e+01 4.122872e+01 -4.500000e+00
    endloop
  endfacet
  facet normal -0.000000e+00 0.000000e+00 -1.000000e+00
    outer loop
      vertex   9.969511e+01 4.610826e+01 -4.500000e+00
      vertex   9.819068e+01 4.357688e+01 -4.500000e+00
      vertex   9.947755e+01 4.618493e+01 -4.500000e+00
    endloop
  endfacet
  facet normal 0.000000e+00 0.000000e+00 -1.000000e+00
    outer loop
      vertex   9.947755e+01 4.618493e+01 -4.500000e+00
      vertex   9.819068e+01 4.357688e+01 -4.500000e+00
      vertex   9.801096e+01 4.372149e+01 -4.500000e+00
    endloop
  endfacet
  facet normal -0.000000e+00 0.000000e+00 -1.000000e+00
    outer loop
      vertex   9.947755e+01 4.618493e+01 -4.500000e+00
      vertex   9.801096e+01 4.372149e+01 -4.500000e+00
      vertex   9.927778e+01 4.630026e+01 -4.500000e+00
    endloop
  endfacet
  facet normal 0.000000e+00 0.000000e+00 -1.000000e+00
    outer loop
      vertex   9.927778e+01 4.630026e+01 -4.500000e+00
      vertex   9.801096e+01 4.372149e+01 -4.500000e+00
      vertex   9.780774e+01 4.383062e+01 -4.500000e+00
    endloop
  endfacet
  facet normal -0.000000e+00 0.000000e+00 -1.000000e+00
    outer loop
      vertex   9.927778e+01 4.630026e+01 -4.500000e+00
      vertex   9.780774e+01 4.383062e+01 -4.500000e+00
      vertex   9.910261e+01 4.645034e+01 -4.500000e+00
    endloop
  endfacet
  facet normal 0.000000e+00 0.000000e+00 -1.000000e+00
    outer loop
      vertex   9.910261e+01 4.645034e+01 -4.500000e+00
      vertex   9.780774e+01 4.383062e+01 -4.500000e+00
      vertex   9.758792e+01 4.390055e+01 -4.500000e+00
    endloop
  endfacet
  facet normal -0.000000e+00 0.000000e+00 -1.000000e+00
    outer loop
      vertex   9.910261e+01 4.645034e+01 -4.500000e+00
      vertex   9.758792e+01 4.390055e+01 -4.500000e+00
      vertex   9.895800e+01 4.663005e+01 -4.500000e+00
    endloop
  endfacet
  facet normal 0.000000e+00 0.000000e+00 -1.000000e+00
    outer loop
      vertex   9.895800e+01 4.663005e+01 -4.500000e+00
      vertex   9.758792e+01 4.390055e+01 -4.500000e+00
      vertex   9.735900e+01 4.392890e+01 -4.500000e+00
    endloop
  endfacet
  facet normal -0.000000e+00 0.000000e+00 -1.000000e+00
    outer loop
      vertex   9.895800e+01 4.663005e+01 -4.500000e+00
      vertex   9.735900e+01 4.392890e+01 -4.500000e+00
      vertex   9.884887e+01 4.683328e+01 -4.500000e+00
    endloop
  endfacet
  facet normal 0.000000e+00 0.000000e+00 -1.000000e+00
    outer loop
      vertex   9.884887e+01 4.683328e+01 -4.500000e+00
      vertex   9.735900e+01 4.392890e+01 -4.500000e+00
      vertex   9.712877e+01 4.391470e+01 -4.500000e+00
    endloop
  endfacet
  facet normal -0.000000e+00 0.000000e+00 -1.000000e+00
    outer loop
      vertex   9.884887e+01 4.683328e+01 -4.500000e+00
      vertex   9.712877e+01 4.391470e+01 -4.500000e+00
      vertex   9.877894e+01 4.705309e+01 -4.500000e+00
    endloop
  endfacet
  facet normal 0.000000e+00 0.000000e+00 -1.000000e+00
    outer loop
      vertex   9.877894e+01 4.705309e+01 -4.500000e+00
      vertex   9.712877e+01 4.391470e+01 -4.500000e+00
      vertex   9.690506e+01 4.385843e+01 -4.500000e+00
    endloop
  endfacet
  facet normal -0.000000e+00 0.000000e+00 -1.000000e+00
    outer loop
      vertex   9.877894e+01 4.705309e+01 -4.500000e+00
      vertex   9.690506e+01 4.385843e+01 -4.500000e+00
      vertex   9.875059e+01 4.728201e+01 -4.500000e+00
    endloop
  endfacet
  facet normal 0.000000e+00 0.000000e+00 -1.000000e+00
    outer loop
      vertex   9.875059e+01 4.728201e+01 -4.500000e+00
      vertex   9.690506e+01 4.385843e+01 -4.500000e+00
      vertex   9.669551e+01 4.376202e+01 -4.500000e+00
    endloop
  endfacet
  facet normal 0.000000e+00 0.000000e+00 -1.000000e+00
    outer loop
      vertex   8.859284e+01 4.923848e+01 -4.500000e+00
      vertex   8.873738e+01 4.901726e+01 -4.500000e+00
      vertex   8.859284e+01 4.626152e+01 -4.500000e+00
    endloop
  endfacet
  facet normal 0.000000e+00 0.000000e+00 -1.000000e+00
    outer loop
      vertex   8.859284e+01 4.626152e+01 -4.500000e+00
      vertex   8.873738e+01 4.901726e+01 -4.500000e+00
      vertex   8.873738e+01 4.648274e+01 -4.500000e+00
    endloop
  endfacet
  facet normal 0.000000e+00 0.000000e+00 -1.000000e+00
    outer loop
      vertex   8.873738e+01 4.648274e+01 -4.500000e+00
      vertex   8.873738e+01 4.901726e+01 -4.500000e+00
      vertex   8.891635e+01 4.882284e+01 -4.500000e+00
    endloop
  endfacet
  facet normal 0.000000e+00 0.000000e+00 -1.000000e+00
    outer loop
      vertex   8.873738e+01 4.648274e+01 -4.500000e+00
      vertex   8.891635e+01 4.882284e+01 -4.500000e+00
      vertex   8.891635e+01 4.667716e+01 -4.500000e+00
    endloop
  endfacet
  facet normal 0.000000e+00 0.000000e+00 -1.000000e+00
    outer loop
      vertex   8.891635e+01 4.667716e+01 -4.500000e+00
      vertex   8.891635e+01 4.882284e+01 -4.500000e+00
      vertex   8.912488e+01 4.866053e+01 -4.500000e+00
    endloop
  endfacet
  facet normal 0.000000e+00 0.000000e+00 -1.000000e+00
    outer loop
      vertex   8.891635e+01 4.667716e+01 -4.500000e+00
      vertex   8.912488e+01 4.866053e+01 -4.500000e+00
      vertex   8.912488e+01 4.683947e+01 -4.500000e+00
    endloop
  endfacet
  facet normal 0.000000e+00 0.000000e+00 -1.000000e+00
    outer loop
      vertex   8.912488e+01 4.683947e+01 -4.500000e+00
      vertex   8.912488e+01 4.866053e+01 -4.500000e+00
      vertex   8.935729e+01 4.853476e+01 -4.500000e+00
    endloop
  endfacet
  facet normal 0.000000e+00 0.000000e+00 -1.000000e+00
    outer loop
      vertex   8.912488e+01 4.683947e+01 -4.500000e+00
      vertex   8.935729e+01 4.853476e+01 -4.500000e+00
      vertex   8.935729e+01 4.696524e+01 -4.500000e+00
    endloop
  endfacet
  facet normal 0.000000e+00 0.000000e+00 -1.000000e+00
    outer loop
      vertex   8.935729e+01 4.696524e+01 -4.500000e+00
      vertex   8.935729e+01 4.853476e+01 -4.500000e+00
      vertex   8.960722e+01 4.844896e+01 -4.500000e+00
    endloop
  endfacet
  facet normal 0.000000e+00 0.000000e+00 -1.000000e+00
    outer loop
      vertex   8.935729e+01 4.696524e+01 -4.500000e+00
      vertex   8.960722e+01 4.844896e+01 -4.500000e+00
      vertex   8.960722e+01 4.705104e+01 -4.500000e+00
    endloop
  endfacet
  facet normal 0.000000e+00 0.000000e+00 -1.000000e+00
    outer loop
      vertex   8.960722e+01 4.705104e+01 -4.500000e+00
      vertex   8.960722e+01 4.844896e+01 -4.500000e+00
      vertex   8.986787e+01 4.840546e+01 -4.500000e+00
    endloop
  endfacet
  facet normal 0.000000e+00 0.000000e+00 -1.000000e+00
    outer loop
      vertex   8.960722e+01 4.705104e+01 -4.500000e+00
      vertex   8.986787e+01 4.840546e+01 -4.500000e+00
      vertex   8.986787e+01 4.709454e+01 -4.500000e+00
    endloop
  endfacet
  facet normal 0.000000e+00 0.000000e+00 -1.000000e+00
    outer loop
      vertex   8.986787e+01 4.709454e+01 -4.500000e+00
      vertex   8.986787e+01 4.840546e+01 -4.500000e+00
      vertex   9.013213e+01 4.840546e+01 -4.500000e+00
    endloop
  endfacet
  facet normal 0.000000e+00 0.000000e+00 -1.000000e+00
    outer loop
      vertex   8.986787e+01 4.709454e+01 -4.500000e+00
      vertex   9.013213e+01 4.840546e+01 -4.500000e+00
      vertex   9.013213e+01 4.709454e+01 -4.500000e+00
    endloop
  endfacet
  facet normal 0.000000e+00 0.000000e+00 -1.000000e+00
    outer loop
      vertex   9.013213e+01 4.709454e+01 -4.500000e+00
      vertex   9.013213e+01 4.840546e+01 -4.500000e+00
      vertex   9.039278e+01 4.844896e+01 -4.500000e+00
    endloop
  endfacet
  facet normal 0.000000e+00 0.000000e+00 -1.000000e+00
    outer loop
      vertex   9.013213e+01 4.709454e+01 -4.500000e+00
      vertex   9.039278e+01 4.844896e+01 -4.500000e+00
      vertex   9.039278e+01 4.705104e+01 -4.500000e+00
    endloop
  endfacet
  facet normal 0.000000e+00 0.000000e+00 -1.000000e+00
    outer loop
      vertex   9.039278e+01 4.705104e+01 -4.500000e+00
      vertex   9.039278e+01 4.844896e+01 -4.500000e+00
      vertex   9.064271e+01 4.853476e+01 -4.500000e+00
    endloop
  endfacet
  facet normal 0.000000e+00 0.000000e+00 -1.000000e+00
    outer loop
      vertex   9.039278e+01 4.705104e+01 -4.500000e+00
      vertex   9.064271e+01 4.853476e+01 -4.500000e+00
      vertex   9.064271e+01 4.696524e+01 -4.500000e+00
    endloop
  endfacet
  facet normal 0.000000e+00 0.000000e+00 -1.000000e+00
    outer loop
      vertex   9.064271e+01 4.696524e+01 -4.500000e+00
      vertex   9.064271e+01 4.853476e+01 -4.500000e+00
      vertex   9.087512e+01 4.866053e+01 -4.500000e+00
    endloop
  endfacet
  facet normal 0.000000e+00 0.000000e+00 -1.000000e+00
    outer loop
      vertex   9.428989e+01 5.069896e+01 -4.500000e+00
      vertex   9.151331e+01 4.601952e+01 -4.500000e+00
      vertex   9.402924e+01 5.065546e+01 -4.500000e+00
    endloop
  endfacet
  facet normal 0.000000e+00 0.000000e+00 -1.000000e+00
    outer loop
      vertex   9.402924e+01 5.065546e+01 -4.500000e+00
      vertex   9.151331e+01 4.601952e+01 -4.500000e+00
      vertex   9.140716e+01 4.626152e+01 -4.500000e+00
    endloop
  endfacet
  facet normal -0.000000e+00 0.000000e+00 -1.000000e+00
    outer loop
      vertex   9.402924e+01 5.065546e+01 -4.500000e+00
      vertex   9.140716e+01 4.626152e+01 -4.500000e+00
      vertex   9.376499e+01 5.065546e+01 -4.500000e+00
    endloop
  endfacet
  facet normal 9.965845e-01 -8.257935e-02 0.000000e+00
    outer loop
      vertex   8.842182e+01 5.026335e+01 -4.500000e+00
      vertex   8.842182e+01 5.026335e+01 -3.000000e+00
      vertex   8.840000e+01 5.000000e+01 -4.500000e+00
    endloop
  endfacet
  facet normal 9.965845e-01 -8.257935e-02 0.000000e+00
    outer loop
      vertex   8.840000e+01 5.000000e+01 -4.500000e+00
      vertex   8.842182e+01 5.026335e+01 -3.000000e+00
      vertex   8.840000e+01 5.000000e+01 -3.000000e+00
    endloop
  endfacet
  facet normal 9.965845e-01 8.257935e-02 -0.000000e+00
    outer loop
      vertex   8.840000e+01 5.000000e+01 -4.500000e+00
      vertex   8.840000e+01 5.000000e+01 -3.000000e+00
      vertex   8.842182e+01 4.973665e+01 -4.500000e+00
    endloop
  endfacet
  facet normal 9.965845e-01 8.257935e-02 -0.000000e+00
    outer loop
      vertex   8.842182e+01 4.973665e+01 -4.500000e+00
      vertex   8.840000e+01 5.000000e+01 -3.000000e+00
      vertex   8.842182e+01 4.973665e+01 -3.000000e+00
    endloop
  endfacet
  facet normal 9.694003e-01 2.454855e-01 -0.000000e+00
    outer loop
      vertex   8.842182e+01 4.973665e+01 -4.500000e+00
      vertex   8.842182e+01 4.973665e+01 -3.000000e+00
      vertex   8.848669e+01 4.948048e+01 -4.500000e+00
    endloop
  endfacet
  facet normal 9.694003e-01 2.454855e-01 -0.000000e+00
    outer loop
      vertex   8.848669e+01 4.948048e+01 -4.500000e+00
      vertex   8.842182e+01 4.973665e+01 -3.000000e+00
      vertex   8.848669e+01 4.948048e+01 -3.000000e+00
    endloop
  endfacet
  facet normal 9.157733e-01 4.016954e-01 -0.000000e+00
    outer loop
      vertex   8.848669e+01 4.948048e+01 -4.500000e+00
      vertex   8.848669e+01 4.948048e+01 -3.000000e+00
      vertex   8.859284e+01 4.923848e+01 -4.500000e+00
    endloop
  endfacet
  facet normal 9.157733e-01 4.016954e-01 -0.000000e+00
    outer loop
      vertex   8.859284e+01 4.923848e+01 -4.500000e+00
      vertex   8.848669e+01 4.948048e+01 -3.000000e+00
      vertex   8.859284e+01 4.923848e+01 -3.000000e+00
    endloop
  endfacet
  facet normal 8.371665e-01 5.469482e-01 -0.000000e+00
    outer loop
      vertex   8.859284e+01 4.923848e+01 -4.500000e+00
      vertex   8.859284e+01 4.923848e+01 -3.000000e+00
      vertex   8.873738e+01 4.901726e+01 -4.500000e+00
    endloop
  endfacet
  facet normal 8.371665e-01 5.469482e-01 -0.000000e+00
    outer loop
      vertex   8.873738e+01 4.901726e+01 -4.500000e+00
      vertex   8.859284e+01 4.923848e+01 -3.000000e+00
      vertex   8.873738e+01 4.901726e+01 -3.000000e+00
    endloop
  endfacet
  facet normal 7.357239e-01 6.772816e-01 -0.000000e+00
    outer loop
      vertex   8.873738e+01 4.901726e+01 -4.500000e+00
      vertex   8.873738e+01 4.901726e+01 -3.000000e+00
      vertex   8.891635e+01 4.882284e+01 -4.500000e+00
    endloop
  endfacet
  facet normal 7.357239e-01 6.772816e-01 -0.000000e+00
    outer loop
      vertex   8.891635e+01 4.882284e+01 -4.500000e+00
      vertex   8.873738e+01 4.901726e+01 -3.000000e+00
      vertex   8.891635e+01 4.882284e+01 -3.000000e+00
    endloop
  endfacet
  facet normal 6.142127e-01 7.891405e-01 -0.000000e+00
    outer loop
      vertex   8.891635e+01 4.882284e+01 -4.500000e+00
      vertex   8.891635e+01 4.882284e+01 -3.000000e+00
      vertex   8.912488e+01 4.866053e+01 -4.500000e+00
    endloop
  endfacet
  facet normal 6.142127e-01 7.891405e-01 -0.000000e+00
    outer loop
      vertex   8.912488e+01 4.866053e+01 -4.500000e+00
      vertex   8.891635e+01 4.882284e+01 -3.000000e+00
      vertex   8.912488e+01 4.866053e+01 -3.000000e+00
    endloop
  endfacet
  facet normal 4.759474e-01 8.794738e-01 -0.000000e+00
    outer loop
      vertex   8.912488e+01 4.866053e+01 -4.500000e+00
      vertex   8.912488e+01 4.866053e+01 -3.000000e+00
      vertex   8.935729e+01 4.853476e+01 -4.500000e+00
    endloop
  endfacet
  facet normal 4.759474e-01 8.794738e-01 -0.000000e+00
    outer loop
      vertex   8.935729e+01 4.853476e+01 -4.500000e+00
      vertex   8.912488e+01 4.866053e+01 -3.000000e+00
      vertex   8.935729e+01 4.853476e+01 -3.000000e+00
    endloop
  endfacet
  facet normal 3.246995e-01 9.458172e-01 -0.000000e+00
    outer loop
      vertex   8.935729e+01 4.853476e+01 -4.500000e+00
      vertex   8.935729e+01 4.853476e+01 -3.000000e+00
      vertex   8.960722e+01 4.844896e+01 -4.500000e+00
    endloop
  endfacet
  facet normal 3.246995e-01 9.458172e-01 -0.000000e+00
    outer loop
      vertex   8.960722e+01 4.844896e+01 -4.500000e+00
      vertex   8.935729e+01 4.853476e+01 -3.000000e+00
      vertex   8.960722e+01 4.844896e+01 -3.000000e+00
    endloop
  endfacet
  facet normal 1.645946e-01 9.863613e-01 -0.000000e+00
    outer loop
      vertex   8.960722e+01 4.844896e+01 -4.500000e+00
      vertex   8.960722e+01 4.844896e+01 -3.000000e+00
      vertex   8.986787e+01 4.840546e+01 -4.500000e+00
    endloop
  endfacet
  facet normal 1.645946e-01 9.863613e-01 -0.000000e+00
    outer loop
      vertex   8.986787e+01 4.840546e+01 -4.500000e+00
      vertex   8.960722e+01 4.844896e+01 -3.000000e+00
      vertex   8.986787e+01 4.840546e+01 -3.000000e+00
    endloop
  endfacet
  facet normal 0.000000e+00 1.000000e+00 0.000000e+00
    outer loop
      vertex   8.986787e+01 4.840546e+01 -4.500000e+00
      vertex   8.986787e+01 4.840546e+01 -3.000000e+00
      vertex   9.013213e+01 4.840546e+01 -4.500000e+00
    endloop
  endfacet
  facet normal 0.000000e+00 1.000000e+00 -0.000000e+00
    outer loop
      vertex   9.013213e+01 4.840546e+01 -4.500000e+00
      vertex   8.986787e+01 4.840546e+01 -3.000000e+00
      vertex   9.013213e+01 4.840546e+01 -3.000000e+00
    endloop
  endfacet
  facet normal -1.645946e-01 9.863613e-01 0.000000e+00
    outer loop
      vertex   9.013213e+01 4.840546e+01 -4.500000e+00
      vertex   9.013213e+01 4.840546e+01 -3.000000e+00
      vertex   9.039278e+01 4.844896e+01 -4.500000e+00
    endloop
  endfacet
  facet normal -1.645946e-01 9.863613e-01 0.000000e+00
    outer loop
      vertex   9.039278e+01 4.844896e+01 -4.500000e+00
      vertex   9.013213e+01 4.840546e+01 -3.000000e+00
      vertex   9.039278e+01 4.844896e+01 -3.000000e+00
    endloop
  endfacet
  facet normal -3.246995e-01 9.458172e-01 0.000000e+00
    outer loop
      vertex   9.039278e+01 4.844896e+01 -4.500000e+00
      vertex   9.039278e+01 4.844896e+01 -3.000000e+00
      vertex   9.064271e+01 4.853476e+01 -4.500000e+00
    endloop
  endfacet
  facet normal -3.246995e-01 9.458172e-01 0.000000e+00
    outer loop
      vertex   9.064271e+01 4.853476e+01 -4.500000e+00
      vertex   9.039278e+01 4.844896e+01 -3.000000e+00
      vertex   9.064271e+01 4.853476e+01 -3.000000e+00
    endloop
  endfacet
  facet normal -4.759474e-01 8.794738e-01 0.000000e+00
    outer loop
      vertex   9.064271e+01 4.853476e+01 -4.500000e+00
      vertex   9.064271e+01 4.853476e+01 -3.000000e+00
      vertex   9.087512e+01 4.866053e+01 -4.500000e+00
    endloop
  endfacet
  facet normal -4.759474e-01 8.794738e-01 0.000000e+00
    outer loop
      vertex   9.087512e+01 4.866053e+01 -4.500000e+00
      vertex   9.064271e+01 4.853476e+01 -3.000000e+00
      vertex   9.087512e+01 4.866053e+01 -3.000000e+00
    endloop
  endfacet
  facet normal -6.142127e-01 7.891405e-01 0.000000e+00
    outer loop
      vertex   9.087512e+01 4.866053e+01 -4.500000e+00
      vertex   9.087512e+01 4.866053e+01 -3.000000e+00
      vertex   9.108365e+01 4.882284e+01 -4.500000e+00
    endloop
  endfacet
  facet normal -6.142127e-01 7.891405e-01 0.000000e+00
    outer loop
      vertex   9.108365e+01 4.882284e+01 -4.500000e+00
      vertex   9.087512e+01 4.866053e+01 -3.000000e+00
      vertex   9.108365e+01 4.882284e+01 -3.000000e+00
    endloop
  endfacet
  facet normal -7.357239e-01 6.772816e-01 0.000000e+00
    outer loop
      vertex   9.108365e+01 4.882284e+01 -4.500000e+00
      vertex   9.108365e+01 4.882284e+01 -3.000000e+00
      vertex   9.126262e+01 4.901726e+01 -4.500000e+00
    endloop
  endfacet
  facet normal -7.357239e-01 6.772816e-01 0.000000e+00
    outer loop
      vertex   9.126262e+01 4.901726e+01 -4.500000e+00
      vertex   9.108365e+01 4.882284e+01 -3.000000e+00
      vertex   9.126262e+01 4.901726e+01 -3.000000e+00
    endloop
  endfacet
  facet normal -8.371665e-01 5.469482e-01 0.000000e+00
    outer loop
      vertex   9.126262e+01 4.901726e+01 -4.500000e+00
      vertex   9.126262e+01 4.901726e+01 -3.000000e+00
      vertex   9.140716e+01 4.923848e+01 -4.500000e+00
    endloop
  endfacet
  facet normal -8.371665e-01 5.469482e-01 0.000000e+00
    outer loop
      vertex   9.140716e+01 4.923848e+01 -4.500000e+00
      vertex   9.126262e+01 4.901726e+01 -3.000000e+00
      vertex   9.140716e+01 4.923848e+01 -3.000000e+00
    endloop
  endfacet
  facet normal -9.157733e-01 4.016954e-01 0.000000e+00
    outer loop
      vertex   9.140716e+01 4.923848e+01 -4.500000e+00
      vertex   9.140716e+01 4.923848e+01 -3.000000e+00
      vertex   9.151331e+01 4.948048e+01 -4.500000e+00
    endloop
  endfacet
  facet normal -9.157733e-01 4.016954e-01 0.000000e+00
    outer loop
      vertex   9.151331e+01 4.948048e+01 -4.500000e+00
      vertex   9.140716e+01 4.923848e+01 -3.000000e+00
      vertex   9.151331e+01 4.948048e+01 -3.000000e+00
    endloop
  endfacet
  facet normal -9.694003e-01 2.454855e-01 0.000000e+00
    outer loop
      vertex   9.151331e+01 4.948048e+01 -4.500000e+00
      vertex   9.151331e+01 4.948048e+01 -3.000000e+00
      vertex   9.157818e+01 4.973665e+01 -4.500000e+00
    endloop
  endfacet
  facet normal -9.694003e-01 2.454855e-01 0.000000e+00
    outer loop
      vertex   9.157818e+01 4.973665e+01 -4.500000e+00
      vertex   9.151331e+01 4.948048e+01 -3.000000e+00
      vertex   9.157818e+01 4.973665e+01 -3.000000e+00
    endloop
  endfacet
  facet normal -9.965845e-01 8.257935e-02 0.000000e+00
    outer loop
      vertex   9.157818e+01 4.973665e+01 -4.500000e+00
      vertex   9.157818e+01 4.973665e+01 -3.000000e+00
      vertex   9.160000e+01 5.000000e+01 -4.500000e+00
    endloop
  endfacet
  facet normal -9.965845e-01 8.257935e-02 0.000000e+00
    outer loop
      vertex   9.160000e+01 5.000000e+01 -4.500000e+00
      vertex   9.157818e+01 4.973665e+01 -3.000000e+00
      vertex   9.160000e+01 5.000000e+01 -3.000000e+00
    endloop
  endfacet
  facet normal -9.965845e-01 -8.257935e-02 0.000000e+00
    outer loop
      vertex   9.160000e+01 5.000000e+01 -4.500000e+00
      vertex   9.160000e+01 5.000000e+01 -3.000000e+00
      vertex   9.157818e+01 5.026335e+01 -4.500000e+00
    endloop
  endfacet
  facet normal -9.965845e-01 -8.257935e-02 0.000000e+00
    outer loop
      vertex   9.157818e+01 5.026335e+01 -4.500000e+00
      vertex   9.160000e+01 5.000000e+01 -3.000000e+00
      vertex   9.157818e+01 5.026335e+01 -3.000000e+00
    endloop
  endfacet
  facet normal -9.694003e-01 -2.454855e-01 0.000000e+00
    outer loop
      vertex   9.157818e+01 5.026335e+01 -4.500000e+00
      vertex   9.157818e+01 5.026335e+01 -3.000000e+00
      vertex   9.151331e+01 5.051952e+01 -4.500000e+00
    endloop
  endfacet
  facet normal -9.694003e-01 -2.454855e-01 0.000000e+00
    outer loop
      vertex   9.151331e+01 5.051952e+01 -4.500000e+00
      vertex   9.157818e+01 5.026335e+01 -3.000000e+00
      vertex   9.151331e+01 5.051952e+01 -3.000000e+00
    endloop
  endfacet
  facet normal -9.157733e-01 -4.016954e-01 0.000000e+00
    outer loop
      vertex   9.151331e+01 5.051952e+01 -4.500000e+00
      vertex   9.151331e+01 5.051952e+01 -3.000000e+00
      vertex   9.140716e+01 5.076152e+01 -4.500000e+00
    endloop
  endfacet
  facet normal -9.157733e-01 -4.016954e-01 0.000000e+00
    outer loop
      vertex   9.140716e+01 5.076152e+01 -4.500000e+00
      vertex   9.151331e+01 5.051952e+01 -3.000000e+00
      vertex   9.140716e+01 5.076152e+01 -3.000000e+00
    endloop
  endfacet
  facet normal -8.371665e-01 -5.469482e-01 0.000000e+00
    outer loop
      vertex   9.140716e+01 5.076152e+01 -4.500000e+00
      vertex   9.140716e+01 5.076152e+01 -3.000000e+00
      vertex   9.126262e+01 5.098274e+01 -4.500000e+00
    endloop
  endfacet
  facet normal -8.371665e-01 -5.469482e-01 0.000000e+00
    outer loop
      vertex   9.126262e+01 5.098274e+01 -4.500000e+00
      vertex   9.140716e+01 5.076152e+01 -3.000000e+00
      vertex   9.126262e+01 5.098274e+01 -3.000000e+00
    endloop
  endfacet
  facet normal -7.357239e-01 -6.772816e-01 0.000000e+00
    outer loop
      vertex   9.126262e+01 5.098274e+01 -4.500000e+00
      vertex   9.126262e+01 5.098274e+01 -3.000000e+00
      vertex   9.108365e+01 5.117716e+01 -4.500000e+00
    endloop
  endfacet
  facet normal -7.357239e-01 -6.772816e-01 0.000000e+00
    outer loop
      vertex   9.108365e+01 5.117716e+01 -4.500000e+00
      vertex   9.126262e+01 5.098274e+01 -3.000000e+00
      vertex   9.108365e+01 5.117716e+01 -3.000000e+00
    endloop
  endfacet
  facet normal -6.142127e-01 -7.891405e-01 0.000000e+00
    outer loop
      vertex   9.108365e+01 5.117716e+01 -4.500000e+00
      vertex   9.108365e+01 5.117716e+01 -3.000000e+00
      vertex   9.087512e+01 5.133947e+01 -4.500000e+00
    endloop
  endfacet
  facet normal -6.142127e-01 -7.891405e-01 0.000000e+00
    outer loop
      vertex   9.087512e+01 5.133947e+01 -4.500000e+00
      vertex   9.108365e+01 5.117716e+01 -3.000000e+00
      vertex   9.087512e+01 5.133947e+01 -3.000000e+00
    endloop
  endfacet
  facet normal -4.759474e-01 -8.794738e-01 0.000000e+00
    outer loop
      vertex   9.087512e+01 5.133947e+01 -4.500000e+00
      vertex   9.087512e+01 5.133947e+01 -3.000000e+00
      vertex   9.064271e+01 5.146524e+01 -4.500000e+00
    endloop
  endfacet
  facet normal -4.759474e-01 -8.794738e-01 0.000000e+00
    outer loop
      vertex   9.064271e+01 5.146524e+01 -4.500000e+00
      vertex   9.087512e+01 5.133947e+01 -3.000000e+00
      vertex   9.064271e+01 5.146524e+01 -3.000000e+00
    endloop
  endfacet
  facet normal -3.246995e-01 -9.458172e-01 0.000000e+00
    outer loop
      vertex   9.064271e+01 5.146524e+01 -4.500000e+00
      vertex   9.064271e+01 5.146524e+01 -3.000000e+00
      vertex   9.039278e+01 5.155104e+01 -4.500000e+00
    endloop
  endfacet
  facet normal -3.246995e-01 -9.458172e-01 0.000000e+00
    outer loop
      vertex   9.039278e+01 5.155104e+01 -4.500000e+00
      vertex   9.064271e+01 5.146524e+01 -3.000000e+00
      vertex   9.039278e+01 5.155104e+01 -3.000000e+00
    endloop
  endfacet
  facet normal -1.645946e-01 -9.863613e-01 0.000000e+00
    outer loop
      vertex   9.039278e+01 5.155104e+01 -4.500000e+00
      vertex   9.039278e+01 5.155104e+01 -3.000000e+00
      vertex   9.013213e+01 5.159454e+01 -4.500000e+00
    endloop
  endfacet
  facet normal -1.645946e-01 -9.863613e-01 0.000000e+00
    outer loop
      vertex   9.013213e+01 5.159454e+01 -4.500000e+00
      vertex   9.039278e+01 5.155104e+01 -3.000000e+00
      vertex   9.013213e+01 5.159454e+01 -3.000000e+00
    endloop
  endfacet
  facet normal 0.000000e+00 -1.000000e+00 0.000000e+00
    outer loop
      vertex   9.013213e+01 5.159454e+01 -4.500000e+00
      vertex   9.013213e+01 5.159454e+01 -3.000000e+00
      vertex   8.986787e+01 5.159454e+01 -4.500000e+00
    endloop
  endfacet
  facet normal 0.000000e+00 -1.000000e+00 0.000000e+00
    outer loop
      vertex   8.986787e+01 5.159454e+01 -4.500000e+00
      vertex   9.013213e+01 5.159454e+01 -3.000000e+00
      vertex   8.986787e+01 5.159454e+01 -3.000000e+00
    endloop
  endfacet
  facet normal 1.645946e-01 -9.863613e-01 0.000000e+00
    outer loop
      vertex   8.986787e+01 5.159454e+01 -4.500000e+00
      vertex   8.986787e+01 5.159454e+01 -3.000000e+00
      vertex   8.960722e+01 5.155104e+01 -4.500000e+00
    endloop
  endfacet
  facet normal 1.645946e-01 -9.863613e-01 0.000000e+00
    outer loop
      vertex   8.960722e+01 5.155104e+01 -4.500000e+00
      vertex   8.986787e+01 5.159454e+01 -3.000000e+00
      vertex   8.960722e+01 5.155104e+01 -3.000000e+00
    endloop
  endfacet
  facet normal 3.246995e-01 -9.458172e-01 0.000000e+00
    outer loop
      vertex   8.960722e+01 5.155104e+01 -4.500000e+00
      vertex   8.960722e+01 5.155104e+01 -3.000000e+00
      vertex   8.935729e+01 5.146524e+01 -4.500000e+00
    endloop
  endfacet
  facet normal 3.246995e-01 -9.458172e-01 0.000000e+00
    outer loop
      vertex   8.935729e+01 5.146524e+01 -4.500000e+00
      vertex   8.960722e+01 5.155104e+01 -3.000000e+00
      vertex   8.935729e+01 5.146524e+01 -3.000000e+00
    endloop
  endfacet
  facet normal 4.759474e-01 -8.794738e-01 0.000000e+00
    outer loop
      vertex   8.935729e+01 5.146524e+01 -4.500000e+00
      vertex   8.935729e+01 5.146524e+01 -3.000000e+00
      vertex   8.912488e+01 5.133947e+01 -4.500000e+00
    endloop
  endfacet
  facet normal 4.759474e-01 -8.794738e-01 0.000000e+00
    outer loop
      vertex   8.912488e+01 5.133947e+01 -4.500000e+00
      vertex   8.935729e+01 5.146524e+01 -3.000000e+00
      vertex   8.912488e+01 5.133947e+01 -3.000000e+00
    endloop
  endfacet
  facet normal 6.142127e-01 -7.891405e-01 0.000000e+00
    outer loop
      vertex   8.912488e+01 5.133947e+01 -4.500000e+00
      vertex   8.912488e+01 5.133947e+01 -3.000000e+00
      vertex   8.891635e+01 5.117716e+01 -4.500000e+00
    endloop
  endfacet
  facet normal 6.142127e-01 -7.891405e-01 0.000000e+00
    outer loop
      vertex   8.891635e+01 5.117716e+01 -4.500000e+00
      vertex   8.912488e+01 5.133947e+01 -3.000000e+00
      vertex   8.891635e+01 5.117716e+01 -3.000000e+00
    endloop
  endfacet
  facet normal 7.357239e-01 -6.772816e-01 0.000000e+00
    outer loop
      vertex   8.891635e+01 5.117716e+01 -4.500000e+00
      vertex   8.891635e+01 5.117716e+01 -3.000000e+00
      vertex   8.873738e+01 5.098274e+01 -4.500000e+00
    endloop
  endfacet
  facet normal 7.357239e-01 -6.772816e-01 0.000000e+00
    outer loop
      vertex   8.873738e+01 5.098274e+01 -4.500000e+00
      vertex   8.891635e+01 5.117716e+01 -3.000000e+00
      vertex   8.873738e+01 5.098274e+01 -3.000000e+00
    endloop
  endfacet
  facet normal 8.371665e-01 -5.469482e-01 0.000000e+00
    outer loop
      vertex   8.873738e+01 5.098274e+01 -4.500000e+00
      vertex   8.873738e+01 5.098274e+01 -3.000000e+00
      vertex   8.859284e+01 5.076152e+01 -4.500000e+00
    endloop
  endfacet
  facet normal 8.371665e-01 -5.469482e-01 0.000000e+00
    outer loop
      vertex   8.859284e+01 5.076152e+01 -4.500000e+00
      vertex   8.873738e+01 5.098274e+01 -3.000000e+00
      vertex   8.859284e+01 5.076152e+01 -3.000000e+00
    endloop
  endfacet
  facet normal 9.157733e-01 -4.016954e-01 0.000000e+00
    outer loop
      vertex   8.859284e+01 5.076152e+01 -4.500000e+00
      vertex   8.859284e+01 5.076152e+01 -3.000000e+00
      vertex   8.848669e+01 5.051952e+01 -4.500000e+00
    endloop
  endfacet
  facet normal 9.157733e-01 -4.016954e-01 0.000000e+00
    outer loop
      vertex   8.848669e+01 5.051952e+01 -4.500000e+00
      vertex   8.859284e+01 5.076152e+01 -3.000000e+00
      vertex   8.848669e+01 5.051952e+01 -3.000000e+00
    endloop
  endfacet
  facet normal 9.694003e-01 -2.454855e-01 0.000000e+00
    outer loop
      vertex   8.848669e+01 5.051952e+01 -4.500000e+00
      vertex   8.848669e+01 5.051952e+01 -3.000000e+00
      vertex   8.842182e+01 5.026335e+01 -4.500000e+00
    endloop
  endfacet
  facet normal 9.694003e-01 -2.454855e-01 0.000000e+00
    outer loop
      vertex   8.842182e+01 5.026335e+01 -4.500000e+00
      vertex   8.848669e+01 5.051952e+01 -3.000000e+00
      vertex   8.842182e+01 5.026335e+01 -3.000000e+00
    endloop
  endfacet
  facet normal 9.965845e-01 -8.257935e-02 0.000000e+00
    outer loop
      vertex   8.842182e+01 4.576335e+01 -4.500000e+00
      vertex   8.842182e+01 4.576335e+01 -3.000000e+00
      vertex   8.840000e+01 4.550000e+01 -4.500000e+00
    endloop
  endfacet
  facet normal 9.965845e-01 -8.257935e-02 0.000000e+00
    outer loop
      vertex   8.840000e+01 4.550000e+01 -4.500000e+00
      vertex   8.842182e+01 4.576335e+01 -3.000000e+00
      vertex   8.840000e+01 4.550000e+01 -3.000000e+00
    endloop
  endfacet
  facet normal 9.965845e-01 8.257935e-02 -0.000000e+00
    outer loop
      vertex   8.840000e+01 4.550000e+01 -4.500000e+00
      vertex   8.840000e+01 4.550000e+01 -3.000000e+00
      vertex   8.842182e+01 4.523665e+01 -4.500000e+00
    endloop
  endfacet
  facet normal 9.965845e-01 8.257935e-02 -0.000000e+00
    outer loop
      vertex   8.842182e+01 4.523665e+01 -4.500000e+00
      vertex   8.840000e+01 4.550000e+01 -3.000000e+00
      vertex   8.842182e+01 4.523665e+01 -3.000000e+00
    endloop
  endfacet
  facet normal 9.694003e-01 2.454855e-01 -0.000000e+00
    outer loop
      vertex   8.842182e+01 4.523665e+01 -4.500000e+00
      vertex   8.842182e+01 4.523665e+01 -3.000000e+00
      vertex   8.848669e+01 4.498048e+01 -4.500000e+00
    endloop
  endfacet
  facet normal 9.694003e-01 2.454855e-01 -0.000000e+00
    outer loop
      vertex   8.848669e+01 4.498048e+01 -4.500000e+00
      vertex   8.842182e+01 4.523665e+01 -3.000000e+00
      vertex   8.848669e+01 4.498048e+01 -3.000000e+00
    endloop
  endfacet
  facet normal 9.157733e-01 4.016954e-01 -0.000000e+00
    outer loop
      vertex   8.848669e+01 4.498048e+01 -4.500000e+00
      vertex   8.848669e+01 4.498048e+01 -3.000000e+00
      vertex   8.859284e+01 4.473848e+01 -4.500000e+00
    endloop
  endfacet
  facet normal 9.157733e-01 4.016954e-01 -0.000000e+00
    outer loop
      vertex   8.859284e+01 4.473848e+01 -4.500000e+00
      vertex   8.848669e+01 4.498048e+01 -3.000000e+00
      vertex   8.859284e+01 4.473848e+01 -3.000000e+00
    endloop
  endfacet
  facet normal 8.371665e-01 5.469482e-01 -0.000000e+00
    outer loop
      vertex   8.859284e+01 4.473848e+01 -4.500000e+00
      vertex   8.859284e+01 4.473848e+01 -3.000000e+00
      vertex   8.873738e+01 4.451726e+01 -4.500000e+00
    endloop
  endfacet
  facet normal 8.371665e-01 5.469482e-01 -0.000000e+00
    outer loop
      vertex   8.873738e+01 4.451726e+01 -4.500000e+00
      vertex   8.859284e+01 4.473848e+01 -3.000000e+00
      vertex   8.873738e+01 4.451726e+01 -3.000000e+00
    endloop
  endfacet
  facet normal 7.357239e-01 6.772816e-01 -0.000000e+00
    outer loop
      vertex   8.873738e+01 4.451726e+01 -4.500000e+00
      vertex   8.873738e+01 4.451726e+01 -3.000000e+00
      vertex   8.891635e+01 4.432284e+01 -4.500000e+00
    endloop
  endfacet
  facet normal 7.357239e-01 6.772816e-01 -0.000000e+00
    outer loop
      vertex   8.891635e+01 4.432284e+01 -4.500000e+00
      vertex   8.873738e+01 4.451726e+01 -3.000000e+00
      vertex   8.891635e+01 4.432284e+01 -3.000000e+00
    endloop
  endfacet
  facet normal 6.142127e-01 7.891405e-01 -0.000000e+00
    outer loop
      vertex   8.891635e+01 4.432284e+01 -4.500000e+00
      vertex   8.891635e+01 4.432284e+01 -3.000000e+00
      vertex   8.912488e+01 4.416053e+01 -4.500000e+00
    endloop
  endfacet
  facet normal 6.142127e-01 7.891405e-01 -0.000000e+00
    outer loop
      vertex   8.912488e+01 4.416053e+01 -4.500000e+00
      vertex   8.891635e+01 4.432284e+01 -3.000000e+00
      vertex   8.912488e+01 4.416053e+01 -3.000000e+00
    endloop
  endfacet
  facet normal 4.759474e-01 8.794738e-01 -0.000000e+00
    outer loop
      vertex   8.912488e+01 4.416053e+01 -4.500000e+00
      vertex   8.912488e+01 4.416053e+01 -3.000000e+00
      vertex   8.935729e+01 4.403476e+01 -4.500000e+00
    endloop
  endfacet
  facet normal 4.759474e-01 8.794738e-01 -0.000000e+00
    outer loop
      vertex   8.935729e+01 4.403476e+01 -4.500000e+00
      vertex   8.912488e+01 4.416053e+01 -3.000000e+00
      vertex   8.935729e+01 4.403476e+01 -3.000000e+00
    endloop
  endfacet
  facet normal 3.246995e-01 9.458172e-01 -0.000000e+00
    outer loop
      vertex   8.935729e+01 4.403476e+01 -4.500000e+00
      vertex   8.935729e+01 4.403476e+01 -3.000000e+00
      vertex   8.960722e+01 4.394896e+01 -4.500000e+00
    endloop
  endfacet
  facet normal 3.246995e-01 9.458172e-01 -0.000000e+00
    outer loop
      vertex   8.960722e+01 4.394896e+01 -4.500000e+00
      vertex   8.935729e+01 4.403476e+01 -3.000000e+00
      vertex   8.960722e+01 4.394896e+01 -3.000000e+00
    endloop
  endfacet
  facet normal 1.645946e-01 9.863613e-01 -0.000000e+00
    outer loop
      vertex   8.960722e+01 4.394896e+01 -4.500000e+00
      vertex   8.960722e+01 4.394896e+01 -3.000000e+00
      vertex   8.986787e+01 4.390546e+01 -4.500000e+00
    endloop
  endfacet
  facet normal 1.645946e-01 9.863613e-01 -0.000000e+00
    outer loop
      vertex   8.986787e+01 4.390546e+01 -4.500000e+00
      vertex   8.960722e+01 4.394896e+01 -3.000000e+00
      vertex   8.986787e+01 4.390546e+01 -3.000000e+00
    endloop
  endfacet
  facet normal 0.000000e+00 1.000000e+00 0.000000e+00
    outer loop
      vertex   8.986787e+01 4.390546e+01 -4.500000e+00
      vertex   8.986787e+01 4.390546e+01 -3.000000e+00
      vertex   9.013213e+01 4.390546e+01 -4.500000e+00
    endloop
  endfacet
  facet normal 0.000000e+00 1.000000e+00 -0.000000e+00
    outer loop
      vertex   9.013213e+01 4.390546e+01 -4.500000e+00
      vertex   8.986787e+01 4.390546e+01 -3.000000e+00
      vertex   9.013213e+01 4.390546e+01 -3.000000e+00
    endloop
  endfacet
  facet normal -1.645946e-01 9.863613e-01 0.000000e+00
    outer loop
      vertex   9.013213e+01 4.390546e+01 -4.500000e+00
      vertex   9.013213e+01 4.390546e+01 -3.000000e+00
      vertex   9.039278e+01 4.394896e+01 -4.500000e+00
    endloop
  endfacet
  facet normal -1.645946e-01 9.863613e-01 0.000000e+00
    outer loop
      vertex   9.039278e+01 4.394896e+01 -4.500000e+00
      vertex   9.013213e+01 4.390546e+01 -3.000000e+00
      vertex   9.039278e+01 4.394896e+01 -3.000000e+00
    endloop
  endfacet
  facet normal -3.246995e-01 9.458172e-01 0.000000e+00
    outer loop
      vertex   9.039278e+01 4.394896e+01 -4.500000e+00
      vertex   9.039278e+01 4.394896e+01 -3.000000e+00
      vertex   9.064271e+01 4.403476e+01 -4.500000e+00
    endloop
  endfacet
  facet normal -3.246995e-01 9.458172e-01 0.000000e+00
    outer loop
      vertex   9.064271e+01 4.403476e+01 -4.500000e+00
      vertex   9.039278e+01 4.394896e+01 -3.000000e+00
      vertex   9.064271e+01 4.403476e+01 -3.000000e+00
    endloop
  endfacet
  facet normal -4.759474e-01 8.794738e-01 0.000000e+00
    outer loop
      vertex   9.064271e+01 4.403476e+01 -4.500000e+00
      vertex   9.064271e+01 4.403476e+01 -3.000000e+00
      vertex   9.087512e+01 4.416053e+01 -4.500000e+00
    endloop
  endfacet
  facet normal -4.759474e-01 8.794738e-01 0.000000e+00
    outer loop
      vertex   9.087512e+01 4.416053e+01 -4.500000e+00
      vertex   9.064271e+01 4.403476e+01 -3.000000e+00
      vertex   9.087512e+01 4.416053e+01 -3.000000e+00
    endloop
  endfacet
  facet normal -6.142127e-01 7.891405e-01 0.000000e+00
    outer loop
      vertex   9.087512e+01 4.416053e+01 -4.500000e+00
      vertex   9.087512e+01 4.416053e+01 -3.000000e+00
      vertex   9.108365e+01 4.432284e+01 -4.500000e+00
    endloop
  endfacet
  facet normal -6.142127e-01 7.891405e-01 0.000000e+00
    outer loop
      vertex   9.108365e+01 4.432284e+01 -4.500000e+00
      vertex   9.087512e+01 4.416053e+01 -3.000000e+00
      vertex   9.108365e+01 4.432284e+01 -3.000000e+00
    endloop
  endfacet
  facet normal -7.357239e-01 6.772816e-01 0.000000e+00
    outer loop
      vertex   9.108365e+01 4.432284e+01 -4.500000e+00
      vertex   9.108365e+01 4.432284e+01 -3.000000e+00
      vertex   9.126262e+01 4.451726e+01 -4.500000e+00
    endloop
  endfacet
  facet normal -7.357239e-01 6.772816e-01 0.000000e+00
    outer loop
      vertex   9.126262e+01 4.451726e+01 -4.500000e+00
      vertex   9.108365e+01 4.432284e+01 -3.000000e+00
      vertex   9.126262e+01 4.451726e+01 -3.000000e+00
    endloop
  endfacet
  facet normal -8.371665e-01 5.469482e-01 0.000000e+00
    outer loop
      vertex   9.126262e+01 4.451726e+01 -4.500000e+00
      vertex   9.126262e+01 4.451726e+01 -3.000000e+00
      vertex   9.140716e+01 4.473848e+01 -4.500000e+00
    endloop
  endfacet
  facet normal -8.371665e-01 5.469482e-01 0.000000e+00
    outer loop
      vertex   9.140716e+01 4.473848e+01 -4.500000e+00
      vertex   9.126262e+01 4.451726e+01 -3.000000e+00
      vertex   9.140716e+01 4.473848e+01 -3.000000e+00
    endloop
  endfacet
  facet normal -9.157733e-01 4.016954e-01 0.000000e+00
    outer loop
      vertex   9.140716e+01 4.473848e+01 -4.500000e+00
      vertex   9.140716e+01 4.473848e+01 -3.000000e+00
      vertex   9.151331e+01 4.498048e+01 -4.500000e+00
    endloop
  endfacet
  facet normal -9.157733e-01 4.016954e-01 0.000000e+00
    outer loop
      vertex   9.151331e+01 4.498048e+01 -4.500000e+00
      vertex   9.140716e+01 4.473848e+01 -3.000000e+00
      vertex   9.151331e+01 4.498048e+01 -3.000000e+00
    endloop
  endfacet
  facet normal -9.694003e-01 2.454855e-01 0.000000e+00
    outer loop
      vertex   9.151331e+01 4.498048e+01 -4.500000e+00
      vertex   9.151331e+01 4.498048e+01 -3.000000e+00
      vertex   9.157818e+01 4.523665e+01 -4.500000e+00
    endloop
  endfacet
  facet normal -9.694003e-01 2.454855e-01 0.000000e+00
    outer loop
      vertex   9.157818e+01 4.523665e+01 -4.500000e+00
      vertex   9.151331e+01 4.498048e+01 -3.000000e+00
      vertex   9.157818e+01 4.523665e+01 -3.000000e+00
    endloop
  endfacet
  facet normal -9.965845e-01 8.257935e-02 0.000000e+00
    outer loop
      vertex   9.157818e+01 4.523665e+01 -4.500000e+00
      vertex   9.157818e+01 4.523665e+01 -3.000000e+00
      vertex   9.160000e+01 4.550000e+01 -4.500000e+00
    endloop
  endfacet
  facet normal -9.965845e-01 8.257935e-02 0.000000e+00
    outer loop
      vertex   9.160000e+01 4.550000e+01 -4.500000e+00
      vertex   9.157818e+01 4.523665e+01 -3.000000e+00
      vertex   9.160000e+01 4.550000e+01 -3.000000e+00
    endloop
  endfacet
  facet normal -9.965845e-01 -8.257935e-02 0.000000e+00
    outer loop
      vertex   9.160000e+01 4.550000e+01 -4.500000e+00
      vertex   9.160000e+01 4.550000e+01 -3.000000e+00
      vertex   9.157818e+01 4.576335e+01 -4.500000e+00
    endloop
  endfacet
  facet normal -9.965845e-01 -8.257935e-02 0.000000e+00
    outer loop
      vertex   9.157818e+01 4.576335e+01 -4.500000e+00
      vertex   9.160000e+01 4.550000e+01 -3.000000e+00
      vertex   9.157818e+01 4.576335e+01 -3.000000e+00
    endloop
  endfacet
  facet normal -9.694003e-01 -2.454855e-01 0.000000e+00
    outer loop
      vertex   9.157818e+01 4.576335e+01 -4.500000e+00
      vertex   9.157818e+01 4.576335e+01 -3.000000e+00
      vertex   9.151331e+01 4.601952e+01 -4.500000e+00
    endloop
  endfacet
  facet normal -9.694003e-01 -2.454855e-01 0.000000e+00
    outer loop
      vertex   9.151331e+01 4.601952e+01 -4.500000e+00
      vertex   9.157818e+01 4.576335e+01 -3.000000e+00
      vertex   9.151331e+01 4.601952e+01 -3.000000e+00
    endloop
  endfacet
  facet normal -9.157733e-01 -4.016954e-01 0.000000e+00
    outer loop
      vertex   9.151331e+01 4.601952e+01 -4.500000e+00
      vertex   9.151331e+01 4.601952e+01 -3.000000e+00
      vertex   9.140716e+01 4.626152e+01 -4.500000e+00
    endloop
  endfacet
  facet normal -9.157733e-01 -4.016954e-01 0.000000e+00
    outer loop
      vertex   9.140716e+01 4.626152e+01 -4.500000e+00
      vertex   9.151331e+01 4.601952e+01 -3.000000e+00
      vertex   9.140716e+01 4.626152e+01 -3.000000e+00
    endloop
  endfacet
  facet normal -8.371665e-01 -5.469482e-01 0.000000e+00
    outer loop
      vertex   9.140716e+01 4.626152e+01 -4.500000e+00
      vertex   9.140716e+01 4.626152e+01 -3.000000e+00
      vertex   9.126262e+01 4.648274e+01 -4.500000e+00
    endloop
  endfacet
  facet normal -8.371665e-01 -5.469482e-01 0.000000e+00
    outer loop
      vertex   9.126262e+01 4.648274e+01 -4.500000e+00
      vertex   9.140716e+01 4.626152e+01 -3.000000e+00
      vertex   9.126262e+01 4.648274e+01 -3.000000e+00
    endloop
  endfacet
  facet normal -7.357239e-01 -6.772816e-01 0.000000e+00
    outer loop
      vertex   9.126262e+01 4.648274e+01 -4.500000e+00
      vertex   9.126262e+01 4.648274e+01 -3.000000e+00
      vertex   9.108365e+01 4.667716e+01 -4.500000e+00
    endloop
  endfacet
  facet normal -7.357239e-01 -6.772816e-01 0.000000e+00
    outer loop
      vertex   9.108365e+01 4.667716e+01 -4.500000e+00
      vertex   9.126262e+01 4.648274e+01 -3.000000e+00
      vertex   9.108365e+01 4.667716e+01 -3.000000e+00
    endloop
  endfacet
  facet normal -6.142127e-01 -7.891405e-01 0.000000e+00
    outer loop
      vertex   9.108365e+01 4.667716e+01 -4.500000e+00
      vertex   9.108365e+01 4.667716e+01 -3.000000e+00
      vertex   9.087512e+01 4.683947e+01 -4.500000e+00
    endloop
  endfacet
  facet normal -6.142127e-01 -7.891405e-01 0.000000e+00
    outer loop
      vertex   9.087512e+01 4.683947e+01 -4.500000e+00
      vertex   9.108365e+01 4.667716e+01 -3.000000e+00
      vertex   9.087512e+01 4.683947e+01 -3.000000e+00
    endloop
  endfacet
  facet normal -4.759474e-01 -8.794738e-01 0.000000e+00
    outer loop
      vertex   9.087512e+01 4.683947e+01 -4.500000e+00
      vertex   9.087512e+01 4.683947e+01 -3.000000e+00
      vertex   9.064271e+01 4.696524e+01 -4.500000e+00
    endloop
  endfacet
  facet normal -4.759474e-01 -8.794738e-01 0.000000e+00
    outer loop
      vertex   9.064271e+01 4.696524e+01 -4.500000e+00
      vertex   9.087512e+01 4.683947e+01 -3.000000e+00
      vertex   9.064271e+01 4.696524e+01 -3.000000e+00
    endloop
  endfacet
  facet normal -3.246995e-01 -9.458172e-01 0.000000e+00
    outer loop
      vertex   9.064271e+01 4.696524e+01 -4.500000e+00
      vertex   9.064271e+01 4.696524e+01 -3.000000e+00
      vertex   9.039278e+01 4.705104e+01 -4.500000e+00
    endloop
  endfacet
  facet normal -3.246995e-01 -9.458172e-01 0.000000e+00
    outer loop
      vertex   9.039278e+01 4.705104e+01 -4.500000e+00
      vertex   9.064271e+01 4.696524e+01 -3.000000e+00
      vertex   9.039278e+01 4.705104e+01 -3.000000e+00
    endloop
  endfacet
  facet normal -1.645946e-01 -9.863613e-01 0.000000e+00
    outer loop
      vertex   9.039278e+01 4.705104e+01 -4.500000e+00
      vertex   9.039278e+01 4.705104e+01 -3.000000e+00
      vertex   9.013213e+01 4.709454e+01 -4.500000e+00
    endloop
  endfacet
  facet normal -1.645946e-01 -9.863613e-01 0.000000e+00
    outer loop
      vertex   9.013213e+01 4.709454e+01 -4.500000e+00
      vertex   9.039278e+01 4.705104e+01 -3.000000e+00
      vertex   9.013213e+01 4.709454e+01 -3.000000e+00
    endloop
  endfacet
  facet normal 0.000000e+00 -1.000000e+00 0.000000e+00
    outer loop
      vertex   9.013213e+01 4.709454e+01 -4.500000e+00
      vertex   9.013213e+01 4.709454e+01 -3.000000e+00
      vertex   8.986787e+01 4.709454e+01 -4.500000e+00
    endloop
  endfacet
  facet normal 0.000000e+00 -1.000000e+00 0.000000e+00
    outer loop
      vertex   8.986787e+01 4.709454e+01 -4.500000e+00
      vertex   9.013213e+01 4.709454e+01 -3.000000e+00
      vertex   8.986787e+01 4.709454e+01 -3.000000e+00
    endloop
  endfacet
  facet normal 1.645946e-01 -9.863613e-01 0.000000e+00
    outer loop
      vertex   8.986787e+01 4.709454e+01 -4.500000e+00
      vertex   8.986787e+01 4.709454e+01 -3.000000e+00
      vertex   8.960722e+01 4.705104e+01 -4.500000e+00
    endloop
  endfacet
  facet normal 1.645946e-01 -9.863613e-01 0.000000e+00
    outer loop
      vertex   8.960722e+01 4.705104e+01 -4.500000e+00
      vertex   8.986787e+01 4.709454e+01 -3.000000e+00
      vertex   8.960722e+01 4.705104e+01 -3.000000e+00
    endloop
  endfacet
  facet normal 3.246995e-01 -9.458172e-01 0.000000e+00
    outer loop
      vertex   8.960722e+01 4.705104e+01 -4.500000e+00
      vertex   8.960722e+01 4.705104e+01 -3.000000e+00
      vertex   8.935729e+01 4.696524e+01 -4.500000e+00
    endloop
  endfacet
  facet normal 3.246995e-01 -9.458172e-01 0.000000e+00
    outer loop
      vertex   8.935729e+01 4.696524e+01 -4.500000e+00
      vertex   8.960722e+01 4.705104e+01 -3.000000e+00
      vertex   8.935729e+01 4.696524e+01 -3.000000e+00
    endloop
  endfacet
  facet normal 4.759474e-01 -8.794738e-01 0.000000e+00
    outer loop
      vertex   8.935729e+01 4.696524e+01 -4.500000e+00
      vertex   8.935729e+01 4.696524e+01 -3.000000e+00
      vertex   8.912488e+01 4.683947e+01 -4.500000e+00
    endloop
  endfacet
  facet normal 4.759474e-01 -8.794738e-01 0.000000e+00
    outer loop
      vertex   8.912488e+01 4.683947e+01 -4.500000e+00
      vertex   8.935729e+01 4.696524e+01 -3.000000e+00
      vertex   8.912488e+01 4.683947e+01 -3.000000e+00
    endloop
  endfacet
  facet normal 6.142127e-01 -7.891405e-01 0.000000e+00
    outer loop
      vertex   8.912488e+01 4.683947e+01 -4.500000e+00
      vertex   8.912488e+01 4.683947e+01 -3.000000e+00
      vertex   8.891635e+01 4.667716e+01 -4.500000e+00
    endloop
  endfacet
  facet normal 6.142127e-01 -7.891405e-01 0.000000e+00
    outer loop
      vertex   8.891635e+01 4.667716e+01 -4.500000e+00
      vertex   8.912488e+01 4.683947e+01 -3.000000e+00
      vertex   8.891635e+01 4.667716e+01 -3.000000e+00
    endloop
  endfacet
  facet normal 7.357239e-01 -6.772816e-01 0.000000e+00
    outer loop
      vertex   8.891635e+01 4.667716e+01 -4.500000e+00
      vertex   8.891635e+01 4.667716e+01 -3.000000e+00
      vertex   8.873738e+01 4.648274e+01 -4.500000e+00
    endloop
  endfacet
  facet normal 7.357239e-01 -6.772816e-01 0.000000e+00
    outer loop
      vertex   8.873738e+01 4.648274e+01 -4.500000e+00
      vertex   8.891635e+01 4.667716e+01 -3.000000e+00
      vertex   8.873738e+01 4.648274e+01 -3.000000e+00
    endloop
  endfacet
  facet normal 8.371665e-01 -5.469482e-01 0.000000e+00
    outer loop
      vertex   8.873738e+01 4.648274e+01 -4.500000e+00
      vertex   8.873738e+01 4.648274e+01 -3.000000e+00
      vertex   8.859284e+01 4.626152e+01 -4.500000e+00
    endloop
  endfacet
  facet normal 8.371665e-01 -5.469482e-01 0.000000e+00
    outer loop
      vertex   8.859284e+01 4.626152e+01 -4.500000e+00
      vertex   8.873738e+01 4.648274e+01 -3.000000e+00
      vertex   8.859284e+01 4.626152e+01 -3.000000e+00
    endloop
  endfacet
  facet normal 9.157733e-01 -4.016954e-01 0.000000e+00
    outer loop
      vertex   8.859284e+01 4.626152e+01 -4.500000e+00
      vertex   8.859284e+01 4.626152e+01 -3.000000e+00
      vertex   8.848669e+01 4.601952e+01 -4.500000e+00
    endloop
  endfacet
  facet normal 9.157733e-01 -4.016954e-01 0.000000e+00
    outer loop
      vertex   8.848669e+01 4.601952e+01 -4.500000e+00
      vertex   8.859284e+01 4.626152e+01 -3.000000e+00
      vertex   8.848669e+01 4.601952e+01 -3.000000e+00
    endloop
  endfacet
  facet normal 9.694003e-01 -2.454855e-01 0.000000e+00
    outer loop
      vertex   8.848669e+01 4.601952e+01 -4.500000e+00
      vertex   8.848669e+01 4.601952e+01 -3.000000e+00
      vertex   8.842182e+01 4.576335e+01 -4.500000e+00
    endloop
  endfacet
  facet normal 9.694003e-01 -2.454855e-01 0.000000e+00
    outer loop
      vertex   8.842182e+01 4.576335e+01 -4.500000e+00
      vertex   8.848669e+01 4.601952e+01 -3.000000e+00
      vertex   8.842182e+01 4.576335e+01 -3.000000e+00
    endloop
  endfacet
  facet normal 9.965845e-01 -8.257935e-02 0.000000e+00
    outer loop
      vertex   8.452471e+01 5.251335e+01 -4.500000e+00
      vertex   8.452471e+01 5.251335e+01 -3.000000e+00
      vertex   8.450289e+01 5.225000e+01 -4.500000e+00
    endloop
  endfacet
  facet normal 9.965845e-01 -8.257935e-02 0.000000e+00
    outer loop
      vertex   8.450289e+01 5.225000e+01 -4.500000e+00
      vertex   8.452471e+01 5.251335e+01 -3.000000e+00
      vertex   8.450289e+01 5.225000e+01 -3.000000e+00
    endloop
  endfacet
  facet normal 9.965845e-01 8.257935e-02 -0.000000e+00
    outer loop
      vertex   8.450289e+01 5.225000e+01 -4.500000e+00
      vertex   8.450289e+01 5.225000e+01 -3.000000e+00
      vertex   8.452471e+01 5.198665e+01 -4.500000e+00
    endloop
  endfacet
  facet normal 9.965845e-01 8.257935e-02 -0.000000e+00
    outer loop
      vertex   8.452471e+01 5.198665e+01 -4.500000e+00
      vertex   8.450289e+01 5.225000e+01 -3.000000e+00
      vertex   8.452471e+01 5.198665e+01 -3.000000e+00
    endloop
  endfacet
  facet normal 9.694003e-01 2.454855e-01 -0.000000e+00
    outer loop
      vertex   8.452471e+01 5.198665e+01 -4.500000e+00
      vertex   8.452471e+01 5.198665e+01 -3.000000e+00
      vertex   8.458958e+01 5.173048e+01 -4.500000e+00
    endloop
  endfacet
  facet normal 9.694003e-01 2.454855e-01 -0.000000e+00
    outer loop
      vertex   8.458958e+01 5.173048e+01 -4.500000e+00
      vertex   8.452471e+01 5.198665e+01 -3.000000e+00
      vertex   8.458958e+01 5.173048e+01 -3.000000e+00
    endloop
  endfacet
  facet normal 9.157733e-01 4.016954e-01 -0.000000e+00
    outer loop
      vertex   8.458958e+01 5.173048e+01 -4.500000e+00
      vertex   8.458958e+01 5.173048e+01 -3.000000e+00
      vertex   8.469573e+01 5.148848e+01 -4.500000e+00
    endloop
  endfacet
  facet normal 9.157733e-01 4.016954e-01 -0.000000e+00
    outer loop
      vertex   8.469573e+01 5.148848e+01 -4.500000e+00
      vertex   8.458958e+01 5.173048e+01 -3.000000e+00
      vertex   8.469573e+01 5.148848e+01 -3.000000e+00
    endloop
  endfacet
  facet normal 8.371665e-01 5.469482e-01 -0.000000e+00
    outer loop
      vertex   8.469573e+01 5.148848e+01 -4.500000e+00
      vertex   8.469573e+01 5.148848e+01 -3.000000e+00
      vertex   8.484026e+01 5.126726e+01 -4.500000e+00
    endloop
  endfacet
  facet normal 8.371665e-01 5.469482e-01 -0.000000e+00
    outer loop
      vertex   8.484026e+01 5.126726e+01 -4.500000e+00
      vertex   8.469573e+01 5.148848e+01 -3.000000e+00
      vertex   8.484026e+01 5.126726e+01 -3.000000e+00
    endloop
  endfacet
  facet normal 7.357239e-01 6.772816e-01 -0.000000e+00
    outer loop
      vertex   8.484026e+01 5.126726e+01 -4.500000e+00
      vertex   8.484026e+01 5.126726e+01 -3.000000e+00
      vertex   8.501924e+01 5.107284e+01 -4.500000e+00
    endloop
  endfacet
  facet normal 7.357239e-01 6.772816e-01 -0.000000e+00
    outer loop
      vertex   8.501924e+01 5.107284e+01 -4.500000e+00
      vertex   8.484026e+01 5.126726e+01 -3.000000e+00
      vertex   8.501924e+01 5.107284e+01 -3.000000e+00
    endloop
  endfacet
  facet normal 6.142127e-01 7.891405e-01 -0.000000e+00
    outer loop
      vertex   8.501924e+01 5.107284e+01 -4.500000e+00
      vertex   8.501924e+01 5.107284e+01 -3.000000e+00
      vertex   8.522777e+01 5.091053e+01 -4.500000e+00
    endloop
  endfacet
  facet normal 6.142127e-01 7.891405e-01 -0.000000e+00
    outer loop
      vertex   8.522777e+01 5.091053e+01 -4.500000e+00
      vertex   8.501924e+01 5.107284e+01 -3.000000e+00
      vertex   8.522777e+01 5.091053e+01 -3.000000e+00
    endloop
  endfacet
  facet normal 4.759474e-01 8.794738e-01 -0.000000e+00
    outer loop
      vertex   8.522777e+01 5.091053e+01 -4.500000e+00
      vertex   8.522777e+01 5.091053e+01 -3.000000e+00
      vertex   8.546017e+01 5.078476e+01 -4.500000e+00
    endloop
  endfacet
  facet normal 4.759474e-01 8.794738e-01 -0.000000e+00
    outer loop
      vertex   8.546017e+01 5.078476e+01 -4.500000e+00
      vertex   8.522777e+01 5.091053e+01 -3.000000e+00
      vertex   8.546017e+01 5.078476e+01 -3.000000e+00
    endloop
  endfacet
  facet normal 3.246995e-01 9.458172e-01 -0.000000e+00
    outer loop
      vertex   8.546017e+01 5.078476e+01 -4.500000e+00
      vertex   8.546017e+01 5.078476e+01 -3.000000e+00
      vertex   8.571011e+01 5.069896e+01 -4.500000e+00
    endloop
  endfacet
  facet normal 3.246995e-01 9.458172e-01 -0.000000e+00
    outer loop
      vertex   8.571011e+01 5.069896e+01 -4.500000e+00
      vertex   8.546017e+01 5.078476e+01 -3.000000e+00
      vertex   8.571011e+01 5.069896e+01 -3.000000e+00
    endloop
  endfacet
  facet normal 1.645946e-01 9.863613e-01 -0.000000e+00
    outer loop
      vertex   8.571011e+01 5.069896e+01 -4.500000e+00
      vertex   8.571011e+01 5.069896e+01 -3.000000e+00
      vertex   8.597076e+01 5.065546e+01 -4.500000e+00
    endloop
  endfacet
  facet normal 1.645946e-01 9.863613e-01 -0.000000e+00
    outer loop
      vertex   8.597076e+01 5.065546e+01 -4.500000e+00
      vertex   8.571011e+01 5.069896e+01 -3.000000e+00
      vertex   8.597076e+01 5.065546e+01 -3.000000e+00
    endloop
  endfacet
  facet normal 0.000000e+00 1.000000e+00 0.000000e+00
    outer loop
      vertex   8.597076e+01 5.065546e+01 -4.500000e+00
      vertex   8.597076e+01 5.065546e+01 -3.000000e+00
      vertex   8.623501e+01 5.065546e+01 -4.500000e+00
    endloop
  endfacet
  facet normal 0.000000e+00 1.000000e+00 -0.000000e+00
    outer loop
      vertex   8.623501e+01 5.065546e+01 -4.500000e+00
      vertex   8.597076e+01 5.065546e+01 -3.000000e+00
      vertex   8.623501e+01 5.065546e+01 -3.000000e+00
    endloop
  endfacet
  facet normal -1.645946e-01 9.863613e-01 0.000000e+00
    outer loop
      vertex   8.623501e+01 5.065546e+01 -4.500000e+00
      vertex   8.623501e+01 5.065546e+01 -3.000000e+00
      vertex   8.649566e+01 5.069896e+01 -4.500000e+00
    endloop
  endfacet
  facet normal -1.645946e-01 9.863613e-01 0.000000e+00
    outer loop
      vertex   8.649566e+01 5.069896e+01 -4.500000e+00
      vertex   8.623501e+01 5.065546e+01 -3.000000e+00
      vertex   8.649566e+01 5.069896e+01 -3.000000e+00
    endloop
  endfacet
  facet normal -3.246995e-01 9.458172e-01 0.000000e+00
    outer loop
      vertex   8.649566e+01 5.069896e+01 -4.500000e+00
      vertex   8.649566e+01 5.069896e+01 -3.000000e+00
      vertex   8.674560e+01 5.078476e+01 -4.500000e+00
    endloop
  endfacet
  facet normal -3.246995e-01 9.458172e-01 0.000000e+00
    outer loop
      vertex   8.674560e+01 5.078476e+01 -4.500000e+00
      vertex   8.649566e+01 5.069896e+01 -3.000000e+00
      vertex   8.674560e+01 5.078476e+01 -3.000000e+00
    endloop
  endfacet
  facet normal -4.759474e-01 8.794738e-01 0.000000e+00
    outer loop
      vertex   8.674560e+01 5.078476e+01 -4.500000e+00
      vertex   8.674560e+01 5.078476e+01 -3.000000e+00
      vertex   8.697800e+01 5.091053e+01 -4.500000e+00
    endloop
  endfacet
  facet normal -4.759474e-01 8.794738e-01 0.000000e+00
    outer loop
      vertex   8.697800e+01 5.091053e+01 -4.500000e+00
      vertex   8.674560e+01 5.078476e+01 -3.000000e+00
      vertex   8.697800e+01 5.091053e+01 -3.000000e+00
    endloop
  endfacet
  facet normal -6.142127e-01 7.891405e-01 0.000000e+00
    outer loop
      vertex   8.697800e+01 5.091053e+01 -4.500000e+00
      vertex   8.697800e+01 5.091053e+01 -3.000000e+00
      vertex   8.718654e+01 5.107284e+01 -4.500000e+00
    endloop
  endfacet
  facet normal -6.142127e-01 7.891405e-01 0.000000e+00
    outer loop
      vertex   8.718654e+01 5.107284e+01 -4.500000e+00
      vertex   8.697800e+01 5.091053e+01 -3.000000e+00
      vertex   8.718654e+01 5.107284e+01 -3.000000e+00
    endloop
  endfacet
  facet normal -7.357239e-01 6.772816e-01 0.000000e+00
    outer loop
      vertex   8.718654e+01 5.107284e+01 -4.500000e+00
      vertex   8.718654e+01 5.107284e+01 -3.000000e+00
      vertex   8.736551e+01 5.126726e+01 -4.500000e+00
    endloop
  endfacet
  facet normal -7.357239e-01 6.772816e-01 0.000000e+00
    outer loop
      vertex   8.736551e+01 5.126726e+01 -4.500000e+00
      vertex   8.718654e+01 5.107284e+01 -3.000000e+00
      vertex   8.736551e+01 5.126726e+01 -3.000000e+00
    endloop
  endfacet
  facet normal -8.371665e-01 5.469482e-01 0.000000e+00
    outer loop
      vertex   8.736551e+01 5.126726e+01 -4.500000e+00
      vertex   8.736551e+01 5.126726e+01 -3.000000e+00
      vertex   8.751004e+01 5.148848e+01 -4.500000e+00
    endloop
  endfacet
  facet normal -8.371665e-01 5.469482e-01 0.000000e+00
    outer loop
      vertex   8.751004e+01 5.148848e+01 -4.500000e+00
      vertex   8.736551e+01 5.126726e+01 -3.000000e+00
      vertex   8.751004e+01 5.148848e+01 -3.000000e+00
    endloop
  endfacet
  facet normal -9.157733e-01 4.016954e-01 0.000000e+00
    outer loop
      vertex   8.751004e+01 5.148848e+01 -4.500000e+00
      vertex   8.751004e+01 5.148848e+01 -3.000000e+00
      vertex   8.761619e+01 5.173048e+01 -4.500000e+00
    endloop
  endfacet
  facet normal -9.157733e-01 4.016954e-01 0.000000e+00
    outer loop
      vertex   8.761619e+01 5.173048e+01 -4.500000e+00
      vertex   8.751004e+01 5.148848e+01 -3.000000e+00
      vertex   8.761619e+01 5.173048e+01 -3.000000e+00
    endloop
  endfacet
  facet normal -9.694003e-01 2.454855e-01 0.000000e+00
    outer loop
      vertex   8.761619e+01 5.173048e+01 -4.500000e+00
      vertex   8.761619e+01 5.173048e+01 -3.000000e+00
      vertex   8.768106e+01 5.198665e+01 -4.500000e+00
    endloop
  endfacet
  facet normal -9.694003e-01 2.454855e-01 0.000000e+00
    outer loop
      vertex   8.768106e+01 5.198665e+01 -4.500000e+00
      vertex   8.761619e+01 5.173048e+01 -3.000000e+00
      vertex   8.768106e+01 5.198665e+01 -3.000000e+00
    endloop
  endfacet
  facet normal -9.965845e-01 8.257935e-02 0.000000e+00
    outer loop
      vertex   8.768106e+01 5.198665e+01 -4.500000e+00
      vertex   8.768106e+01 5.198665e+01 -3.000000e+00
      vertex   8.770289e+01 5.225000e+01 -4.500000e+00
    endloop
  endfacet
  facet normal -9.965845e-01 8.257935e-02 0.000000e+00
    outer loop
      vertex   8.770289e+01 5.225000e+01 -4.500000e+00
      vertex   8.768106e+01 5.198665e+01 -3.000000e+00
      vertex   8.770289e+01 5.225000e+01 -3.000000e+00
    endloop
  endfacet
  facet normal -9.965845e-01 -8.257935e-02 0.000000e+00
    outer loop
      vertex   8.770289e+01 5.225000e+01 -4.500000e+00
      vertex   8.770289e+01 5.225000e+01 -3.000000e+00
      vertex   8.768106e+01 5.251335e+01 -4.500000e+00
    endloop
  endfacet
  facet normal -9.965845e-01 -8.257935e-02 0.000000e+00
    outer loop
      vertex   8.768106e+01 5.251335e+01 -4.500000e+00
      vertex   8.770289e+01 5.225000e+01 -3.000000e+00
      vertex   8.768106e+01 5.251335e+01 -3.000000e+00
    endloop
  endfacet
  facet normal -9.694003e-01 -2.454855e-01 0.000000e+00
    outer loop
      vertex   8.768106e+01 5.251335e+01 -4.500000e+00
      vertex   8.768106e+01 5.251335e+01 -3.000000e+00
      vertex   8.761619e+01 5.276952e+01 -4.500000e+00
    endloop
  endfacet
  facet normal -9.694003e-01 -2.454855e-01 0.000000e+00
    outer loop
      vertex   8.761619e+01 5.276952e+01 -4.500000e+00
      vertex   8.768106e+01 5.251335e+01 -3.000000e+00
      vertex   8.761619e+01 5.276952e+01 -3.000000e+00
    endloop
  endfacet
  facet normal -9.157733e-01 -4.016954e-01 0.000000e+00
    outer loop
      vertex   8.761619e+01 5.276952e+01 -4.500000e+00
      vertex   8.761619e+01 5.276952e+01 -3.000000e+00
      vertex   8.751004e+01 5.301152e+01 -4.500000e+00
    endloop
  endfacet
  facet normal -9.157733e-01 -4.016954e-01 0.000000e+00
    outer loop
      vertex   8.751004e+01 5.301152e+01 -4.500000e+00
      vertex   8.761619e+01 5.276952e+01 -3.000000e+00
      vertex   8.751004e+01 5.301152e+01 -3.000000e+00
    endloop
  endfacet
  facet normal -8.371665e-01 -5.469482e-01 0.000000e+00
    outer loop
      vertex   8.751004e+01 5.301152e+01 -4.500000e+00
      vertex   8.751004e+01 5.301152e+01 -3.000000e+00
      vertex   8.736551e+01 5.323274e+01 -4.500000e+00
    endloop
  endfacet
  facet normal -8.371665e-01 -5.469482e-01 0.000000e+00
    outer loop
      vertex   8.736551e+01 5.323274e+01 -4.500000e+00
      vertex   8.751004e+01 5.301152e+01 -3.000000e+00
      vertex   8.736551e+01 5.323274e+01 -3.000000e+00
    endloop
  endfacet
  facet normal -7.357239e-01 -6.772816e-01 0.000000e+00
    outer loop
      vertex   8.736551e+01 5.323274e+01 -4.500000e+00
      vertex   8.736551e+01 5.323274e+01 -3.000000e+00
      vertex   8.718654e+01 5.342716e+01 -4.500000e+00
    endloop
  endfacet
  facet normal -7.357239e-01 -6.772816e-01 0.000000e+00
    outer loop
      vertex   8.718654e+01 5.342716e+01 -4.500000e+00
      vertex   8.736551e+01 5.323274e+01 -3.000000e+00
      vertex   8.718654e+01 5.342716e+01 -3.000000e+00
    endloop
  endfacet
  facet normal -6.142127e-01 -7.891405e-01 0.000000e+00
    outer loop
      vertex   8.718654e+01 5.342716e+01 -4.500000e+00
      vertex   8.718654e+01 5.342716e+01 -3.000000e+00
      vertex   8.697800e+01 5.358947e+01 -4.500000e+00
    endloop
  endfacet
  facet normal -6.142127e-01 -7.891405e-01 0.000000e+00
    outer loop
      vertex   8.697800e+01 5.358947e+01 -4.500000e+00
      vertex   8.718654e+01 5.342716e+01 -3.000000e+00
      vertex   8.697800e+01 5.358947e+01 -3.000000e+00
    endloop
  endfacet
  facet normal -4.759474e-01 -8.794738e-01 0.000000e+00
    outer loop
      vertex   8.697800e+01 5.358947e+01 -4.500000e+00
      vertex   8.697800e+01 5.358947e+01 -3.000000e+00
      vertex   8.674560e+01 5.371524e+01 -4.500000e+00
    endloop
  endfacet
  facet normal -4.759474e-01 -8.794738e-01 0.000000e+00
    outer loop
      vertex   8.674560e+01 5.371524e+01 -4.500000e+00
      vertex   8.697800e+01 5.358947e+01 -3.000000e+00
      vertex   8.674560e+01 5.371524e+01 -3.000000e+00
    endloop
  endfacet
  facet normal -3.246995e-01 -9.458172e-01 0.000000e+00
    outer loop
      vertex   8.674560e+01 5.371524e+01 -4.500000e+00
      vertex   8.674560e+01 5.371524e+01 -3.000000e+00
      vertex   8.649566e+01 5.380104e+01 -4.500000e+00
    endloop
  endfacet
  facet normal -3.246995e-01 -9.458172e-01 0.000000e+00
    outer loop
      vertex   8.649566e+01 5.380104e+01 -4.500000e+00
      vertex   8.674560e+01 5.371524e+01 -3.000000e+00
      vertex   8.649566e+01 5.380104e+01 -3.000000e+00
    endloop
  endfacet
  facet normal -1.645946e-01 -9.863613e-01 0.000000e+00
    outer loop
      vertex   8.649566e+01 5.380104e+01 -4.500000e+00
      vertex   8.649566e+01 5.380104e+01 -3.000000e+00
      vertex   8.623501e+01 5.384454e+01 -4.500000e+00
    endloop
  endfacet
  facet normal -1.645946e-01 -9.863613e-01 0.000000e+00
    outer loop
      vertex   8.623501e+01 5.384454e+01 -4.500000e+00
      vertex   8.649566e+01 5.380104e+01 -3.000000e+00
      vertex   8.623501e+01 5.384454e+01 -3.000000e+00
    endloop
  endfacet
  facet normal 0.000000e+00 -1.000000e+00 0.000000e+00
    outer loop
      vertex   8.623501e+01 5.384454e+01 -4.500000e+00
      vertex   8.623501e+01 5.384454e+01 -3.000000e+00
      vertex   8.597076e+01 5.384454e+01 -4.500000e+00
    endloop
  endfacet
  facet normal 0.000000e+00 -1.000000e+00 0.000000e+00
    outer loop
      vertex   8.597076e+01 5.384454e+01 -4.500000e+00
      vertex   8.623501e+01 5.384454e+01 -3.000000e+00
      vertex   8.597076e+01 5.384454e+01 -3.000000e+00
    endloop
  endfacet
  facet normal 1.645946e-01 -9.863613e-01 0.000000e+00
    outer loop
      vertex   8.597076e+01 5.384454e+01 -4.500000e+00
      vertex   8.597076e+01 5.384454e+01 -3.000000e+00
      vertex   8.571011e+01 5.380104e+01 -4.500000e+00
    endloop
  endfacet
  facet normal 1.645946e-01 -9.863613e-01 0.000000e+00
    outer loop
      vertex   8.571011e+01 5.380104e+01 -4.500000e+00
      vertex   8.597076e+01 5.384454e+01 -3.000000e+00
      vertex   8.571011e+01 5.380104e+01 -3.000000e+00
    endloop
  endfacet
  facet normal 3.246995e-01 -9.458172e-01 0.000000e+00
    outer loop
      vertex   8.571011e+01 5.380104e+01 -4.500000e+00
      vertex   8.571011e+01 5.380104e+01 -3.000000e+00
      vertex   8.546017e+01 5.371524e+01 -4.500000e+00
    endloop
  endfacet
  facet normal 3.246995e-01 -9.458172e-01 0.000000e+00
    outer loop
      vertex   8.546017e+01 5.371524e+01 -4.500000e+00
      vertex   8.571011e+01 5.380104e+01 -3.000000e+00
      vertex   8.546017e+01 5.371524e+01 -3.000000e+00
    endloop
  endfacet
  facet normal 4.759474e-01 -8.794738e-01 0.000000e+00
    outer loop
      vertex   8.546017e+01 5.371524e+01 -4.500000e+00
      vertex   8.546017e+01 5.371524e+01 -3.000000e+00
      vertex   8.522777e+01 5.358947e+01 -4.500000e+00
    endloop
  endfacet
  facet normal 4.759474e-01 -8.794738e-01 0.000000e+00
    outer loop
      vertex   8.522777e+01 5.358947e+01 -4.500000e+00
      vertex   8.546017e+01 5.371524e+01 -3.000000e+00
      vertex   8.522777e+01 5.358947e+01 -3.000000e+00
    endloop
  endfacet
  facet normal 6.142127e-01 -7.891405e-01 0.000000e+00
    outer loop
      vertex   8.522777e+01 5.358947e+01 -4.500000e+00
      vertex   8.522777e+01 5.358947e+01 -3.000000e+00
      vertex   8.501924e+01 5.342716e+01 -4.500000e+00
    endloop
  endfacet
  facet normal 6.142127e-01 -7.891405e-01 0.000000e+00
    outer loop
      vertex   8.501924e+01 5.342716e+01 -4.500000e+00
      vertex   8.522777e+01 5.358947e+01 -3.000000e+00
      vertex   8.501924e+01 5.342716e+01 -3.000000e+00
    endloop
  endfacet
  facet normal 7.357239e-01 -6.772816e-01 0.000000e+00
    outer loop
      vertex   8.501924e+01 5.342716e+01 -4.500000e+00
      vertex   8.501924e+01 5.342716e+01 -3.000000e+00
      vertex   8.484026e+01 5.323274e+01 -4.500000e+00
    endloop
  endfacet
  facet normal 7.357239e-01 -6.772816e-01 0.000000e+00
    outer loop
      vertex   8.484026e+01 5.323274e+01 -4.500000e+00
      vertex   8.501924e+01 5.342716e+01 -3.000000e+00
      vertex   8.484026e+01 5.323274e+01 -3.000000e+00
    endloop
  endfacet
  facet normal 8.371665e-01 -5.469482e-01 0.000000e+00
    outer loop
      vertex   8.484026e+01 5.323274e+01 -4.500000e+00
      vertex   8.484026e+01 5.323274e+01 -3.000000e+00
      vertex   8.469573e+01 5.301152e+01 -4.500000e+00
    endloop
  endfacet
  facet normal 8.371665e-01 -5.469482e-01 0.000000e+00
    outer loop
      vertex   8.469573e+01 5.301152e+01 -4.500000e+00
      vertex   8.484026e+01 5.323274e+01 -3.000000e+00
      vertex   8.469573e+01 5.301152e+01 -3.000000e+00
    endloop
  endfacet
  facet normal 9.157733e-01 -4.016954e-01 0.000000e+00
    outer loop
      vertex   8.469573e+01 5.301152e+01 -4.500000e+00
      vertex   8.469573e+01 5.301152e+01 -3.000000e+00
      vertex   8.458958e+01 5.276952e+01 -4.500000e+00
    endloop
  endfacet
  facet normal 9.157733e-01 -4.016954e-01 0.000000e+00
    outer loop
      vertex   8.458958e+01 5.276952e+01 -4.500000e+00
      vertex   8.469573e+01 5.301152e+01 -3.000000e+00
      vertex   8.458958e+01 5.276952e+01 -3.000000e+00
    endloop
  endfacet
  facet normal 9.694003e-01 -2.454855e-01 0.000000e+00
    outer loop
      vertex   8.458958e+01 5.276952e+01 -4.500000e+00
      vertex   8.458958e+01 5.276952e+01 -3.000000e+00
      vertex   8.452471e+01 5.251335e+01 -4.500000e+00
    endloop
  endfacet
  facet normal 9.694003e-01 -2.454855e-01 0.000000e+00
    outer loop
      vertex   8.452471e+01 5.251335e+01 -4.500000e+00
      vertex   8.458958e+01 5.276952e+01 -3.000000e+00
      vertex   8.452471e+01 5.251335e+01 -3.000000e+00
    endloop
  endfacet
  facet normal 9.965845e-01 -8.257935e-02 0.000000e+00
    outer loop
      vertex   9.231894e+01 5.251335e+01 -4.500000e+00
      vertex   9.231894e+01 5.251335e+01 -3.000000e+00
      vertex   9.229711e+01 5.225000e+01 -4.500000e+00
    endloop
  endfacet
  facet normal 9.965845e-01 -8.257935e-02 0.000000e+00
    outer loop
      vertex   9.229711e+01 5.225000e+01 -4.500000e+00
      vertex   9.231894e+01 5.251335e+01 -3.000000e+00
      vertex   9.229711e+01 5.225000e+01 -3.000000e+00
    endloop
  endfacet
  facet normal 9.965845e-01 8.257935e-02 -0.000000e+00
    outer loop
      vertex   9.229711e+01 5.225000e+01 -4.500000e+00
      vertex   9.229711e+01 5.225000e+01 -3.000000e+00
      vertex   9.231894e+01 5.198665e+01 -4.500000e+00
    endloop
  endfacet
  facet normal 9.965845e-01 8.257935e-02 -0.000000e+00
    outer loop
      vertex   9.231894e+01 5.198665e+01 -4.500000e+00
      vertex   9.229711e+01 5.225000e+01 -3.000000e+00
      vertex   9.231894e+01 5.198665e+01 -3.000000e+00
    endloop
  endfacet
  facet normal 9.694003e-01 2.454855e-01 -0.000000e+00
    outer loop
      vertex   9.231894e+01 5.198665e+01 -4.500000e+00
      vertex   9.231894e+01 5.198665e+01 -3.000000e+00
      vertex   9.238381e+01 5.173048e+01 -4.500000e+00
    endloop
  endfacet
  facet normal 9.694003e-01 2.454855e-01 -0.000000e+00
    outer loop
      vertex   9.238381e+01 5.173048e+01 -4.500000e+00
      vertex   9.231894e+01 5.198665e+01 -3.000000e+00
      vertex   9.238381e+01 5.173048e+01 -3.000000e+00
    endloop
  endfacet
  facet normal 9.157733e-01 4.016954e-01 -0.000000e+00
    outer loop
      vertex   9.238381e+01 5.173048e+01 -4.500000e+00
      vertex   9.238381e+01 5.173048e+01 -3.000000e+00
      vertex   9.248996e+01 5.148848e+01 -4.500000e+00
    endloop
  endfacet
  facet normal 9.157733e-01 4.016954e-01 -0.000000e+00
    outer loop
      vertex   9.248996e+01 5.148848e+01 -4.500000e+00
      vertex   9.238381e+01 5.173048e+01 -3.000000e+00
      vertex   9.248996e+01 5.148848e+01 -3.000000e+00
    endloop
  endfacet
  facet normal 8.371665e-01 5.469482e-01 -0.000000e+00
    outer loop
      vertex   9.248996e+01 5.148848e+01 -4.500000e+00
      vertex   9.248996e+01 5.148848e+01 -3.000000e+00
      vertex   9.263449e+01 5.126726e+01 -4.500000e+00
    endloop
  endfacet
  facet normal 8.371665e-01 5.469482e-01 -0.000000e+00
    outer loop
      vertex   9.263449e+01 5.126726e+01 -4.500000e+00
      vertex   9.248996e+01 5.148848e+01 -3.000000e+00
      vertex   9.263449e+01 5.126726e+01 -3.000000e+00
    endloop
  endfacet
  facet normal 7.357239e-01 6.772816e-01 -0.000000e+00
    outer loop
      vertex   9.263449e+01 5.126726e+01 -4.500000e+00
      vertex   9.263449e+01 5.126726e+01 -3.000000e+00
      vertex   9.281346e+01 5.107284e+01 -4.500000e+00
    endloop
  endfacet
  facet normal 7.357239e-01 6.772816e-01 -0.000000e+00
    outer loop
      vertex   9.281346e+01 5.107284e+01 -4.500000e+00
      vertex   9.263449e+01 5.126726e+01 -3.000000e+00
      vertex   9.281346e+01 5.107284e+01 -3.000000e+00
    endloop
  endfacet
  facet normal 6.142127e-01 7.891405e-01 -0.000000e+00
    outer loop
      vertex   9.281346e+01 5.107284e+01 -4.500000e+00
      vertex   9.281346e+01 5.107284e+01 -3.000000e+00
      vertex   9.302200e+01 5.091053e+01 -4.500000e+00
    endloop
  endfacet
  facet normal 6.142127e-01 7.891405e-01 -0.000000e+00
    outer loop
      vertex   9.302200e+01 5.091053e+01 -4.500000e+00
      vertex   9.281346e+01 5.107284e+01 -3.000000e+00
      vertex   9.302200e+01 5.091053e+01 -3.000000e+00
    endloop
  endfacet
  facet normal 4.759474e-01 8.794738e-01 -0.000000e+00
    outer loop
      vertex   9.302200e+01 5.091053e+01 -4.500000e+00
      vertex   9.302200e+01 5.091053e+01 -3.000000e+00
      vertex   9.325440e+01 5.078476e+01 -4.500000e+00
    endloop
  endfacet
  facet normal 4.759474e-01 8.794738e-01 -0.000000e+00
    outer loop
      vertex   9.325440e+01 5.078476e+01 -4.500000e+00
      vertex   9.302200e+01 5.091053e+01 -3.000000e+00
      vertex   9.325440e+01 5.078476e+01 -3.000000e+00
    endloop
  endfacet
  facet normal 3.246995e-01 9.458172e-01 -0.000000e+00
    outer loop
      vertex   9.325440e+01 5.078476e+01 -4.500000e+00
      vertex   9.325440e+01 5.078476e+01 -3.000000e+00
      vertex   9.350434e+01 5.069896e+01 -4.500000e+00
    endloop
  endfacet
  facet normal 3.246995e-01 9.458172e-01 -0.000000e+00
    outer loop
      vertex   9.350434e+01 5.069896e+01 -4.500000e+00
      vertex   9.325440e+01 5.078476e+01 -3.000000e+00
      vertex   9.350434e+01 5.069896e+01 -3.000000e+00
    endloop
  endfacet
  facet normal 1.645946e-01 9.863613e-01 -0.000000e+00
    outer loop
      vertex   9.350434e+01 5.069896e+01 -4.500000e+00
      vertex   9.350434e+01 5.069896e+01 -3.000000e+00
      vertex   9.376499e+01 5.065546e+01 -4.500000e+00
    endloop
  endfacet
  facet normal 1.645946e-01 9.863613e-01 -0.000000e+00
    outer loop
      vertex   9.376499e+01 5.065546e+01 -4.500000e+00
      vertex   9.350434e+01 5.069896e+01 -3.000000e+00
      vertex   9.376499e+01 5.065546e+01 -3.000000e+00
    endloop
  endfacet
  facet normal 0.000000e+00 1.000000e+00 0.000000e+00
    outer loop
      vertex   9.376499e+01 5.065546e+01 -4.500000e+00
      vertex   9.376499e+01 5.065546e+01 -3.000000e+00
      vertex   9.402924e+01 5.065546e+01 -4.500000e+00
    endloop
  endfacet
  facet normal 0.000000e+00 1.000000e+00 -0.000000e+00
    outer loop
      vertex   9.402924e+01 5.065546e+01 -4.500000e+00
      vertex   9.376499e+01 5.065546e+01 -3.000000e+00
      vertex   9.402924e+01 5.065546e+01 -3.000000e+00
    endloop
  endfacet
  facet normal -1.645946e-01 9.863613e-01 0.000000e+00
    outer loop
      vertex   9.402924e+01 5.065546e+01 -4.500000e+00
      vertex   9.402924e+01 5.065546e+01 -3.000000e+00
      vertex   9.428989e+01 5.069896e+01 -4.500000e+00
    endloop
  endfacet
  facet normal -1.645946e-01 9.863613e-01 0.000000e+00
    outer loop
      vertex   9.428989e+01 5.069896e+01 -4.500000e+00
      vertex   9.402924e+01 5.065546e+01 -3.000000e+00
      vertex   9.428989e+01 5.069896e+01 -3.000000e+00
    endloop
  endfacet
  facet normal -3.246995e-01 9.458172e-01 0.000000e+00
    outer loop
      vertex   9.428989e+01 5.069896e+01 -4.500000e+00
      vertex   9.428989e+01 5.069896e+01 -3.000000e+00
      vertex   9.453983e+01 5.078476e+01 -4.500000e+00
    endloop
  endfacet
  facet normal -3.246995e-01 9.458172e-01 0.000000e+00
    outer loop
      vertex   9.453983e+01 5.078476e+01 -4.500000e+00
      vertex   9.428989e+01 5.069896e+01 -3.000000e+00
      vertex   9.453983e+01 5.078476e+01 -3.000000e+00
    endloop
  endfacet
  facet normal -4.759474e-01 8.794738e-01 0.000000e+00
    outer loop
      vertex   9.453983e+01 5.078476e+01 -4.500000e+00
      vertex   9.453983e+01 5.078476e+01 -3.000000e+00
      vertex   9.477223e+01 5.091053e+01 -4.500000e+00
    endloop
  endfacet
  facet normal -4.759474e-01 8.794738e-01 0.000000e+00
    outer loop
      vertex   9.477223e+01 5.091053e+01 -4.500000e+00
      vertex   9.453983e+01 5.078476e+01 -3.000000e+00
      vertex   9.477223e+01 5.091053e+01 -3.000000e+00
    endloop
  endfacet
  facet normal -6.142127e-01 7.891405e-01 0.000000e+00
    outer loop
      vertex   9.477223e+01 5.091053e+01 -4.500000e+00
      vertex   9.477223e+01 5.091053e+01 -3.000000e+00
      vertex   9.498076e+01 5.107284e+01 -4.500000e+00
    endloop
  endfacet
  facet normal -6.142127e-01 7.891405e-01 0.000000e+00
    outer loop
      vertex   9.498076e+01 5.107284e+01 -4.500000e+00
      vertex   9.477223e+01 5.091053e+01 -3.000000e+00
      vertex   9.498076e+01 5.107284e+01 -3.000000e+00
    endloop
  endfacet
  facet normal -7.357239e-01 6.772816e-01 0.000000e+00
    outer loop
      vertex   9.498076e+01 5.107284e+01 -4.500000e+00
      vertex   9.498076e+01 5.107284e+01 -3.000000e+00
      vertex   9.515974e+01 5.126726e+01 -4.500000e+00
    endloop
  endfacet
  facet normal -7.357239e-01 6.772816e-01 0.000000e+00
    outer loop
      vertex   9.515974e+01 5.126726e+01 -4.500000e+00
      vertex   9.498076e+01 5.107284e+01 -3.000000e+00
      vertex   9.515974e+01 5.126726e+01 -3.000000e+00
    endloop
  endfacet
  facet normal -8.371665e-01 5.469482e-01 0.000000e+00
    outer loop
      vertex   9.515974e+01 5.126726e+01 -4.500000e+00
      vertex   9.515974e+01 5.126726e+01 -3.000000e+00
      vertex   9.530427e+01 5.148848e+01 -4.500000e+00
    endloop
  endfacet
  facet normal -8.371665e-01 5.469482e-01 0.000000e+00
    outer loop
      vertex   9.530427e+01 5.148848e+01 -4.500000e+00
      vertex   9.515974e+01 5.126726e+01 -3.000000e+00
      vertex   9.530427e+01 5.148848e+01 -3.000000e+00
    endloop
  endfacet
  facet normal -9.157733e-01 4.016954e-01 0.000000e+00
    outer loop
      vertex   9.530427e+01 5.148848e+01 -4.500000e+00
      vertex   9.530427e+01 5.148848e+01 -3.000000e+00
      vertex   9.541042e+01 5.173048e+01 -4.500000e+00
    endloop
  endfacet
  facet normal -9.157733e-01 4.016954e-01 0.000000e+00
    outer loop
      vertex   9.541042e+01 5.173048e+01 -4.500000e+00
      vertex   9.530427e+01 5.148848e+01 -3.000000e+00
      vertex   9.541042e+01 5.173048e+01 -3.000000e+00
    endloop
  endfacet
  facet normal -9.694003e-01 2.454855e-01 0.000000e+00
    outer loop
      vertex   9.541042e+01 5.173048e+01 -4.500000e+00
      vertex   9.541042e+01 5.173048e+01 -3.000000e+00
      vertex   9.547529e+01 5.198665e+01 -4.500000e+00
    endloop
  endfacet
  facet normal -9.694003e-01 2.454855e-01 0.000000e+00
    outer loop
      vertex   9.547529e+01 5.198665e+01 -4.500000e+00
      vertex   9.541042e+01 5.173048e+01 -3.000000e+00
      vertex   9.547529e+01 5.198665e+01 -3.000000e+00
    endloop
  endfacet
  facet normal -9.965845e-01 8.257935e-02 0.000000e+00
    outer loop
      vertex   9.547529e+01 5.198665e+01 -4.500000e+00
      vertex   9.547529e+01 5.198665e+01 -3.000000e+00
      vertex   9.549711e+01 5.225000e+01 -4.500000e+00
    endloop
  endfacet
  facet normal -9.965845e-01 8.257935e-02 0.000000e+00
    outer loop
      vertex   9.549711e+01 5.225000e+01 -4.500000e+00
      vertex   9.547529e+01 5.198665e+01 -3.000000e+00
      vertex   9.549711e+01 5.225000e+01 -3.000000e+00
    endloop
  endfacet
  facet normal -9.965845e-01 -8.257935e-02 0.000000e+00
    outer loop
      vertex   9.549711e+01 5.225000e+01 -4.500000e+00
      vertex   9.549711e+01 5.225000e+01 -3.000000e+00
      vertex   9.547529e+01 5.251335e+01 -4.500000e+00
    endloop
  endfacet
  facet normal -9.965845e-01 -8.257935e-02 0.000000e+00
    outer loop
      vertex   9.547529e+01 5.251335e+01 -4.500000e+00
      vertex   9.549711e+01 5.225000e+01 -3.000000e+00
      vertex   9.547529e+01 5.251335e+01 -3.000000e+00
    endloop
  endfacet
  facet normal -9.694003e-01 -2.454855e-01 0.000000e+00
    outer loop
      vertex   9.547529e+01 5.251335e+01 -4.500000e+00
      vertex   9.547529e+01 5.251335e+01 -3.000000e+00
      vertex   9.541042e+01 5.276952e+01 -4.500000e+00
    endloop
  endfacet
  facet normal -9.694003e-01 -2.454855e-01 0.000000e+00
    outer loop
      vertex   9.541042e+01 5.276952e+01 -4.500000e+00
      vertex   9.547529e+01 5.251335e+01 -3.000000e+00
      vertex   9.541042e+01 5.276952e+01 -3.000000e+00
    endloop
  endfacet
  facet normal -9.157733e-01 -4.016954e-01 0.000000e+00
    outer loop
      vertex   9.541042e+01 5.276952e+01 -4.500000e+00
      vertex   9.541042e+01 5.276952e+01 -3.000000e+00
      vertex   9.530427e+01 5.301152e+01 -4.500000e+00
    endloop
  endfacet
  facet normal -9.157733e-01 -4.016954e-01 0.000000e+00
    outer loop
      vertex   9.530427e+01 5.301152e+01 -4.500000e+00
      vertex   9.541042e+01 5.276952e+01 -3.000000e+00
      vertex   9.530427e+01 5.301152e+01 -3.000000e+00
    endloop
  endfacet
  facet normal -8.371665e-01 -5.469482e-01 0.000000e+00
    outer loop
      vertex   9.530427e+01 5.301152e+01 -4.500000e+00
      vertex   9.530427e+01 5.301152e+01 -3.000000e+00
      vertex   9.515974e+01 5.323274e+01 -4.500000e+00
    endloop
  endfacet
  facet normal -8.371665e-01 -5.469482e-01 0.000000e+00
    outer loop
      vertex   9.515974e+01 5.323274e+01 -4.500000e+00
      vertex   9.530427e+01 5.301152e+01 -3.000000e+00
      vertex   9.515974e+01 5.323274e+01 -3.000000e+00
    endloop
  endfacet
  facet normal -7.357239e-01 -6.772816e-01 0.000000e+00
    outer loop
      vertex   9.515974e+01 5.323274e+01 -4.500000e+00
      vertex   9.515974e+01 5.323274e+01 -3.000000e+00
      vertex   9.498076e+01 5.342716e+01 -4.500000e+00
    endloop
  endfacet
  facet normal -7.357239e-01 -6.772816e-01 0.000000e+00
    outer loop
      vertex   9.498076e+01 5.342716e+01 -4.500000e+00
      vertex   9.515974e+01 5.323274e+01 -3.000000e+00
      vertex   9.498076e+01 5.342716e+01 -3.000000e+00
    endloop
  endfacet
  facet normal -6.142127e-01 -7.891405e-01 0.000000e+00
    outer loop
      vertex   9.498076e+01 5.342716e+01 -4.500000e+00
      vertex   9.498076e+01 5.342716e+01 -3.000000e+00
      vertex   9.477223e+01 5.358947e+01 -4.500000e+00
    endloop
  endfacet
  facet normal -6.142127e-01 -7.891405e-01 0.000000e+00
    outer loop
      vertex   9.477223e+01 5.358947e+01 -4.500000e+00
      vertex   9.498076e+01 5.342716e+01 -3.000000e+00
      vertex   9.477223e+01 5.358947e+01 -3.000000e+00
    endloop
  endfacet
  facet normal -4.759474e-01 -8.794738e-01 0.000000e+00
    outer loop
      vertex   9.477223e+01 5.358947e+01 -4.500000e+00
      vertex   9.477223e+01 5.358947e+01 -3.000000e+00
      vertex   9.453983e+01 5.371524e+01 -4.500000e+00
    endloop
  endfacet
  facet normal -4.759474e-01 -8.794738e-01 0.000000e+00
    outer loop
      vertex   9.453983e+01 5.371524e+01 -4.500000e+00
      vertex   9.477223e+01 5.358947e+01 -3.000000e+00
      vertex   9.453983e+01 5.371524e+01 -3.000000e+00
    endloop
  endfacet
  facet normal -3.246995e-01 -9.458172e-01 0.000000e+00
    outer loop
      vertex   9.453983e+01 5.371524e+01 -4.500000e+00
      vertex   9.453983e+01 5.371524e+01 -3.000000e+00
      vertex   9.428989e+01 5.380104e+01 -4.500000e+00
    endloop
  endfacet
  facet normal -3.246995e-01 -9.458172e-01 0.000000e+00
    outer loop
      vertex   9.428989e+01 5.380104e+01 -4.500000e+00
      vertex   9.453983e+01 5.371524e+01 -3.000000e+00
      vertex   9.428989e+01 5.380104e+01 -3.000000e+00
    endloop
  endfacet
  facet normal -1.645946e-01 -9.863613e-01 0.000000e+00
    outer loop
      vertex   9.428989e+01 5.380104e+01 -4.500000e+00
      vertex   9.428989e+01 5.380104e+01 -3.000000e+00
      vertex   9.402924e+01 5.384454e+01 -4.500000e+00
    endloop
  endfacet
  facet normal -1.645946e-01 -9.863613e-01 0.000000e+00
    outer loop
      vertex   9.402924e+01 5.384454e+01 -4.500000e+00
      vertex   9.428989e+01 5.380104e+01 -3.000000e+00
      vertex   9.402924e+01 5.384454e+01 -3.000000e+00
    endloop
  endfacet
  facet normal 0.000000e+00 -1.000000e+00 0.000000e+00
    outer loop
      vertex   9.402924e+01 5.384454e+01 -4.500000e+00
      vertex   9.402924e+01 5.384454e+01 -3.000000e+00
      vertex   9.376499e+01 5.384454e+01 -4.500000e+00
    endloop
  endfacet
  facet normal 0.000000e+00 -1.000000e+00 0.000000e+00
    outer loop
      vertex   9.376499e+01 5.384454e+01 -4.500000e+00
      vertex   9.402924e+01 5.384454e+01 -3.000000e+00
      vertex   9.376499e+01 5.384454e+01 -3.000000e+00
    endloop
  endfacet
  facet normal 1.645946e-01 -9.863613e-01 0.000000e+00
    outer loop
      vertex   9.376499e+01 5.384454e+01 -4.500000e+00
      vertex   9.376499e+01 5.384454e+01 -3.000000e+00
      vertex   9.350434e+01 5.380104e+01 -4.500000e+00
    endloop
  endfacet
  facet normal 1.645946e-01 -9.863613e-01 0.000000e+00
    outer loop
      vertex   9.350434e+01 5.380104e+01 -4.500000e+00
      vertex   9.376499e+01 5.384454e+01 -3.000000e+00
      vertex   9.350434e+01 5.380104e+01 -3.000000e+00
    endloop
  endfacet
  facet normal 3.246995e-01 -9.458172e-01 0.000000e+00
    outer loop
      vertex   9.350434e+01 5.380104e+01 -4.500000e+00
      vertex   9.350434e+01 5.380104e+01 -3.000000e+00
      vertex   9.325440e+01 5.371524e+01 -4.500000e+00
    endloop
  endfacet
  facet normal 3.246995e-01 -9.458172e-01 0.000000e+00
    outer loop
      vertex   9.325440e+01 5.371524e+01 -4.500000e+00
      vertex   9.350434e+01 5.380104e+01 -3.000000e+00
      vertex   9.325440e+01 5.371524e+01 -3.000000e+00
    endloop
  endfacet
  facet normal 4.759474e-01 -8.794738e-01 0.000000e+00
    outer loop
      vertex   9.325440e+01 5.371524e+01 -4.500000e+00
      vertex   9.325440e+01 5.371524e+01 -3.000000e+00
      vertex   9.302200e+01 5.358947e+01 -4.500000e+00
    endloop
  endfacet
  facet normal 4.759474e-01 -8.794738e-01 0.000000e+00
    outer loop
      vertex   9.302200e+01 5.358947e+01 -4.500000e+00
      vertex   9.325440e+01 5.371524e+01 -3.000000e+00
      vertex   9.302200e+01 5.358947e+01 -3.000000e+00
    endloop
  endfacet
  facet normal 6.142127e-01 -7.891405e-01 0.000000e+00
    outer loop
      vertex   9.302200e+01 5.358947e+01 -4.500000e+00
      vertex   9.302200e+01 5.358947e+01 -3.000000e+00
      vertex   9.281346e+01 5.342716e+01 -4.500000e+00
    endloop
  endfacet
  facet normal 6.142127e-01 -7.891405e-01 0.000000e+00
    outer loop
      vertex   9.281346e+01 5.342716e+01 -4.500000e+00
      vertex   9.302200e+01 5.358947e+01 -3.000000e+00
      vertex   9.281346e+01 5.342716e+01 -3.000000e+00
    endloop
  endfacet
  facet normal 7.357239e-01 -6.772816e-01 0.000000e+00
    outer loop
      vertex   9.281346e+01 5.342716e+01 -4.500000e+00
      vertex   9.281346e+01 5.342716e+01 -3.000000e+00
      vertex   9.263449e+01 5.323274e+01 -4.500000e+00
    endloop
  endfacet
  facet normal 7.357239e-01 -6.772816e-01 0.000000e+00
    outer loop
      vertex   9.263449e+01 5.323274e+01 -4.500000e+00
      vertex   9.281346e+01 5.342716e+01 -3.000000e+00
      vertex   9.263449e+01 5.323274e+01 -3.000000e+00
    endloop
  endfacet
  facet normal 8.371665e-01 -5.469482e-01 0.000000e+00
    outer loop
      vertex   9.263449e+01 5.323274e+01 -4.500000e+00
      vertex   9.263449e+01 5.323274e+01 -3.000000e+00
      vertex   9.248996e+01 5.301152e+01 -4.500000e+00
    endloop
  endfacet
  facet normal 8.371665e-01 -5.469482e-01 0.000000e+00
    outer loop
      vertex   9.248996e+01 5.301152e+01 -4.500000e+00
      vertex   9.263449e+01 5.323274e+01 -3.000000e+00
      vertex   9.248996e+01 5.301152e+01 -3.000000e+00
    endloop
  endfacet
  facet normal 9.157733e-01 -4.016954e-01 0.000000e+00
    outer loop
      vertex   9.248996e+01 5.301152e+01 -4.500000e+00
      vertex   9.248996e+01 5.301152e+01 -3.000000e+00
      vertex   9.238381e+01 5.276952e+01 -4.500000e+00
    endloop
  endfacet
  facet normal 9.157733e-01 -4.016954e-01 0.000000e+00
    outer loop
      vertex   9.238381e+01 5.276952e+01 -4.500000e+00
      vertex   9.248996e+01 5.301152e+01 -3.000000e+00
      vertex   9.238381e+01 5.276952e+01 -3.000000e+00
    endloop
  endfacet
  facet normal 9.694003e-01 -2.454855e-01 0.000000e+00
    outer loop
      vertex   9.238381e+01 5.276952e+01 -4.500000e+00
      vertex   9.238381e+01 5.276952e+01 -3.000000e+00
      vertex   9.231894e+01 5.251335e+01 -4.500000e+00
    endloop
  endfacet
  facet normal 9.694003e-01 -2.454855e-01 0.000000e+00
    outer loop
      vertex   9.231894e+01 5.251335e+01 -4.500000e+00
      vertex   9.238381e+01 5.276952e+01 -3.000000e+00
      vertex   9.231894e+01 5.251335e+01 -3.000000e+00
    endloop
  endfacet
endsolid
